repo_id,number,sample_arm,metric,before,after,delta,delta_pct,eligible_files,fetched_pairs,metric_pairs,complete_pr
122162,52,agentic,nloc,351.5,371.5,20.0,5.689900426742532,6,6,6,True
122162,52,agentic,avg_ccn,6.093137254901961,6.121794871794872,0.02865761689291091,0.4703261340429465,6,6,4,True
122162,52,agentic,function_count,14.166666666666666,14.333333333333334,0.16666666666666785,1.1764705882353026,6,6,6,True
269027,3578,agentic,nloc,597.9,606.8,8.899999999999977,1.4885432346546208,10,10,10,True
269027,3578,agentic,avg_ccn,3.2778225806451613,3.3025537634408604,0.02473118279569908,0.7545003485463614,10,10,8,True
269027,3578,agentic,function_count,7.5,7.7,0.20000000000000018,2.666666666666669,10,10,10,True
509028,4756,human_candidate,nloc,60.0,60.0,0.0,0.0,1,1,1,True
509028,4756,human_candidate,avg_ccn,1.75,1.75,0.0,0.0,1,1,1,True
509028,4756,human_candidate,function_count,4.0,4.0,0.0,0.0,1,1,1,True
509028,4815,agentic,nloc,20.0,27.0,7.0,35.0,1,1,1,True
509028,4815,agentic,avg_ccn,1.0,2.0,1.0,100.0,1,1,1,True
509028,4815,agentic,function_count,2.0,2.0,0.0,0.0,1,1,1,True
509028,5245,agentic,nloc,536.0,541.5,5.5,1.0261194029850746,2,2,2,True
509028,5245,agentic,avg_ccn,2.5041666666666664,2.5374999999999996,0.033333333333333215,1.3311148086522417,2,2,2,True
509028,5245,agentic,function_count,35.0,35.0,0.0,0.0,2,2,2,True
509028,5478,agentic,nloc,26.0,27.0,1.0,3.8461538461538463,1,1,1,True
509028,5478,agentic,avg_ccn,1.0,1.0,0.0,0.0,1,1,1,True
509028,5478,agentic,function_count,2.0,2.0,0.0,0.0,1,1,1,True
1181927,33012,human_candidate,nloc,633.421052631579,635.8421052631579,2.4210526315789593,0.38221852928957395,19,19,19,True
1181927,33012,human_candidate,avg_ccn,7.505900920733753,7.500897827798269,-0.005003092935483622,-0.06665546199342232,19,19,18,True
1181927,33012,human_candidate,function_count,25.68421052631579,26.0,0.31578947368420884,1.2295081967213048,19,19,19,True
1181927,33264,human_candidate,nloc,951.0,952.0,1.0,0.10515247108307045,1,1,1,True
1181927,33264,human_candidate,avg_ccn,7.05,7.05,0.0,0.0,1,1,1,True
1181927,33264,human_candidate,function_count,20.0,20.0,0.0,0.0,1,1,1,True
1181927,33678,human_candidate,nloc,618.0,628.0,10.0,1.6181229773462784,1,1,1,True
1181927,33678,human_candidate,avg_ccn,2.9782608695652173,3.0217391304347827,0.04347826086956541,1.4598540145985466,1,1,1,True
1181927,33678,human_candidate,function_count,46.0,46.0,0.0,0.0,1,1,1,True
1181927,34384,human_candidate,nloc,458.0,454.6666666666667,-3.3333333333333144,-0.7278020378457019,3,3,3,True
1181927,34384,human_candidate,avg_ccn,1.8110799875505756,1.8045634920634919,-0.006516495487083773,-0.3598126825915134,3,3,3,True
1181927,34384,human_candidate,function_count,45.333333333333336,44.333333333333336,-1.0,-2.205882352941176,3,3,3,True
1181927,34636,human_candidate,nloc,64.0,64.0,0.0,0.0,1,1,1,True
1181927,34636,human_candidate,avg_ccn,3.5,3.5,0.0,0.0,1,1,1,True
1181927,34636,human_candidate,function_count,4.0,4.0,0.0,0.0,1,1,1,True
1181927,35195,human_candidate,nloc,87.5,92.0,4.5,5.142857142857143,2,2,2,True
1181927,35195,human_candidate,avg_ccn,1.75,1.6666666666666667,-0.08333333333333326,-4.761904761904757,2,2,2,True
1181927,35195,human_candidate,function_count,4.0,4.5,0.5,12.5,2,2,2,True
1223855,3990,human_candidate,nloc,94.10526315789474,94.03508771929825,-0.07017543859649322,-0.07457121551081494,57,57,57,True
1223855,3990,human_candidate,avg_ccn,1.8712043512043512,1.8712043512043512,0.0,0.0,57,57,55,True
1223855,3990,human_candidate,function_count,3.8596491228070176,3.8596491228070176,0.0,0.0,57,57,57,True
1416156,555,agentic,nloc,126.46153846153847,116.46153846153847,-10.0,-7.907542579075425,13,13,13,True
1416156,555,agentic,avg_ccn,2.8916666666666666,2.507051282051282,-0.3846153846153846,-13.30082021724673,13,13,13,True
1416156,555,agentic,function_count,6.230769230769231,6.230769230769231,0.0,0.0,13,13,13,True
1446467,13916,human_candidate,nloc,732.0,728.0,-4.0,-0.546448087431694,1,1,1,True
1446467,13916,human_candidate,avg_ccn,3.3488372093023258,3.2325581395348837,-0.11627906976744207,-3.472222222222228,1,1,1,True
1446467,13916,human_candidate,function_count,43.0,43.0,0.0,0.0,1,1,1,True
1446467,13986,human_candidate,nloc,648.0,663.5,15.5,2.3919753086419755,2,2,2,True
1446467,13986,human_candidate,avg_ccn,1.7679028132992327,1.7937888198757763,0.025886006576543608,1.464221131490568,2,2,2,True
1446467,13986,human_candidate,function_count,40.0,40.5,0.5,1.25,2,2,2,True
1644196,59858,human_candidate,nloc,1194.0,1202.0,8.0,0.6700167504187605,6,6,6,True
1644196,59858,human_candidate,avg_ccn,3.315091543863922,3.3423567977915805,0.02726525392765833,0.8224585525586775,6,6,6,True
1644196,59858,human_candidate,function_count,62.5,62.666666666666664,0.1666666666666643,0.2666666666666629,6,6,6,True
1644196,59914,human_candidate,nloc,8888.0,8890.0,2.0,0.022502250225022502,1,1,1,True
1644196,59914,human_candidate,avg_ccn,9.563318777292576,9.56768558951965,0.004366812227074135,0.045662100456619954,1,1,1,True
1644196,59914,human_candidate,function_count,229.0,229.0,0.0,0.0,1,1,1,True
1644196,59965,human_candidate,nloc,2148.0,2151.0,3.0,0.13966480446927373,1,1,1,True
1644196,59965,human_candidate,avg_ccn,8.185185185185185,8.185185185185185,0.0,0.0,1,1,1,True
1644196,59965,human_candidate,function_count,54.0,54.0,0.0,0.0,1,1,1,True
1644196,60338,agentic,nloc,1984.0,1984.0,0.0,0.0,1,1,1,True
1644196,60338,agentic,avg_ccn,3.710526315789474,3.7017543859649122,-0.008771929824561653,-0.2364066193853495,1,1,1,True
1644196,60338,agentic,function_count,114.0,114.0,0.0,0.0,1,1,1,True
1644196,60339,agentic,nloc,1136.6,1143.6,7.0,0.6158718986450818,5,5,5,True
1644196,60339,agentic,avg_ccn,5.178426836321574,5.195411605937922,0.016984769616348316,0.32799091602910857,5,5,5,True
1644196,60339,agentic,function_count,55.4,55.4,0.0,0.0,5,5,5,True
1644196,60839,human_candidate,nloc,1567.0,1565.0,-2.0,-0.1276324186343331,2,2,2,True
1644196,60839,human_candidate,avg_ccn,3.467511520737327,3.4793127629733522,0.011801242236025189,0.34033750617548886,2,2,2,True
1644196,60839,human_candidate,function_count,97.0,96.5,-0.5,-0.5154639175257731,2,2,2,True
1644196,61225,human_candidate,nloc,3703.0,3692.0,-11.0,-0.2970564407237375,1,1,1,True
1644196,61225,human_candidate,avg_ccn,8.941747572815533,9.009803921568627,0.0680563487530943,0.7611079176513261,1,1,1,True
1644196,61225,human_candidate,function_count,103.0,102.0,-1.0,-0.970873786407767,1,1,1,True
1644196,61474,agentic,nloc,1182.1,1184.6,2.5,0.2114880297775146,10,10,10,True
1644196,61474,agentic,avg_ccn,3.7317667913629564,3.82987627627424,0.09810948491128357,2.6290357998349343,10,10,10,True
1644196,61474,agentic,function_count,51.5,51.3,-0.20000000000000284,-0.38834951456311234,10,10,10,True
1644196,61826,agentic,nloc,275.5,303.0,27.5,9.98185117967332,2,2,2,True
1644196,61826,agentic,avg_ccn,3.526315789473684,3.725,0.19868421052631602,5.634328358208962,2,2,2,True
1644196,61826,agentic,function_count,10.5,11.0,0.5,4.761904761904762,2,2,2,True
1644196,61958,human_candidate,nloc,1417.6666666666667,1483.3333333333333,65.66666666666652,4.632024453327053,3,3,3,True
1644196,61958,human_candidate,avg_ccn,3.9051258965925,3.9065391702166985,0.0014132736241982968,0.03619021925596505,3,3,3,True
1644196,61958,human_candidate,function_count,65.66666666666667,69.33333333333333,3.666666666666657,5.58375634517765,3,3,3,True
1663468,21202,human_candidate,nloc,1335.5,1336.0,0.5,0.037439161362785474,2,2,2,True
1663468,21202,human_candidate,avg_ccn,1.860897435897436,1.860897435897436,0.0,0.0,2,2,2,True
1663468,21202,human_candidate,function_count,80.5,80.5,0.0,0.0,2,2,2,True
2030681,20627,agentic,nloc,3308.0,3325.0,17.0,0.5139056831922612,1,1,1,True
2030681,20627,agentic,avg_ccn,2.5736434108527133,2.617760617760618,0.04411720690790455,1.7141926780480983,1,1,1,True
2030681,20627,agentic,function_count,258.0,259.0,1.0,0.3875968992248062,1,1,1,True
2327138,1473,agentic,nloc,266.0,268.0,2.0,0.7518796992481203,1,1,1,True
2327138,1473,agentic,avg_ccn,1.6,1.6,0.0,0.0,1,1,1,True
2327138,1473,agentic,function_count,10.0,10.0,0.0,0.0,1,1,1,True
2418592,2731,human_candidate,nloc,612.0,657.3333333333334,45.33333333333337,7.4074074074074145,3,3,3,True
2418592,2731,human_candidate,avg_ccn,1.7554093001247473,1.8033507659554775,0.04794146583073022,2.7310705159943773,3,3,3,True
2418592,2731,human_candidate,function_count,27.333333333333332,29.666666666666668,2.3333333333333357,8.536585365853668,3,3,3,True
2751199,9478,human_candidate,nloc,239.71428571428572,246.42857142857142,6.714285714285694,2.8009535160905754,7,7,7,True
2751199,9478,human_candidate,avg_ccn,2.2630385487528346,2.2696388079041143,0.006600259151279708,0.29165473804753017,7,7,7,True
2751199,9478,human_candidate,function_count,21.0,21.428571428571427,0.42857142857142705,2.040816326530605,7,7,7,True
2928944,50370,human_candidate,nloc,484.0,472.75,-11.25,-2.324380165289256,4,4,4,True
2928944,50370,human_candidate,avg_ccn,3.1079545454545454,3.207954545454545,0.09999999999999964,3.2175502742230235,4,4,4,True
2928944,50370,human_candidate,function_count,16.0,16.0,0.0,0.0,4,4,4,True
2928944,54006,agentic,nloc,525.0,505.0,-20.0,-3.8095238095238093,3,3,3,True
2928944,54006,agentic,avg_ccn,3.1724867724867725,3.0290043290043287,-0.14348244348244377,-4.522712111104382,3,3,3,True
2928944,54006,agentic,function_count,41.0,42.0,1.0,2.4390243902439024,3,3,3,True
2928944,56680,agentic,nloc,64.0,109.5,45.5,71.09375,2,2,2,True
2928944,56680,agentic,avg_ccn,1.25,1.723529411764706,0.473529411764706,37.88235294117648,2,2,2,True
2928944,56680,agentic,function_count,6.5,11.0,4.5,69.23076923076923,2,2,2,True
2928944,56872,human_candidate,nloc,251.33333333333334,417.6666666666667,166.33333333333334,66.18037135278516,3,3,3,True
2928944,56872,human_candidate,avg_ccn,3.8680555555555554,3.2352801519468186,-0.6327754036087367,-16.359005048412584,3,3,3,True
2928944,56872,human_candidate,function_count,10.0,25.0,15.0,150.0,3,3,3,True
2928948,45412,human_candidate,nloc,229.0,235.0,6.0,2.6200873362445414,1,1,1,True
2928948,45412,human_candidate,avg_ccn,2.0476190476190474,2.0952380952380953,0.047619047619047894,2.3255813953488507,1,1,1,True
2928948,45412,human_candidate,function_count,21.0,21.0,0.0,0.0,1,1,1,True
2928948,48617,human_candidate,nloc,305.61538461538464,321.53846153846155,15.923076923076906,5.210168638308577,13,13,13,True
2928948,48617,human_candidate,avg_ccn,3.654511874294616,3.50060070648306,-0.15391116781155612,-4.211538314983957,13,13,13,True
2928948,48617,human_candidate,function_count,15.0,14.846153846153847,-0.1538461538461533,-1.025641025641022,13,13,13,True
2988101,5272,agentic,nloc,647.5,658.75,11.25,1.7374517374517375,4,4,4,True
2988101,5272,agentic,avg_ccn,2.296993560484926,2.243016287757653,-0.05397727272727293,-2.3499096234243515,4,4,4,True
2988101,5272,agentic,function_count,32.75,32.75,0.0,0.0,4,4,4,True
3194112,402,agentic,nloc,1410.0,1413.5,3.5,0.24822695035460993,2,2,2,True
3194112,402,agentic,avg_ccn,4.1270283975659225,4.132775524002705,0.005747126436782324,0.13925580061847692,2,2,2,True
3194112,402,agentic,function_count,77.5,77.5,0.0,0.0,2,2,2,True
3292397,671,agentic,nloc,2414.0,2437.3333333333335,23.333333333333485,0.966583816625248,3,3,3,True
3292397,671,agentic,avg_ccn,2.1084766891049616,2.1196858124693176,0.011209123364356088,0.5316218776463831,3,3,2,True
3292397,671,agentic,function_count,98.66666666666667,99.66666666666667,1.0,1.0135135135135134,3,3,3,True
3328572,17229,agentic,nloc,310.0,333.5,23.5,7.580645161290323,2,2,2,True
3328572,17229,agentic,avg_ccn,2.1342592592592595,2.09375,-0.04050925925925952,-1.8980477223427452,2,2,2,True
3328572,17229,agentic,function_count,33.0,38.0,5.0,15.151515151515152,2,2,2,True
3328572,19852,agentic,nloc,81.0,90.0,9.0,11.11111111111111,1,1,1,True
3328572,19852,agentic,avg_ccn,1.0,1.0,0.0,0.0,1,1,1,True
3328572,19852,agentic,function_count,6.0,6.0,0.0,0.0,1,1,1,True
3368190,4016,human_candidate,nloc,305.75,311.0,5.25,1.7170891251022078,4,4,4,True
3368190,4016,human_candidate,avg_ccn,2.2987179487179485,2.0861111111111112,-0.2126068376068373,-9.24893102807212,4,4,4,True
3368190,4016,human_candidate,function_count,14.5,13.5,-1.0,-6.896551724137931,4,4,4,True
3368190,4164,human_candidate,nloc,247.5,263.5,16.0,6.4646464646464645,2,2,2,True
3368190,4164,human_candidate,avg_ccn,2.0,2.2272727272727275,0.22727272727272751,11.363636363636376,2,2,2,True
3368190,4164,human_candidate,function_count,6.0,6.0,0.0,0.0,2,2,2,True
3368190,4504,human_candidate,nloc,797.5,830.0,32.5,4.075235109717869,2,2,2,True
3368190,4504,human_candidate,avg_ccn,1.667857142857143,1.675,0.0071428571428571175,0.4282655246252661,2,2,2,True
3368190,4504,human_candidate,function_count,39.0,39.0,0.0,0.0,2,2,2,True
3368190,4560,human_candidate,nloc,408.625,466.625,58.0,14.193943101866013,8,8,8,True
3368190,4560,human_candidate,avg_ccn,2.0800624907007887,2.080540293040293,0.0004778023395042297,0.02297057620337428,8,8,7,True
3368190,4560,human_candidate,function_count,19.5,21.375,1.875,9.615384615384615,8,8,8,True
4127088,42988,agentic,nloc,201.0,213.0,12.0,5.970149253731344,1,1,1,True
4127088,42988,agentic,avg_ccn,2.217391304347826,2.3043478260869565,0.08695652173913038,3.9215686274509776,1,1,1,True
4127088,42988,agentic,function_count,23.0,23.0,0.0,0.0,1,1,1,True
4127088,44080,human_candidate,nloc,297.5681818181818,364.4318181818182,66.86363636363637,22.47002214924006,44,44,44,True
4127088,44080,human_candidate,avg_ccn,4.030784618126993,4.134084587394557,0.1032999692675638,2.5627757137657423,44,44,43,True
4127088,44080,human_candidate,function_count,18.75,22.227272727272727,3.4772727272727266,18.54545454545454,44,44,44,True
4127088,45937,agentic,nloc,599.0,605.0,6.0,1.001669449081803,2,2,2,True
4127088,45937,agentic,avg_ccn,7.348181818181818,6.997685185185185,-0.3504966329966326,-4.769841597133439,2,2,2,True
4127088,45937,agentic,function_count,23.5,25.5,2.0,8.51063829787234,2,2,2,True
4127088,46572,human_candidate,nloc,827.0,846.0,19.0,2.2974607013301087,1,1,1,True
4127088,46572,human_candidate,avg_ccn,3.3043478260869565,3.347826086956522,0.04347826086956541,1.3157894736842164,1,1,1,True
4127088,46572,human_candidate,function_count,46.0,46.0,0.0,0.0,1,1,1,True
4213474,1624,agentic,nloc,131.9512195121951,132.02439024390245,0.07317073170733579,0.0554528650647092,41,41,41,True
4213474,1624,agentic,avg_ccn,3.96956291063434,3.929041024693901,-0.04052188594043926,-1.0208148063828977,41,41,39,True
4213474,1624,agentic,function_count,8.121951219512194,8.24390243902439,0.12195121951219612,1.5015015015015138,41,41,41,True
4213474,1635,agentic,nloc,37.125,45.5,8.375,22.55892255892256,8,8,8,True
4213474,1635,agentic,avg_ccn,1.8761904761904762,2.105952380952381,0.22976190476190483,12.246192893401018,8,8,8,True
4213474,1635,agentic,function_count,4.5,4.625,0.125,2.7777777777777777,8,8,8,True
4213474,1732,agentic,nloc,270.68,311.36,40.68000000000001,15.02881631446727,25,25,25,True
4213474,1732,agentic,avg_ccn,1.9470384638703964,2.1916575605209148,0.2446190966505184,12.563649932434071,25,25,25,True
4213474,1732,agentic,function_count,18.32,21.52,3.1999999999999993,17.46724890829694,25,25,25,True
4454793,31435,human_candidate,nloc,1979.75,1979.75,0.0,0.0,4,4,4,True
4454793,31435,human_candidate,avg_ccn,13.298098273852585,13.298098273852585,0.0,0.0,4,4,4,True
4454793,31435,human_candidate,function_count,72.5,72.5,0.0,0.0,4,4,4,True
4743255,4697,human_candidate,nloc,177.0,180.5,3.5,1.9774011299435028,2,2,2,True
4743255,4697,human_candidate,avg_ccn,1.6111111111111112,1.6111111111111112,0.0,0.0,2,2,2,True
4743255,4697,human_candidate,function_count,16.5,17.0,0.5,3.0303030303030303,2,2,2,True
4743255,5137,human_candidate,nloc,189.55555555555554,193.88888888888889,4.333333333333343,2.2860492379835926,9,9,9,True
4743255,5137,human_candidate,avg_ccn,1.0987095692978044,1.1279830735713088,0.02927350427350439,2.66435326418549,9,9,9,True
4743255,5137,human_candidate,function_count,14.444444444444445,14.777777777777779,0.3333333333333339,2.307692307692312,9,9,9,True
5108051,27755,human_candidate,nloc,2494.0,2536.0,42.0,1.6840417000801924,1,1,1,True
5108051,27755,human_candidate,avg_ccn,6.92,7.0,0.08000000000000007,1.1560693641618507,1,1,1,True
5108051,27755,human_candidate,function_count,100.0,100.0,0.0,0.0,1,1,1,True
5108051,27795,human_candidate,nloc,2040.0,2488.0,448.0,21.96078431372549,1,1,1,True
5108051,27795,human_candidate,avg_ccn,9.659574468085106,9.785714285714286,0.12613981762918058,1.3058527375708122,1,1,1,True
5108051,27795,human_candidate,function_count,47.0,56.0,9.0,19.148936170212767,1,1,1,True
5108051,29058,human_candidate,nloc,95.0,175.0,80.0,84.21052631578948,1,1,1,True
5108051,29058,human_candidate,avg_ccn,4.0,4.285714285714286,0.2857142857142856,7.14285714285714,1,1,1,True
5108051,29058,human_candidate,function_count,4.0,7.0,3.0,75.0,1,1,1,True
5108051,29117,human_candidate,nloc,673.6666666666666,717.0,43.33333333333337,6.43245917862445,3,3,3,True
5108051,29117,human_candidate,avg_ccn,4.18545356951154,4.570987654320987,0.3855340848094473,9.211285668483493,3,3,3,True
5108051,29117,human_candidate,function_count,26.0,27.0,1.0,3.8461538461538463,3,3,3,True
5108051,29187,human_candidate,nloc,481.0,482.0,1.0,0.2079002079002079,1,1,1,True
5108051,29187,human_candidate,avg_ccn,10.142857142857142,10.142857142857142,0.0,0.0,1,1,1,True
5108051,29187,human_candidate,function_count,14.0,14.0,0.0,0.0,1,1,1,True
5298790,26686,human_candidate,nloc,94.34782608695652,94.3913043478261,0.04347826086957696,0.046082949308768204,23,23,23,True
5298790,26686,human_candidate,avg_ccn,2.744565217391304,2.744565217391304,0.0,0.0,23,23,23,True
5298790,26686,human_candidate,function_count,1.3043478260869565,1.3043478260869565,0.0,0.0,23,23,23,True
5298790,26927,human_candidate,nloc,2379.0,2378.0,-1.0,-0.042034468263976464,1,1,1,True
5298790,26927,human_candidate,avg_ccn,9.746031746031745,9.746031746031745,0.0,0.0,1,1,1,True
5298790,26927,human_candidate,function_count,63.0,63.0,0.0,0.0,1,1,1,True
6860771,3542,agentic,nloc,447.0,457.0,10.0,2.237136465324385,1,1,1,True
6860771,3542,agentic,avg_ccn,3.5,3.5483870967741935,0.048387096774193505,1.3824884792626715,1,1,1,True
6860771,3542,agentic,function_count,30.0,31.0,1.0,3.3333333333333335,1,1,1,True
7243421,1977,agentic,nloc,219.0,222.75,3.75,1.7123287671232876,4,4,4,True
7243421,1977,agentic,avg_ccn,1.778846153846154,1.7719017094017095,-0.00694444444444442,-0.390390390390389,4,4,4,True
7243421,1977,agentic,function_count,14.5,14.5,0.0,0.0,4,4,4,True
7913195,3147,human_candidate,nloc,220.0,216.0,-4.0,-1.8181818181818181,1,1,1,True
7913195,3147,human_candidate,avg_ccn,3.5833333333333335,4.4,0.8166666666666669,22.79069767441861,1,1,1,True
7913195,3147,human_candidate,function_count,12.0,10.0,-2.0,-16.666666666666668,1,1,1,True
8100370,5280,human_candidate,nloc,86.33333333333333,92.0,5.666666666666671,6.56370656370657,3,3,3,True
8100370,5280,human_candidate,avg_ccn,1.8511904761904763,1.868347338935574,0.017156862745097756,0.9268015888027084,3,3,3,True
8100370,5280,human_candidate,function_count,10.333333333333334,10.666666666666666,0.33333333333333215,3.2258064516128915,3,3,3,True
8162715,18585,human_candidate,nloc,547.7,550.3,2.599999999999909,0.47471243381411515,10,10,10,True
8162715,18585,human_candidate,avg_ccn,2.5897112009471455,2.567893019128964,-0.021818181818181515,-0.8424947851405926,10,10,10,True
8162715,18585,human_candidate,function_count,20.4,20.6,0.20000000000000284,0.980392156862759,10,10,10,True
10458362,6070,agentic,nloc,1882.0,1907.0,25.0,1.328374070138151,1,1,1,True
10458362,6070,agentic,avg_ccn,5.524590163934426,5.661290322580645,0.1367001586462191,2.4743945630324524,1,1,1,True
10458362,6070,agentic,function_count,61.0,62.0,1.0,1.639344262295082,1,1,1,True
10458362,7090,agentic,nloc,4928.0,4934.0,6.0,0.12175324675324675,1,1,1,True
10458362,7090,agentic,avg_ccn,11.151724137931035,11.16551724137931,0.013793103448275446,0.12368583797154852,1,1,1,True
10458362,7090,agentic,function_count,145.0,145.0,0.0,0.0,1,1,1,True
11061773,20764,human_candidate,nloc,368.25,406.75,38.5,10.454854039375425,8,8,8,True
11061773,20764,human_candidate,avg_ccn,3.9003752880787763,3.583495670995671,-0.3168796170831052,-8.124336600419593,8,8,8,True
11061773,20764,human_candidate,function_count,18.125,19.375,1.25,6.896551724137931,8,8,8,True
11183126,912,agentic,nloc,199.6315789473684,209.68421052631578,10.05263157894737,5.035591879778541,19,19,19,True
11183126,912,agentic,avg_ccn,1.9101972278652768,2.0160256496169815,0.1058284217517047,5.54018298256941,19,19,19,True
11183126,912,agentic,function_count,10.631578947368421,11.842105263157896,1.2105263157894743,11.386138613861391,19,19,19,True
11183126,1061,human_candidate,nloc,316.0,354.0,38.0,12.025316455696203,3,3,3,True
11183126,1061,human_candidate,avg_ccn,4.58974358974359,4.857142857142857,0.26739926739926645,5.826017557861112,3,3,3,True
11183126,1061,human_candidate,function_count,6.333333333333333,7.0,0.666666666666667,10.52631578947369,3,3,3,True
11183126,1393,agentic,nloc,146.0,140.0,-6.0,-4.109589041095891,1,1,1,True
11183126,1393,agentic,avg_ccn,3.3636363636363638,3.1818181818181817,-0.1818181818181821,-5.405405405405413,1,1,1,True
11183126,1393,agentic,function_count,11.0,11.0,0.0,0.0,1,1,1,True
11183126,1601,agentic,nloc,176.5,191.0,14.5,8.215297450424929,2,2,2,True
11183126,1601,agentic,avg_ccn,2.4444444444444446,2.541666666666667,0.09722222222222232,3.977272727272731,2,2,2,True
11183126,1601,agentic,function_count,6.0,6.5,0.5,8.333333333333334,2,2,2,True
11183126,1623,human_candidate,nloc,125.0,128.25,3.25,2.6,4,4,4,True
11183126,1623,human_candidate,avg_ccn,4.395833333333333,4.75,0.35416666666666696,8.0568720379147,4,4,4,True
11183126,1623,human_candidate,function_count,3.0,3.0,0.0,0.0,4,4,4,True
11183126,2004,human_candidate,nloc,710.0,647.0,-63.0,-8.873239436619718,1,1,1,True
11183126,2004,human_candidate,avg_ccn,7.545454545454546,6.818181818181818,-0.7272727272727275,-9.638554216867472,1,1,1,True
11183126,2004,human_candidate,function_count,11.0,11.0,0.0,0.0,1,1,1,True
11415199,727,human_candidate,nloc,429.5,451.5,22.0,5.122235157159488,2,2,2,True
11415199,727,human_candidate,avg_ccn,4.105263157894737,3.95,-0.155263157894737,-3.7820512820512855,2,2,1,True
11415199,727,human_candidate,function_count,19.0,20.0,1.0,5.2631578947368425,2,2,2,True
11415199,821,agentic,nloc,426.0,433.875,7.875,1.8485915492957747,8,8,8,True
11415199,821,agentic,avg_ccn,4.160317460317461,4.391220238095238,0.23090277777777768,5.550123998473862,8,8,6,True
11415199,821,agentic,function_count,17.0,16.5,-0.5,-2.9411764705882355,8,8,8,True
11415199,824,agentic,nloc,1344.0,1347.0,3.0,0.22321428571428573,1,1,1,True
11415199,824,agentic,avg_ccn,7.71875,7.75,0.03125,0.4048582995951417,1,1,1,True
11415199,824,agentic,function_count,32.0,32.0,0.0,0.0,1,1,1,True
12670630,127,agentic,nloc,887.5,942.5,55.0,6.197183098591549,2,2,2,True
12670630,127,agentic,avg_ccn,2.5434782608695654,2.5534482758620687,0.009970014992503273,0.3919834954317526,2,2,2,True
12670630,127,agentic,function_count,66.0,68.0,2.0,3.0303030303030303,2,2,2,True
12670630,146,agentic,nloc,1514.0,1512.0,-2.0,-0.13210039630118892,1,1,1,True
12670630,146,agentic,avg_ccn,3.230769230769231,3.25,0.019230769230769162,0.5952380952380931,1,1,1,True
12670630,146,agentic,function_count,117.0,116.0,-1.0,-0.8547008547008547,1,1,1,True
12670630,194,agentic,nloc,181.0,182.0,1.0,0.5524861878453039,1,1,1,True
12670630,194,agentic,avg_ccn,2.5555555555555554,2.4444444444444446,-0.11111111111111072,-4.347826086956506,1,1,1,True
12670630,194,agentic,function_count,9.0,9.0,0.0,0.0,1,1,1,True
12670630,347,agentic,nloc,507.0,508.6666666666667,1.6666666666666856,0.32873109796187094,3,3,3,True
12670630,347,agentic,avg_ccn,3.6102150537634414,3.6102150537634414,0.0,0.0,3,3,3,True
12670630,347,agentic,function_count,30.666666666666668,30.666666666666668,0.0,0.0,3,3,3,True
13908616,3334,agentic,nloc,58.0,65.0,7.0,12.068965517241379,2,2,2,True
13908616,3334,agentic,avg_ccn,1.4615384615384617,1.5384615384615385,0.07692307692307687,5.263157894736838,2,2,2,True
13908616,3334,agentic,function_count,8.5,9.5,1.0,11.764705882352942,2,2,2,True
13908616,3425,agentic,nloc,189.0,196.0,7.0,3.7037037037037037,1,1,1,True
13908616,3425,agentic,avg_ccn,4.607843137254902,4.607843137254902,0.0,0.0,1,1,1,True
13908616,3425,agentic,function_count,51.0,51.0,0.0,0.0,1,1,1,True
13908616,3428,agentic,nloc,199.0,206.0,7.0,3.5175879396984926,1,1,1,True
13908616,3428,agentic,avg_ccn,2.9607843137254903,2.9607843137254903,0.0,0.0,1,1,1,True
13908616,3428,agentic,function_count,51.0,51.0,0.0,0.0,1,1,1,True
14268809,1986,agentic,nloc,215.22222222222223,217.33333333333334,2.1111111111111143,0.9808982963345394,9,9,9,True
14268809,1986,agentic,avg_ccn,6.999294532627866,7.147442680776014,0.14814814814814792,2.116615431134402,9,9,9,True
14268809,1986,agentic,function_count,6.777777777777778,6.777777777777778,0.0,0.0,9,9,9,True
14268809,1996,agentic,nloc,761.5,797.5,36.0,4.727511490479317,2,2,2,True
14268809,1996,agentic,avg_ccn,6.565789473684211,6.807780320366133,0.24199084668192228,3.6856321338328843,2,2,2,True
14268809,1996,agentic,function_count,20.5,21.0,0.5,2.4390243902439024,2,2,2,True
14268809,1998,agentic,nloc,1293.0,1317.5,24.5,1.8948182521268369,2,2,2,True
14268809,1998,agentic,avg_ccn,6.809491978609626,6.88903743315508,0.07954545454545414,1.1681554922940944,2,2,2,True
14268809,1998,agentic,function_count,39.0,39.0,0.0,0.0,2,2,2,True
14268809,2011,agentic,nloc,1591.0,1628.5,37.5,2.3570081709616595,2,2,2,True
14268809,2011,agentic,avg_ccn,6.91875,6.970000000000001,0.05125000000000046,0.7407407407407474,2,2,2,True
14268809,2011,agentic,function_count,46.5,47.5,1.0,2.150537634408602,2,2,2,True
14268809,2012,agentic,nloc,489.0,508.0,19.0,3.885480572597137,5,5,5,True
14268809,2012,agentic,avg_ccn,11.944264507422403,12.72456140350877,0.7802968960863677,6.5328166133751955,5,5,5,True
14268809,2012,agentic,function_count,12.6,12.4,-0.1999999999999993,-1.5873015873015817,5,5,5,True
14268809,2019,agentic,nloc,445.6666666666667,447.3333333333333,1.6666666666666288,0.37397157816005133,3,3,3,True
14268809,2019,agentic,avg_ccn,5.543345543345542,5.5818070818070815,0.03846153846153921,0.6938325991189565,3,3,3,True
14268809,2019,agentic,function_count,14.0,14.0,0.0,0.0,3,3,3,True
14268809,2025,agentic,nloc,553.0,613.6666666666666,60.66666666666663,10.97046413502109,3,3,3,True
14268809,2025,agentic,avg_ccn,3.6066433566433567,3.630303030303031,0.02365967365967414,0.6560025852318763,3,3,3,True
14268809,2025,agentic,function_count,21.333333333333332,22.333333333333332,1.0,4.6875,3,3,3,True
14268809,2036,agentic,nloc,837.0,790.5,-46.5,-5.555555555555555,2,2,2,True
14268809,2036,agentic,avg_ccn,3.4640088593576968,3.1985930735930737,-0.2654157857646231,-7.662098930481287,2,2,2,True
14268809,2036,agentic,function_count,75.0,76.5,1.5,2.0,2,2,2,True
14964475,20969,human_candidate,nloc,326.3333333333333,324.3333333333333,-2.0,-0.6128702757916241,3,3,3,True
14964475,20969,human_candidate,avg_ccn,3.7955840455840453,3.7955840455840453,0.0,0.0,3,3,3,True
14964475,20969,human_candidate,function_count,20.0,20.0,0.0,0.0,3,3,3,True
15337142,18691,human_candidate,nloc,74.16666666666667,72.0,-2.1666666666666714,-2.921348314606748,6,6,6,True
15337142,18691,human_candidate,avg_ccn,1.67,1.6227272727272726,-0.047272727272727355,-2.8307022318998416,6,6,5,True
15337142,18691,human_candidate,function_count,5.833333333333333,6.166666666666667,0.3333333333333339,5.714285714285725,6,6,6,True
15337142,19094,human_candidate,nloc,492.0,502.0,10.0,2.032520325203252,3,3,3,True
15337142,19094,human_candidate,avg_ccn,7.603846153846154,7.496296296296297,-0.10754985754985746,-1.4144139080911957,3,3,2,True
15337142,19094,human_candidate,function_count,12.0,12.333333333333334,0.3333333333333339,2.7777777777777826,3,3,3,True
15730865,50892,human_candidate,nloc,3177.0,3185.0,8.0,0.2518098835379289,1,1,1,True
15730865,50892,human_candidate,avg_ccn,4.436567164179104,4.447761194029851,0.011194029850746468,0.2523128679562703,1,1,1,True
15730865,50892,human_candidate,function_count,268.0,268.0,0.0,0.0,1,1,1,True
15730865,51685,human_candidate,nloc,1885.0,1883.0,-2.0,-0.10610079575596817,2,2,2,True
15730865,51685,human_candidate,avg_ccn,3.1935510338037414,3.23440120764844,0.04085017384469847,1.2791457976496798,2,2,2,True
15730865,51685,human_candidate,function_count,149.5,146.5,-3.0,-2.0066889632107023,2,2,2,True
15730865,52157,human_candidate,nloc,1100.0,1114.6,14.599999999999909,1.327272727272719,5,5,5,True
15730865,52157,human_candidate,avg_ccn,2.9987605757238684,3.059914527882769,0.061153952158900626,2.0393075944096912,5,5,5,True
15730865,52157,human_candidate,function_count,100.0,100.8,0.7999999999999972,0.7999999999999972,5,5,5,True
16157746,36648,agentic,nloc,540.5,540.5,0.0,0.0,2,2,2,True
16157746,36648,agentic,avg_ccn,1.5557301487534045,1.5557301487534045,0.0,0.0,2,2,2,True
16157746,36648,agentic,function_count,83.0,83.0,0.0,0.0,2,2,2,True
16157746,38051,human_candidate,nloc,49.333333333333336,55.666666666666664,6.333333333333329,12.837837837837826,3,3,3,True
16157746,38051,human_candidate,avg_ccn,1.3666666666666665,1.6083333333333332,0.2416666666666667,17.6829268292683,3,3,3,True
16157746,38051,human_candidate,function_count,7.333333333333333,7.666666666666667,0.3333333333333339,4.545454545454554,3,3,3,True
17496194,3341,agentic,nloc,298.0,378.0,80.0,26.845637583892618,2,2,2,True
17496194,3341,agentic,avg_ccn,2.0,2.225,0.2250000000000001,11.250000000000004,2,2,2,True
17496194,3341,agentic,function_count,24.5,32.0,7.5,30.612244897959183,2,2,2,True
17496194,3342,agentic,nloc,298.0,354.5,56.5,18.959731543624162,2,2,2,True
17496194,3342,agentic,avg_ccn,2.0,2.325,0.3250000000000002,16.250000000000007,2,2,2,True
17496194,3342,agentic,function_count,24.5,29.0,4.5,18.367346938775512,2,2,2,True
17620347,62056,agentic,nloc,90.0,92.0,2.0,2.2222222222222223,1,1,1,True
17620347,62056,agentic,avg_ccn,5.25,2.2,-3.05,-58.095238095238095,1,1,1,True
17620347,62056,agentic,function_count,4.0,10.0,6.0,150.0,1,1,1,True
17620347,62661,agentic,nloc,274.0,274.0,0.0,0.0,1,1,1,True
17620347,62661,agentic,avg_ccn,2.7777777777777777,2.7777777777777777,0.0,0.0,1,1,1,True
17620347,62661,agentic,function_count,18.0,18.0,0.0,0.0,1,1,1,True
17620347,65900,agentic,nloc,531.0,531.0,0.0,0.0,2,2,2,True
17620347,65900,agentic,avg_ccn,2.7801161103047893,2.7801161103047893,0.0,0.0,2,2,2,True
17620347,65900,agentic,function_count,33.0,33.0,0.0,0.0,2,2,2,True
17620347,65902,agentic,nloc,188.89473684210526,188.10526315789474,-0.7894736842105203,-0.4179437169127859,19,19,19,True
17620347,65902,agentic,avg_ccn,3.134802916381864,3.134802916381864,0.0,0.0,19,19,19,True
17620347,65902,agentic,function_count,15.631578947368421,15.631578947368421,0.0,0.0,19,19,19,True
17652873,2493,agentic,nloc,117.0,130.66666666666666,13.666666666666657,11.680911680911672,3,3,3,True
17652873,2493,agentic,avg_ccn,2.428571428571429,2.5,0.07142857142857117,2.9411764705882244,3,3,2,True
17652873,2493,agentic,function_count,7.0,9.0,2.0,28.571428571428573,3,3,3,True
18068542,5445,human_candidate,nloc,86.66666666666667,86.66666666666667,0.0,0.0,3,3,3,True
18068542,5445,human_candidate,avg_ccn,1.0333333333333334,1.0333333333333334,0.0,0.0,3,3,3,True
18068542,5445,human_candidate,function_count,7.666666666666667,7.666666666666667,0.0,0.0,3,3,3,True
18068542,5549,human_candidate,nloc,288.75,291.0,2.25,0.7792207792207793,4,4,4,True
18068542,5549,human_candidate,avg_ccn,1.5889713201443325,1.4140809692671394,-0.17489035087719307,-11.006514004375303,4,4,4,True
18068542,5549,human_candidate,function_count,26.5,27.75,1.25,4.716981132075472,4,4,4,True
18068542,5610,agentic,nloc,650.25,666.25,16.0,2.4605920799692425,4,4,4,True
18068542,5610,agentic,avg_ccn,5.124706359816654,5.068809064609451,-0.055897295207202546,-1.0907414256063324,4,4,4,True
18068542,5610,agentic,function_count,39.0,42.25,3.25,8.333333333333334,4,4,4,True
18068542,5864,human_candidate,nloc,422.45454545454544,449.27272727272725,26.818181818181813,6.3481816225521825,11,11,11,True
18068542,5864,human_candidate,avg_ccn,1.859273679444495,1.8090614370533193,-0.05021224239117572,-2.7006375094912274,11,11,11,True
18068542,5864,human_candidate,function_count,39.27272727272727,42.18181818181818,2.9090909090909065,7.4074074074074,11,11,11,True
18068542,5886,agentic,nloc,112.5,136.0,23.5,20.88888888888889,2,2,2,True
18068542,5886,agentic,avg_ccn,1.9285714285714286,2.289393939393939,0.3608225108225105,18.709315375982026,2,2,2,True
18068542,5886,agentic,function_count,16.0,18.5,2.5,15.625,2,2,2,True
18068542,5944,agentic,nloc,142.0,145.0,3.0,2.112676056338028,1,1,1,True
18068542,5944,agentic,avg_ccn,5.285714285714286,7.2,1.9142857142857146,36.21621621621622,1,1,1,True
18068542,5944,agentic,function_count,7.0,5.0,-2.0,-28.571428571428573,1,1,1,True
18068542,5945,agentic,nloc,439.0,443.0,4.0,0.9111617312072893,1,1,1,True
18068542,5945,agentic,avg_ccn,4.0,4.0,0.0,0.0,1,1,1,True
18068542,5945,agentic,function_count,1.0,1.0,0.0,0.0,1,1,1,True
18068542,5947,agentic,nloc,325.0,322.0,-3.0,-0.9230769230769231,1,1,1,True
18068542,5947,agentic,avg_ccn,2.0434782608695654,2.0434782608695654,0.0,0.0,1,1,1,True
18068542,5947,agentic,function_count,23.0,23.0,0.0,0.0,1,1,1,True
18068542,5948,agentic,nloc,1948.0,1949.0,1.0,0.0513347022587269,1,1,1,True
18068542,5948,agentic,avg_ccn,1.2333333333333334,1.2333333333333334,0.0,0.0,1,1,1,True
18068542,5948,agentic,function_count,120.0,120.0,0.0,0.0,1,1,1,True
18280236,3465,human_candidate,nloc,147.33333333333334,154.0,6.666666666666657,4.524886877828048,3,3,3,True
18280236,3465,human_candidate,avg_ccn,3.277777777777778,2.827485380116959,-0.4502923976608191,-13.737734165923293,3,3,3,True
18280236,3465,human_candidate,function_count,8.333333333333334,8.666666666666666,0.33333333333333215,3.9999999999999853,3,3,3,True
18280236,3813,human_candidate,nloc,163.0,160.0,-3.0,-1.8404907975460123,2,2,2,True
18280236,3813,human_candidate,avg_ccn,3.8,3.5,-0.2999999999999998,-7.894736842105259,2,2,2,True
18280236,3813,human_candidate,function_count,5.0,5.0,0.0,0.0,2,2,2,True
18280236,4051,human_candidate,nloc,52.0,52.0,0.0,0.0,1,1,1,True
18280236,4051,human_candidate,avg_ccn,2.3333333333333335,2.3333333333333335,0.0,0.0,1,1,1,True
18280236,4051,human_candidate,function_count,3.0,3.0,0.0,0.0,1,1,1,True
19330736,6945,agentic,nloc,800.0,842.5,42.5,5.3125,2,2,2,True
19330736,6945,agentic,avg_ccn,3.4233870967741935,3.246875,-0.17651209677419333,-5.156065959952879,2,2,2,True
19330736,6945,agentic,function_count,17.5,18.5,1.0,5.714285714285714,2,2,2,True
19330736,7173,agentic,nloc,696.6,701.4,4.7999999999999545,0.6890611541774267,5,5,5,True
19330736,7173,agentic,avg_ccn,8.486363636363636,8.120000000000001,-0.36636363636363534,-4.317086234600952,5,5,5,True
19330736,7173,agentic,function_count,13.2,13.4,0.20000000000000107,1.5151515151515234,5,5,5,True
19330736,7416,human_candidate,nloc,82.0,70.0,-12.0,-14.634146341463415,1,1,1,True
19330736,7416,human_candidate,avg_ccn,1.4,1.0,-0.3999999999999999,-28.57142857142857,1,1,1,True
19330736,7416,human_candidate,function_count,5.0,5.0,0.0,0.0,1,1,1,True
19961085,16152,human_candidate,nloc,115.625,126.875,11.25,9.72972972972973,8,8,8,True
19961085,16152,human_candidate,avg_ccn,2.768594500737358,2.715162218733647,-0.053432282003710974,-1.9299425029371542,8,8,7,True
19961085,16152,human_candidate,function_count,8.375,10.125,1.75,20.895522388059703,8,8,8,True
19961085,16289,human_candidate,nloc,222.0,239.14285714285714,17.14285714285714,7.72200772200772,7,7,7,True
19961085,16289,human_candidate,avg_ccn,3.552344877344877,3.5500773036487323,-0.002267573696144609,-0.06383315174734548,7,7,7,True
19961085,16289,human_candidate,function_count,20.0,21.0,1.0,5.0,7,7,7,True
19961085,16312,human_candidate,nloc,574.5,577.5,3.0,0.5221932114882507,2,2,2,True
19961085,16312,human_candidate,avg_ccn,1.2843181818181817,1.243006993006993,-0.04131118881118878,-3.2165852197704945,2,2,2,True
19961085,16312,human_candidate,function_count,56.5,57.0,0.5,0.8849557522123894,2,2,2,True
19961085,17342,human_candidate,nloc,847.0,861.0,14.0,1.6528925619834711,1,1,1,True
19961085,17342,human_candidate,avg_ccn,3.975,3.975,0.0,0.0,1,1,1,True
19961085,17342,human_candidate,function_count,40.0,40.0,0.0,0.0,1,1,1,True
19961085,17707,agentic,nloc,1914.0,2009.5,95.5,4.989550679205852,2,2,2,True
19961085,17707,agentic,avg_ccn,2.54491341991342,2.5411877394636013,-0.0037256804498184692,-0.14639713951232258,2,2,2,True
19961085,17707,agentic,function_count,89.0,94.0,5.0,5.617977528089888,2,2,2,True
19961085,17868,human_candidate,nloc,174.66666666666666,186.66666666666666,12.0,6.870229007633588,3,3,3,True
19961085,17868,human_candidate,avg_ccn,1.7046568627450982,1.8722766884531594,0.16761982570806122,9.833053758287415,3,3,3,True
19961085,17868,human_candidate,function_count,17.0,17.0,0.0,0.0,3,3,3,True
19961085,17898,human_candidate,nloc,75.5,131.5,56.0,74.17218543046357,2,2,2,True
19961085,17898,human_candidate,avg_ccn,1.75,2.166666666666667,0.41666666666666696,23.809523809523828,2,2,2,True
19961085,17898,human_candidate,function_count,5.0,9.5,4.5,90.0,2,2,2,True
19961085,18189,agentic,nloc,165.9,166.96666666666667,1.0666666666666629,0.6429576049829191,30,30,30,True
19961085,18189,agentic,avg_ccn,1.7993458528151514,1.8172493431624424,0.017903490347290996,0.9949999506365184,30,30,30,True
19961085,18189,agentic,function_count,20.933333333333334,21.933333333333334,1.0,4.777070063694268,30,30,30,True
19961085,18272,human_candidate,nloc,573.25,595.5,22.25,3.881378107283035,4,4,4,True
19961085,18272,human_candidate,avg_ccn,1.793954081632653,1.8076205510907002,0.013666469458047281,0.7618070940594877,4,4,4,True
19961085,18272,human_candidate,function_count,66.25,68.25,2.0,3.018867924528302,4,4,4,True
19961085,18324,agentic,nloc,260.88461538461536,375.15384615384613,114.26923076923077,43.80067816600325,78,78,78,True
19961085,18324,agentic,avg_ccn,1.5932822644243838,1.9798063604456662,0.38652409602128235,24.259612038104535,78,78,78,True
19961085,18324,agentic,function_count,14.551282051282051,26.064102564102566,11.512820512820515,79.11894273127754,78,78,78,True
20046997,13317,agentic,nloc,555.0,554.0,-1.0,-0.18018018018018017,1,1,1,True
20046997,13317,agentic,avg_ccn,3.6666666666666665,3.7916666666666665,0.125,3.409090909090909,1,1,1,True
20046997,13317,agentic,function_count,24.0,24.0,0.0,0.0,1,1,1,True
20046997,13692,agentic,nloc,186.0,200.66666666666666,14.666666666666657,7.885304659498202,3,3,3,True
20046997,13692,agentic,avg_ccn,7.75,5.166666666666666,-2.583333333333334,-33.333333333333336,3,3,2,True
20046997,13692,agentic,function_count,1.6666666666666667,2.3333333333333335,0.6666666666666667,40.0,3,3,3,True
20128178,250,agentic,nloc,4460.333333333333,5402.666666666667,942.3333333333339,21.126971078394757,3,3,3,True
20128178,250,agentic,avg_ccn,5.215086206896552,5.215086206896552,0.0,0.0,3,3,2,True
20128178,250,agentic,function_count,32.666666666666664,32.666666666666664,0.0,0.0,3,3,3,True
20532052,2041,human_candidate,nloc,204.0,211.0,7.0,3.4313725490196076,1,1,1,True
20532052,2041,human_candidate,avg_ccn,8.833333333333334,9.0,0.16666666666666607,1.8867924528301818,1,1,1,True
20532052,2041,human_candidate,function_count,6.0,6.0,0.0,0.0,1,1,1,True
20532052,2074,agentic,nloc,140.66666666666666,143.0,2.333333333333343,1.6587677725118553,9,9,9,True
20532052,2074,agentic,avg_ccn,3.597548076923077,3.597548076923077,0.0,0.0,9,9,8,True
20532052,2074,agentic,function_count,9.88888888888889,9.88888888888889,0.0,0.0,9,9,9,True
20849145,58,agentic,nloc,449.3333333333333,453.3333333333333,4.0,0.8902077151335311,3,3,3,True
20849145,58,agentic,avg_ccn,2.4001448722836445,2.388340784898162,-0.011804087385482553,-0.49180728720976846,3,3,3,True
20849145,58,agentic,function_count,51.333333333333336,51.666666666666664,0.3333333333333286,0.6493506493506401,3,3,3,True
21134745,779,agentic,nloc,1110.0,1118.0,8.0,0.7207207207207207,1,1,1,True
21134745,779,agentic,avg_ccn,19.75,19.8125,0.0625,0.31645569620253167,1,1,1,True
21134745,779,agentic,function_count,16.0,16.0,0.0,0.0,1,1,1,True
21764480,13695,agentic,nloc,2612.0,2614.0,2.0,0.07656967840735068,1,1,1,True
21764480,13695,agentic,avg_ccn,3.375796178343949,3.388535031847134,0.01273885350318471,0.37735849056603765,1,1,1,True
21764480,13695,agentic,function_count,157.0,157.0,0.0,0.0,1,1,1,True
21764480,14069,agentic,nloc,2098.0,2167.0,69.0,3.28884652049571,1,1,1,True
21764480,14069,agentic,avg_ccn,2.6065573770491803,2.6363636363636362,0.029806259314455907,1.1435105774728367,1,1,1,True
21764480,14069,agentic,function_count,183.0,187.0,4.0,2.185792349726776,1,1,1,True
21764480,14186,agentic,nloc,1690.0,1717.0,27.0,1.5976331360946745,1,1,1,True
21764480,14186,agentic,avg_ccn,2.07103825136612,2.0591397849462365,-0.011898466419883569,-0.5745169801685206,1,1,1,True
21764480,14186,agentic,function_count,183.0,186.0,3.0,1.639344262295082,1,1,1,True
21764480,14205,agentic,nloc,1758.0,1722.0,-36.0,-2.04778156996587,1,1,1,True
21764480,14205,agentic,avg_ccn,2.128342245989305,2.0591397849462365,-0.06920246104306838,-3.2514724158426596,1,1,1,True
21764480,14205,agentic,function_count,187.0,186.0,-1.0,-0.5347593582887701,1,1,1,True
21764480,14257,agentic,nloc,6014.0,6042.333333333333,28.33333333333303,0.4711229353730135,3,3,3,True
21764480,14257,agentic,avg_ccn,3.8355364148047073,3.819525200537859,-0.016011214266848484,-0.41744393835102517,3,3,3,True
21764480,14257,agentic,function_count,342.6666666666667,346.0,3.3333333333333144,0.9727626459143913,3,3,3,True
21764480,14259,agentic,nloc,913.5,967.0,53.5,5.856595511767925,2,2,2,True
21764480,14259,agentic,avg_ccn,1.969890510948905,1.9655344655344655,-0.004356045414439569,-0.2211313466524209,2,2,2,True
21764480,14259,agentic,function_count,92.5,96.0,3.5,3.7837837837837838,2,2,2,True
21764480,17201,human_candidate,nloc,2162.029411764706,2184.3823529411766,22.352941176470722,1.0338870070331585,34,34,34,True
21764480,17201,human_candidate,avg_ccn,4.128474680565174,4.216470666621832,0.08799598605665793,2.131440613427998,34,34,34,True
21764480,17201,human_candidate,function_count,179.52941176470588,180.58823529411765,1.058823529411768,0.5897771952817843,34,34,34,True
21764480,18418,agentic,nloc,2208.5,2228.5,20.0,0.9055920307901291,2,2,2,True
21764480,18418,agentic,avg_ccn,2.3445767195767195,2.3584061681527912,0.013829448576071712,0.5898484131740601,2,2,2,True
21764480,18418,agentic,function_count,193.5,191.0,-2.5,-1.2919896640826873,2,2,2,True
21764480,18420,agentic,nloc,2071.0,2233.0,162.0,7.822308063737325,2,2,2,True
21764480,18420,agentic,avg_ccn,2.1581321513894127,2.2628390161765592,0.10470686478714653,4.851735549175517,2,2,2,True
21764480,18420,agentic,function_count,186.5,189.5,3.0,1.6085790884718498,2,2,2,True
21764480,21089,agentic,nloc,1634.0,1657.8333333333333,23.833333333333258,1.458588331293345,6,6,6,True
21764480,21089,agentic,avg_ccn,2.7538080291806417,2.7539731754622836,0.0001651462816418814,0.005997015038518078,6,6,6,True
21764480,21089,agentic,function_count,115.16666666666667,117.5,2.3333333333333286,2.0260492040520943,6,6,6,True
22332649,240,agentic,nloc,332.1909090909091,332.1363636363636,-0.05454545454546178,-0.016419911879808423,110,110,110,True
22332649,240,agentic,avg_ccn,7.029632596089145,7.029632596089145,0.0,0.0,110,110,110,True
22332649,240,agentic,function_count,10.618181818181819,10.618181818181819,0.0,0.0,110,110,110,True
23022377,946,agentic,nloc,26.0,28.0,2.0,7.6923076923076925,1,1,1,True
23022377,946,agentic,avg_ccn,2.5,2.5,0.0,0.0,1,1,1,True
23022377,946,agentic,function_count,4.0,4.0,0.0,0.0,1,1,1,True
23247808,2634,human_candidate,nloc,260.6666666666667,264.0,3.3333333333333144,1.2787723785166167,3,3,3,True
23247808,2634,human_candidate,avg_ccn,4.483660130718953,4.483660130718953,0.0,0.0,3,3,3,True
23247808,2634,human_candidate,function_count,9.666666666666666,9.666666666666666,0.0,0.0,3,3,3,True
23496542,6529,human_candidate,nloc,630.8,637.6,6.800000000000068,1.077996195307557,5,5,5,True
23496542,6529,human_candidate,avg_ccn,3.588337988826816,3.661254655493482,0.07291666666666607,2.032045668320829,5,5,4,True
23496542,6529,human_candidate,function_count,41.4,41.4,0.0,0.0,5,5,5,True
23496542,6892,human_candidate,nloc,489.25,501.5,12.25,2.503832396525294,4,4,4,True
23496542,6892,human_candidate,avg_ccn,6.371485605038237,6.659902597402597,0.28841699236436025,4.52668357496241,4,4,4,True
23496542,6892,human_candidate,function_count,24.75,25.0,0.25,1.0101010101010102,4,4,4,True
23496542,7073,human_candidate,nloc,355.0,362.0,7.0,1.971830985915493,1,1,1,True
23496542,7073,human_candidate,avg_ccn,8.818181818181818,9.0,0.18181818181818166,2.061855670103091,1,1,1,True
23496542,7073,human_candidate,function_count,11.0,11.0,0.0,0.0,1,1,1,True
23496542,7238,human_candidate,nloc,387.0,411.6666666666667,24.666666666666686,6.373815676141263,3,3,3,True
23496542,7238,human_candidate,avg_ccn,1.8230238726790449,1.8458329044433006,0.02280903176425575,1.2511647327325717,3,3,3,True
23496542,7238,human_candidate,function_count,39.666666666666664,40.333333333333336,0.6666666666666714,1.680672268907575,3,3,3,True
23496542,7261,human_candidate,nloc,1235.0,1234.0,-1.0,-0.08097165991902834,1,1,1,True
23496542,7261,human_candidate,avg_ccn,3.1159420289855073,3.1159420289855073,0.0,0.0,1,1,1,True
23496542,7261,human_candidate,function_count,69.0,69.0,0.0,0.0,1,1,1,True
23496542,7465,human_candidate,nloc,541.0,557.0,16.0,2.957486136783734,1,1,1,True
23496542,7465,human_candidate,avg_ccn,4.666666666666667,4.925925925925926,0.25925925925925863,5.555555555555542,1,1,1,True
23496542,7465,human_candidate,function_count,27.0,27.0,0.0,0.0,1,1,1,True
23496542,7496,human_candidate,nloc,599.0,605.5,6.5,1.0851419031719534,2,2,2,True
23496542,7496,human_candidate,avg_ccn,2.72972972972973,2.7972972972972974,0.06756756756756754,2.4752475247524743,2,2,2,True
23496542,7496,human_candidate,function_count,19.0,19.5,0.5,2.6315789473684212,2,2,2,True
23496542,7509,human_candidate,nloc,730.0,730.0,0.0,0.0,1,1,1,True
23496542,7509,human_candidate,avg_ccn,7.25,7.35,0.09999999999999964,1.3793103448275814,1,1,1,True
23496542,7509,human_candidate,function_count,20.0,20.0,0.0,0.0,1,1,1,True
23496542,7569,human_candidate,nloc,305.0,307.0,2.0,0.6557377049180327,1,1,1,True
23496542,7569,human_candidate,avg_ccn,2.027027027027027,2.027027027027027,0.0,0.0,1,1,1,True
23496542,7569,human_candidate,function_count,37.0,37.0,0.0,0.0,1,1,1,True
23496542,8046,human_candidate,nloc,37.0,51.0,14.0,37.83783783783784,1,1,1,True
23496542,8046,human_candidate,avg_ccn,4.5,6.5,2.0,44.44444444444444,1,1,1,True
23496542,8046,human_candidate,function_count,2.0,2.0,0.0,0.0,1,1,1,True
23496542,8151,human_candidate,nloc,333.0,333.0,0.0,0.0,1,1,1,True
23496542,8151,human_candidate,avg_ccn,3.4166666666666665,3.4166666666666665,0.0,0.0,1,1,1,True
23496542,8151,human_candidate,function_count,24.0,24.0,0.0,0.0,1,1,1,True
23496542,8444,human_candidate,nloc,1848.0,1869.0,21.0,1.1363636363636365,1,1,1,True
23496542,8444,human_candidate,avg_ccn,2.6052631578947367,2.6,-0.005263157894736636,-0.20202020202019413,1,1,1,True
23496542,8444,human_candidate,function_count,114.0,115.0,1.0,0.8771929824561403,1,1,1,True
23496542,8559,human_candidate,nloc,493.3333333333333,244.66666666666666,-248.66666666666666,-50.4054054054054,6,6,6,True
23496542,8559,human_candidate,avg_ccn,3.4333333333333336,3.54,0.10666666666666647,3.106796116504848,6,6,5,True
23496542,8559,human_candidate,function_count,18.833333333333332,11.333333333333334,-7.499999999999998,-39.82300884955751,6,6,6,True
23496542,8699,human_candidate,nloc,135.0,136.0,1.0,0.7407407407407407,1,1,1,True
23496542,8699,human_candidate,avg_ccn,6.0,6.0,0.0,0.0,1,1,1,True
23496542,8699,human_candidate,function_count,2.0,2.0,0.0,0.0,1,1,1,True
23496542,9021,human_candidate,nloc,453.0,468.0,15.0,3.3112582781456954,1,1,1,True
23496542,9021,human_candidate,avg_ccn,8.090909090909092,8.636363636363637,0.545454545454545,6.7415730337078585,1,1,1,True
23496542,9021,human_candidate,function_count,11.0,11.0,0.0,0.0,1,1,1,True
23496542,9138,human_candidate,nloc,394.5,410.5,16.0,4.055766793409379,2,2,2,True
23496542,9138,human_candidate,avg_ccn,2.1018062397372743,2.13015873015873,0.028352490421455823,1.3489583333333277,2,2,2,True
23496542,9138,human_candidate,function_count,47.0,48.5,1.5,3.1914893617021276,2,2,2,True
23496542,9849,human_candidate,nloc,1196.0,1199.0,3.0,0.2508361204013378,1,1,1,True
23496542,9849,human_candidate,avg_ccn,4.064516129032258,4.064516129032258,0.0,0.0,1,1,1,True
23496542,9849,human_candidate,function_count,31.0,31.0,0.0,0.0,1,1,1,True
23496542,10124,agentic,nloc,1192.0,1317.0,125.0,10.486577181208053,1,1,1,True
23496542,10124,agentic,avg_ccn,2.588235294117647,2.6491228070175437,0.06088751289989647,2.3524720893141815,1,1,1,True
23496542,10124,agentic,function_count,51.0,57.0,6.0,11.764705882352942,1,1,1,True
23496542,10150,agentic,nloc,186.0,284.0,98.0,52.68817204301075,1,1,1,True
23496542,10150,agentic,avg_ccn,4.5,4.666666666666667,0.16666666666666696,3.7037037037037104,1,1,1,True
23496542,10150,agentic,function_count,10.0,12.0,2.0,20.0,1,1,1,True
23496542,10248,human_candidate,nloc,662.625,692.125,29.5,4.451990190530089,8,8,8,True
23496542,10248,human_candidate,avg_ccn,4.9297308205578885,4.669449435276503,-0.26028138528138545,-5.27982956383671,8,8,7,True
23496542,10248,human_candidate,function_count,24.25,26.375,2.125,8.762886597938145,8,8,8,True
23496542,10414,human_candidate,nloc,702.0,703.5,1.5,0.21367521367521367,2,2,2,True
23496542,10414,human_candidate,avg_ccn,3.809375,3.836928608115049,0.0275536081150487,0.7233104673351586,2,2,2,True
23496542,10414,human_candidate,function_count,46.0,46.0,0.0,0.0,2,2,2,True
25501620,397,agentic,nloc,199.0,204.0,5.0,2.512562814070352,2,2,2,True
25501620,397,agentic,avg_ccn,4.492647058823529,4.4338235294117645,-0.0588235294117645,-1.3093289689034324,2,2,2,True
25501620,397,agentic,function_count,10.5,10.5,0.0,0.0,2,2,2,True
25780780,2279,agentic,nloc,275.5,315.5,40.0,14.519056261343012,2,2,2,True
25780780,2279,agentic,avg_ccn,6.838235294117647,7.02156862745098,0.18333333333333357,2.681003584229394,2,2,2,True
25780780,2279,agentic,function_count,11.5,16.0,4.5,39.130434782608695,2,2,2,True
25780780,2281,agentic,nloc,532.3333333333334,543.3333333333334,11.0,2.066374452097683,3,3,3,True
25780780,2281,agentic,avg_ccn,6.669775910364145,6.618347338935574,-0.0514285714285716,-0.771068955235166,3,3,3,True
25780780,2281,agentic,function_count,23.333333333333332,24.333333333333332,1.0,4.285714285714286,3,3,3,True
26328526,1207,agentic,nloc,163.5,148.0,-15.5,-9.480122324159021,2,2,2,True
26328526,1207,agentic,avg_ccn,1.8666666666666667,1.8666666666666667,0.0,0.0,2,2,1,True
26328526,1207,agentic,function_count,8.5,7.5,-1.0,-11.764705882352942,2,2,2,True
26785339,5636,agentic,nloc,259.0,295.0,36.0,13.8996138996139,1,1,1,True
26785339,5636,agentic,avg_ccn,3.7777777777777777,3.6666666666666665,-0.11111111111111116,-2.941176470588237,1,1,1,True
26785339,5636,agentic,function_count,18.0,21.0,3.0,16.666666666666668,1,1,1,True
26884725,18821,agentic,nloc,169.29032258064515,174.1290322580645,4.838709677419359,2.858231707317076,31,31,31,True
26884725,18821,agentic,avg_ccn,3.459667632356585,3.926392102293689,0.46672446993710404,13.49044242204244,31,31,31,True
26884725,18821,agentic,function_count,6.225806451612903,6.225806451612903,0.0,0.0,31,31,31,True
27085821,4952,human_candidate,nloc,446.1666666666667,451.0,4.833333333333314,1.083302203959652,6,6,6,True
27085821,4952,human_candidate,avg_ccn,4.2226406926406925,4.145302089215132,-0.07733860342556031,-1.8315222405815315,6,6,5,True
27085821,4952,human_candidate,function_count,18.0,18.166666666666668,0.16666666666666785,0.9259259259259325,6,6,6,True
27085821,4957,human_candidate,nloc,783.5,784.75,1.25,0.1595405232929164,4,4,4,True
27085821,4957,human_candidate,avg_ccn,2.1164627930682975,2.132645259938838,0.01618246687054059,0.7645996387718397,4,4,4,True
27085821,4957,human_candidate,function_count,33.0,33.0,0.0,0.0,4,4,4,True
27085821,5284,human_candidate,nloc,2477.0,2504.0,27.0,1.0900282599919258,1,1,1,True
27085821,5284,human_candidate,avg_ccn,2.7666666666666666,2.7916666666666665,0.02499999999999991,0.9036144578313221,1,1,1,True
27085821,5284,human_candidate,function_count,120.0,120.0,0.0,0.0,1,1,1,True
27185284,6402,human_candidate,nloc,932.0,964.0,32.0,3.4334763948497855,1,1,1,True
27185284,6402,human_candidate,avg_ccn,4.5,4.653846153846154,0.1538461538461542,3.418803418803426,1,1,1,True
27185284,6402,human_candidate,function_count,52.0,52.0,0.0,0.0,1,1,1,True
27185284,7259,human_candidate,nloc,194.5,198.5,4.0,2.056555269922879,2,2,2,True
27185284,7259,human_candidate,avg_ccn,1.8863636363636365,1.891304347826087,0.004940711462450453,0.2619172341539999,2,2,2,True
27185284,7259,human_candidate,function_count,15.5,16.0,0.5,3.225806451612903,2,2,2,True
28232663,9731,agentic,nloc,308.42857142857144,313.57142857142856,5.14285714285711,1.6674386289948944,7,7,7,True
28232663,9731,agentic,avg_ccn,4.833333333333333,4.853888888888889,0.020555555555556104,0.42528735632185044,7,7,6,True
28232663,9731,agentic,function_count,9.857142857142858,10.0,0.14285714285714235,1.4492753623188352,7,7,7,True
28232663,9892,agentic,nloc,245.8139534883721,247.37209302325581,1.5581395348837077,0.6338694418164563,43,43,43,True
28232663,9892,agentic,avg_ccn,2.6071701640491964,2.6071701640491964,0.0,0.0,43,43,43,True
28232663,9892,agentic,function_count,14.604651162790697,14.604651162790697,0.0,0.0,43,43,43,True
28232663,10060,human_candidate,nloc,54.333333333333336,54.666666666666664,0.3333333333333286,0.6134969325153287,3,3,3,True
28232663,10060,human_candidate,avg_ccn,1.588235294117647,1.588235294117647,0.0,0.0,3,3,1,True
28232663,10060,human_candidate,function_count,5.666666666666667,5.666666666666667,0.0,0.0,3,3,3,True
28232663,10062,human_candidate,nloc,587.0,586.0,-1.0,-0.17035775127768313,1,1,1,True
28232663,10062,human_candidate,avg_ccn,3.44,3.44,0.0,0.0,1,1,1,True
28232663,10062,human_candidate,function_count,25.0,25.0,0.0,0.0,1,1,1,True
28232663,10071,human_candidate,nloc,658.5,701.0,42.5,6.454062262718299,4,4,4,True
28232663,10071,human_candidate,avg_ccn,2.4703125,2.3914473684210527,-0.07886513157894726,-3.192516395352704,4,4,4,True
28232663,10071,human_candidate,function_count,29.75,32.75,3.0,10.084033613445378,4,4,4,True
28232663,10116,human_candidate,nloc,2236.0,2237.0,1.0,0.044722719141323794,1,1,1,True
28232663,10116,human_candidate,avg_ccn,4.28125,4.315789473684211,0.03453947368421062,0.8067614291202481,1,1,1,True
28232663,10116,human_candidate,function_count,96.0,95.0,-1.0,-1.0416666666666667,1,1,1,True
28606501,892,agentic,nloc,156.5,156.5,0.0,0.0,2,2,2,True
28606501,892,agentic,avg_ccn,2.9545454545454546,2.909090909090909,-0.045454545454545414,-1.538461538461537,2,2,1,True
28606501,892,agentic,function_count,11.0,11.0,0.0,0.0,2,2,2,True
28606501,893,agentic,nloc,103.0,111.5,8.5,8.25242718446602,2,2,2,True
28606501,893,agentic,avg_ccn,4.076923076923077,4.1923076923076925,0.11538461538461586,2.830188679245295,2,2,2,True
28606501,893,agentic,function_count,8.0,8.5,0.5,6.25,2,2,2,True
28829926,2600,agentic,nloc,939.5,957.5,18.0,1.9159127195316659,2,2,2,True
28829926,2600,agentic,avg_ccn,2.0055555555555555,2.0277777777777777,0.022222222222222143,1.108033240997226,2,2,2,True
28829926,2600,agentic,function_count,46.0,46.0,0.0,0.0,2,2,2,True
29078997,78866,human_candidate,nloc,19.0,46.0,27.0,142.10526315789474,1,1,1,True
29078997,78866,human_candidate,avg_ccn,1.0,1.25,0.25,25.0,1,1,1,True
29078997,78866,human_candidate,function_count,2.0,4.0,2.0,100.0,1,1,1,True
29078997,78885,human_candidate,nloc,120.0,116.0,-4.0,-3.3333333333333335,1,1,1,True
29078997,78885,human_candidate,avg_ccn,3.75,3.4444444444444446,-0.30555555555555536,-8.148148148148143,1,1,1,True
29078997,78885,human_candidate,function_count,8.0,9.0,1.0,12.5,1,1,1,True
29078997,79626,human_candidate,nloc,215.0,215.0,0.0,0.0,1,1,1,True
29078997,79626,human_candidate,avg_ccn,5.0,5.0,0.0,0.0,1,1,1,True
29078997,79626,human_candidate,function_count,9.0,9.0,0.0,0.0,1,1,1,True
29078997,79810,human_candidate,nloc,652.0,654.0,2.0,0.3067484662576687,1,1,1,True
29078997,79810,human_candidate,avg_ccn,3.78125,3.78125,0.0,0.0,1,1,1,True
29078997,79810,human_candidate,function_count,32.0,32.0,0.0,0.0,1,1,1,True
29078997,80635,agentic,nloc,101.0,132.5,31.5,31.18811881188119,2,2,2,True
29078997,80635,agentic,avg_ccn,2.0,2.375,0.375,18.75,2,2,2,True
29078997,80635,agentic,function_count,5.0,6.0,1.0,20.0,2,2,2,True
29078997,80734,agentic,nloc,1914.5,2054.0,139.5,7.286497780099243,2,2,2,True
29078997,80734,agentic,avg_ccn,3.511574074074074,4.440573770491803,0.9289996964177294,26.455363800425783,2,2,2,True
29078997,80734,agentic,function_count,35.0,38.5,3.5,10.0,2,2,2,True
29078997,80744,agentic,nloc,187.5,216.5,29.0,15.466666666666667,2,2,2,True
29078997,80744,agentic,avg_ccn,2.9431818181818183,3.3737373737373737,0.43055555555555536,14.628914628914622,2,2,2,True
29078997,80744,agentic,function_count,9.5,10.0,0.5,5.2631578947368425,2,2,2,True
29078997,80999,agentic,nloc,22066.5,22119.0,52.5,0.23791720481272516,2,2,2,True
29078997,80999,agentic,avg_ccn,4.29979987684729,4.406812240504382,0.1070123636570921,2.4887754482089055,2,2,2,True
29078997,80999,agentic,function_count,478.0,478.5,0.5,0.10460251046025104,2,2,2,True
29078997,81309,human_candidate,nloc,78.4,79.2,0.7999999999999972,1.0204081632653024,5,5,5,True
29078997,81309,human_candidate,avg_ccn,8.277777777777779,8.277777777777779,0.0,0.0,5,5,3,True
29078997,81309,human_candidate,function_count,1.8,1.8,0.0,0.0,5,5,5,True
29078997,81948,human_candidate,nloc,76.0,76.0,0.0,0.0,1,1,1,True
29078997,81948,human_candidate,avg_ccn,2.0,2.0,0.0,0.0,1,1,1,True
29078997,81948,human_candidate,function_count,10.0,10.0,0.0,0.0,1,1,1,True
29078997,82165,human_candidate,nloc,3376.560975609756,3374.9268292682927,-1.6341463414632926,-0.04839676680703776,41,41,41,True
29078997,82165,human_candidate,avg_ccn,2.3368532843050813,2.3342104025184733,-0.0026428817866079868,-0.11309575163996273,41,41,38,True
29078997,82165,human_candidate,function_count,91.60975609756098,91.53658536585365,-0.07317073170732158,-0.07987220447284837,41,41,41,True
29078997,82447,human_candidate,nloc,78.0,85.0,7.0,8.974358974358974,1,1,1,True
29078997,82447,human_candidate,avg_ccn,2.0,2.0,0.0,0.0,1,1,1,True
29078997,82447,human_candidate,function_count,2.0,2.0,0.0,0.0,1,1,1,True
29078997,82819,human_candidate,nloc,198.0,242.0,44.0,22.22222222222222,1,1,1,True
29078997,82819,human_candidate,avg_ccn,2.888888888888889,3.3333333333333335,0.44444444444444464,15.384615384615392,1,1,1,True
29078997,82819,human_candidate,function_count,9.0,9.0,0.0,0.0,1,1,1,True
29078997,82883,human_candidate,nloc,196.0,196.66666666666666,0.6666666666666572,0.34013605442176387,3,3,3,True
29078997,82883,human_candidate,avg_ccn,2.0655270655270654,2.0655270655270654,0.0,0.0,3,3,3,True
29078997,82883,human_candidate,function_count,12.333333333333334,12.333333333333334,0.0,0.0,3,3,3,True
29078997,82948,agentic,nloc,171.28571428571428,170.57142857142858,-0.714285714285694,-0.4170141784820566,7,7,7,True
29078997,82948,agentic,avg_ccn,2.348551694610808,2.2056945517536652,-0.1428571428571428,-6.082776171585036,7,7,7,True
29078997,82948,agentic,function_count,11.428571428571429,11.428571428571429,0.0,0.0,7,7,7,True
29078997,83470,agentic,nloc,627.6666666666666,679.0,51.33333333333337,8.178438661710045,3,3,3,True
29078997,83470,agentic,avg_ccn,3.2969807969807974,3.2894586894586895,-0.0075221075221079126,-0.22815139017480068,3,3,3,True
29078997,83470,agentic,function_count,22.0,23.666666666666668,1.6666666666666679,7.5757575757575815,3,3,3,True
29078997,83708,human_candidate,nloc,257.0,303.0,46.0,17.898832684824903,1,1,1,True
29078997,83708,human_candidate,avg_ccn,6.888888888888889,4.6875,-2.2013888888888893,-31.955645161290324,1,1,1,True
29078997,83708,human_candidate,function_count,9.0,16.0,7.0,77.77777777777777,1,1,1,True
30932325,7000,agentic,nloc,323.75,319.75,-4.0,-1.2355212355212355,4,4,4,True
30932325,7000,agentic,avg_ccn,9.408008658008658,9.055059523809524,-0.3529491341991342,-3.7515817324283907,4,4,4,True
30932325,7000,agentic,function_count,8.0,8.25,0.25,3.125,4,4,4,True
30932325,7027,agentic,nloc,87.0,85.0,-2.0,-2.2988505747126435,1,1,1,True
30932325,7027,agentic,avg_ccn,2.6,3.5,0.8999999999999999,34.615384615384606,1,1,1,True
30932325,7027,agentic,function_count,5.0,4.0,-1.0,-20.0,1,1,1,True
30932325,7279,agentic,nloc,60.6,72.6,11.999999999999993,19.80198019801979,5,5,5,True
30932325,7279,agentic,avg_ccn,1.55,1.975,0.42500000000000004,27.41935483870968,5,5,4,True
30932325,7279,agentic,function_count,3.0,3.4,0.3999999999999999,13.33333333333333,5,5,5,True
31261793,813,agentic,nloc,95.0,97.0,2.0,2.1052631578947367,1,1,1,True
31261793,813,agentic,avg_ccn,1.8888888888888888,1.8888888888888888,0.0,0.0,1,1,1,True
31261793,813,agentic,function_count,9.0,9.0,0.0,0.0,1,1,1,True
31261793,814,agentic,nloc,139.0,139.0,0.0,0.0,2,2,2,True
31261793,814,agentic,avg_ccn,1.5353535353535355,1.5353535353535355,0.0,0.0,2,2,2,True
31261793,814,agentic,function_count,15.5,15.5,0.0,0.0,2,2,2,True
31625029,5390,human_candidate,nloc,1740.0,1732.0,-8.0,-0.45977011494252873,1,1,1,True
31625029,5390,human_candidate,avg_ccn,3.506172839506173,3.493827160493827,-0.012345679012345734,-0.3521126760563396,1,1,1,True
31625029,5390,human_candidate,function_count,81.0,81.0,0.0,0.0,1,1,1,True
32051890,11502,human_candidate,nloc,329.5,345.6,16.100000000000023,4.8861911987860465,10,10,10,True
32051890,11502,human_candidate,avg_ccn,2.7311631132319745,2.724414369101276,-0.00674874413069837,-0.2471014674298275,10,10,9,True
32051890,11502,human_candidate,function_count,22.3,22.8,0.5,2.242152466367713,10,10,10,True
32051890,11918,human_candidate,nloc,441.5,442.5,1.0,0.22650056625141562,2,2,2,True
32051890,11918,human_candidate,avg_ccn,3.382608695652174,3.504658385093168,0.12204968944099415,3.608152772677205,2,2,2,True
32051890,11918,human_candidate,function_count,19.0,18.5,-0.5,-2.6315789473684212,2,2,2,True
32051890,11953,agentic,nloc,567.5,566.8333333333334,-0.6666666666666288,-0.11747430249632225,6,6,6,True
32051890,11953,agentic,avg_ccn,2.589223544486702,2.5764030316661892,-0.012820512820512775,-0.49514893558772904,6,6,6,True
32051890,11953,agentic,function_count,31.666666666666668,31.666666666666668,0.0,0.0,6,6,6,True
32051890,11959,human_candidate,nloc,1104.0,1103.0,-1.0,-0.09057971014492754,1,1,1,True
32051890,11959,human_candidate,avg_ccn,5.9375,5.9375,0.0,0.0,1,1,1,True
32051890,11959,human_candidate,function_count,32.0,32.0,0.0,0.0,1,1,1,True
32051890,12025,agentic,nloc,2386.5,2401.5,15.0,0.6285355122564424,2,2,2,True
32051890,12025,agentic,avg_ccn,23.9247311827957,24.7372311827957,0.8125,3.3960674157303368,2,2,2,True
32051890,12025,agentic,function_count,50.5,50.5,0.0,0.0,2,2,2,True
32051890,12030,agentic,nloc,2386.5,2406.0,19.5,0.8170961659333752,2,2,2,True
32051890,12030,agentic,avg_ccn,23.9247311827957,24.597074468085108,0.6723432852894078,2.8102438441310076,2,2,2,True
32051890,12030,agentic,function_count,50.5,51.0,0.5,0.9900990099009901,2,2,2,True
32051890,12052,human_candidate,nloc,316.0,314.25,-1.75,-0.5537974683544303,4,4,4,True
32051890,12052,human_candidate,avg_ccn,2.136842105263158,2.1601798614182512,0.02333775615509337,1.0921610023319557,4,4,3,True
32051890,12052,human_candidate,function_count,19.0,19.0,0.0,0.0,4,4,4,True
32051890,12065,human_candidate,nloc,733.0,733.0,0.0,0.0,1,1,1,True
32051890,12065,human_candidate,avg_ccn,6.681818181818182,6.681818181818182,0.0,0.0,1,1,1,True
32051890,12065,human_candidate,function_count,22.0,22.0,0.0,0.0,1,1,1,True
32051890,12127,human_candidate,nloc,103.0,100.0,-3.0,-2.912621359223301,2,2,2,True
32051890,12127,human_candidate,avg_ccn,4.041666666666667,3.5,-0.541666666666667,-13.40206185567011,2,2,2,True
32051890,12127,human_candidate,function_count,5.0,5.0,0.0,0.0,2,2,2,True
32051890,12151,human_candidate,nloc,286.0,294.0,8.0,2.797202797202797,1,1,1,True
32051890,12151,human_candidate,avg_ccn,3.0833333333333335,3.4545454545454546,0.3712121212121211,12.039312039312035,1,1,1,True
32051890,12151,human_candidate,function_count,12.0,11.0,-1.0,-8.333333333333334,1,1,1,True
32051890,12260,agentic,nloc,786.5454545454545,786.5454545454545,0.0,0.0,22,22,22,True
32051890,12260,agentic,avg_ccn,2.9287332664000925,2.9287332664000925,0.0,0.0,22,22,22,True
32051890,12260,agentic,function_count,35.40909090909091,35.40909090909091,0.0,0.0,22,22,22,True
32051890,12284,human_candidate,nloc,1223.0,1230.0,7.0,0.5723630417007359,1,1,1,True
32051890,12284,human_candidate,avg_ccn,3.7735849056603774,3.7735849056603774,0.0,0.0,1,1,1,True
32051890,12284,human_candidate,function_count,53.0,53.0,0.0,0.0,1,1,1,True
32051890,12288,agentic,nloc,651.1764705882352,647.4117647058823,-3.764705882352928,-0.5781391147244785,17,17,17,True
32051890,12288,agentic,avg_ccn,3.121722492628926,2.999955119317872,-0.12176737331105425,-3.900646953679381,17,17,15,True
32051890,12288,agentic,function_count,38.35294117647059,38.8235294117647,0.470588235294116,1.2269938650306704,17,17,17,True
32051890,12367,human_candidate,nloc,543.3529411764706,543.2941176470588,-0.05882352941182489,-0.0108260257659524,17,17,17,True
32051890,12367,human_candidate,avg_ccn,3.2229804996243954,3.2229804996243954,0.0,0.0,17,17,17,True
32051890,12367,human_candidate,function_count,26.764705882352942,26.764705882352942,0.0,0.0,17,17,17,True
32051890,12401,agentic,nloc,2406.0,2417.0,11.0,0.457190357439734,2,2,2,True
32051890,12401,agentic,avg_ccn,24.597074468085108,24.722074468085108,0.125,0.5081905173811969,2,2,2,True
32051890,12401,agentic,function_count,51.0,51.0,0.0,0.0,2,2,2,True
32051890,12591,agentic,nloc,2406.0,2420.5,14.5,0.6026600166251039,2,2,2,True
32051890,12591,agentic,avg_ccn,24.597074468085108,24.692708333333332,0.09563386524822448,0.3888017876772709,2,2,2,True
32051890,12591,agentic,function_count,51.0,52.0,1.0,1.9607843137254901,2,2,2,True
32051890,12690,agentic,nloc,2406.0,2432.5,26.5,1.1014131338320865,2,2,2,True
32051890,12690,agentic,avg_ccn,24.597074468085108,25.3659793814433,0.7689049133581918,3.126001485891551,2,2,2,True
32051890,12690,agentic,function_count,51.0,52.5,1.5,2.9411764705882355,2,2,2,True
32051890,12773,agentic,nloc,1987.0,2031.0,44.0,2.214393558127831,2,2,2,True
32051890,12773,agentic,avg_ccn,2.7476190476190476,2.701388888888889,-0.04623015873015879,-1.6825534373194706,2,2,2,True
32051890,12773,agentic,function_count,77.5,80.0,2.5,3.225806451612903,2,2,2,True
32051890,12774,agentic,nloc,690.5,705.5,15.0,2.172338884866039,2,2,2,True
32051890,12774,agentic,avg_ccn,6.1645021645021645,6.242424242424242,0.07792207792207773,1.2640449438202215,2,2,2,True
32051890,12774,agentic,function_count,20.0,21.0,1.0,5.0,2,2,2,True
32051890,13018,agentic,nloc,535.5,522.5,-13.0,-2.4276377217553686,2,2,2,True
32051890,13018,agentic,avg_ccn,2.013157894736842,2.156578947368421,0.14342105263157912,7.124183006535956,2,2,2,True
32051890,13018,agentic,function_count,42.0,40.5,-1.5,-3.5714285714285716,2,2,2,True
32051890,13686,agentic,nloc,671.0,667.0,-4.0,-0.5961251862891207,2,2,2,True
32051890,13686,agentic,avg_ccn,4.08287795992714,4.01912568306011,-0.06375227686703067,-1.5614543832255112,2,2,2,True
32051890,13686,agentic,function_count,35.0,35.0,0.0,0.0,2,2,2,True
32051890,13825,human_candidate,nloc,112.33333333333333,132.66666666666666,20.33333333333333,18.10089020771513,3,3,3,True
32051890,13825,human_candidate,avg_ccn,2.0,3.0,1.0,50.0,3,3,3,True
32051890,13825,human_candidate,function_count,10.333333333333334,12.0,1.666666666666666,16.12903225806451,3,3,3,True
32148604,11207,human_candidate,nloc,2782.5,2789.0,6.5,0.23360287511230907,2,2,2,True
32148604,11207,human_candidate,avg_ccn,6.896551724137931,6.896551724137931,0.0,0.0,2,2,1,True
32148604,11207,human_candidate,function_count,14.5,14.5,0.0,0.0,2,2,2,True
32944298,7710,agentic,nloc,1742.0,1744.5,2.5,0.14351320321469574,2,2,2,True
32944298,7710,agentic,avg_ccn,3.8043859649122806,3.8124269005847955,0.008040935672514848,0.21135961878411177,2,2,2,True
32944298,7710,agentic,function_count,137.5,137.5,0.0,0.0,2,2,2,True
32944298,7863,agentic,nloc,213.5,244.5,31.0,14.519906323185012,2,2,2,True
32944298,7863,agentic,avg_ccn,2.81125,2.8526785714285716,0.041428571428571814,1.4736708378327015,2,2,2,True
32944298,7863,agentic,function_count,20.5,22.0,1.5,7.317073170731708,2,2,2,True
32944298,8189,agentic,nloc,191.0,190.63888888888889,-0.36111111111111427,-0.18906340895869858,36,36,36,True
32944298,8189,agentic,avg_ccn,1.9111071580622174,1.9612178694144782,0.05011071135226075,2.6220775292930676,36,36,35,True
32944298,8189,agentic,function_count,23.333333333333332,22.444444444444443,-0.8888888888888893,-3.8095238095238115,36,36,36,True
32944298,8416,agentic,nloc,277.0,284.5,7.5,2.707581227436823,2,2,2,True
32944298,8416,agentic,avg_ccn,1.5365853658536586,1.5728803716608595,0.03629500580720091,2.3620559334845037,2,2,2,True
32944298,8416,agentic,function_count,41.5,41.5,0.0,0.0,2,2,2,True
32944298,8445,agentic,nloc,208.33333333333334,208.0,-0.3333333333333428,-0.16000000000000453,3,3,3,True
32944298,8445,agentic,avg_ccn,1.5980595980595982,1.5980595980595982,0.0,0.0,3,3,3,True
32944298,8445,agentic,function_count,25.0,25.0,0.0,0.0,3,3,3,True
32944298,8518,agentic,nloc,2332.5,2329.5,-3.0,-0.12861736334405144,2,2,2,True
32944298,8518,agentic,avg_ccn,2.4571994725554975,2.453084246218049,-0.00411522633744843,-0.1674762827931335,2,2,2,True
32944298,8518,agentic,function_count,405.5,405.5,0.0,0.0,2,2,2,True
32944298,8589,agentic,nloc,872.9090909090909,872.9090909090909,0.0,0.0,11,11,11,True
32944298,8589,agentic,avg_ccn,2.6283196130169326,2.6283196130169326,0.0,0.0,11,11,11,True
32944298,8589,agentic,function_count,80.9090909090909,80.9090909090909,0.0,0.0,11,11,11,True
32944298,8591,agentic,nloc,666.1111111111111,665.8888888888889,-0.2222222222221717,-0.033361134278557886,9,9,9,True
32944298,8591,agentic,avg_ccn,3.724068138651472,3.724068138651472,0.0,0.0,9,9,9,True
32944298,8591,agentic,function_count,40.666666666666664,40.666666666666664,0.0,0.0,9,9,9,True
32944298,8877,agentic,nloc,2097.0,2121.0,24.0,1.1444921316165952,1,1,1,True
32944298,8877,agentic,avg_ccn,5.383720930232558,5.534883720930233,0.1511627906976747,2.8077753779697674,1,1,1,True
32944298,8877,agentic,function_count,86.0,86.0,0.0,0.0,1,1,1,True
32944298,8943,agentic,nloc,1437.0,1427.0,-10.0,-0.6958942240779401,2,2,2,True
32944298,8943,agentic,avg_ccn,5.554076086956521,5.516032608695652,-0.03804347826086918,-0.6849650178580097,2,2,2,True
32944298,8943,agentic,function_count,86.0,86.0,0.0,0.0,2,2,2,True
32944298,9029,agentic,nloc,3010.0,3015.0,5.0,0.16611295681063123,1,1,1,True
32944298,9029,agentic,avg_ccn,5.8076923076923075,5.814102564102564,0.0064102564102563875,0.11037527593818945,1,1,1,True
32944298,9029,agentic,function_count,156.0,156.0,0.0,0.0,1,1,1,True
32944298,9194,agentic,nloc,269.0,270.0,1.0,0.37174721189591076,1,1,1,True
32944298,9194,agentic,avg_ccn,7.777777777777778,7.888888888888889,0.1111111111111116,1.428571428571435,1,1,1,True
32944298,9194,agentic,function_count,9.0,9.0,0.0,0.0,1,1,1,True
32944298,9195,agentic,nloc,1059.0,1060.0,1.0,0.09442870632672333,1,1,1,True
32944298,9195,agentic,avg_ccn,7.951219512195122,7.951219512195122,0.0,0.0,1,1,1,True
32944298,9195,agentic,function_count,41.0,41.0,0.0,0.0,1,1,1,True
32944298,9215,agentic,nloc,84.0,84.0,0.0,0.0,1,1,1,True
32944298,9215,agentic,avg_ccn,2.375,2.375,0.0,0.0,1,1,1,True
32944298,9215,agentic,function_count,8.0,8.0,0.0,0.0,1,1,1,True
34526884,54455,human_candidate,nloc,241.0,201.66666666666666,-39.33333333333334,-16.320885200553256,3,3,3,True
34526884,54455,human_candidate,avg_ccn,1.0,1.0,0.0,0.0,3,3,3,True
34526884,54455,human_candidate,function_count,1.0,1.0,0.0,0.0,3,3,3,True
34526884,55611,agentic,nloc,382.3333333333333,392.6666666666667,10.333333333333371,2.702702702702713,3,3,3,True
34526884,55611,agentic,avg_ccn,1.9746498599439775,2.142081736909323,0.16743187696534556,8.479066611338162,3,3,3,True
34526884,55611,agentic,function_count,40.0,38.333333333333336,-1.6666666666666643,-4.166666666666661,3,3,3,True
34526884,56516,human_candidate,nloc,224.16666666666666,224.16666666666666,0.0,0.0,6,6,6,True
34526884,56516,human_candidate,avg_ccn,2.2093149540517962,2.2093149540517962,0.0,0.0,6,6,6,True
34526884,56516,human_candidate,function_count,23.5,23.5,0.0,0.0,6,6,6,True
35030133,5480,human_candidate,nloc,105.0,112.5,7.5,7.142857142857143,4,4,4,True
35030133,5480,human_candidate,avg_ccn,1.2222222222222223,1.2222222222222223,0.0,0.0,4,4,4,True
35030133,5480,human_candidate,function_count,9.0,9.0,0.0,0.0,4,4,4,True
35030133,5525,agentic,nloc,1047.5,1061.5,14.0,1.3365155131264916,2,2,2,True
35030133,5525,agentic,avg_ccn,2.1215994755817764,2.134990253411306,0.013390777829529465,0.631164269394321,2,2,2,True
35030133,5525,agentic,function_count,83.5,84.0,0.5,0.5988023952095808,2,2,2,True
36385798,9894,human_candidate,nloc,1502.6666666666667,1512.5,9.833333333333258,0.6543921916592673,6,6,6,True
36385798,9894,human_candidate,avg_ccn,3.883011661023709,3.8757745388440576,-0.007237122179651223,-0.1863790998181871,6,6,6,True
36385798,9894,human_candidate,function_count,62.333333333333336,62.666666666666664,0.3333333333333286,0.5347593582887624,6,6,6,True
36385798,10120,human_candidate,nloc,372.0,386.25,14.25,3.8306451612903225,4,4,4,True
36385798,10120,human_candidate,avg_ccn,2.5444182389937104,2.5033018867924532,-0.0411163522012572,-1.6159431484628197,4,4,4,True
36385798,10120,human_candidate,function_count,20.75,22.5,1.75,8.433734939759036,4,4,4,True
36385798,10157,human_candidate,nloc,938.2,943.6,5.399999999999977,0.5755702408868021,5,5,5,True
36385798,10157,human_candidate,avg_ccn,2.5955555555555554,2.593005921281783,-0.0025496342737723054,-0.09823077253403574,5,5,5,True
36385798,10157,human_candidate,function_count,44.8,46.2,1.4000000000000057,3.125000000000013,5,5,5,True
36438823,271,agentic,nloc,180.0,211.0,31.0,17.22222222222222,1,1,1,True
36438823,271,agentic,avg_ccn,8.11111111111111,8.181818181818182,0.07070707070707094,0.871731008717313,1,1,1,True
36438823,271,agentic,function_count,9.0,11.0,2.0,22.22222222222222,1,1,1,True
36759907,1641,human_candidate,nloc,323.5,355.0,31.5,9.737248840803709,2,2,2,True
36759907,1641,human_candidate,avg_ccn,2.162931034482759,2.265456989247312,0.10252595476455317,4.740139797803176,2,2,2,True
36759907,1641,human_candidate,function_count,24.5,27.5,3.0,12.244897959183673,2,2,2,True
37448451,33607,human_candidate,nloc,322.3333333333333,356.0,33.666666666666686,10.444674250258538,3,3,3,True
37448451,33607,human_candidate,avg_ccn,2.160617059891107,2.1403508771929824,-0.020266182698124524,-0.937981240375188,3,3,3,True
37448451,33607,human_candidate,function_count,28.333333333333332,31.666666666666668,3.3333333333333357,11.764705882352951,3,3,3,True
39321023,13460,agentic,nloc,696.0,692.0,-4.0,-0.5747126436781609,1,1,1,True
39321023,13460,agentic,avg_ccn,4.6415094339622645,4.574074074074074,-0.06743535988819005,-1.4528756398675091,1,1,1,True
39321023,13460,agentic,function_count,53.0,54.0,1.0,1.8867924528301887,1,1,1,True
39321023,13468,agentic,nloc,2173.6666666666665,2187.0,13.333333333333485,0.6134028523232703,3,3,3,True
39321023,13468,agentic,avg_ccn,2.697100455541369,2.6825311942959,-0.01456926124546909,-0.5401823730938754,3,3,3,True
39321023,13468,agentic,function_count,158.0,159.66666666666666,1.6666666666666572,1.0548523206750995,3,3,3,True
39321023,14193,agentic,nloc,128.875,128.625,-0.25,-0.19398642095053345,8,8,8,True
39321023,14193,agentic,avg_ccn,3.3611709770114944,3.2361709770114944,-0.125,-3.718942025113545,8,8,8,True
39321023,14193,agentic,function_count,9.75,9.75,0.0,0.0,8,8,8,True
39321023,14769,agentic,nloc,233.0,241.0,8.0,3.4334763948497855,1,1,1,True
39321023,14769,agentic,avg_ccn,1.3389830508474576,1.3387096774193548,-0.00027337342810285215,-0.02041649652920035,1,1,1,True
39321023,14769,agentic,function_count,59.0,62.0,3.0,5.084745762711864,1,1,1,True
41870517,905,human_candidate,nloc,55.0,58.0,3.0,5.454545454545454,1,1,1,True
41870517,905,human_candidate,avg_ccn,3.2,3.6,0.3999999999999999,12.499999999999996,1,1,1,True
41870517,905,human_candidate,function_count,5.0,5.0,0.0,0.0,1,1,1,True
41870517,916,human_candidate,nloc,107.0,107.0,0.0,0.0,1,1,1,True
41870517,916,human_candidate,avg_ccn,3.111111111111111,3.111111111111111,0.0,0.0,1,1,1,True
41870517,916,human_candidate,function_count,9.0,9.0,0.0,0.0,1,1,1,True
42009758,38237,human_candidate,nloc,584.3333333333334,583.3333333333334,-1.0,-0.17113519680547631,6,6,6,True
42009758,38237,human_candidate,avg_ccn,2.3916488603988606,2.4063212250712254,0.014672364672364768,0.6134832297211817,6,6,6,True
42009758,38237,human_candidate,function_count,28.666666666666668,29.0,0.33333333333333215,1.1627906976744145,6,6,6,True
42009758,39214,agentic,nloc,960.3333333333334,982.3333333333334,22.0,2.2908712252690036,3,3,3,True
42009758,39214,agentic,avg_ccn,3.8314102564102566,3.84661394971614,0.015203693305883448,0.396817158393478,3,3,3,True
42009758,39214,agentic,function_count,50.666666666666664,53.0,2.3333333333333357,4.605263157894742,3,3,3,True
42009758,39309,agentic,nloc,246.0,246.0,0.0,0.0,1,1,1,True
42009758,39309,agentic,avg_ccn,4.666666666666667,3.5384615384615383,-1.1282051282051286,-24.175824175824182,1,1,1,True
42009758,39309,agentic,function_count,9.0,13.0,4.0,44.44444444444444,1,1,1,True
42009758,39310,agentic,nloc,266.6108108108108,268.63243243243244,2.021621621621648,0.7582669342903005,185,185,185,True
42009758,39310,agentic,avg_ccn,2.55714147441948,2.5562678735458793,-0.0008736008736005552,-0.03416318112782084,185,185,185,True
42009758,39310,agentic,function_count,13.87027027027027,13.908108108108108,0.037837837837837895,0.27279812938425607,185,185,185,True
42009758,39314,agentic,nloc,838.8333333333334,827.6666666666666,-11.166666666666742,-1.3312139876813123,6,6,6,True
42009758,39314,agentic,avg_ccn,2.5686564885496184,2.5835897435897435,0.014933255040125104,0.5813644255934396,6,6,5,True
42009758,39314,agentic,function_count,37.5,37.0,-0.5,-1.3333333333333333,6,6,6,True
42009758,39315,agentic,nloc,198.33333333333334,202.0,3.666666666666657,1.8487394957983145,3,3,3,True
42009758,39315,agentic,avg_ccn,2.5396825396825395,2.285714285714286,-0.2539682539682535,-9.999999999999982,3,3,3,True
42009758,39315,agentic,function_count,6.0,6.333333333333333,0.33333333333333304,5.55555555555555,3,3,3,True
42009758,42493,agentic,nloc,371.3333333333333,362.3333333333333,-9.0,-2.4236983842010775,3,3,3,True
42009758,42493,agentic,avg_ccn,1.8985915492957748,1.8761904761904764,-0.022401073105298375,-1.1798784795817392,3,3,3,True
42009758,42493,agentic,function_count,39.666666666666664,39.666666666666664,0.0,0.0,3,3,3,True
42009758,42685,agentic,nloc,177.0,165.0,-12.0,-6.779661016949152,2,2,2,True
42009758,42685,agentic,avg_ccn,4.011111111111111,3.6500000000000004,-0.3611111111111107,-9.002770083102483,2,2,2,True
42009758,42685,agentic,function_count,7.0,7.5,0.5,7.142857142857143,2,2,2,True
42009758,42686,agentic,nloc,33.0,41.0,8.0,24.242424242424242,1,1,1,True
42009758,42686,agentic,avg_ccn,1.3333333333333333,1.2,-0.1333333333333333,-9.999999999999998,1,1,1,True
42009758,42686,agentic,function_count,3.0,5.0,2.0,66.66666666666667,1,1,1,True
42009758,42687,agentic,nloc,211.16666666666666,213.83333333333334,2.6666666666666856,1.2628255722178465,12,12,12,True
42009758,42687,agentic,avg_ccn,1.2882609598863468,1.2782245094087201,-0.01003645047762669,-0.7790696753328711,12,12,12,True
42009758,42687,agentic,function_count,19.25,19.166666666666668,-0.08333333333333215,-0.43290043290042673,12,12,12,True
42009758,42688,agentic,nloc,78.0,87.0,9.0,11.538461538461538,2,2,2,True
42009758,42688,agentic,avg_ccn,1.2692307692307692,1.2692307692307692,0.0,0.0,2,2,2,True
42009758,42688,agentic,function_count,8.0,8.5,0.5,6.25,2,2,2,True
42009758,42795,agentic,nloc,347.0,436.0,89.0,25.64841498559078,3,3,3,True
42009758,42795,agentic,avg_ccn,1.08,1.0781458560854267,-0.0018541439145733918,-0.17167999209012885,3,3,3,True
42009758,42795,agentic,function_count,41.666666666666664,53.0,11.333333333333336,27.200000000000006,3,3,3,True
42009758,42862,agentic,nloc,400.4,411.6,11.200000000000045,2.7972027972028086,5,5,5,True
42009758,42862,agentic,avg_ccn,2.4935555555555555,2.5759673832468497,0.08241182769129418,3.3049926442458233,5,5,5,True
42009758,42862,agentic,function_count,23.8,23.8,0.0,0.0,5,5,5,True
42009758,42869,agentic,nloc,49.5,105.5,56.0,113.13131313131314,2,2,2,True
42009758,42869,agentic,avg_ccn,1.0,1.0,0.0,0.0,2,2,1,True
42009758,42869,agentic,function_count,5.0,9.5,4.5,90.0,2,2,2,True
42032884,6722,agentic,nloc,844.3333333333334,866.3333333333334,22.0,2.6056060007895776,3,3,3,True
42032884,6722,agentic,avg_ccn,1.6447512601358756,2.1848664156356463,0.5401151554997707,32.8387135848828,3,3,3,True
42032884,6722,agentic,function_count,60.333333333333336,61.333333333333336,1.0,1.6574585635359116,3,3,3,True
42541957,2810,agentic,nloc,314.25,315.75,1.5,0.477326968973747,4,4,4,True
42541957,2810,agentic,avg_ccn,1.1518065268065267,1.11013986013986,-0.04166666666666674,-3.617505691879592,4,4,4,True
42541957,2810,agentic,function_count,42.75,42.5,-0.25,-0.5847953216374269,4,4,4,True
43441403,26270,human_candidate,nloc,183.5,187.0,3.5,1.9073569482288828,4,4,4,True
43441403,26270,human_candidate,avg_ccn,1.9375,2.047069597069597,0.1095695970695969,5.655205010043711,4,4,4,True
43441403,26270,human_candidate,function_count,11.0,11.5,0.5,4.545454545454546,4,4,4,True
46398090,16938,human_candidate,nloc,1307.0,1482.25,175.25,13.408569242540167,4,4,4,True
46398090,16938,human_candidate,avg_ccn,5.193530020703934,5.572211779448622,0.3786817587446887,7.291413686549981,4,4,4,True
46398090,16938,human_candidate,function_count,42.25,44.0,1.75,4.1420118343195265,4,4,4,True
46398090,17283,human_candidate,nloc,137.2,138.2,1.0,0.728862973760933,5,5,5,True
46398090,17283,human_candidate,avg_ccn,1.53125,1.53125,0.0,0.0,5,5,4,True
46398090,17283,human_candidate,function_count,4.8,4.8,0.0,0.0,5,5,5,True
46892512,119,human_candidate,nloc,665.5,694.0,28.5,4.2824943651389935,2,2,2,True
46892512,119,human_candidate,avg_ccn,2.6498432601880877,2.6170087976539587,-0.03283446253412903,-1.23910961178128,2,2,2,True
46892512,119,human_candidate,function_count,42.0,43.0,1.0,2.380952380952381,2,2,2,True
46892512,120,human_candidate,nloc,856.0,859.0,3.0,0.35046728971962615,1,1,1,True
46892512,120,human_candidate,avg_ccn,4.072727272727272,4.090909090909091,0.01818181818181852,0.4464285714285798,1,1,1,True
46892512,120,human_candidate,function_count,55.0,55.0,0.0,0.0,1,1,1,True
48009214,14756,agentic,nloc,864.0,869.0,5.0,0.5787037037037037,1,1,1,True
48009214,14756,agentic,avg_ccn,5.148148148148148,5.148148148148148,0.0,0.0,1,1,1,True
48009214,14756,agentic,function_count,54.0,54.0,0.0,0.0,1,1,1,True
48009214,15961,human_candidate,nloc,692.0,693.0,1.0,0.14450867052023122,1,1,1,True
48009214,15961,human_candidate,avg_ccn,4.425,4.425,0.0,0.0,1,1,1,True
48009214,15961,human_candidate,function_count,40.0,40.0,0.0,0.0,1,1,1,True
48009214,15993,human_candidate,nloc,201.125,216.75,15.625,7.768800497203232,8,8,8,True
48009214,15993,human_candidate,avg_ccn,2.4569985569985566,2.6045525902668762,0.14755403326831962,6.005458686494715,8,8,7,True
48009214,15993,human_candidate,function_count,12.125,13.125,1.0,8.24742268041237,8,8,8,True
49122742,3615,human_candidate,nloc,844.0,846.0,2.0,0.23696682464454977,1,1,1,True
49122742,3615,human_candidate,avg_ccn,1.6705882352941177,1.6705882352941177,0.0,0.0,1,1,1,True
49122742,3615,human_candidate,function_count,85.0,85.0,0.0,0.0,1,1,1,True
49122742,3648,agentic,nloc,193.75,214.0,20.25,10.451612903225806,4,4,4,True
49122742,3648,agentic,avg_ccn,3.3643892339544514,2.8977411477411477,-0.4666480862133038,-13.87021696252466,4,4,3,True
49122742,3648,agentic,function_count,9.5,11.0,1.5,15.789473684210526,4,4,4,True
50448254,1562,agentic,nloc,1014.3333333333334,1011.6666666666666,-2.6666666666667425,-0.2628984554715816,3,3,3,True
50448254,1562,agentic,avg_ccn,3.3862013742613937,3.3646959979173077,-0.021505376344086002,-0.6350885244908627,3,3,3,True
50448254,1562,agentic,function_count,61.0,61.0,0.0,0.0,3,3,3,True
50448254,1613,agentic,nloc,1908.0,1895.0,-13.0,-0.6813417190775681,2,2,2,True
50448254,1613,agentic,avg_ccn,3.2517746228926354,3.226929902395741,-0.024844720496894457,-0.7640357459581159,2,2,2,True
50448254,1613,agentic,function_count,129.5,129.5,0.0,0.0,2,2,2,True
50613991,23283,human_candidate,nloc,79.0,74.0,-5.0,-6.329113924050633,1,1,1,True
50613991,23283,human_candidate,avg_ccn,11.5,10.0,-1.5,-13.043478260869565,1,1,1,True
50613991,23283,human_candidate,function_count,2.0,2.0,0.0,0.0,1,1,1,True
50623416,2920,agentic,nloc,110.0,111.5,1.5,1.3636363636363635,2,2,2,True
50623416,2920,agentic,avg_ccn,3.7222222222222223,3.7222222222222223,0.0,0.0,2,2,1,True
50623416,2920,agentic,function_count,9.0,9.0,0.0,0.0,2,2,2,True
50724711,650,human_candidate,nloc,712.0,798.0,86.0,12.07865168539326,1,1,1,True
50724711,650,human_candidate,avg_ccn,3.823529411764706,3.9444444444444446,0.12091503267973858,3.1623931623931627,1,1,1,True
50724711,650,human_candidate,function_count,34.0,36.0,2.0,5.882352941176471,1,1,1,True
53971519,3942,agentic,nloc,749.3333333333334,756.8333333333334,7.5,1.0008896797153024,6,6,6,True
53971519,3942,agentic,avg_ccn,3.186642642642643,3.3783264033264033,0.19168376068376025,6.015226122901541,6,6,5,True
53971519,3942,agentic,function_count,17.5,17.666666666666668,0.16666666666666785,0.9523809523809591,6,6,6,True
56710511,23439,human_candidate,nloc,231.375,233.375,2.0,0.864397622906537,8,8,8,True
56710511,23439,human_candidate,avg_ccn,2.322323300389338,2.3766883797544174,0.05436507936507917,2.3409780781153446,8,8,7,True
56710511,23439,human_candidate,function_count,15.375,15.5,0.125,0.8130081300813008,8,8,8,True
56710511,24775,human_candidate,nloc,1677.0,1677.7777777777778,0.7777777777778283,0.04637911614656102,9,9,9,True
56710511,24775,human_candidate,avg_ccn,2.054153744049214,2.054153744049214,0.0,0.0,9,9,6,True
56710511,24775,human_candidate,function_count,19.555555555555557,19.555555555555557,0.0,0.0,9,9,9,True
59370571,8522,agentic,nloc,1077.0,1079.0,2.0,0.18570102135561745,1,1,1,True
59370571,8522,agentic,avg_ccn,3.6315789473684212,3.6315789473684212,0.0,0.0,1,1,1,True
59370571,8522,agentic,function_count,38.0,38.0,0.0,0.0,1,1,1,True
61973853,22096,human_candidate,nloc,213.0,300.0,87.0,40.84507042253521,1,1,1,True
61973853,22096,human_candidate,avg_ccn,1.7272727272727273,1.8064516129032258,0.07917888563049846,4.584040747028858,1,1,1,True
61973853,22096,human_candidate,function_count,22.0,31.0,9.0,40.90909090909091,1,1,1,True
62162299,611,agentic,nloc,24.0,32.0,8.0,33.333333333333336,1,1,1,True
62162299,611,agentic,avg_ccn,1.5,3.5,2.0,133.33333333333334,1,1,1,True
62162299,611,agentic,function_count,2.0,2.0,0.0,0.0,1,1,1,True
62162299,634,agentic,nloc,656.0,630.0,-26.0,-3.9634146341463414,1,1,1,True
62162299,634,agentic,avg_ccn,5.782608695652174,5.086956521739131,-0.695652173913043,-12.030075187969917,1,1,1,True
62162299,634,agentic,function_count,23.0,23.0,0.0,0.0,1,1,1,True
62774726,15502,human_candidate,nloc,12.5,15.5,3.0,24.0,2,2,2,True
62774726,15502,human_candidate,avg_ccn,1.0,1.0,0.0,0.0,2,2,2,True
62774726,15502,human_candidate,function_count,1.0,1.0,0.0,0.0,2,2,2,True
63882194,11854,human_candidate,nloc,159.0,222.5,63.5,39.937106918238996,2,2,2,True
63882194,11854,human_candidate,avg_ccn,2.9625,2.914860681114551,-0.04763931888544892,-1.6080782746143096,2,2,2,True
63882194,11854,human_candidate,function_count,13.0,18.0,5.0,38.46153846153846,2,2,2,True
63882194,11994,human_candidate,nloc,200.05263157894737,196.10526315789474,-3.94736842105263,-1.9731649565903702,19,19,19,True
63882194,11994,human_candidate,avg_ccn,1.5656304658394642,1.571957091822201,0.006326625982736811,0.4040944603964757,19,19,18,True
63882194,11994,human_candidate,function_count,13.578947368421053,13.68421052631579,0.10526315789473628,0.7751937984496082,19,19,19,True
63984307,49424,agentic,nloc,72.0,85.33333333333333,13.333333333333329,18.518518518518512,3,3,3,True
63984307,49424,agentic,avg_ccn,1.8,1.8,0.0,0.0,3,3,2,True
63984307,49424,agentic,function_count,6.0,6.666666666666667,0.666666666666667,11.111111111111116,3,3,3,True
63984307,49459,agentic,nloc,240.66666666666666,277.6666666666667,37.00000000000003,15.373961218836577,3,3,3,True
63984307,49459,agentic,avg_ccn,3.5959595959595956,4.013468013468014,0.4175084175084183,11.61048689138579,3,3,3,True
63984307,49459,agentic,function_count,7.0,8.0,1.0,14.285714285714286,3,3,3,True
63984307,51220,human_candidate,nloc,329.5,336.0,6.5,1.9726858877086495,2,2,2,True
63984307,51220,human_candidate,avg_ccn,3.525,3.6083333333333334,0.08333333333333348,2.364066193853432,2,2,2,True
63984307,51220,human_candidate,function_count,13.0,13.0,0.0,0.0,2,2,2,True
65080725,5654,agentic,nloc,26.0,46.0,20.0,76.92307692307692,1,1,1,True
65080725,5654,agentic,avg_ccn,1.25,1.4,0.1499999999999999,11.999999999999993,1,1,1,True
65080725,5654,agentic,function_count,4.0,5.0,1.0,25.0,1,1,1,True
65080725,5655,agentic,nloc,254.0,323.0,69.0,27.165354330708663,2,2,2,True
65080725,5655,agentic,avg_ccn,3.0362068965517244,3.8157894736842106,0.7795825771324862,25.676200723273254,2,2,2,True
65080725,5655,agentic,function_count,19.5,24.0,4.5,23.076923076923077,2,2,2,True
65080725,6060,agentic,nloc,167.33333333333334,150.0,-17.333333333333343,-10.358565737051798,3,3,3,True
65080725,6060,agentic,avg_ccn,3.5042735042735043,2.876068376068376,-0.6282051282051282,-17.926829268292682,3,3,3,True
65080725,6060,agentic,function_count,7.666666666666667,7.666666666666667,0.0,0.0,3,3,3,True
65080725,6162,agentic,nloc,121.0,159.0,38.0,31.40495867768595,1,1,1,True
65080725,6162,agentic,avg_ccn,4.4,4.833333333333333,0.4333333333333327,9.848484848484834,1,1,1,True
65080725,6162,agentic,function_count,5.0,6.0,1.0,20.0,1,1,1,True
65080725,7055,human_candidate,nloc,86.0,87.5,1.5,1.744186046511628,2,2,2,True
65080725,7055,human_candidate,avg_ccn,2.4375,2.625,0.1875,7.6923076923076925,2,2,2,True
65080725,7055,human_candidate,function_count,6.0,5.0,-1.0,-16.666666666666668,2,2,2,True
65080725,7836,human_candidate,nloc,101.5,93.0,-8.5,-8.374384236453203,2,2,2,True
65080725,7836,human_candidate,avg_ccn,5.0,4.875,-0.125,-2.5,2,2,2,True
65080725,7836,human_candidate,function_count,4.0,4.0,0.0,0.0,2,2,2,True
65080725,7837,agentic,nloc,94.33333333333333,98.66666666666667,4.333333333333343,4.593639575971742,3,3,3,True
65080725,7837,agentic,avg_ccn,3.5,3.5,0.0,0.0,3,3,2,True
65080725,7837,agentic,function_count,3.3333333333333335,3.6666666666666665,0.33333333333333304,9.99999999999999,3,3,3,True
65080725,7917,human_candidate,nloc,168.5,190.0,21.5,12.759643916913946,2,2,2,True
65080725,7917,human_candidate,avg_ccn,1.65625,1.6666666666666667,0.01041666666666674,0.6289308176100674,2,2,2,True
65080725,7917,human_candidate,function_count,14.0,16.0,2.0,14.285714285714286,2,2,2,True
65080725,7923,agentic,nloc,56.0,56.0,0.0,0.0,1,1,1,True
65080725,7923,agentic,avg_ccn,4.333333333333333,4.333333333333333,0.0,0.0,1,1,1,True
65080725,7923,agentic,function_count,3.0,3.0,0.0,0.0,1,1,1,True
65080725,8683,human_candidate,nloc,27.0,30.0,3.0,11.11111111111111,1,1,1,True
65080725,8683,human_candidate,avg_ccn,2.0,19.0,17.0,850.0,1,1,1,True
65080725,8683,human_candidate,function_count,1.0,1.0,0.0,0.0,1,1,1,True
65711522,72272,human_candidate,nloc,460.90909090909093,471.6363636363636,10.727272727272691,2.3274161735700116,11,11,11,True
65711522,72272,human_candidate,avg_ccn,1.8734695432605302,1.9041132422531604,0.030643698992630197,1.6356657146023748,11,11,11,True
65711522,72272,human_candidate,function_count,48.63636363636363,48.45454545454545,-0.18181818181817988,-0.3738317757009306,11,11,11,True
65711522,73054,human_candidate,nloc,149.0,152.0,3.0,2.0134228187919465,1,1,1,True
65711522,73054,human_candidate,avg_ccn,2.0,2.25,0.25,12.5,1,1,1,True
65711522,73054,human_candidate,function_count,4.0,4.0,0.0,0.0,1,1,1,True
65711522,73910,human_candidate,nloc,670.8,808.0,137.20000000000005,20.453190220632088,5,5,5,True
65711522,73910,human_candidate,avg_ccn,3.559967320261438,3.4817813765182186,-0.07818594374321952,-2.1962545357713474,5,5,4,True
65711522,73910,human_candidate,function_count,11.8,14.2,2.3999999999999986,20.338983050847446,5,5,5,True
65711522,74684,human_candidate,nloc,1870.25,1884.5,14.25,0.7619302232321882,4,4,4,True
65711522,74684,human_candidate,avg_ccn,4.256434400502197,4.252619414483821,-0.003814986018376487,-0.08962868117799194,4,4,2,True
65711522,74684,human_candidate,function_count,43.0,43.25,0.25,0.5813953488372093,4,4,4,True
65711522,75719,human_candidate,nloc,2940.0,2944.0,4.0,0.1360544217687075,1,1,1,True
65711522,75719,human_candidate,avg_ccn,8.744186046511627,8.744186046511627,0.0,0.0,1,1,1,True
65711522,75719,human_candidate,function_count,43.0,43.0,0.0,0.0,1,1,1,True
65711522,75898,human_candidate,nloc,2579.0,2582.0,3.0,0.11632415664986429,2,2,2,True
65711522,75898,human_candidate,avg_ccn,1.2713333333333332,1.2729333333333335,0.0016000000000002679,0.12585212375460944,2,2,2,True
65711522,75898,human_candidate,function_count,327.5,327.5,0.0,0.0,2,2,2,True
65711522,76360,human_candidate,nloc,1590.857142857143,1620.142857142857,29.28571428571422,1.840876436781605,7,7,7,True
65711522,76360,human_candidate,avg_ccn,3.8155491093903584,3.852915651015985,0.03736654162562658,0.9793227804004583,7,7,3,True
65711522,76360,human_candidate,function_count,39.285714285714285,39.857142857142854,0.5714285714285694,1.4545454545454495,7,7,7,True
65711522,76742,human_candidate,nloc,1174.0,1175.3333333333333,1.3333333333332575,0.11357183418511563,3,3,3,True
65711522,76742,human_candidate,avg_ccn,4.571236559139785,4.571236559139785,0.0,0.0,3,3,2,True
65711522,76742,human_candidate,function_count,55.666666666666664,55.666666666666664,0.0,0.0,3,3,3,True
65711522,77066,human_candidate,nloc,658.0,663.0,5.0,0.7598784194528876,1,1,1,True
65711522,77066,human_candidate,avg_ccn,4.088235294117647,4.147058823529412,0.058823529411765385,1.4388489208633262,1,1,1,True
65711522,77066,human_candidate,function_count,34.0,34.0,0.0,0.0,1,1,1,True
65711522,77197,human_candidate,nloc,534.4545454545455,534.3333333333334,-0.12121212121212466,-0.02267959403526741,33,33,33,True
65711522,77197,human_candidate,avg_ccn,5.9822151325416675,5.9822151325416675,0.0,0.0,33,33,33,True
65711522,77197,human_candidate,function_count,19.12121212121212,19.12121212121212,0.0,0.0,33,33,33,True
65711522,77222,human_candidate,nloc,141.47619047619048,141.33333333333334,-0.1428571428571388,-0.10097610232244748,21,21,21,True
65711522,77222,human_candidate,avg_ccn,4.425736961451248,4.425736961451248,0.0,0.0,21,21,21,True
65711522,77222,human_candidate,function_count,2.857142857142857,2.857142857142857,0.0,0.0,21,21,21,True
65711522,77237,human_candidate,nloc,385.4761904761905,384.76190476190476,-0.7142857142857224,-0.1852995676343443,21,21,21,True
65711522,77237,human_candidate,avg_ccn,3.769905729393395,3.769905729393395,0.0,0.0,21,21,21,True
65711522,77237,human_candidate,function_count,18.142857142857142,18.142857142857142,0.0,0.0,21,21,21,True
65711522,77245,human_candidate,nloc,174.96,174.92,-0.040000000000020464,-0.02286236854139258,25,25,25,True
65711522,77245,human_candidate,avg_ccn,5.294,5.294,0.0,0.0,25,25,25,True
65711522,77245,human_candidate,function_count,3.4,3.4,0.0,0.0,25,25,25,True
65711522,77365,human_candidate,nloc,1257.0,1271.5,14.5,1.1535401750198886,2,2,2,True
65711522,77365,human_candidate,avg_ccn,6.127329192546584,5.79631217838765,-0.3310170141589337,-5.402305046080926,2,2,2,True
65711522,77365,human_candidate,function_count,36.0,37.5,1.5,4.166666666666667,2,2,2,True
65711522,77403,human_candidate,nloc,770.0909090909091,770.0909090909091,0.0,0.0,11,11,11,True
65711522,77403,human_candidate,avg_ccn,4.059825602861768,4.059825602861768,0.0,0.0,11,11,11,True
65711522,77403,human_candidate,function_count,28.636363636363637,28.636363636363637,0.0,0.0,11,11,11,True
65711522,77711,human_candidate,nloc,273.38461538461536,273.0,-0.3846153846153584,-0.14068655036577546,13,13,13,True
65711522,77711,human_candidate,avg_ccn,5.336683937531395,5.336683937531395,0.0,0.0,13,13,13,True
65711522,77711,human_candidate,function_count,9.923076923076923,9.923076923076923,0.0,0.0,13,13,13,True
65711522,78218,human_candidate,nloc,494.8378378378378,494.64864864864865,-0.1891891891891646,-0.03823256322026922,37,37,37,True
65711522,78218,human_candidate,avg_ccn,3.999905335185776,3.999905335185776,0.0,0.0,37,37,35,True
65711522,78218,human_candidate,function_count,16.18918918918919,16.18918918918919,0.0,0.0,37,37,37,True
65711522,78267,human_candidate,nloc,95.0,131.0,36.0,37.89473684210526,1,1,1,True
65711522,78267,human_candidate,avg_ccn,4.5,3.0,-1.5,-33.333333333333336,1,1,1,True
65711522,78267,human_candidate,function_count,2.0,4.0,2.0,100.0,1,1,1,True
65711522,78306,human_candidate,nloc,785.0,785.0,0.0,0.0,2,2,2,True
65711522,78306,human_candidate,avg_ccn,1.6118881118881119,1.6118881118881119,0.0,0.0,2,2,2,True
65711522,78306,human_candidate,function_count,23.0,23.0,0.0,0.0,2,2,2,True
65711522,78403,human_candidate,nloc,392.0,392.0,0.0,0.0,1,1,1,True
65711522,78403,human_candidate,avg_ccn,2.25,2.25,0.0,0.0,1,1,1,True
65711522,78403,human_candidate,function_count,12.0,12.0,0.0,0.0,1,1,1,True
65711522,78953,human_candidate,nloc,793.0,828.0,35.0,4.4136191677175285,1,1,1,True
65711522,78953,human_candidate,avg_ccn,8.185185185185185,8.333333333333334,0.1481481481481488,1.8099547511312297,1,1,1,True
65711522,78953,human_candidate,function_count,27.0,27.0,0.0,0.0,1,1,1,True
65711522,78972,human_candidate,nloc,501.84615384615387,507.9230769230769,6.076923076923038,1.210913549969336,13,13,13,True
65711522,78972,human_candidate,avg_ccn,5.843639929365736,5.694602157102158,-0.14903777226357828,-2.550427029472275,13,13,12,True
65711522,78972,human_candidate,function_count,16.0,16.46153846153846,0.4615384615384599,2.8846153846153744,13,13,13,True
65711522,79011,human_candidate,nloc,295.0,310.0,15.0,5.084745762711864,1,1,1,True
65711522,79011,human_candidate,avg_ccn,1.3209876543209877,1.302325581395349,-0.018662072925638817,-1.4127363616605084,1,1,1,True
65711522,79011,human_candidate,function_count,81.0,86.0,5.0,6.172839506172839,1,1,1,True
65711522,79043,agentic,nloc,1132.0,1181.8333333333333,49.83333333333326,4.402237926972902,6,6,6,True
65711522,79043,agentic,avg_ccn,4.307655423280423,4.491650096127954,0.18399467284753168,4.271341478548756,6,6,5,True
65711522,79043,agentic,function_count,34.5,35.666666666666664,1.1666666666666643,3.381642512077288,6,6,6,True
65711522,79095,human_candidate,nloc,1360.5,1362.5,2.0,0.14700477765527378,6,6,6,True
65711522,79095,human_candidate,avg_ccn,3.296973270440252,3.421973270440252,0.125,3.7913561847988073,6,6,4,True
65711522,79095,human_candidate,function_count,40.0,40.0,0.0,0.0,6,6,6,True
66497320,4833,human_candidate,nloc,177.58333333333334,173.91666666666666,-3.6666666666666856,-2.064758329422817,12,12,12,True
66497320,4833,human_candidate,avg_ccn,1.668287037037037,1.7005952380952383,0.0323082010582012,1.9366092489444873,12,12,12,True
66497320,4833,human_candidate,function_count,11.333333333333334,10.75,-0.5833333333333339,-5.147058823529417,12,12,12,True
66841911,2320,human_candidate,nloc,696.6666666666666,701.0,4.333333333333371,0.6220095693779959,3,3,3,True
66841911,2320,human_candidate,avg_ccn,4.679437229437229,4.66991341991342,-0.00952380952380949,-0.20352467736713004,3,3,3,True
66841911,2320,human_candidate,function_count,24.666666666666668,24.666666666666668,0.0,0.0,3,3,3,True
67680905,4701,human_candidate,nloc,163.5,408.5,245.0,149.84709480122325,2,2,2,True
67680905,4701,human_candidate,avg_ccn,4.5625,3.242156862745098,-1.320343137254902,-28.939027665860863,2,2,2,True
67680905,4701,human_candidate,function_count,8.0,24.5,16.5,206.25,2,2,2,True
67680905,4789,human_candidate,nloc,334.5,347.0,12.5,3.7369207772795217,2,2,2,True
67680905,4789,human_candidate,avg_ccn,2.01,2.032142857142857,0.022142857142857242,1.101634683724241,2,2,2,True
67680905,4789,human_candidate,function_count,35.0,38.0,3.0,8.571428571428571,2,2,2,True
67753070,15080,human_candidate,nloc,729.1666666666666,645.0,-84.16666666666663,-11.542857142857137,6,6,6,True
67753070,15080,human_candidate,avg_ccn,3.944029581529582,3.864256437204414,-0.07977314432516769,-2.022630476676848,6,6,5,True
67753070,15080,human_candidate,function_count,45.0,40.833333333333336,-4.166666666666664,-9.259259259259254,6,6,6,True
67753070,15760,human_candidate,nloc,1021.0,1027.0,6.0,0.5876591576885406,1,1,1,True
67753070,15760,human_candidate,avg_ccn,10.76923076923077,10.071428571428571,-0.6978021978021989,-6.479591836734703,1,1,1,True
67753070,15760,human_candidate,function_count,13.0,14.0,1.0,7.6923076923076925,1,1,1,True
67753070,16263,human_candidate,nloc,196.66666666666666,224.66666666666666,28.0,14.237288135593221,3,3,3,True
67753070,16263,human_candidate,avg_ccn,4.481481481481481,7.0,2.518518518518519,56.19834710743803,3,3,3,True
67753070,16263,human_candidate,function_count,7.333333333333333,9.0,1.666666666666667,22.72727272727273,3,3,3,True
70107786,79987,human_candidate,nloc,485.0,479.5,-5.5,-1.134020618556701,2,2,2,True
70107786,79987,human_candidate,avg_ccn,8.329113924050633,8.4831223628692,0.15400843881856652,1.849037487335373,2,2,2,True
70107786,79987,human_candidate,function_count,41.0,41.0,0.0,0.0,2,2,2,True
70107786,79991,human_candidate,nloc,276.0,280.5,4.5,1.6304347826086956,6,6,6,True
70107786,79991,human_candidate,avg_ccn,4.055227379278013,3.9679574953644274,-0.08726988391358548,-2.152034294292097,6,6,6,True
70107786,79991,human_candidate,function_count,20.666666666666668,21.333333333333332,0.6666666666666643,3.2258064516128915,6,6,6,True
70107786,79997,human_candidate,nloc,788.0,812.0,24.0,3.045685279187817,1,1,1,True
70107786,79997,human_candidate,avg_ccn,1.646341463414634,1.630952380952381,-0.015389082462253123,-0.9347442680775971,1,1,1,True
70107786,79997,human_candidate,function_count,82.0,84.0,2.0,2.4390243902439024,1,1,1,True
70107786,80326,human_candidate,nloc,369.0,380.0,11.0,2.9810298102981028,1,1,1,True
70107786,80326,human_candidate,avg_ccn,4.333333333333333,4.388888888888889,0.055555555555556246,1.2820512820512981,1,1,1,True
70107786,80326,human_candidate,function_count,18.0,18.0,0.0,0.0,1,1,1,True
70107786,80415,human_candidate,nloc,748.6666666666666,752.0,3.3333333333333712,0.44523597506679047,9,9,9,True
70107786,80415,human_candidate,avg_ccn,3.652302725136673,3.777302725136673,0.125,3.4224983361783727,9,9,8,True
70107786,80415,human_candidate,function_count,38.111111111111114,38.111111111111114,0.0,0.0,9,9,9,True
70107786,80551,human_candidate,nloc,248.5,244.5,-4.0,-1.6096579476861168,2,2,2,True
70107786,80551,human_candidate,avg_ccn,1.547979797979798,1.6304347826086958,0.08245498462889778,5.326618909142499,2,2,2,True
70107786,80551,human_candidate,function_count,26.5,26.5,0.0,0.0,2,2,2,True
70107786,81411,human_candidate,nloc,2126.0,2117.0,-9.0,-0.4233301975540922,1,1,1,True
70107786,81411,human_candidate,avg_ccn,5.87037037037037,5.851851851851852,-0.018518518518518157,-0.3154574132492052,1,1,1,True
70107786,81411,human_candidate,function_count,54.0,54.0,0.0,0.0,1,1,1,True
70107786,81459,human_candidate,nloc,441.0,442.0,1.0,0.22675736961451248,1,1,1,True
70107786,81459,human_candidate,avg_ccn,3.6315789473684212,3.6315789473684212,0.0,0.0,1,1,1,True
70107786,81459,human_candidate,function_count,19.0,19.0,0.0,0.0,1,1,1,True
70107786,81994,human_candidate,nloc,206.0,240.0,34.0,16.50485436893204,3,3,3,True
70107786,81994,human_candidate,avg_ccn,1.4605579605579606,1.3904761904761906,-0.07008177008176997,-4.798287502058283,3,3,3,True
70107786,81994,human_candidate,function_count,20.0,23.666666666666668,3.666666666666668,18.33333333333334,3,3,3,True
70107786,82654,human_candidate,nloc,510.75,518.25,7.5,1.4684287812041117,4,4,4,True
70107786,82654,human_candidate,avg_ccn,6.553418803418803,6.270299145299146,-0.28311965811965756,-4.32018258884903,4,4,4,True
70107786,82654,human_candidate,function_count,8.75,9.0,0.25,2.857142857142857,4,4,4,True
70107786,84225,human_candidate,nloc,265.5,293.5,28.0,10.546139359698682,2,2,2,True
70107786,84225,human_candidate,avg_ccn,3.223809523809524,3.6882352941176473,0.4644257703081234,14.40611695195065,2,2,2,True
70107786,84225,human_candidate,function_count,14.5,16.0,1.5,10.344827586206897,2,2,2,True
70107786,84270,human_candidate,nloc,487.25,511.75,24.5,5.028219599794767,4,4,4,True
70107786,84270,human_candidate,avg_ccn,1.9633978691717264,2.038897034864777,0.07549916569305037,3.84533195632428,4,4,4,True
70107786,84270,human_candidate,function_count,34.0,35.5,1.5,4.411764705882353,4,4,4,True
70107786,86338,human_candidate,nloc,579.8695652173913,576.8260869565217,-3.043478260869506,-0.5248556646921995,23,23,23,True
70107786,86338,human_candidate,avg_ccn,3.4347061348991472,3.416842828871921,-0.01786330602722641,-0.5200825143590029,23,23,23,True
70107786,86338,human_candidate,function_count,25.347826086956523,25.043478260869566,-0.304347826086957,-1.2006861063464855,23,23,23,True
70107786,86589,human_candidate,nloc,381.5,348.0,-33.5,-8.781127129750983,2,2,2,True
70107786,86589,human_candidate,avg_ccn,2.41991341991342,3.069444444444444,0.6495310245310244,26.841085271317827,2,2,2,True
70107786,86589,human_candidate,function_count,27.0,22.5,-4.5,-16.666666666666668,2,2,2,True
70107786,87945,human_candidate,nloc,167.4,368.2,200.79999999999998,119.95221027479091,5,5,5,True
70107786,87945,human_candidate,avg_ccn,5.720238095238096,4.666835016835017,-1.053403078403079,-18.415371193727083,5,5,4,True
70107786,87945,human_candidate,function_count,4.0,13.6,9.6,240.0,5,5,5,True
70107786,88336,human_candidate,nloc,625.5,681.5,56.0,8.952837729816148,2,2,2,True
70107786,88336,human_candidate,avg_ccn,2.1055718475073313,2.170531400966184,0.06495955345885251,3.08512642471709,2,2,2,True
70107786,88336,human_candidate,function_count,37.5,45.5,8.0,21.333333333333332,2,2,2,True
70107786,88708,human_candidate,nloc,1522.0,1528.3333333333333,6.3333333333332575,0.4161191414805031,3,3,3,True
70107786,88708,human_candidate,avg_ccn,1.954861111111111,2.3993055555555554,0.4444444444444444,22.735346358792185,3,3,3,True
70107786,88708,human_candidate,function_count,47.666666666666664,47.666666666666664,0.0,0.0,3,3,3,True
70107786,89555,human_candidate,nloc,1003.0,1049.4444444444443,46.44444444444434,4.6305527860861755,9,9,9,True
70107786,89555,human_candidate,avg_ccn,4.21004241096506,4.419348637481431,0.20930622651637076,4.97159425214417,9,9,9,True
70107786,89555,human_candidate,function_count,29.22222222222222,29.555555555555557,0.3333333333333357,1.140684410646396,9,9,9,True
70107786,90868,human_candidate,nloc,465.3888888888889,466.05555555555554,0.6666666666666288,0.14324937328398374,18,18,18,True
70107786,90868,human_candidate,avg_ccn,3.0034609967568273,2.977015532587578,-0.026445464169249533,-0.8804996701407363,18,18,17,True
70107786,90868,human_candidate,function_count,21.11111111111111,21.0,-0.11111111111111072,-0.5263157894736824,18,18,18,True
70107786,92023,human_candidate,nloc,1553.125,1562.5,9.375,0.6036217303822937,8,8,8,True
70107786,92023,human_candidate,avg_ccn,2.881004266485214,2.870001495811727,-0.011002770673486761,-0.3819074758577152,8,8,8,True
70107786,92023,human_candidate,function_count,66.25,66.25,0.0,0.0,8,8,8,True
70107786,92628,human_candidate,nloc,290.0833333333333,293.75,3.6666666666666856,1.264004596380357,12,12,12,True
70107786,92628,human_candidate,avg_ccn,2.294579494579495,2.384857272357272,0.09027777777777724,3.9343931204406393,12,12,12,True
70107786,92628,human_candidate,function_count,15.75,15.833333333333334,0.08333333333333393,0.5291005291005328,12,12,12,True
70107786,94192,human_candidate,nloc,3749.0,3749.0,0.0,0.0,2,2,2,True
70107786,94192,human_candidate,avg_ccn,2.2970297029702973,2.283137882018479,-0.013891820951818179,-0.6047732397127741,2,2,2,True
70107786,94192,human_candidate,function_count,114.5,114.5,0.0,0.0,2,2,2,True
70107786,94201,human_candidate,nloc,366.0,393.0,27.0,7.377049180327869,1,1,1,True
70107786,94201,human_candidate,avg_ccn,1.903225806451613,1.90625,0.003024193548387011,0.15889830508474123,1,1,1,True
70107786,94201,human_candidate,function_count,31.0,32.0,1.0,3.225806451612903,1,1,1,True
71932349,53305,human_candidate,nloc,347.0,344.0,-3.0,-0.8645533141210374,2,2,2,True
71932349,53305,human_candidate,avg_ccn,1.6661585365853657,1.6695884146341462,0.003429878048780477,0.20585544373284476,2,2,2,True
71932349,53305,human_candidate,function_count,36.5,36.5,0.0,0.0,2,2,2,True
71932349,53939,human_candidate,nloc,564.25,565.25,1.0,0.17722640673460346,4,4,4,True
71932349,53939,human_candidate,avg_ccn,3.782531055900621,3.780982435049756,-0.0015486208508650456,-0.040941391570315046,4,4,4,True
71932349,53939,human_candidate,function_count,37.25,37.5,0.25,0.6711409395973155,4,4,4,True
71932349,54734,human_candidate,nloc,654.0,652.0,-2.0,-0.3058103975535168,1,1,1,True
71932349,54734,human_candidate,avg_ccn,1.957142857142857,1.957142857142857,0.0,0.0,1,1,1,True
71932349,54734,human_candidate,function_count,70.0,70.0,0.0,0.0,1,1,1,True
71932349,55547,human_candidate,nloc,246.66666666666666,284.6666666666667,38.00000000000003,15.405405405405418,3,3,3,True
71932349,55547,human_candidate,avg_ccn,3.1256613756613754,3.6494708994709,0.5238095238095246,16.758358019466808,3,3,3,True
71932349,55547,human_candidate,function_count,17.333333333333332,17.333333333333332,0.0,0.0,3,3,3,True
71932349,56763,human_candidate,nloc,139.0,139.0,0.0,0.0,1,1,1,True
71932349,56763,human_candidate,avg_ccn,2.9166666666666665,2.9166666666666665,0.0,0.0,1,1,1,True
71932349,56763,human_candidate,function_count,12.0,12.0,0.0,0.0,1,1,1,True
71932349,59190,human_candidate,nloc,565.0,565.0,0.0,0.0,1,1,1,True
71932349,59190,human_candidate,avg_ccn,5.333333333333333,5.333333333333333,0.0,0.0,1,1,1,True
71932349,59190,human_candidate,function_count,15.0,15.0,0.0,0.0,1,1,1,True
71932349,60842,human_candidate,nloc,3530.5,3546.0,15.5,0.4390312986829061,2,2,2,True
71932349,60842,human_candidate,avg_ccn,2.4363297872340426,2.4241032599241557,-0.012226527309886936,-0.5018420483939358,2,2,2,True
71932349,60842,human_candidate,function_count,170.5,172.0,1.5,0.8797653958944281,2,2,2,True
71932349,61379,human_candidate,nloc,787.0,795.0,8.0,1.0165184243964422,1,1,1,True
71932349,61379,human_candidate,avg_ccn,1.9642857142857142,1.9761904761904763,0.011904761904762085,0.6060606060606153,1,1,1,True
71932349,61379,human_candidate,function_count,84.0,84.0,0.0,0.0,1,1,1,True
71932349,61437,human_candidate,nloc,434.0,447.0,13.0,2.9953917050691246,1,1,1,True
71932349,61437,human_candidate,avg_ccn,6.833333333333333,6.916666666666667,0.08333333333333393,1.2195121951219599,1,1,1,True
71932349,61437,human_candidate,function_count,12.0,12.0,0.0,0.0,1,1,1,True
71932349,61555,human_candidate,nloc,455.4375,401.0,-54.4375,-11.952792644435295,16,16,16,True
71932349,61555,human_candidate,avg_ccn,2.7310887066097322,2.5876507359580145,-0.1434379706517177,-5.252043637563719,16,16,14,True
71932349,61555,human_candidate,function_count,24.9375,21.9375,-3.0,-12.030075187969924,16,16,16,True
71932349,61996,human_candidate,nloc,429.0,417.5,-11.5,-2.6806526806526807,4,4,4,True
71932349,61996,human_candidate,avg_ccn,2.0296582563373606,1.983663712686567,-0.045994543650793585,-2.266122560641981,4,4,4,True
71932349,61996,human_candidate,function_count,36.5,37.0,0.5,1.36986301369863,4,4,4,True
71932349,62587,human_candidate,nloc,632.0,636.0,4.0,0.6329113924050633,1,1,1,True
71932349,62587,human_candidate,avg_ccn,6.962962962962963,7.037037037037037,0.0740740740740744,1.0638297872340472,1,1,1,True
71932349,62587,human_candidate,function_count,27.0,27.0,0.0,0.0,1,1,1,True
71932349,62720,human_candidate,nloc,533.0,535.5,2.5,0.46904315196998125,2,2,2,True
71932349,62720,human_candidate,avg_ccn,3.2176870748299318,3.2430426716141003,0.025355596784168544,0.7880069190851535,2,2,2,True
71932349,62720,human_candidate,function_count,41.0,41.0,0.0,0.0,2,2,2,True
71932349,62726,human_candidate,nloc,715.0,719.1666666666666,4.166666666666629,0.5827505827505775,6,6,6,True
71932349,62726,human_candidate,avg_ccn,2.009335248203597,2.01259643146478,0.003261183261183298,0.16230160019831877,6,6,6,True
71932349,62726,human_candidate,function_count,65.16666666666667,65.5,0.3333333333333286,0.5115089514066423,6,6,6,True
71932349,63075,agentic,nloc,503.75,518.5,14.75,2.9280397022332507,4,4,4,True
71932349,63075,agentic,avg_ccn,1.994705882352941,2.0265826330532213,0.031876750700280176,1.598067714257632,4,4,4,True
71932349,63075,agentic,function_count,37.75,38.5,0.75,1.9867549668874172,4,4,4,True
72477752,22373,agentic,nloc,470.0,475.0,5.0,1.0638297872340425,1,1,1,True
72477752,22373,agentic,avg_ccn,5.611111111111111,5.777777777777778,0.16666666666666696,2.9702970297029756,1,1,1,True
72477752,22373,agentic,function_count,18.0,18.0,0.0,0.0,1,1,1,True
72477752,22422,human_candidate,nloc,241.0,259.0,18.0,7.468879668049793,2,2,2,True
72477752,22422,human_candidate,avg_ccn,2.1176470588235294,2.6176470588235294,0.5,23.61111111111111,2,2,2,True
72477752,22422,human_candidate,function_count,29.5,29.5,0.0,0.0,2,2,2,True
74627617,35369,human_candidate,nloc,251.0,294.0,43.0,17.131474103585656,1,1,1,True
74627617,35369,human_candidate,avg_ccn,5.571428571428571,4.9411764705882355,-0.6302521008403357,-11.312217194570128,1,1,1,True
74627617,35369,human_candidate,function_count,14.0,17.0,3.0,21.428571428571427,1,1,1,True
74627617,35897,human_candidate,nloc,653.0,650.0,-3.0,-0.45941807044410415,1,1,1,True
74627617,35897,human_candidate,avg_ccn,4.704545454545454,4.636363636363637,-0.06818181818181746,-1.4492753623188253,1,1,1,True
74627617,35897,human_candidate,function_count,44.0,44.0,0.0,0.0,1,1,1,True
74627617,36838,human_candidate,nloc,205.0,213.0,8.0,3.902439024390244,1,1,1,True
74627617,36838,human_candidate,avg_ccn,3.4,3.227272727272727,-0.17272727272727284,-5.080213903743319,1,1,1,True
74627617,36838,human_candidate,function_count,20.0,22.0,2.0,10.0,1,1,1,True
74627617,37279,human_candidate,nloc,111.0,141.0,30.0,27.027027027027028,1,1,1,True
74627617,37279,human_candidate,avg_ccn,7.8,8.5,0.7000000000000002,8.974358974358976,1,1,1,True
74627617,37279,human_candidate,function_count,5.0,6.0,1.0,20.0,1,1,1,True
74627617,37601,human_candidate,nloc,76.0,77.0,1.0,1.3157894736842106,1,1,1,True
74627617,37601,human_candidate,avg_ccn,2.125,2.125,0.0,0.0,1,1,1,True
74627617,37601,human_candidate,function_count,8.0,8.0,0.0,0.0,1,1,1,True
74627617,37904,human_candidate,nloc,2033.0,1727.0,-306.0,-15.051647811116576,1,1,1,True
74627617,37904,human_candidate,avg_ccn,5.352941176470588,4.957446808510638,-0.39549436795994986,-7.388356324526536,1,1,1,True
74627617,37904,human_candidate,function_count,102.0,94.0,-8.0,-7.8431372549019605,1,1,1,True
74627617,38031,human_candidate,nloc,138.5,141.0,2.5,1.8050541516245486,4,4,4,True
74627617,38031,human_candidate,avg_ccn,2.674956293706294,2.699261849261849,0.024305555555555358,0.9086337452593934,4,4,4,True
74627617,38031,human_candidate,function_count,13.75,14.0,0.25,1.8181818181818181,4,4,4,True
74627617,38075,human_candidate,nloc,242.0,243.5,1.5,0.6198347107438017,2,2,2,True
74627617,38075,human_candidate,avg_ccn,5.192982456140351,5.276315789473684,0.08333333333333304,1.604729729729724,2,2,2,True
74627617,38075,human_candidate,function_count,12.5,12.5,0.0,0.0,2,2,2,True
75750830,4601,human_candidate,nloc,457.0,466.3333333333333,9.333333333333314,2.0423048869438323,3,3,3,True
75750830,4601,human_candidate,avg_ccn,2.687229437229437,2.6661490683229814,-0.021080368906455593,-0.7844647953912594,3,3,3,True
75750830,4601,human_candidate,function_count,17.666666666666668,18.0,0.33333333333333215,1.8867924528301818,3,3,3,True
76990209,5519,agentic,nloc,490.6666666666667,498.3333333333333,7.666666666666629,1.5624999999999922,3,3,3,True
76990209,5519,agentic,avg_ccn,15.871794871794872,16.126373626373628,0.25457875457875545,1.6039695361181683,3,3,2,True
76990209,5519,agentic,function_count,11.333333333333334,11.333333333333334,0.0,0.0,3,3,3,True
77726177,4468,human_candidate,nloc,169.0,167.0,-2.0,-1.183431952662722,1,1,1,True
77726177,4468,human_candidate,avg_ccn,3.4,3.3,-0.10000000000000009,-2.941176470588238,1,1,1,True
77726177,4468,human_candidate,function_count,10.0,10.0,0.0,0.0,1,1,1,True
77873947,10889,human_candidate,nloc,116.88888888888889,117.44444444444444,0.5555555555555571,0.47528517110266294,9,9,9,True
77873947,10889,human_candidate,avg_ccn,2.1435574229691876,2.214985994397759,0.07142857142857117,3.3322443645867246,9,9,7,True
77873947,10889,human_candidate,function_count,6.222222222222222,6.222222222222222,0.0,0.0,9,9,9,True
77873947,11312,human_candidate,nloc,178.46153846153845,178.76923076923077,0.3076923076923208,0.17241379310345564,13,13,13,True
77873947,11312,human_candidate,avg_ccn,3.103846153846154,3.6375410913872446,0.5336949375410907,17.1946324362681,13,13,13,True
77873947,11312,human_candidate,function_count,5.538461538461538,6.153846153846154,0.6153846153846159,11.111111111111121,13,13,13,True
77873947,11453,human_candidate,nloc,1608.0666666666666,1590.9333333333334,-17.133333333333212,-1.0654616309439833,30,30,30,True
77873947,11453,human_candidate,avg_ccn,3.769359846964334,3.769363446839747,3.5998754128740984e-06,9.550362817636712e-05,30,30,13,True
77873947,11453,human_candidate,function_count,38.166666666666664,37.4,-0.7666666666666657,-2.008733624454146,30,30,30,True
77873947,11806,human_candidate,nloc,320.0,320.0,0.0,0.0,8,8,8,True
77873947,11806,human_candidate,avg_ccn,3.95812172695165,3.95812172695165,0.0,0.0,8,8,8,True
77873947,11806,human_candidate,function_count,15.5,15.5,0.0,0.0,8,8,8,True
77873947,12128,human_candidate,nloc,820.6,836.6,16.0,1.9497928345113331,5,5,5,True
77873947,12128,human_candidate,avg_ccn,3.636363636363636,3.636363636363636,0.0,0.0,5,5,5,True
77873947,12128,human_candidate,function_count,3.8,3.8,0.0,0.0,5,5,5,True
79375056,12246,human_candidate,nloc,131.0,139.0,8.0,6.106870229007634,1,1,1,True
79375056,12246,human_candidate,avg_ccn,2.0,1.625,-0.375,-18.75,1,1,1,True
79375056,12246,human_candidate,function_count,3.0,8.0,5.0,166.66666666666666,1,1,1,True
79375056,12338,human_candidate,nloc,597.0,579.0,-18.0,-3.0150753768844223,1,1,1,True
79375056,12338,human_candidate,avg_ccn,3.1,2.96875,-0.1312500000000001,-4.233870967741939,1,1,1,True
79375056,12338,human_candidate,function_count,30.0,32.0,2.0,6.666666666666667,1,1,1,True
80874333,1856,human_candidate,nloc,295.6666666666667,351.0,55.333333333333314,18.714768883878232,3,3,3,True
80874333,1856,human_candidate,avg_ccn,3.0714285714285716,3.2474323062558352,0.1760037348272636,5.730354157166722,3,3,3,True
80874333,1856,human_candidate,function_count,13.666666666666666,14.666666666666666,1.0,7.317073170731708,3,3,3,True
85005919,496,agentic,nloc,386.0,403.0,17.0,4.404145077720207,1,1,1,True
85005919,496,agentic,avg_ccn,9.125,9.25,0.125,1.36986301369863,1,1,1,True
85005919,496,agentic,function_count,8.0,8.0,0.0,0.0,1,1,1,True
85005919,498,agentic,nloc,386.0,403.0,17.0,4.404145077720207,1,1,1,True
85005919,498,agentic,avg_ccn,9.125,9.25,0.125,1.36986301369863,1,1,1,True
85005919,498,agentic,function_count,8.0,8.0,0.0,0.0,1,1,1,True
87490037,2255,human_candidate,nloc,626.0,627.0,1.0,0.1597444089456869,1,1,1,True
87490037,2255,human_candidate,avg_ccn,2.486842105263158,2.5,0.013157894736842035,0.5291005291005263,1,1,1,True
87490037,2255,human_candidate,function_count,76.0,76.0,0.0,0.0,1,1,1,True
88064357,1902,agentic,nloc,78.0,94.66666666666667,16.66666666666667,21.367521367521373,3,3,3,True
88064357,1902,agentic,avg_ccn,2.6333333333333333,3.466666666666667,0.8333333333333335,31.64556962025317,3,3,3,True
88064357,1902,agentic,function_count,4.0,4.333333333333333,0.33333333333333304,8.333333333333325,3,3,3,True
89221572,9969,human_candidate,nloc,38.0,39.0,1.0,2.6315789473684212,1,1,1,True
89221572,9969,human_candidate,avg_ccn,3.3333333333333335,3.3333333333333335,0.0,0.0,1,1,1,True
89221572,9969,human_candidate,function_count,3.0,3.0,0.0,0.0,1,1,1,True
89221572,10138,human_candidate,nloc,2104.0,2104.0,0.0,0.0,1,1,1,True
89221572,10138,human_candidate,avg_ccn,2.3813953488372093,2.386046511627907,0.0046511627906977715,0.19531250000000408,1,1,1,True
89221572,10138,human_candidate,function_count,215.0,215.0,0.0,0.0,1,1,1,True
89221572,10471,human_candidate,nloc,268.0,289.0,21.0,7.835820895522388,1,1,1,True
89221572,10471,human_candidate,avg_ccn,2.9,3.1,0.20000000000000018,6.896551724137938,1,1,1,True
89221572,10471,human_candidate,function_count,20.0,20.0,0.0,0.0,1,1,1,True
89221572,10630,human_candidate,nloc,57.0,55.0,-2.0,-3.508771929824561,1,1,1,True
89221572,10630,human_candidate,avg_ccn,3.3333333333333335,3.0,-0.3333333333333335,-10.000000000000005,1,1,1,True
89221572,10630,human_candidate,function_count,3.0,3.0,0.0,0.0,1,1,1,True
89221572,11351,human_candidate,nloc,115.16666666666667,121.5,6.333333333333329,5.499276410998548,6,6,6,True
89221572,11351,human_candidate,avg_ccn,3.3921568627450984,3.3921568627450984,0.0,0.0,6,6,6,True
89221572,11351,human_candidate,function_count,6.333333333333333,6.333333333333333,0.0,0.0,6,6,6,True
89221572,11423,human_candidate,nloc,102.0,114.0,12.0,11.764705882352942,1,1,1,True
89221572,11423,human_candidate,avg_ccn,7.666666666666667,5.5,-2.166666666666667,-28.260869565217394,1,1,1,True
89221572,11423,human_candidate,function_count,3.0,6.0,3.0,100.0,1,1,1,True
92864511,246,agentic,nloc,135.5,138.5,3.0,2.2140221402214024,2,2,2,True
92864511,246,agentic,avg_ccn,2.125,1.993421052631579,-0.13157894736842102,-6.1919504643962835,2,2,2,True
92864511,246,agentic,function_count,12.5,13.5,1.0,8.0,2,2,2,True
92864511,247,agentic,nloc,925.0,920.0,-5.0,-0.5405405405405406,1,1,1,True
92864511,247,agentic,avg_ccn,3.3225806451612905,3.21875,-0.10383064516129048,-3.1250000000000044,1,1,1,True
92864511,247,agentic,function_count,31.0,32.0,1.0,3.225806451612903,1,1,1,True
92912604,3212,agentic,nloc,255.5,257.5,2.0,0.7827788649706457,2,2,2,True
92912604,3212,agentic,avg_ccn,4.174825174825175,3.9935064935064934,-0.18131868131868156,-4.343144292893042,2,2,2,True
92912604,3212,agentic,function_count,23.0,23.5,0.5,2.1739130434782608,2,2,2,True
92912604,3367,human_candidate,nloc,289.0,293.0,4.0,1.3840830449826989,1,1,1,True
92912604,3367,human_candidate,avg_ccn,2.272727272727273,2.2285714285714286,-0.04415584415584428,-1.9428571428571482,1,1,1,True
92912604,3367,human_candidate,function_count,33.0,35.0,2.0,6.0606060606060606,1,1,1,True
92912604,3393,human_candidate,nloc,107.92307692307692,114.38461538461539,6.461538461538467,5.987170349251609,13,13,13,True
92912604,3393,human_candidate,avg_ccn,2.9292440651136302,2.7149560891576976,-0.21428797595593263,-7.315470175668685,13,13,12,True
92912604,3393,human_candidate,function_count,10.307692307692308,11.615384615384615,1.3076923076923066,12.686567164179094,13,13,13,True
92974124,8595,human_candidate,nloc,335.0,364.94444444444446,29.944444444444457,8.938640132669986,18,18,18,True
92974124,8595,human_candidate,avg_ccn,2.4950645732903687,2.585200363039953,0.09013578974958447,3.612563406754552,18,18,18,True
92974124,8595,human_candidate,function_count,32.666666666666664,35.5,2.8333333333333357,8.67346938775511,18,18,18,True
92974124,8605,human_candidate,nloc,1557.0,1558.0,1.0,0.06422607578676943,1,1,1,True
92974124,8605,human_candidate,avg_ccn,1.368421052631579,1.368421052631579,0.0,0.0,1,1,1,True
92974124,8605,human_candidate,function_count,247.0,247.0,0.0,0.0,1,1,1,True
93882897,7714,agentic,nloc,2516.285714285714,2522.6428571428573,6.357142857143117,0.25263994549790975,14,14,14,True
93882897,7714,agentic,avg_ccn,5.728105759362405,5.800957260834424,0.07285150147201858,1.2718253561038941,14,14,14,True
93882897,7714,agentic,function_count,130.64285714285714,130.85714285714286,0.2142857142857224,0.16402405686167926,14,14,14,True
93882897,10803,agentic,nloc,5491.0,5518.333333333333,27.33333333333303,0.49778425302008794,3,3,3,True
93882897,10803,agentic,avg_ccn,6.002610352610353,5.262304216251585,-0.7403061363587682,-12.33306999573663,3,3,3,True
93882897,10803,agentic,function_count,212.33333333333334,214.0,1.6666666666666572,0.7849293563579233,3,3,3,True
99262683,7348,agentic,nloc,131.0,149.0,18.0,13.740458015267176,2,2,2,True
99262683,7348,agentic,avg_ccn,10.0,5.4,-4.6,-45.99999999999999,2,2,1,True
99262683,7348,agentic,function_count,1.0,2.5,1.5,150.0,2,2,2,True
99705100,9446,human_candidate,nloc,49.733333333333334,51.93333333333333,2.1999999999999957,4.423592493297578,15,15,15,True
99705100,9446,human_candidate,avg_ccn,1.4904761904761905,1.4904761904761905,0.0,0.0,15,15,7,True
99705100,9446,human_candidate,function_count,2.466666666666667,2.466666666666667,0.0,0.0,15,15,15,True
100061716,33753,human_candidate,nloc,156.0,178.5,22.5,14.423076923076923,2,2,2,True
100061716,33753,human_candidate,avg_ccn,2.5,3.25,0.75,30.0,2,2,1,True
100061716,33753,human_candidate,function_count,1.0,2.0,1.0,100.0,2,2,2,True
100061716,33775,human_candidate,nloc,301.6666666666667,313.8333333333333,12.166666666666629,4.033149171270705,6,6,6,True
100061716,33775,human_candidate,avg_ccn,3.5195005611672276,3.3093746929953824,-0.2101258681718452,-5.97033199796274,6,6,6,True
100061716,33775,human_candidate,function_count,12.333333333333334,14.666666666666666,2.333333333333332,18.91891891891891,6,6,6,True
100061716,33814,human_candidate,nloc,355.0,364.0,9.0,2.535211267605634,1,1,1,True
100061716,33814,human_candidate,avg_ccn,2.75,2.8125,0.0625,2.272727272727273,1,1,1,True
100061716,33814,human_candidate,function_count,16.0,16.0,0.0,0.0,1,1,1,True
100061716,35561,human_candidate,nloc,339.8125,383.125,43.3125,12.745999632150083,16,16,16,True
100061716,35561,human_candidate,avg_ccn,3.703406921530971,3.282218722432538,-0.42118819909843275,-11.372992707058925,16,16,16,True
100061716,35561,human_candidate,function_count,11.625,15.9375,4.3125,37.096774193548384,16,16,16,True
101194285,8661,human_candidate,nloc,475.0,502.6666666666667,27.666666666666686,5.824561403508777,3,3,3,True
101194285,8661,human_candidate,avg_ccn,2.2726591760299626,1.7090062111801243,-0.5636529648498383,-24.801473568705806,3,3,3,True
101194285,8661,human_candidate,function_count,32.0,34.666666666666664,2.6666666666666643,8.333333333333325,3,3,3,True
101194285,8825,human_candidate,nloc,433.25,434.75,1.5,0.3462204270051933,4,4,4,True
101194285,8825,human_candidate,avg_ccn,3.8177740863787375,3.7270764119601334,-0.0906976744186041,-2.3756689727189517,4,4,4,True
101194285,8825,human_candidate,function_count,24.5,24.5,0.0,0.0,4,4,4,True
101194285,9054,human_candidate,nloc,64.14285714285714,61.142857142857146,-2.999999999999993,-4.677060133630279,7,7,7,True
101194285,9054,human_candidate,avg_ccn,2.7092391304347827,2.2092391304347827,-0.5,-18.455366098294885,7,7,4,True
101194285,9054,human_candidate,function_count,4.571428571428571,4.571428571428571,0.0,0.0,7,7,7,True
101194285,9208,agentic,nloc,1056.0,940.0,-116.0,-10.984848484848484,3,3,3,True
101194285,9208,agentic,avg_ccn,2.5628991230886684,2.5275499148738585,-0.03534920821480991,-1.379266468053918,3,3,3,True
101194285,9208,agentic,function_count,85.33333333333333,87.0,1.6666666666666714,1.9531250000000056,3,3,3,True
101194285,9581,human_candidate,nloc,274.5,270.5,-4.0,-1.4571948998178506,2,2,2,True
101194285,9581,human_candidate,avg_ccn,1.7580645161290323,1.75,-0.008064516129032251,-0.4587155963302748,2,2,2,True
101194285,9581,human_candidate,function_count,23.0,23.5,0.5,2.1739130434782608,2,2,2,True
101194285,9627,human_candidate,nloc,20.333333333333332,21.0,0.6666666666666679,3.27868852459017,3,3,3,True
101194285,9627,human_candidate,avg_ccn,1.0,1.0,0.0,0.0,3,3,3,True
101194285,9627,human_candidate,function_count,2.3333333333333335,2.3333333333333335,0.0,0.0,3,3,3,True
101194285,9834,human_candidate,nloc,182.0,182.0,0.0,0.0,3,3,3,True
101194285,9834,human_candidate,avg_ccn,4.905555555555556,4.905555555555556,0.0,0.0,3,3,3,True
101194285,9834,human_candidate,function_count,7.666666666666667,7.666666666666667,0.0,0.0,3,3,3,True
101194285,9943,agentic,nloc,251.0,192.0,-59.0,-23.50597609561753,1,1,1,True
101194285,9943,agentic,avg_ccn,3.125,1.625,-1.5,-48.0,1,1,1,True
101194285,9943,agentic,function_count,16.0,16.0,0.0,0.0,1,1,1,True
101194285,10065,human_candidate,nloc,865.5,868.0,2.5,0.28885037550548814,2,2,2,True
101194285,10065,human_candidate,avg_ccn,3.0919540229885056,3.0919540229885056,0.0,0.0,2,2,2,True
101194285,10065,human_candidate,function_count,58.0,58.0,0.0,0.0,2,2,2,True
101194285,10172,agentic,nloc,150.625,150.75,0.125,0.08298755186721991,8,8,8,True
101194285,10172,agentic,avg_ccn,2.1885416666666666,2.1885416666666666,0.0,0.0,8,8,8,True
101194285,10172,agentic,function_count,9.25,9.25,0.0,0.0,8,8,8,True
101194285,10232,agentic,nloc,146.5,170.0,23.5,16.040955631399317,2,2,2,True
101194285,10232,agentic,avg_ccn,1.0,1.0,0.0,0.0,2,2,1,True
101194285,10232,agentic,function_count,1.0,1.5,0.5,50.0,2,2,2,True
101194285,10520,human_candidate,nloc,113.0,109.33333333333333,-3.6666666666666714,-3.2448377581120984,3,3,3,True
101194285,10520,human_candidate,avg_ccn,2.0804597701149428,2.0773809523809526,-0.0030788177339902134,-0.14798737174428095,3,3,2,True
101194285,10520,human_candidate,function_count,12.666666666666666,12.333333333333334,-0.33333333333333215,-2.631578947368412,3,3,3,True
101194285,10590,agentic,nloc,319.27272727272725,323.27272727272725,4.0,1.2528473804100229,11,11,11,True
101194285,10590,agentic,avg_ccn,2.6937685850372897,2.8153461581600965,0.12157757312280681,4.513289441346864,11,11,11,True
101194285,10590,agentic,function_count,22.181818181818183,22.363636363636363,0.18181818181817988,0.8196721311475322,11,11,11,True
101194285,10777,agentic,nloc,243.69230769230768,244.15384615384616,0.4615384615384812,0.18939393939394747,13,13,13,True
101194285,10777,agentic,avg_ccn,2.820015466232021,2.7978709440874994,-0.022144522144521783,-0.7852624359578533,13,13,13,True
101194285,10777,agentic,function_count,15.923076923076923,16.0,0.07692307692307665,0.4830917874396118,13,13,13,True
101194285,10858,agentic,nloc,243.69230769230768,243.92307692307693,0.23076923076925482,0.09469696969697958,13,13,13,True
101194285,10858,agentic,avg_ccn,2.820015466232021,2.7943744405909956,-0.02564102564102555,-0.9092512416354207,13,13,13,True
101194285,10858,agentic,function_count,15.923076923076923,16.0,0.07692307692307665,0.4830917874396118,13,13,13,True
101194285,10985,agentic,nloc,417.4,441.4,24.0,5.749880210828941,10,10,10,True
101194285,10985,agentic,avg_ccn,2.36800431766376,2.431933943714989,0.06392962605122898,2.6997259073539634,10,10,10,True
101194285,10985,agentic,function_count,27.5,28.3,0.8000000000000007,2.909090909090912,10,10,10,True
101194285,11007,human_candidate,nloc,295.0,295.6,0.6000000000000227,0.20338983050848228,5,5,5,True
101194285,11007,human_candidate,avg_ccn,3.374126984126984,3.374126984126984,0.0,0.0,5,5,5,True
101194285,11007,human_candidate,function_count,16.4,16.4,0.0,0.0,5,5,5,True
101194285,11241,agentic,nloc,617.3333333333334,623.0,5.666666666666629,0.9179265658747239,3,3,3,True
101194285,11241,agentic,avg_ccn,4.058662280701754,4.0421802054155,-0.01648207528625445,-0.4060962491169542,3,3,3,True
101194285,11241,agentic,function_count,28.333333333333332,26.0,-2.333333333333332,-8.235294117647054,3,3,3,True
101194285,11297,human_candidate,nloc,568.5,580.3333333333334,11.833333333333371,2.0815010260920617,6,6,6,True
101194285,11297,human_candidate,avg_ccn,2.3287604825896726,2.3172075833366157,-0.011552899253056914,-0.4960965002381713,6,6,6,True
101194285,11297,human_candidate,function_count,41.666666666666664,43.333333333333336,1.6666666666666714,4.0000000000000115,6,6,6,True
101194285,11323,human_candidate,nloc,213.42307692307693,226.53846153846155,13.115384615384613,6.145251396648044,26,26,26,True
101194285,11323,human_candidate,avg_ccn,1.966622957779755,1.9326352611977724,-0.03398769658198253,-1.7282263713809887,26,26,26,True
101194285,11323,human_candidate,function_count,15.0,15.615384615384615,0.615384615384615,4.1025641025640995,26,26,26,True
101194285,11349,human_candidate,nloc,138.0,129.5,-8.5,-6.159420289855072,2,2,2,True
101194285,11349,human_candidate,avg_ccn,2.5357142857142856,2.6,0.0642857142857145,2.5352112676056424,2,2,2,True
101194285,11349,human_candidate,function_count,9.5,9.5,0.0,0.0,2,2,2,True
101194285,11495,human_candidate,nloc,126.22727272727273,130.45454545454547,4.227272727272734,3.3489377025567206,22,22,22,True
101194285,11495,human_candidate,avg_ccn,1.8409006774524772,1.8675027278097869,0.02660205035730967,1.4450562533402296,22,22,20,True
101194285,11495,human_candidate,function_count,13.863636363636363,14.045454545454545,0.18181818181818166,1.3114754098360644,22,22,22,True
101194285,11673,human_candidate,nloc,469.5,490.0,20.5,4.366347177848775,2,2,2,True
101194285,11673,human_candidate,avg_ccn,2.3194444444444446,2.5691421254801536,0.249697681035709,10.765409002737153,2,2,2,True
101194285,11673,human_candidate,function_count,40.5,41.0,0.5,1.2345679012345678,2,2,2,True
101194285,11675,human_candidate,nloc,844.0,845.0,1.0,0.11848341232227488,1,1,1,True
101194285,11675,human_candidate,avg_ccn,2.7746478873239435,2.7746478873239435,0.0,0.0,1,1,1,True
101194285,11675,human_candidate,function_count,71.0,71.0,0.0,0.0,1,1,1,True
101194285,11693,human_candidate,nloc,157.25,170.9375,13.6875,8.70429252782194,16,16,16,True
101194285,11693,human_candidate,avg_ccn,2.2053094116977734,2.3113973439466964,0.10608793224892299,4.810569060567806,16,16,9,True
101194285,11693,human_candidate,function_count,11.1875,11.625,0.4375,3.910614525139665,16,16,16,True
101194285,11848,human_candidate,nloc,129.41666666666666,144.41666666666666,15.0,11.59047005795235,12,12,12,True
101194285,11848,human_candidate,avg_ccn,2.7151018572071206,2.4429444012777344,-0.2721574559293862,-10.023839628961102,12,12,9,True
101194285,11848,human_candidate,function_count,7.666666666666667,9.583333333333334,1.916666666666667,25.0,12,12,12,True
102692863,7057,agentic,nloc,339.0,446.0,107.0,31.563421828908556,1,1,1,True
102692863,7057,agentic,avg_ccn,5.352941176470588,5.8,0.44705882352941195,8.351648351648356,1,1,1,True
102692863,7057,agentic,function_count,17.0,20.0,3.0,17.647058823529413,1,1,1,True
102692863,7820,agentic,nloc,345.0,423.0,78.0,22.608695652173914,1,1,1,True
102692863,7820,agentic,avg_ccn,5.352941176470588,6.111111111111111,0.7581699346405228,14.163614163614165,1,1,1,True
102692863,7820,agentic,function_count,17.0,18.0,1.0,5.882352941176471,1,1,1,True
102692863,7920,human_candidate,nloc,345.0,474.0,129.0,37.391304347826086,1,1,1,True
102692863,7920,human_candidate,avg_ccn,5.352941176470588,6.2105263157894735,0.8575851393188856,16.02082128397918,1,1,1,True
102692863,7920,human_candidate,function_count,17.0,19.0,2.0,11.764705882352942,1,1,1,True
104670293,545,agentic,nloc,531.0,540.0,9.0,1.694915254237288,2,2,2,True
104670293,545,agentic,avg_ccn,2.3148880105401846,2.3109090909090906,-0.00397891963109398,-0.17188389299944967,2,2,2,True
104670293,545,agentic,function_count,28.0,29.0,1.0,3.5714285714285716,2,2,2,True
105363726,2688,agentic,nloc,156.5,160.75,4.25,2.7156549520766773,8,8,8,True
105363726,2688,agentic,avg_ccn,2.329365079365079,2.2525664811379094,-0.07679859822716972,-3.2969755968052423,8,8,7,True
105363726,2688,agentic,function_count,8.625,8.375,-0.25,-2.898550724637681,8,8,8,True
105997676,8143,human_candidate,nloc,55.0,56.0,1.0,1.8181818181818181,1,1,1,True
105997676,8143,human_candidate,avg_ccn,3.25,3.25,0.0,0.0,1,1,1,True
105997676,8143,human_candidate,function_count,4.0,4.0,0.0,0.0,1,1,1,True
111333972,51,agentic,nloc,224.66666666666666,228.66666666666666,4.0,1.7804154302670623,3,3,3,True
111333972,51,agentic,avg_ccn,2.4632352941176467,2.4793650793650794,0.016129785247432693,0.6548211324330885,3,3,2,True
111333972,51,agentic,function_count,26.0,26.666666666666668,0.6666666666666679,2.5641025641025688,3,3,3,True
114798676,3288,agentic,nloc,160.0,161.0,1.0,0.625,1,1,1,True
114798676,3288,agentic,avg_ccn,3.727272727272727,3.8181818181818183,0.09090909090909127,2.439024390243912,1,1,1,True
114798676,3288,agentic,function_count,11.0,11.0,0.0,0.0,1,1,1,True
115110181,10196,human_candidate,nloc,7409.466666666666,7408.333333333333,-1.133333333333212,-0.015295747782114935,15,15,15,True
115110181,10196,human_candidate,avg_ccn,28.30744213386906,28.23667564545551,-0.07076648841355038,-0.2499925216799446,15,15,15,True
115110181,10196,human_candidate,function_count,146.8,146.86666666666667,0.06666666666666288,0.045413260672113674,15,15,15,True
115110181,10380,human_candidate,nloc,667.6666666666666,654.3333333333334,-13.333333333333258,-1.9970044932600985,3,3,3,True
115110181,10380,human_candidate,avg_ccn,2.103516732841747,2.103516732841747,0.0,0.0,3,3,3,True
115110181,10380,human_candidate,function_count,43.0,46.333333333333336,3.3333333333333357,7.75193798449613,3,3,3,True
115110181,10514,human_candidate,nloc,395.57142857142856,400.42857142857144,4.85714285714289,1.227880101119546,7,7,7,True
115110181,10514,human_candidate,avg_ccn,4.289724405549703,4.317862978524743,0.028138572975040077,0.655952931116895,7,7,6,True
115110181,10514,human_candidate,function_count,22.285714285714285,22.857142857142858,0.571428571428573,2.564102564102571,7,7,7,True
115110181,10606,human_candidate,nloc,363.0,377.0,14.0,3.8567493112947657,1,1,1,True
115110181,10606,human_candidate,avg_ccn,4.733333333333333,4.5,-0.2333333333333334,-4.929577464788734,1,1,1,True
115110181,10606,human_candidate,function_count,15.0,16.0,1.0,6.666666666666667,1,1,1,True
115110181,10664,human_candidate,nloc,156.0,188.0,32.0,20.512820512820515,1,1,1,True
115110181,10664,human_candidate,avg_ccn,1.0,1.6666666666666667,0.6666666666666667,66.66666666666667,1,1,1,True
115110181,10664,human_candidate,function_count,4.0,6.0,2.0,50.0,1,1,1,True
115110181,10676,human_candidate,nloc,447.1875,456.4375,9.25,2.06848357791754,16,16,16,True
115110181,10676,human_candidate,avg_ccn,2.2351968737102683,2.243928491357327,0.008731617647058876,0.3906419944371616,16,16,16,True
115110181,10676,human_candidate,function_count,31.125,32.25,1.125,3.6144578313253013,16,16,16,True
115110181,10772,human_candidate,nloc,155.0,112.0,-43.0,-27.741935483870968,2,2,2,True
115110181,10772,human_candidate,avg_ccn,1.1904761904761905,1.3333333333333335,0.14285714285714302,12.000000000000014,2,2,2,True
115110181,10772,human_candidate,function_count,17.5,8.5,-9.0,-51.42857142857143,2,2,2,True
115110181,10805,human_candidate,nloc,837.3333333333334,842.3333333333334,5.0,0.5971337579617834,3,3,3,True
115110181,10805,human_candidate,avg_ccn,3.5904754713181806,3.4960252935862695,-0.09445017773191111,-2.630575768764001,3,3,3,True
115110181,10805,human_candidate,function_count,25.666666666666668,26.333333333333332,0.6666666666666643,2.597402597402588,3,3,3,True
115110181,10817,human_candidate,nloc,214.0,214.0,0.0,0.0,1,1,1,True
115110181,10817,human_candidate,avg_ccn,1.5555555555555556,1.5555555555555556,0.0,0.0,1,1,1,True
115110181,10817,human_candidate,function_count,18.0,18.0,0.0,0.0,1,1,1,True
115110181,10833,human_candidate,nloc,3132.0,3132.0,0.0,0.0,1,1,1,True
115110181,10833,human_candidate,avg_ccn,2.061224489795918,2.061224489795918,0.0,0.0,1,1,1,True
115110181,10833,human_candidate,function_count,245.0,245.0,0.0,0.0,1,1,1,True
115110181,10862,human_candidate,nloc,2199.0,2200.0,1.0,0.04547521600727603,1,1,1,True
115110181,10862,human_candidate,avg_ccn,14.485714285714286,14.485714285714286,0.0,0.0,1,1,1,True
115110181,10862,human_candidate,function_count,35.0,35.0,0.0,0.0,1,1,1,True
115110181,11310,human_candidate,nloc,64.9,59.5,-5.400000000000006,-8.320493066255786,20,20,20,True
115110181,11310,human_candidate,avg_ccn,1.4445887445887446,1.4919191919191919,0.04733044733044722,3.2763959644391094,20,20,15,True
115110181,11310,human_candidate,function_count,1.95,1.75,-0.19999999999999996,-10.256410256410255,20,20,20,True
115110181,11673,agentic,nloc,2726.0,2735.3333333333335,9.333333333333485,0.3423820004891227,3,3,3,True
115110181,11673,agentic,avg_ccn,3.91017871017871,3.550967012205733,-0.35921169797297736,-9.18658006699034,3,3,3,True
115110181,11673,agentic,function_count,60.666666666666664,82.0,21.333333333333336,35.16483516483517,3,3,3,True
115110181,11852,agentic,nloc,1173.3076923076924,1197.7692307692307,24.46153846153834,2.084835770012446,13,13,13,True
115110181,11852,agentic,avg_ccn,3.4705200863010863,3.5915667463170386,0.12104666001595232,3.4878536071221826,13,13,12,True
115110181,11852,agentic,function_count,44.53846153846154,44.92307692307692,0.3846153846153797,0.8635578583765001,13,13,13,True
115110181,11853,agentic,nloc,951.8947368421053,976.6842105263158,24.78947368421052,2.6042242618600016,19,19,19,True
115110181,11853,agentic,avg_ccn,5.280399463648766,5.223032281057647,-0.05736718259111839,-1.0864174762921737,19,19,19,True
115110181,11853,agentic,function_count,49.05263157894737,50.26315789473684,1.2105263157894726,2.467811158798281,19,19,19,True
115110181,11855,agentic,nloc,3986.0,3892.5,-93.5,-2.3457099849473155,2,2,2,True
115110181,11855,agentic,avg_ccn,4.739493996569468,4.7716021602160215,0.03210816364655322,0.6774597387356898,2,2,2,True
115110181,11855,agentic,function_count,111.5,106.5,-5.0,-4.484304932735426,2,2,2,True
115110181,11856,agentic,nloc,157.825,167.1,9.275000000000006,5.8767622366545265,40,40,40,True
115110181,11856,agentic,avg_ccn,1.9570404002620823,1.8884519104084323,-0.06858848985364996,-3.5047048514923222,40,40,40,True
115110181,11856,agentic,function_count,6.175,7.475,1.2999999999999998,21.052631578947363,40,40,40,True
115110181,11859,agentic,nloc,850.8888888888889,874.0,23.111111111111086,2.7161138678506105,9,9,9,True
115110181,11859,agentic,avg_ccn,3.531236415776646,3.563112598855901,0.03187618307925533,0.9026918429148735,9,9,9,True
115110181,11859,agentic,function_count,40.0,40.77777777777778,0.7777777777777786,1.9444444444444464,9,9,9,True
115110181,11870,agentic,nloc,533.0,554.0,21.0,3.9399624765478425,1,1,1,True
115110181,11870,agentic,avg_ccn,2.238095238095238,2.2857142857142856,0.04761904761904745,2.1276595744680775,1,1,1,True
115110181,11870,agentic,function_count,42.0,42.0,0.0,0.0,1,1,1,True
115110181,11874,human_candidate,nloc,257.6,260.6,3.0,1.1645962732919253,5,5,5,True
115110181,11874,human_candidate,avg_ccn,2.0436829904375546,2.038127434881999,-0.005555555555555536,-0.27184037747293116,5,5,5,True
115110181,11874,human_candidate,function_count,15.8,16.0,0.1999999999999993,1.265822784810122,5,5,5,True
115110181,11879,agentic,nloc,729.0,792.5,63.5,8.710562414266118,2,2,2,True
115110181,11879,agentic,avg_ccn,2.0272133526850507,2.104588394062078,0.07737504137702755,3.816817863524037,2,2,2,True
115110181,11879,agentic,function_count,59.5,63.5,4.0,6.722689075630252,2,2,2,True
115110181,11894,agentic,nloc,726.2,734.8,8.599999999999909,1.1842467639768532,5,5,5,True
115110181,11894,agentic,avg_ccn,1.8842807492357718,1.8820279146141214,-0.002252834621650379,-0.11955939275843505,5,5,5,True
115110181,11894,agentic,function_count,42.8,43.4,0.6000000000000014,1.4018691588785082,5,5,5,True
115110181,11895,agentic,nloc,726.2,734.8,8.599999999999909,1.1842467639768532,5,5,5,True
115110181,11895,agentic,avg_ccn,1.8842807492357718,1.8820279146141214,-0.002252834621650379,-0.11955939275843505,5,5,5,True
115110181,11895,agentic,function_count,42.8,43.4,0.6000000000000014,1.4018691588785082,5,5,5,True
116150224,1069,agentic,nloc,3181.0,3186.0,5.0,0.15718327569946558,1,1,1,True
116150224,1069,agentic,avg_ccn,6.793893129770993,6.793893129770993,0.0,0.0,1,1,1,True
116150224,1069,agentic,function_count,131.0,131.0,0.0,0.0,1,1,1,True
116150224,1140,agentic,nloc,445.0,464.0,19.0,4.269662921348314,2,2,2,True
116150224,1140,agentic,avg_ccn,4.760416666666666,4.774122807017544,0.013706140350877583,0.2879189220315641,2,2,2,True
116150224,1140,agentic,function_count,14.0,15.5,1.5,10.714285714285714,2,2,2,True
117757315,5062,agentic,nloc,296.5,333.0,36.5,12.310286677908937,2,2,2,True
117757315,5062,agentic,avg_ccn,1.813793103448276,1.8776119402985074,0.06381883685023149,3.5185290278644734,2,2,2,True
117757315,5062,agentic,function_count,39.0,43.5,4.5,11.538461538461538,2,2,2,True
117757315,5826,human_candidate,nloc,532.0,532.0,0.0,0.0,1,1,1,True
117757315,5826,human_candidate,avg_ccn,4.2,4.2,0.0,0.0,1,1,1,True
117757315,5826,human_candidate,function_count,20.0,20.0,0.0,0.0,1,1,1,True
119536149,21,agentic,nloc,126.77777777777777,152.33333333333334,25.55555555555557,20.157756354075385,9,9,9,True
119536149,21,agentic,avg_ccn,3.59074074074074,4.276984126984128,0.6862433862433877,19.111471303322816,9,9,9,True
119536149,21,agentic,function_count,5.666666666666667,6.222222222222222,0.5555555555555554,9.803921568627446,9,9,9,True
119536149,22,agentic,nloc,150.75,231.0,80.25,53.233830845771145,4,4,4,True
119536149,22,agentic,avg_ccn,5.0946428571428575,5.736111111111111,0.6414682539682532,12.591034778206161,4,4,4,True
119536149,22,agentic,function_count,6.0,9.0,3.0,50.0,4,4,4,True
121814210,7249,agentic,nloc,743.0,771.0,28.0,3.768506056527591,1,1,1,True
121814210,7249,agentic,avg_ccn,1.0,1.0,0.0,0.0,1,1,1,True
121814210,7249,agentic,function_count,1.0,1.0,0.0,0.0,1,1,1,True
121814210,7309,agentic,nloc,643.0,635.0,-8.0,-1.244167962674961,1,1,1,True
121814210,7309,agentic,avg_ccn,1.0,1.0,0.0,0.0,1,1,1,True
121814210,7309,agentic,function_count,1.0,1.0,0.0,0.0,1,1,1,True
121814210,7367,agentic,nloc,25.333333333333332,31.0,5.666666666666668,22.368421052631582,3,3,3,True
121814210,7367,agentic,avg_ccn,1.0,1.0,0.0,0.0,3,3,2,True
121814210,7367,agentic,function_count,1.6666666666666667,2.0,0.33333333333333326,19.999999999999996,3,3,3,True
121814210,7369,agentic,nloc,506.3333333333333,509.0,2.6666666666666856,0.5266622778143553,3,3,3,True
121814210,7369,agentic,avg_ccn,1.4866013071895425,1.647680690399137,0.16107938320959447,10.835412455954256,3,3,3,True
121814210,7369,agentic,function_count,41.333333333333336,42.0,0.6666666666666643,1.6129032258064457,3,3,3,True
121814210,7372,agentic,nloc,208.0,218.0,10.0,4.8076923076923075,1,1,1,True
121814210,7372,agentic,avg_ccn,2.6,2.5454545454545454,-0.054545454545454675,-2.097902097902103,1,1,1,True
121814210,7372,agentic,function_count,20.0,22.0,2.0,10.0,1,1,1,True
121814210,7373,agentic,nloc,130.5,144.5,14.0,10.727969348659004,2,2,2,True
121814210,7373,agentic,avg_ccn,1.3289473684210527,1.3289473684210527,0.0,0.0,2,2,2,True
121814210,7373,agentic,function_count,11.5,11.5,0.0,0.0,2,2,2,True
121814210,7374,agentic,nloc,130.5,129.5,-1.0,-0.7662835249042146,2,2,2,True
121814210,7374,agentic,avg_ccn,1.3289473684210527,1.3289473684210527,0.0,0.0,2,2,2,True
121814210,7374,agentic,function_count,11.5,11.5,0.0,0.0,2,2,2,True
121814210,7375,agentic,nloc,167.0,144.5,-22.5,-13.47305389221557,2,2,2,True
121814210,7375,agentic,avg_ccn,2.071428571428571,1.3289473684210527,-0.7424812030075185,-35.84392014519055,2,2,2,True
121814210,7375,agentic,function_count,12.5,11.5,-1.0,-8.0,2,2,2,True
121814210,7386,agentic,nloc,414.5,421.5,7.0,1.6887816646562124,2,2,2,True
121814210,7386,agentic,avg_ccn,1.8048543689320389,1.8143781784558484,0.00952380952380949,0.5276774507543719,2,2,2,True
121814210,7386,agentic,function_count,61.5,62.0,0.5,0.8130081300813008,2,2,2,True
121814210,7393,agentic,nloc,172.0,212.25,40.25,23.401162790697676,4,4,4,True
121814210,7393,agentic,avg_ccn,1.3499999999999999,1.349462365591398,-0.0005376344086018836,-0.03982477100754694,4,4,3,True
121814210,7393,agentic,function_count,19.25,22.25,3.0,15.584415584415584,4,4,4,True
121814210,7402,agentic,nloc,156.0,169.0,13.0,8.333333333333334,1,1,1,True
121814210,7402,agentic,avg_ccn,7.666666666666667,8.666666666666666,0.9999999999999991,13.043478260869554,1,1,1,True
121814210,7402,agentic,function_count,6.0,6.0,0.0,0.0,1,1,1,True
121814210,7409,agentic,nloc,420.0,421.0,1.0,0.23809523809523808,1,1,1,True
121814210,7409,agentic,avg_ccn,3.84,3.84,0.0,0.0,1,1,1,True
121814210,7409,agentic,function_count,25.0,25.0,0.0,0.0,1,1,1,True
121814210,7410,agentic,nloc,57.0,59.0,2.0,3.508771929824561,1,1,1,True
121814210,7410,agentic,avg_ccn,2.1,2.0,-0.10000000000000009,-4.761904761904766,1,1,1,True
121814210,7410,agentic,function_count,10.0,11.0,1.0,10.0,1,1,1,True
121814210,7411,agentic,nloc,420.0,442.0,22.0,5.238095238095238,1,1,1,True
121814210,7411,agentic,avg_ccn,3.84,4.615384615384615,0.7753846153846151,20.192307692307686,1,1,1,True
121814210,7411,agentic,function_count,25.0,26.0,1.0,4.0,1,1,1,True
121814210,7414,agentic,nloc,418.0,442.0,24.0,5.741626794258373,1,1,1,True
121814210,7414,agentic,avg_ccn,3.84,4.615384615384615,0.7753846153846151,20.192307692307686,1,1,1,True
121814210,7414,agentic,function_count,25.0,26.0,1.0,4.0,1,1,1,True
121814210,7424,agentic,nloc,144.0,159.5,15.5,10.76388888888889,4,4,4,True
121814210,7424,agentic,avg_ccn,3.8666666666666667,3.8630630630630627,-0.003603603603604011,-0.09319664492079338,4,4,3,True
121814210,7424,agentic,function_count,10.5,12.25,1.75,16.666666666666668,4,4,4,True
121814210,7555,human_candidate,nloc,264.0,354.0,90.0,34.09090909090909,2,2,2,True
121814210,7555,human_candidate,avg_ccn,2.1666666666666665,4.666666666666667,2.5000000000000004,115.38461538461542,2,2,1,True
121814210,7555,human_candidate,function_count,3.0,1.5,-1.5,-50.0,2,2,2,True
121814210,7600,human_candidate,nloc,245.0,271.0,26.0,10.612244897959183,1,1,1,True
121814210,7600,human_candidate,avg_ccn,3.6,4.1,0.49999999999999956,13.888888888888877,1,1,1,True
121814210,7600,human_candidate,function_count,10.0,10.0,0.0,0.0,1,1,1,True
121814210,7633,agentic,nloc,187.2,142.2,-45.0,-24.03846153846154,5,5,5,True
121814210,7633,agentic,avg_ccn,1.4230769230769231,1.3217768147345612,-0.10130010834236192,-7.1183859916254315,5,5,3,True
121814210,7633,agentic,function_count,21.2,17.8,-3.3999999999999986,-16.0377358490566,5,5,5,True
121814210,7847,agentic,nloc,622.0,636.5,14.5,2.3311897106109325,2,2,2,True
121814210,7847,agentic,avg_ccn,2.0961538461538463,2.037037037037037,-0.059116809116809055,-2.820251444104652,2,2,2,True
121814210,7847,agentic,function_count,41.5,42.0,0.5,1.2048192771084338,2,2,2,True
121814210,7848,agentic,nloc,732.0,717.0,-15.0,-2.0491803278688523,3,3,3,True
121814210,7848,agentic,avg_ccn,1.8418803418803418,1.8357487922705313,-0.006131549609810438,-0.33289619691314215,3,3,3,True
121814210,7848,agentic,function_count,28.666666666666668,27.666666666666668,-1.0,-3.488372093023256,3,3,3,True
124948838,5152,agentic,nloc,69.0,106.0,37.0,53.6231884057971,1,1,1,True
124948838,5152,agentic,avg_ccn,1.1,1.25,0.1499999999999999,13.636363636363628,1,1,1,True
124948838,5152,agentic,function_count,10.0,16.0,6.0,60.0,1,1,1,True
126178683,7644,agentic,nloc,85.0,107.14285714285714,22.14285714285714,26.05042016806722,7,7,7,True
126178683,7644,agentic,avg_ccn,1.4416666666666667,1.6319444444444444,0.19027777777777777,13.198458574181117,7,7,4,True
126178683,7644,agentic,function_count,3.857142857142857,4.571428571428571,0.714285714285714,18.518518518518512,7,7,7,True
126178683,7836,human_candidate,nloc,42.0,42.0,0.0,0.0,1,1,1,True
126178683,7836,human_candidate,avg_ccn,2.5,2.5,0.0,0.0,1,1,1,True
126178683,7836,human_candidate,function_count,2.0,2.0,0.0,0.0,1,1,1,True
126178683,7930,human_candidate,nloc,42.4375,41.0625,-1.375,-3.240058910162003,16,16,16,True
126178683,7930,human_candidate,avg_ccn,1.6666666666666667,1.6666666666666667,0.0,0.0,16,16,3,True
126178683,7930,human_candidate,function_count,0.1875,1.3125,1.125,600.0,16,16,16,True
126178683,9856,agentic,nloc,369.3333333333333,370.0,0.6666666666666856,0.18050541516246002,3,3,3,True
126178683,9856,agentic,avg_ccn,2.1481481481481484,2.1481481481481484,0.0,0.0,3,3,3,True
126178683,9856,agentic,function_count,7.666666666666667,7.666666666666667,0.0,0.0,3,3,3,True
126178683,10022,agentic,nloc,191.5,194.25,2.75,1.4360313315926894,4,4,4,True
126178683,10022,agentic,avg_ccn,1.5598214285714287,1.4674242424242425,-0.09239718614718617,-5.923574612756068,4,4,4,True
126178683,10022,agentic,function_count,12.5,12.75,0.25,2.0,4,4,4,True
126178683,10024,agentic,nloc,119.25,184.25,65.0,54.507337526205454,4,4,4,True
126178683,10024,agentic,avg_ccn,1.4479166666666667,1.584077380952381,0.1361607142857142,9.403905447070908,4,4,4,True
126178683,10024,agentic,function_count,9.25,12.0,2.75,29.72972972972973,4,4,4,True
126257942,5533,human_candidate,nloc,260.0,269.0,9.0,3.4615384615384617,1,1,1,True
126257942,5533,human_candidate,avg_ccn,4.846153846153846,4.642857142857143,-0.20329670329670257,-4.195011337868466,1,1,1,True
126257942,5533,human_candidate,function_count,13.0,14.0,1.0,7.6923076923076925,1,1,1,True
126257942,5821,human_candidate,nloc,800.6666666666666,841.0,40.33333333333337,5.037468776019988,3,3,3,True
126257942,5821,human_candidate,avg_ccn,6.453222453222453,6.313420621931261,-0.13980183129119172,-2.1663879140162123,3,3,2,True
126257942,5821,human_candidate,function_count,21.0,24.666666666666668,3.666666666666668,17.460317460317466,3,3,3,True
126849511,361,agentic,nloc,377.0,377.8333333333333,0.8333333333333144,0.22104332449159533,6,6,6,True
126849511,361,agentic,avg_ccn,3.0453828641646976,3.0714479274390634,0.026065063274365752,0.8558878944606856,6,6,6,True
126849511,361,agentic,function_count,25.833333333333332,26.166666666666668,0.3333333333333357,1.2903225806451706,6,6,6,True
126897385,3099,human_candidate,nloc,600.0,598.0,-2.0,-0.3333333333333333,1,1,1,True
126897385,3099,human_candidate,avg_ccn,5.333333333333333,5.148148148148148,-0.18518518518518512,-3.472222222222221,1,1,1,True
126897385,3099,human_candidate,function_count,27.0,27.0,0.0,0.0,1,1,1,True
126897385,3117,human_candidate,nloc,278.0,343.0,65.0,23.381294964028775,1,1,1,True
126897385,3117,human_candidate,avg_ccn,4.222222222222222,3.7777777777777777,-0.44444444444444464,-10.526315789473689,1,1,1,True
126897385,3117,human_candidate,function_count,9.0,9.0,0.0,0.0,1,1,1,True
128479644,9001,human_candidate,nloc,107.0,107.0,0.0,0.0,1,1,1,True
128479644,9001,human_candidate,avg_ccn,1.1481481481481481,1.1481481481481481,0.0,0.0,1,1,1,True
128479644,9001,human_candidate,function_count,27.0,27.0,0.0,0.0,1,1,1,True
128479644,9042,human_candidate,nloc,314.5217391304348,317.04347826086956,2.521739130434753,0.8017694221730621,23,23,23,True
128479644,9042,human_candidate,avg_ccn,2.7618158340664736,2.7430727646725956,-0.01874306939387793,-0.6786502257929632,23,23,23,True
128479644,9042,human_candidate,function_count,23.782608695652176,24.82608695652174,1.0434782608695627,4.387568555758673,23,23,23,True
128479644,9089,human_candidate,nloc,192.04347826086956,197.8695652173913,5.826086956521749,3.0337333031469376,23,23,23,True
128479644,9089,human_candidate,avg_ccn,3.780072427572428,3.8162166999667004,0.03614427239427265,0.9561793612902966,23,23,22,True
128479644,9089,human_candidate,function_count,16.26086956521739,16.47826086956522,0.21739130434782794,1.3368983957219367,23,23,23,True
128479644,9338,human_candidate,nloc,408.0,408.25,0.25,0.061274509803921566,4,4,4,True
128479644,9338,human_candidate,avg_ccn,5.015711805555556,5.026822916666667,0.011111111111111072,0.221526107197867,4,4,4,True
128479644,9338,human_candidate,function_count,33.25,33.25,0.0,0.0,4,4,4,True
128479644,9363,human_candidate,nloc,246.5,254.75,8.25,3.3468559837728193,4,4,4,True
128479644,9363,human_candidate,avg_ccn,2.8269230769230766,2.7820512820512824,-0.04487179487179427,-1.5873015873015661,4,4,3,True
128479644,9363,human_candidate,function_count,13.5,13.5,0.0,0.0,4,4,4,True
128479644,9453,human_candidate,nloc,644.0,628.0,-16.0,-2.484472049689441,1,1,1,True
128479644,9453,human_candidate,avg_ccn,5.088235294117647,4.852941176470588,-0.23529411764705888,-4.6242774566474,1,1,1,True
128479644,9453,human_candidate,function_count,34.0,34.0,0.0,0.0,1,1,1,True
128479644,9923,human_candidate,nloc,48.5,48.0,-0.5,-1.0309278350515463,2,2,2,True
128479644,9923,human_candidate,avg_ccn,1.6428571428571428,1.5714285714285714,-0.0714285714285714,-4.34782608695652,2,2,2,True
128479644,9923,human_candidate,function_count,7.0,7.0,0.0,0.0,2,2,2,True
128479644,10035,human_candidate,nloc,331.0,352.0,21.0,6.3444108761329305,1,1,1,True
128479644,10035,human_candidate,avg_ccn,4.6,4.545454545454546,-0.054545454545453786,-1.185770750988126,1,1,1,True
128479644,10035,human_candidate,function_count,20.0,22.0,2.0,10.0,1,1,1,True
128479644,10062,human_candidate,nloc,579.0,579.0,0.0,0.0,1,1,1,True
128479644,10062,human_candidate,avg_ccn,6.44,6.44,0.0,0.0,1,1,1,True
128479644,10062,human_candidate,function_count,25.0,25.0,0.0,0.0,1,1,1,True
128479644,10129,human_candidate,nloc,76.33333333333333,77.0,0.6666666666666714,0.8733624454148534,3,3,3,True
128479644,10129,human_candidate,avg_ccn,3.9722222222222228,4.166666666666667,0.1944444444444442,4.895104895104889,3,3,3,True
128479644,10129,human_candidate,function_count,3.0,3.0,0.0,0.0,3,3,3,True
128479644,10174,human_candidate,nloc,1111.125,1115.875,4.75,0.42749465631679606,8,8,8,True
128479644,10174,human_candidate,avg_ccn,2.647889521851668,2.633338503177295,-0.014551018674372695,-0.5495326959184149,8,8,7,True
128479644,10174,human_candidate,function_count,103.625,104.25,0.625,0.6031363088057901,8,8,8,True
128479644,10260,human_candidate,nloc,200.33333333333334,205.0,4.666666666666657,2.329450915141426,3,3,3,True
128479644,10260,human_candidate,avg_ccn,1.7106280193236714,1.7723801560758083,0.06175213675213698,3.609910281754407,3,3,3,True
128479644,10260,human_candidate,function_count,25.0,25.333333333333332,0.33333333333333215,1.3333333333333286,3,3,3,True
128479644,10272,human_candidate,nloc,146.0,148.0,2.0,1.36986301369863,1,1,1,True
128479644,10272,human_candidate,avg_ccn,2.5555555555555554,2.6666666666666665,0.11111111111111116,4.347826086956524,1,1,1,True
128479644,10272,human_candidate,function_count,9.0,9.0,0.0,0.0,1,1,1,True
128479644,10276,human_candidate,nloc,1985.5,1985.5,0.0,0.0,2,2,2,True
128479644,10276,human_candidate,avg_ccn,1.7570621468926553,1.7570621468926553,0.0,0.0,2,2,2,True
128479644,10276,human_candidate,function_count,182.0,182.0,0.0,0.0,2,2,2,True
128479644,10295,human_candidate,nloc,14.0,19.5,5.5,39.285714285714285,2,2,2,True
128479644,10295,human_candidate,avg_ccn,1.0,1.6666666666666667,0.6666666666666667,66.66666666666667,2,2,1,True
128479644,10295,human_candidate,function_count,1.0,1.5,0.5,50.0,2,2,2,True
128479644,10710,human_candidate,nloc,46.0,47.0,1.0,2.1739130434782608,1,1,1,True
128479644,10710,human_candidate,avg_ccn,1.3076923076923077,1.3076923076923077,0.0,0.0,1,1,1,True
128479644,10710,human_candidate,function_count,13.0,13.0,0.0,0.0,1,1,1,True
128479644,10938,human_candidate,nloc,534.0,546.0,12.0,2.247191011235955,1,1,1,True
128479644,10938,human_candidate,avg_ccn,4.419354838709677,4.483870967741935,0.06451612903225801,1.459854014598539,1,1,1,True
128479644,10938,human_candidate,function_count,31.0,31.0,0.0,0.0,1,1,1,True
128479644,10977,human_candidate,nloc,46.0,49.0,3.0,6.521739130434782,2,2,2,True
128479644,10977,human_candidate,avg_ccn,1.0,1.0384615384615383,0.038461538461538325,3.8461538461538325,2,2,2,True
128479644,10977,human_candidate,function_count,7.5,8.0,0.5,6.666666666666667,2,2,2,True
128479644,11277,human_candidate,nloc,283.0,292.0,9.0,3.1802120141342756,2,2,2,True
128479644,11277,human_candidate,avg_ccn,3.1574074074074074,3.126344086021505,-0.031063321385902398,-0.9838236685271141,2,2,2,True
128479644,11277,human_candidate,function_count,19.5,21.5,2.0,10.256410256410257,2,2,2,True
128479644,11307,human_candidate,nloc,196.0,199.0,3.0,1.530612244897959,1,1,1,True
128479644,11307,human_candidate,avg_ccn,4.0,4.0,0.0,0.0,1,1,1,True
128479644,11307,human_candidate,function_count,7.0,7.0,0.0,0.0,1,1,1,True
128479644,11407,human_candidate,nloc,575.0,572.6666666666666,-2.3333333333333712,-0.40579710144928194,3,3,3,True
128479644,11407,human_candidate,avg_ccn,2.046868686868687,2.0256854256854258,-0.021183261183261415,-1.0349106085387287,3,3,3,True
128479644,11407,human_candidate,function_count,45.333333333333336,46.0,0.6666666666666643,1.4705882352941124,3,3,3,True
128479644,11445,human_candidate,nloc,594.0,608.0,14.0,2.356902356902357,1,1,1,True
128479644,11445,human_candidate,avg_ccn,3.314814814814815,3.388888888888889,0.07407407407407396,2.234636871508376,1,1,1,True
128479644,11445,human_candidate,function_count,54.0,54.0,0.0,0.0,1,1,1,True
128479644,11569,human_candidate,nloc,207.71428571428572,208.57142857142858,0.8571428571428612,0.41265474552957554,7,7,7,True
128479644,11569,human_candidate,avg_ccn,2.671221532091098,2.558110833266113,-0.11311069882498481,-4.234418503524078,7,7,7,True
128479644,11569,human_candidate,function_count,12.857142857142858,13.285714285714286,0.4285714285714288,3.3333333333333353,7,7,7,True
128479644,11650,human_candidate,nloc,299.5,313.5,14.0,4.674457429048414,2,2,2,True
128479644,11650,human_candidate,avg_ccn,1.6015873015873017,1.5801932367149758,-0.02139406487232587,-1.335803852285956,2,2,2,True
128479644,11650,human_candidate,function_count,54.0,57.0,3.0,5.555555555555555,2,2,2,True
128479644,11677,human_candidate,nloc,517.0,520.0,3.0,0.5802707930367504,1,1,1,True
128479644,11677,human_candidate,avg_ccn,4.448275862068965,4.482758620689655,0.0344827586206895,0.775193798449609,1,1,1,True
128479644,11677,human_candidate,function_count,29.0,29.0,0.0,0.0,1,1,1,True
128479644,11695,human_candidate,nloc,365.5,367.5,2.0,0.5471956224350205,2,2,2,True
128479644,11695,human_candidate,avg_ccn,6.035714285714286,6.190476190476191,0.1547619047619051,2.5641025641025696,2,2,2,True
128479644,11695,human_candidate,function_count,10.0,10.0,0.0,0.0,2,2,2,True
128479644,11726,human_candidate,nloc,157.0,156.0,-1.0,-0.6369426751592356,1,1,1,True
128479644,11726,human_candidate,avg_ccn,2.6,2.6,0.0,0.0,1,1,1,True
128479644,11726,human_candidate,function_count,15.0,15.0,0.0,0.0,1,1,1,True
128479644,11731,human_candidate,nloc,76.73333333333333,77.93333333333334,1.2000000000000028,1.563857515204174,15,15,15,True
128479644,11731,human_candidate,avg_ccn,2.317566609977324,2.317566609977324,0.0,0.0,15,15,14,True
128479644,11731,human_candidate,function_count,9.133333333333333,9.133333333333333,0.0,0.0,15,15,15,True
128479644,11794,human_candidate,nloc,86.5,88.5,2.0,2.3121387283236996,2,2,2,True
128479644,11794,human_candidate,avg_ccn,1.9166666666666665,1.9166666666666665,0.0,0.0,2,2,2,True
128479644,11794,human_candidate,function_count,4.5,4.5,0.0,0.0,2,2,2,True
128479644,12090,human_candidate,nloc,2060.5,2061.5,1.0,0.0485319097306479,4,4,4,True
128479644,12090,human_candidate,avg_ccn,2.304953272136436,2.304953272136436,0.0,0.0,4,4,4,True
128479644,12090,human_candidate,function_count,194.0,194.0,0.0,0.0,4,4,4,True
128479644,12137,human_candidate,nloc,719.0,718.0,-1.0,-0.13908205841446453,1,1,1,True
128479644,12137,human_candidate,avg_ccn,6.21875,6.1875,-0.03125,-0.5025125628140703,1,1,1,True
128479644,12137,human_candidate,function_count,32.0,32.0,0.0,0.0,1,1,1,True
128479644,12628,human_candidate,nloc,153.66666666666666,153.0,-0.6666666666666572,-0.4338394793926186,3,3,3,True
128479644,12628,human_candidate,avg_ccn,2.2047619047619045,2.1914285714285717,-0.013333333333332753,-0.6047516198703842,3,3,3,True
128479644,12628,human_candidate,function_count,13.666666666666666,13.666666666666666,0.0,0.0,3,3,3,True
128479644,12685,human_candidate,nloc,135.0,137.0,2.0,1.4814814814814814,1,1,1,True
128479644,12685,human_candidate,avg_ccn,8.75,8.75,0.0,0.0,1,1,1,True
128479644,12685,human_candidate,function_count,4.0,4.0,0.0,0.0,1,1,1,True
128479644,12796,human_candidate,nloc,113.0,115.0,2.0,1.7699115044247788,1,1,1,True
128479644,12796,human_candidate,avg_ccn,6.8,7.0,0.20000000000000018,2.941176470588238,1,1,1,True
128479644,12796,human_candidate,function_count,5.0,5.0,0.0,0.0,1,1,1,True
128479644,12816,human_candidate,nloc,2152.0,2152.0,0.0,0.0,2,2,2,True
128479644,12816,human_candidate,avg_ccn,1.7576530612244898,1.7551020408163265,-0.0025510204081633514,-0.1451378809869425,2,2,2,True
128479644,12816,human_candidate,function_count,195.0,195.0,0.0,0.0,2,2,2,True
128479644,12845,human_candidate,nloc,141.0,143.0,2.0,1.4184397163120568,1,1,1,True
128479644,12845,human_candidate,avg_ccn,5.142857142857143,5.142857142857143,0.0,0.0,1,1,1,True
128479644,12845,human_candidate,function_count,7.0,7.0,0.0,0.0,1,1,1,True
128479644,12850,human_candidate,nloc,120.0,122.0,2.0,1.6666666666666667,1,1,1,True
128479644,12850,human_candidate,avg_ccn,2.8,2.8,0.0,0.0,1,1,1,True
128479644,12850,human_candidate,function_count,10.0,10.0,0.0,0.0,1,1,1,True
128479644,12868,human_candidate,nloc,73.0,73.0,0.0,0.0,1,1,1,True
128479644,12868,human_candidate,avg_ccn,2.75,2.75,0.0,0.0,1,1,1,True
128479644,12868,human_candidate,function_count,4.0,4.0,0.0,0.0,1,1,1,True
128479644,12879,human_candidate,nloc,170.0,172.0,2.0,1.1764705882352942,1,1,1,True
128479644,12879,human_candidate,avg_ccn,4.5,4.5,0.0,0.0,1,1,1,True
128479644,12879,human_candidate,function_count,10.0,10.0,0.0,0.0,1,1,1,True
128479644,12881,human_candidate,nloc,279.0,280.0,1.0,0.35842293906810035,1,1,1,True
128479644,12881,human_candidate,avg_ccn,3.0833333333333335,3.0833333333333335,0.0,0.0,1,1,1,True
128479644,12881,human_candidate,function_count,24.0,24.0,0.0,0.0,1,1,1,True
128479644,12882,human_candidate,nloc,185.0,187.0,2.0,1.0810810810810811,1,1,1,True
128479644,12882,human_candidate,avg_ccn,3.6666666666666665,3.6666666666666665,0.0,0.0,1,1,1,True
128479644,12882,human_candidate,function_count,9.0,9.0,0.0,0.0,1,1,1,True
128479644,12955,human_candidate,nloc,113.0,115.0,2.0,1.7699115044247788,1,1,1,True
128479644,12955,human_candidate,avg_ccn,2.8,2.8,0.0,0.0,1,1,1,True
128479644,12955,human_candidate,function_count,10.0,10.0,0.0,0.0,1,1,1,True
128479644,13221,human_candidate,nloc,193.5,199.0,5.5,2.842377260981912,2,2,2,True
128479644,13221,human_candidate,avg_ccn,3.8823529411764706,3.8823529411764706,0.0,0.0,2,2,2,True
128479644,13221,human_candidate,function_count,18.0,18.0,0.0,0.0,2,2,2,True
128479644,13286,human_candidate,nloc,59.0,57.0,-2.0,-3.389830508474576,1,1,1,True
128479644,13286,human_candidate,avg_ccn,5.333333333333333,4.666666666666667,-0.6666666666666661,-12.499999999999988,1,1,1,True
128479644,13286,human_candidate,function_count,3.0,3.0,0.0,0.0,1,1,1,True
128479644,13370,human_candidate,nloc,105.0,105.0,0.0,0.0,1,1,1,True
128479644,13370,human_candidate,avg_ccn,3.0,3.0,0.0,0.0,1,1,1,True
128479644,13370,human_candidate,function_count,8.0,8.0,0.0,0.0,1,1,1,True
128479644,13401,human_candidate,nloc,442.5,442.5,0.0,0.0,2,2,2,True
128479644,13401,human_candidate,avg_ccn,1.9195075757575757,1.9195075757575757,0.0,0.0,2,2,2,True
128479644,13401,human_candidate,function_count,89.5,89.5,0.0,0.0,2,2,2,True
128479644,13546,human_candidate,nloc,78.5,79.5,1.0,1.2738853503184713,2,2,2,True
128479644,13546,human_candidate,avg_ccn,3.1428571428571432,3.1428571428571432,0.0,0.0,2,2,2,True
128479644,13546,human_candidate,function_count,7.0,7.0,0.0,0.0,2,2,2,True
128479644,13700,human_candidate,nloc,160.5,160.5,0.0,0.0,2,2,2,True
128479644,13700,human_candidate,avg_ccn,2.5625,2.5625,0.0,0.0,2,2,2,True
128479644,13700,human_candidate,function_count,16.0,16.0,0.0,0.0,2,2,2,True
128479644,13794,human_candidate,nloc,145.6,119.8,-25.799999999999997,-17.71978021978022,5,5,5,True
128479644,13794,human_candidate,avg_ccn,5.752,2.1823157894736847,-3.569684210526315,-62.05987848620159,5,5,5,True
128479644,13794,human_candidate,function_count,13.0,13.0,0.0,0.0,5,5,5,True
128479644,13816,human_candidate,nloc,125.0,121.0,-4.0,-3.2,1,1,1,True
128479644,13816,human_candidate,avg_ccn,3.125,3.0,-0.125,-4.0,1,1,1,True
128479644,13816,human_candidate,function_count,8.0,8.0,0.0,0.0,1,1,1,True
128479644,13825,human_candidate,nloc,422.3333333333333,429.3333333333333,7.0,1.6574585635359116,3,3,3,True
128479644,13825,human_candidate,avg_ccn,5.914255765199161,6.082389937106917,0.1681341719077567,2.842862713126084,3,3,3,True
128479644,13825,human_candidate,function_count,24.666666666666668,24.666666666666668,0.0,0.0,3,3,3,True
128479644,13902,human_candidate,nloc,304.0,308.5,4.5,1.480263157894737,2,2,2,True
128479644,13902,human_candidate,avg_ccn,1.9880952380952381,1.9431818181818181,-0.044913419913420016,-2.2591181273816057,2,2,2,True
128479644,13902,human_candidate,function_count,27.0,28.0,1.0,3.7037037037037037,2,2,2,True
128479644,13917,human_candidate,nloc,40.0,41.333333333333336,1.3333333333333357,3.3333333333333393,3,3,3,True
128479644,13917,human_candidate,avg_ccn,1.8666666666666665,2.088888888888889,0.22222222222222254,11.904761904761923,3,3,3,True
128479644,13917,human_candidate,function_count,4.333333333333333,3.6666666666666665,-0.6666666666666665,-15.384615384615383,3,3,3,True
128479644,13968,human_candidate,nloc,1851.0,1852.0,1.0,0.05402485143165856,1,1,1,True
128479644,13968,human_candidate,avg_ccn,4.136986301369863,4.136986301369863,0.0,0.0,1,1,1,True
128479644,13968,human_candidate,function_count,146.0,146.0,0.0,0.0,1,1,1,True
128479644,14029,human_candidate,nloc,1852.0,1850.0,-2.0,-0.1079913606911447,1,1,1,True
128479644,14029,human_candidate,avg_ccn,4.136986301369863,4.136986301369863,0.0,0.0,1,1,1,True
128479644,14029,human_candidate,function_count,146.0,146.0,0.0,0.0,1,1,1,True
128479644,14215,human_candidate,nloc,145.0,145.5,0.5,0.3448275862068966,6,6,6,True
128479644,14215,human_candidate,avg_ccn,1.7404135338345863,1.7904135338345863,0.050000000000000044,2.872880440652341,6,6,5,True
128479644,14215,human_candidate,function_count,9.833333333333334,9.833333333333334,0.0,0.0,6,6,6,True
128479644,14290,human_candidate,nloc,52.0,52.0,0.0,0.0,1,1,1,True
128479644,14290,human_candidate,avg_ccn,1.6,1.6,0.0,0.0,1,1,1,True
128479644,14290,human_candidate,function_count,5.0,5.0,0.0,0.0,1,1,1,True
128479644,14339,human_candidate,nloc,254.0,255.66666666666666,1.6666666666666572,0.6561679790026209,12,12,12,True
128479644,14339,human_candidate,avg_ccn,2.2262302384786383,2.2027105428817757,-0.023519695596862622,-1.056480825313716,12,12,11,True
128479644,14339,human_candidate,function_count,24.666666666666668,25.25,0.5833333333333321,2.36486486486486,12,12,12,True
128479644,14354,human_candidate,nloc,16.0,16.0,0.0,0.0,1,1,1,True
128479644,14354,human_candidate,avg_ccn,1.0,1.0,0.0,0.0,1,1,1,True
128479644,14354,human_candidate,function_count,3.0,3.0,0.0,0.0,1,1,1,True
128479644,14475,human_candidate,nloc,448.0,442.0,-6.0,-1.3392857142857142,1,1,1,True
128479644,14475,human_candidate,avg_ccn,3.9375,3.875,-0.0625,-1.5873015873015872,1,1,1,True
128479644,14475,human_candidate,function_count,32.0,32.0,0.0,0.0,1,1,1,True
128479644,14598,human_candidate,nloc,955.0,955.0,0.0,0.0,1,1,1,True
128479644,14598,human_candidate,avg_ccn,1.5634517766497462,1.5634517766497462,0.0,0.0,1,1,1,True
128479644,14598,human_candidate,function_count,197.0,197.0,0.0,0.0,1,1,1,True
128479644,14693,human_candidate,nloc,54.75,61.25,6.5,11.872146118721462,4,4,4,True
128479644,14693,human_candidate,avg_ccn,1.368421052631579,1.6374269005847952,0.26900584795321625,19.65811965811965,4,4,4,True
128479644,14693,human_candidate,function_count,11.75,12.0,0.25,2.127659574468085,4,4,4,True
128479644,14833,human_candidate,nloc,77.16666666666667,77.16666666666667,0.0,0.0,12,12,12,True
128479644,14833,human_candidate,avg_ccn,1.085209235209235,1.085209235209235,0.0,0.0,12,12,9,True
128479644,14833,human_candidate,function_count,7.0,7.0,0.0,0.0,12,12,12,True
128479644,14853,human_candidate,nloc,163.6547619047619,163.29761904761904,-0.3571428571428612,-0.21822943187604818,84,84,84,True
128479644,14853,human_candidate,avg_ccn,1.7150027098088851,1.7865494123255208,0.07154670251663564,4.171812796996023,84,84,79,True
128479644,14853,human_candidate,function_count,17.452380952380953,17.523809523809526,0.07142857142857295,0.40927694406549303,84,84,84,True
128479644,14875,human_candidate,nloc,245.0,244.5,-0.5,-0.20408163265306123,4,4,4,True
128479644,14875,human_candidate,avg_ccn,2.726273148148148,2.829537786774629,0.10326463862648128,3.7877583431661996,4,4,4,True
128479644,14875,human_candidate,function_count,18.0,18.0,0.0,0.0,4,4,4,True
128479644,15209,human_candidate,nloc,72.1,79.4,7.300000000000011,10.124826629681015,10,10,10,True
128479644,15209,human_candidate,avg_ccn,2.146309523809524,2.2222337662337663,0.07592424242424256,3.5374321169429117,10,10,10,True
128479644,15209,human_candidate,function_count,9.6,10.1,0.5,5.208333333333334,10,10,10,True
128479644,15368,human_candidate,nloc,634.5,674.0,39.5,6.225374310480693,2,2,2,True
128479644,15368,human_candidate,avg_ccn,2.827413793103448,2.6989281210592684,-0.12848567204417982,-4.544282565133502,2,2,2,True
128479644,15368,human_candidate,function_count,70.5,74.0,3.5,4.964539007092198,2,2,2,True
128479644,15403,human_candidate,nloc,298.0,298.0,0.0,0.0,2,2,2,True
128479644,15403,human_candidate,avg_ccn,3.251082251082251,3.251082251082251,0.0,0.0,2,2,2,True
128479644,15403,human_candidate,function_count,27.0,27.0,0.0,0.0,2,2,2,True
128479644,15424,human_candidate,nloc,2816.5,2831.5,15.0,0.5325758920646192,2,2,2,True
128479644,15424,human_candidate,avg_ccn,2.743648084945013,2.7634483514419013,0.019800266496888153,0.7216766102597659,2,2,2,True
128479644,15424,human_candidate,function_count,254.5,255.5,1.0,0.3929273084479371,2,2,2,True
128479644,15432,human_candidate,nloc,49.0,57.0,8.0,16.3265306122449,2,2,2,True
128479644,15432,human_candidate,avg_ccn,1.9,2.0,0.10000000000000009,5.263157894736847,2,2,2,True
128479644,15432,human_candidate,function_count,4.5,4.5,0.0,0.0,2,2,2,True
128479644,15512,human_candidate,nloc,552.0,552.0,0.0,0.0,1,1,1,True
128479644,15512,human_candidate,avg_ccn,1.7326732673267327,1.7326732673267327,0.0,0.0,1,1,1,True
128479644,15512,human_candidate,function_count,101.0,101.0,0.0,0.0,1,1,1,True
128479644,15594,human_candidate,nloc,965.0,965.5,0.5,0.05181347150259067,2,2,2,True
128479644,15594,human_candidate,avg_ccn,2.3558011623080115,2.362650477376505,0.0068493150684934,0.29074249465871854,2,2,2,True
128479644,15594,human_candidate,function_count,168.5,168.5,0.0,0.0,2,2,2,True
128479644,15599,human_candidate,nloc,2203.25,2244.0,40.75,1.8495404516055827,4,4,4,True
128479644,15599,human_candidate,avg_ccn,2.1514448638276464,2.167534677521791,0.016089813694144528,0.747860842946217,4,4,4,True
128479644,15599,human_candidate,function_count,189.5,192.0,2.5,1.3192612137203166,4,4,4,True
128479644,15690,human_candidate,nloc,3025.0,3027.5,2.5,0.08264462809917356,2,2,2,True
128479644,15690,human_candidate,avg_ccn,2.9648770473512744,2.9692060516802785,0.004329004329004071,0.1460095734111964,2,2,2,True
128479644,15690,human_candidate,function_count,261.0,261.0,0.0,0.0,2,2,2,True
128479644,15728,human_candidate,nloc,253.66666666666666,262.3333333333333,8.666666666666657,3.4165571616294312,3,3,3,True
128479644,15728,human_candidate,avg_ccn,2.692388167388167,2.808080808080808,0.11569264069264085,4.297026784398328,3,3,3,True
128479644,15728,human_candidate,function_count,31.333333333333332,32.0,0.6666666666666679,2.127659574468089,3,3,3,True
128479644,16009,agentic,nloc,930.6,1015.6,85.0,9.133892112615516,15,15,15,True
128479644,16009,agentic,avg_ccn,3.2450125512620134,3.0467236107790283,-0.19828894048298507,-6.110575455428325,15,15,15,True
128479644,16009,agentic,function_count,55.666666666666664,60.6,4.933333333333337,8.862275449101803,15,15,15,True
128479644,16010,agentic,nloc,426.0,512.0,86.0,20.187793427230048,2,2,2,True
128479644,16010,agentic,avg_ccn,1.6550925925925926,1.7847457627118644,0.1296531701192718,7.833590138674884,2,2,2,True
128479644,16010,agentic,function_count,35.0,39.5,4.5,12.857142857142858,2,2,2,True
130688011,5930,human_candidate,nloc,502.0,507.0,5.0,0.9960159362549801,3,3,3,True
130688011,5930,human_candidate,avg_ccn,7.430976430976432,7.3374091795144425,-0.09356725146198919,-1.2591515035890706,3,3,3,True
130688011,5930,human_candidate,function_count,12.666666666666666,13.0,0.3333333333333339,2.6315789473684257,3,3,3,True
130688011,6080,human_candidate,nloc,753.7222222222222,756.2777777777778,2.5555555555556566,0.33905800840275535,18,18,18,True
130688011,6080,human_candidate,avg_ccn,9.816339869281046,9.867975392873973,0.05163552359292645,0.5260160536465641,18,18,17,True
130688011,6080,human_candidate,function_count,11.38888888888889,11.444444444444445,0.05555555555555536,0.48780487804877876,18,18,18,True
130688011,6229,human_candidate,nloc,571.5,575.6666666666666,4.166666666666629,0.7290755322251319,6,6,6,True
130688011,6229,human_candidate,avg_ccn,5.8941959921798635,5.9236471861471856,0.029451193967322098,0.4996643139521748,6,6,5,True
130688011,6229,human_candidate,function_count,18.666666666666668,18.833333333333332,0.1666666666666643,0.8928571428571301,6,6,6,True
130688011,6325,human_candidate,nloc,209.5,221.5,12.0,5.727923627684964,2,2,2,True
130688011,6325,human_candidate,avg_ccn,6.160714285714286,5.509615384615385,-0.6510989010989006,-10.568561872909692,2,2,2,True
130688011,6325,human_candidate,function_count,9.5,10.5,1.0,10.526315789473685,2,2,2,True
131619646,30656,human_candidate,nloc,941.6666666666666,953.6666666666666,12.0,1.2743362831858407,3,3,3,True
131619646,30656,human_candidate,avg_ccn,3.173386189833558,3.184294871794872,0.010908681961313782,0.3437552604300561,3,3,3,True
131619646,30656,human_candidate,function_count,50.0,50.666666666666664,0.6666666666666643,1.3333333333333286,3,3,3,True
131619646,31065,human_candidate,nloc,395.7142857142857,382.0,-13.714285714285722,-3.4657039711191358,7,7,7,True
131619646,31065,human_candidate,avg_ccn,3.065591397849462,3.07,0.004408602150537622,0.14380918975797924,7,7,5,True
131619646,31065,human_candidate,function_count,11.0,10.571428571428571,-0.4285714285714288,-3.8961038961038983,7,7,7,True
131619646,31515,human_candidate,nloc,176.0,122.0,-54.0,-30.681818181818183,1,1,1,True
131619646,31515,human_candidate,avg_ccn,1.375,2.1666666666666665,0.7916666666666665,57.57575757575757,1,1,1,True
131619646,31515,human_candidate,function_count,8.0,6.0,-2.0,-25.0,1,1,1,True
131619646,32952,human_candidate,nloc,527.0,528.0,1.0,0.18975332068311196,1,1,1,True
131619646,32952,human_candidate,avg_ccn,3.5,3.5,0.0,0.0,1,1,1,True
131619646,32952,human_candidate,function_count,32.0,32.0,0.0,0.0,1,1,1,True
131619646,33378,human_candidate,nloc,652.5,655.0,2.5,0.3831417624521073,2,2,2,True
131619646,33378,human_candidate,avg_ccn,2.268131868131868,2.248440748440748,-0.01969111969112003,-0.8681646763042261,2,2,2,True
131619646,33378,human_candidate,function_count,37.0,38.0,1.0,2.7027027027027026,2,2,2,True
131995661,17134,agentic,nloc,347.75,355.6195652173913,7.869565217391312,2.26299503016285,92,92,92,True
131995661,17134,agentic,avg_ccn,1.3565656759161402,1.3759188354260947,0.01935315950995453,1.4266290127740855,92,92,92,True
131995661,17134,agentic,function_count,32.42391304347826,32.59782608695652,0.1739130434782652,0.536372779081475,92,92,92,True
132021166,7580,agentic,nloc,299.6666666666667,358.3333333333333,58.66666666666663,19.577308120133466,3,3,3,True
132021166,7580,agentic,avg_ccn,5.0675675675675675,4.814102564102564,-0.25346500346500367,-5.001709401709406,3,3,3,True
132021166,7580,agentic,function_count,15.333333333333334,17.0,1.666666666666666,10.8695652173913,3,3,3,True
133374092,4697,human_candidate,nloc,233.33333333333334,248.5,15.166666666666657,6.499999999999996,6,6,6,True
133374092,4697,human_candidate,avg_ccn,2.2198837110601812,2.097820597277119,-0.12206311378306234,-5.498626489978024,6,6,6,True
133374092,4697,human_candidate,function_count,13.5,14.333333333333334,0.8333333333333339,6.172839506172845,6,6,6,True
133968906,13172,human_candidate,nloc,172.0,176.0,4.0,2.3255813953488373,1,1,1,True
133968906,13172,human_candidate,avg_ccn,6.6,6.6,0.0,0.0,1,1,1,True
133968906,13172,human_candidate,function_count,5.0,5.0,0.0,0.0,1,1,1,True
134777298,7654,human_candidate,nloc,206.0,225.0,19.0,9.223300970873787,1,1,1,True
134777298,7654,human_candidate,avg_ccn,2.142857142857143,2.3043478260869565,0.16149068322981375,7.536231884057975,1,1,1,True
134777298,7654,human_candidate,function_count,21.0,23.0,2.0,9.523809523809524,1,1,1,True
134777298,8597,agentic,nloc,894.25,904.25,10.0,1.1182555213866368,4,4,4,True
134777298,8597,agentic,avg_ccn,2.4129933880985774,2.4320308664702996,0.019037478371722205,0.788956922369506,4,4,4,True
134777298,8597,agentic,function_count,41.25,42.75,1.5,3.6363636363636362,4,4,4,True
136202695,16039,agentic,nloc,182.0,215.0,33.0,18.13186813186813,1,1,1,True
136202695,16039,agentic,avg_ccn,2.9,3.25,0.3500000000000001,12.068965517241383,1,1,1,True
136202695,16039,agentic,function_count,10.0,12.0,2.0,20.0,1,1,1,True
136202695,17697,agentic,nloc,366.0,381.0,15.0,4.098360655737705,1,1,1,True
136202695,17697,agentic,avg_ccn,5.333333333333333,4.333333333333333,-1.0,-18.75,1,1,1,True
136202695,17697,agentic,function_count,9.0,12.0,3.0,33.333333333333336,1,1,1,True
136202695,17726,agentic,nloc,6821.0,6825.0,4.0,0.05864242779651078,1,1,1,True
136202695,17726,agentic,avg_ccn,2.6944444444444446,2.6944444444444446,0.0,0.0,1,1,1,True
136202695,17726,agentic,function_count,252.0,252.0,0.0,0.0,1,1,1,True
136202695,17730,agentic,nloc,6825.0,6830.0,5.0,0.07326007326007326,1,1,1,True
136202695,17730,agentic,avg_ccn,2.6944444444444446,2.7023809523809526,0.007936507936507908,0.2945508100147265,1,1,1,True
136202695,17730,agentic,function_count,252.0,252.0,0.0,0.0,1,1,1,True
136202695,17732,agentic,nloc,583.0,586.0,3.0,0.5145797598627787,1,1,1,True
136202695,17732,agentic,avg_ccn,3.275,3.3,0.02499999999999991,0.7633587786259515,1,1,1,True
136202695,17732,agentic,function_count,40.0,40.0,0.0,0.0,1,1,1,True
136202695,17769,agentic,nloc,296.0,304.0,8.0,2.7027027027027026,1,1,1,True
136202695,17769,agentic,avg_ccn,1.1111111111111112,1.1428571428571428,0.03174603174603163,2.857142857142847,1,1,1,True
136202695,17769,agentic,function_count,27.0,28.0,1.0,3.7037037037037037,1,1,1,True
136202695,17860,agentic,nloc,382.0,383.0,1.0,0.2617801047120419,1,1,1,True
136202695,17860,agentic,avg_ccn,4.333333333333333,4.333333333333333,0.0,0.0,1,1,1,True
136202695,17860,agentic,function_count,12.0,12.0,0.0,0.0,1,1,1,True
136202695,17939,agentic,nloc,376.5,378.5,2.0,0.5312084993359893,2,2,2,True
136202695,17939,agentic,avg_ccn,4.316666666666666,4.333333333333333,0.016666666666666607,0.3861003861003848,2,2,1,True
136202695,17939,agentic,function_count,30.0,30.0,0.0,0.0,2,2,2,True
136202695,18882,agentic,nloc,121.2,122.0,0.7999999999999972,0.6600660066006577,5,5,5,True
136202695,18882,agentic,avg_ccn,1.75,1.75,0.0,0.0,5,5,2,True
136202695,18882,agentic,function_count,0.6,0.6,0.0,0.0,5,5,5,True
136202695,18980,agentic,nloc,239.8,239.8,0.0,0.0,5,5,5,True
136202695,18980,agentic,avg_ccn,3.231111111111111,3.231111111111111,0.0,0.0,5,5,5,True
136202695,18980,agentic,function_count,17.4,17.4,0.0,0.0,5,5,5,True
136202695,18983,agentic,nloc,471.0,471.0,0.0,0.0,2,2,2,True
136202695,18983,agentic,avg_ccn,2.100908500973394,2.100908500973394,0.0,0.0,2,2,2,True
136202695,18983,agentic,function_count,45.0,45.0,0.0,0.0,2,2,2,True
136202695,19078,agentic,nloc,985.2553191489362,984.2340425531914,-1.02127659574478,-0.10365603472478169,47,47,47,True
136202695,19078,agentic,avg_ccn,3.289231773350607,3.289231773350607,0.0,0.0,47,47,47,True
136202695,19078,agentic,function_count,52.57446808510638,52.57446808510638,0.0,0.0,47,47,47,True
136202695,19163,agentic,nloc,1924.0,1928.0,4.0,0.2079002079002079,1,1,1,True
136202695,19163,agentic,avg_ccn,1.6159420289855073,1.6159420289855073,0.0,0.0,1,1,1,True
136202695,19163,agentic,function_count,138.0,138.0,0.0,0.0,1,1,1,True
136202695,19190,agentic,nloc,523.0,539.0,16.0,3.0592734225621414,1,1,1,True
136202695,19190,agentic,avg_ccn,1.6153846153846154,1.7037037037037037,0.0883190883190883,5.4673721340388,1,1,1,True
136202695,19190,agentic,function_count,26.0,27.0,1.0,3.8461538461538463,1,1,1,True
136202695,19194,agentic,nloc,1958.1818181818182,1950.0,-8.181818181818244,-0.4178272980501424,11,11,11,True
136202695,19194,agentic,avg_ccn,2.231665923197271,2.2468004736332863,0.015134550436015193,0.6781727622713426,11,11,11,True
136202695,19194,agentic,function_count,90.36363636363636,89.54545454545455,-0.818181818181813,-0.9054325955734349,11,11,11,True
136202695,19196,agentic,nloc,2679.0,2677.0,-2.0,-0.07465472191116088,1,1,1,True
136202695,19196,agentic,avg_ccn,1.284848484848485,1.2727272727272727,-0.0121212121212122,-0.9433962264151003,1,1,1,True
136202695,19196,agentic,function_count,165.0,165.0,0.0,0.0,1,1,1,True
136202695,19197,agentic,nloc,1043.0,1053.0,10.0,0.9587727708533078,1,1,1,True
136202695,19197,agentic,avg_ccn,1.9137931034482758,1.8983050847457628,-0.01548801870251304,-0.809283860131312,1,1,1,True
136202695,19197,agentic,function_count,58.0,59.0,1.0,1.7241379310344827,1,1,1,True
136202695,19204,agentic,nloc,34.0,35.0,1.0,2.9411764705882355,1,1,1,True
136202695,19204,agentic,avg_ccn,3.6666666666666665,4.0,0.3333333333333335,9.090909090909095,1,1,1,True
136202695,19204,agentic,function_count,3.0,3.0,0.0,0.0,1,1,1,True
136202695,19212,agentic,nloc,229.0,238.0,9.0,3.930131004366812,1,1,1,True
136202695,19212,agentic,avg_ccn,1.8235294117647058,1.7777777777777777,-0.045751633986928164,-2.5089605734767058,1,1,1,True
136202695,19212,agentic,function_count,17.0,18.0,1.0,5.882352941176471,1,1,1,True
136202695,19242,agentic,nloc,288.0,293.0,5.0,1.7361111111111112,1,1,1,True
136202695,19242,agentic,avg_ccn,1.2,1.1935483870967742,-0.006451612903225712,-0.5376344086021427,1,1,1,True
136202695,19242,agentic,function_count,30.0,31.0,1.0,3.3333333333333335,1,1,1,True
136202695,19258,agentic,nloc,2275.5,2277.0,1.5,0.06591957811470006,2,2,2,True
136202695,19258,agentic,avg_ccn,2.5063492063492063,2.53015873015873,0.023809523809523725,0.9499683343888503,2,2,2,True
136202695,19258,agentic,function_count,111.0,111.0,0.0,0.0,2,2,2,True
136202695,19272,agentic,nloc,9160.0,9171.0,11.0,0.12008733624454149,1,1,1,True
136202695,19272,agentic,avg_ccn,2.699059561128527,2.7021943573667713,0.0031347962382444194,0.11614401858303945,1,1,1,True
136202695,19272,agentic,function_count,319.0,319.0,0.0,0.0,1,1,1,True
136202695,19302,agentic,nloc,1775.0,1762.0,-13.0,-0.7323943661971831,2,2,2,True
136202695,19302,agentic,avg_ccn,1.7838483355724735,1.7811084264572636,-0.0027399091152098265,-0.15359540722000525,2,2,2,True
136202695,19302,agentic,function_count,82.0,81.5,-0.5,-0.6097560975609756,2,2,2,True
136202695,19366,agentic,nloc,924.0,942.0,18.0,1.948051948051948,1,1,1,True
136202695,19366,agentic,avg_ccn,1.15,1.1639344262295082,0.013934426229508245,1.2116892373485433,1,1,1,True
136202695,19366,agentic,function_count,60.0,61.0,1.0,1.6666666666666667,1,1,1,True
136202695,19368,agentic,nloc,471.0,471.0,0.0,0.0,2,2,2,True
136202695,19368,agentic,avg_ccn,1.7777777777777777,3.2777777777777777,1.5,84.375,2,2,2,True
136202695,19368,agentic,function_count,23.0,23.0,0.0,0.0,2,2,2,True
136202695,19369,agentic,nloc,173.0,171.0,-2.0,-1.1560693641618498,1,1,1,True
136202695,19369,agentic,avg_ccn,1.3636363636363635,1.3636363636363635,0.0,0.0,1,1,1,True
136202695,19369,agentic,function_count,11.0,11.0,0.0,0.0,1,1,1,True
136202695,19371,agentic,nloc,768.0,775.0,7.0,0.9114583333333334,1,1,1,True
136202695,19371,agentic,avg_ccn,1.3157894736842106,1.358974358974359,0.04318488529014841,3.282051282051279,1,1,1,True
136202695,19371,agentic,function_count,38.0,39.0,1.0,2.6315789473684212,1,1,1,True
136202695,20227,agentic,nloc,126.0,160.0,34.0,26.984126984126984,1,1,1,True
136202695,20227,agentic,avg_ccn,4.142857142857143,3.3333333333333335,-0.8095238095238098,-19.540229885057474,1,1,1,True
136202695,20227,agentic,function_count,7.0,9.0,2.0,28.571428571428573,1,1,1,True
136202695,20268,agentic,nloc,1527.0,1525.0,-2.0,-0.13097576948264572,1,1,1,True
136202695,20268,agentic,avg_ccn,1.1818181818181819,1.1818181818181819,0.0,0.0,1,1,1,True
136202695,20268,agentic,function_count,44.0,44.0,0.0,0.0,1,1,1,True
136202695,20498,agentic,nloc,243.0,242.0,-1.0,-0.411522633744856,1,1,1,True
136202695,20498,agentic,avg_ccn,2.142857142857143,2.142857142857143,0.0,0.0,1,1,1,True
136202695,20498,agentic,function_count,21.0,21.0,0.0,0.0,1,1,1,True
136202695,20880,agentic,nloc,831.0,832.0,1.0,0.12033694344163658,1,1,1,True
136202695,20880,agentic,avg_ccn,3.6666666666666665,3.6666666666666665,0.0,0.0,1,1,1,True
136202695,20880,agentic,function_count,54.0,54.0,0.0,0.0,1,1,1,True
136202695,21789,human_candidate,nloc,1262.45,1287.85,25.399999999999864,2.0119608697374045,20,20,20,True
136202695,21789,human_candidate,avg_ccn,3.429536395604509,3.353280962029134,-0.0762554335753749,-2.2234910139197894,20,20,20,True
136202695,21789,human_candidate,function_count,60.8,62.15,1.3500000000000014,2.2203947368421075,20,20,20,True
136202695,22337,agentic,nloc,126.0,126.0,0.0,0.0,1,1,1,True
136202695,22337,agentic,avg_ccn,3.9,3.9,0.0,0.0,1,1,1,True
136202695,22337,agentic,function_count,10.0,10.0,0.0,0.0,1,1,1,True
136202695,22403,agentic,nloc,686.0,683.0,-3.0,-0.43731778425655976,1,1,1,True
136202695,22403,agentic,avg_ccn,4.333333333333333,4.238095238095238,-0.0952380952380949,-2.19780219780219,1,1,1,True
136202695,22403,agentic,function_count,21.0,21.0,0.0,0.0,1,1,1,True
136202695,22468,agentic,nloc,82.0,81.0,-1.0,-1.2195121951219512,1,1,1,True
136202695,22468,agentic,avg_ccn,2.8,2.8,0.0,0.0,1,1,1,True
136202695,22468,agentic,function_count,5.0,5.0,0.0,0.0,1,1,1,True
136202695,22668,agentic,nloc,74.62068965517241,75.6896551724138,1.0689655172413808,1.432532347504623,58,58,58,True
136202695,22668,agentic,avg_ccn,1.8127180019421398,1.7653042088386917,-0.047413793103448176,-2.6156188139936383,58,58,58,True
136202695,22668,agentic,function_count,4.603448275862069,4.637931034482759,0.0344827586206895,0.7490636704119816,58,58,58,True
136202695,22669,agentic,nloc,303.6666666666667,305.3333333333333,1.6666666666666288,0.5488474204171115,3,3,3,True
136202695,22669,agentic,avg_ccn,2.9594594594594597,2.94,-0.019459459459459705,-0.6575342465753508,3,3,3,True
136202695,22669,agentic,function_count,27.333333333333332,28.0,0.6666666666666679,2.439024390243907,3,3,3,True
136202695,22670,agentic,nloc,821.0,824.0,3.0,0.3654080389768575,1,1,1,True
136202695,22670,agentic,avg_ccn,4.32,4.333333333333333,0.013333333333332753,0.3086419753086285,1,1,1,True
136202695,22670,agentic,function_count,75.0,75.0,0.0,0.0,1,1,1,True
136202695,22755,agentic,nloc,737.0,737.0,0.0,0.0,1,1,1,True
136202695,22755,agentic,avg_ccn,2.7972972972972974,2.7837837837837838,-0.013513513513513598,-0.4830917874396165,1,1,1,True
136202695,22755,agentic,function_count,74.0,74.0,0.0,0.0,1,1,1,True
136202695,22758,agentic,nloc,736.0,740.0,4.0,0.5434782608695652,1,1,1,True
136202695,22758,agentic,avg_ccn,2.7837837837837838,2.7733333333333334,-0.010450450450450344,-0.3754045307443327,1,1,1,True
136202695,22758,agentic,function_count,74.0,75.0,1.0,1.3513513513513513,1,1,1,True
136202695,22789,agentic,nloc,5080.0,5084.0,4.0,0.07874015748031496,1,1,1,True
136202695,22789,agentic,avg_ccn,4.897849462365591,4.897849462365591,0.0,0.0,1,1,1,True
136202695,22789,agentic,function_count,186.0,186.0,0.0,0.0,1,1,1,True
136202695,23148,human_candidate,nloc,212.0,191.0,-21.0,-9.90566037735849,2,2,2,True
136202695,23148,human_candidate,avg_ccn,2.427083333333333,2.5384615384615383,0.11137820512820529,4.588973258501163,2,2,2,True
136202695,23148,human_candidate,function_count,15.5,13.0,-2.5,-16.129032258064516,2,2,2,True
136202695,23149,human_candidate,nloc,84.0,82.0,-2.0,-2.380952380952381,1,1,1,True
136202695,23149,human_candidate,avg_ccn,6.25,5.25,-1.0,-16.0,1,1,1,True
136202695,23149,human_candidate,function_count,4.0,4.0,0.0,0.0,1,1,1,True
139199684,20048,agentic,nloc,111.25,116.25,5.0,4.49438202247191,4,4,4,True
139199684,20048,agentic,avg_ccn,1.0101010101010102,1.0098039215686274,-0.0002970885323827499,-0.029411764705892237,4,4,3,True
139199684,20048,agentic,function_count,15.0,15.75,0.75,5.0,4,4,4,True
139199684,20095,agentic,nloc,130.73684210526315,131.1578947368421,0.42105263157895934,0.32206119162641816,19,19,19,True
139199684,20095,agentic,avg_ccn,2.198830409356725,2.1961988304093567,-0.002631578947368318,-0.11968085106382512,19,19,19,True
139199684,20095,agentic,function_count,7.7368421052631575,7.7894736842105265,0.05263157894736903,0.6802721088435453,19,19,19,True
139199684,20096,agentic,nloc,71.66666666666667,71.08333333333333,-0.5833333333333428,-0.8139534883721062,12,12,12,True
139199684,20096,agentic,avg_ccn,3.006944444444444,3.1736111111111107,0.16666666666666652,5.542725173210156,12,12,12,True
139199684,20096,agentic,function_count,4.75,5.083333333333333,0.33333333333333304,7.017543859649116,12,12,12,True
139199684,20450,agentic,nloc,938.0,936.0,-2.0,-0.21321961620469082,1,1,1,True
139199684,20450,agentic,avg_ccn,2.5789473684210527,2.5789473684210527,0.0,0.0,1,1,1,True
139199684,20450,agentic,function_count,38.0,38.0,0.0,0.0,1,1,1,True
139199684,20453,agentic,nloc,936.0,935.0,-1.0,-0.10683760683760683,1,1,1,True
139199684,20453,agentic,avg_ccn,2.5789473684210527,2.6216216216216215,0.042674253200568835,1.65471594043022,1,1,1,True
139199684,20453,agentic,function_count,38.0,37.0,-1.0,-2.6315789473684212,1,1,1,True
139199684,20454,agentic,nloc,935.0,789.0,-146.0,-15.614973262032086,1,1,1,True
139199684,20454,agentic,avg_ccn,2.6216216216216215,2.6216216216216215,0.0,0.0,1,1,1,True
139199684,20454,agentic,function_count,37.0,37.0,0.0,0.0,1,1,1,True
139199684,20487,agentic,nloc,450.0,455.0,5.0,1.1111111111111112,2,2,2,True
139199684,20487,agentic,avg_ccn,2.4424812030075187,2.4424812030075187,0.0,0.0,2,2,2,True
139199684,20487,agentic,function_count,44.5,44.5,0.0,0.0,2,2,2,True
139199684,20491,agentic,nloc,396.0,400.0,4.0,1.0101010101010102,1,1,1,True
139199684,20491,agentic,avg_ccn,3.8421052631578947,3.8421052631578947,0.0,0.0,1,1,1,True
139199684,20491,agentic,function_count,19.0,19.0,0.0,0.0,1,1,1,True
139199684,20539,agentic,nloc,1471.875,1481.625,9.75,0.6624203821656051,8,8,8,True
139199684,20539,agentic,avg_ccn,1.5087456072540473,1.5095734218235837,0.0008278145695364003,0.05486773685081625,8,8,8,True
139199684,20539,agentic,function_count,229.125,229.125,0.0,0.0,8,8,8,True
139199684,20864,human_candidate,nloc,435.625,489.25,53.625,12.309899569583932,8,8,8,True
139199684,20864,human_candidate,avg_ccn,3.042343852173338,3.091882619536511,0.049538767363173086,1.6283092829163417,8,8,8,True
139199684,20864,human_candidate,function_count,40.5,43.5,3.0,7.407407407407407,8,8,8,True
139199684,20900,human_candidate,nloc,184.0,185.0,1.0,0.5434782608695652,2,2,2,True
139199684,20900,human_candidate,avg_ccn,6.714285714285714,6.714285714285714,0.0,0.0,2,2,2,True
139199684,20900,human_candidate,function_count,7.5,7.5,0.0,0.0,2,2,2,True
139199684,20925,agentic,nloc,94.0,96.0,2.0,2.127659574468085,1,1,1,True
139199684,20925,agentic,avg_ccn,10.5,7.333333333333333,-3.166666666666667,-30.15873015873016,1,1,1,True
139199684,20925,agentic,function_count,2.0,3.0,1.0,50.0,1,1,1,True
139199684,20930,agentic,nloc,77.0,97.5,20.5,26.623376623376622,2,2,2,True
139199684,20930,agentic,avg_ccn,3.1666666666666665,3.111111111111111,-0.05555555555555536,-1.7543859649122746,2,2,1,True
139199684,20930,agentic,function_count,3.0,5.0,2.0,66.66666666666667,2,2,2,True
139199684,20966,agentic,nloc,254.0,283.0,29.0,11.417322834645669,1,1,1,True
139199684,20966,agentic,avg_ccn,2.888888888888889,2.5454545454545454,-0.3434343434343434,-11.888111888111887,1,1,1,True
139199684,20966,agentic,function_count,18.0,22.0,4.0,22.22222222222222,1,1,1,True
139199684,20972,agentic,nloc,905.5,929.0,23.5,2.59525124240751,2,2,2,True
139199684,20972,agentic,avg_ccn,2.3225987642763526,2.317311134980308,-0.005287629296044649,-0.22766004087202316,2,2,2,True
139199684,20972,agentic,function_count,79.0,81.5,2.5,3.1645569620253164,2,2,2,True
139199684,21977,human_candidate,nloc,798.0,812.0,14.0,1.7543859649122806,2,2,2,True
139199684,21977,human_candidate,avg_ccn,3.645876645876646,3.663782051282051,0.017905405405405084,0.4911138566812305,2,2,2,True
139199684,21977,human_candidate,function_count,38.0,39.5,1.5,3.9473684210526314,2,2,2,True
139199684,22060,agentic,nloc,447.0,472.0,25.0,5.592841163310962,2,2,2,True
139199684,22060,agentic,avg_ccn,7.63262910798122,6.117294520547945,-1.5153345874332746,-19.853376418470706,2,2,2,True
139199684,22060,agentic,function_count,38.5,40.5,2.0,5.194805194805195,2,2,2,True
139199684,22065,agentic,nloc,447.0,479.0,32.0,7.158836689038031,2,2,2,True
139199684,22065,agentic,avg_ccn,7.63262910798122,5.546666666666667,-2.085962441314553,-27.32954021220974,2,2,2,True
139199684,22065,agentic,function_count,38.5,42.0,3.5,9.090909090909092,2,2,2,True
139199684,22111,human_candidate,nloc,493.5,503.5,10.0,2.026342451874367,2,2,2,True
139199684,22111,human_candidate,avg_ccn,2.422727272727273,2.378260869565217,-0.044466403162055634,-1.8353862468390691,2,2,2,True
139199684,22111,human_candidate,function_count,13.5,14.0,0.5,3.7037037037037037,2,2,2,True
141846986,3157,human_candidate,nloc,605.4,608.8,3.3999999999999773,0.5616121572514003,5,5,5,True
141846986,3157,human_candidate,avg_ccn,6.8621573828470375,6.916702837392492,0.054545454545454675,0.7948732665589832,5,5,5,True
141846986,3157,human_candidate,function_count,15.4,15.4,0.0,0.0,5,5,5,True
143040428,21816,human_candidate,nloc,445.6666666666667,442.0,-3.6666666666666856,-0.8227374719521359,3,3,3,True
143040428,21816,human_candidate,avg_ccn,1.6676767676767676,1.676923076923077,0.009246309246309314,0.5544425290034053,3,3,3,True
143040428,21816,human_candidate,function_count,34.0,33.666666666666664,-0.3333333333333357,-0.980392156862752,3,3,3,True
143808059,4090,agentic,nloc,36.0,60.0,24.0,66.66666666666667,2,2,2,True
143808059,4090,agentic,avg_ccn,2.8,2.6153846153846154,-0.1846153846153844,-6.593406593406586,2,2,1,True
143808059,4090,agentic,function_count,2.5,6.5,4.0,160.0,2,2,2,True
143808059,4091,agentic,nloc,89.28571428571429,96.42857142857143,7.142857142857139,7.999999999999995,7,7,7,True
143808059,4091,agentic,avg_ccn,2.9647058823529413,2.6647058823529415,-0.2999999999999998,-10.119047619047613,7,7,5,True
143808059,4091,agentic,function_count,3.5714285714285716,4.0,0.4285714285714284,11.999999999999995,7,7,7,True
144407057,42,agentic,nloc,181.0,218.5,37.5,20.718232044198896,2,2,2,True
144407057,42,agentic,avg_ccn,1.6,1.763157894736842,0.16315789473684195,10.197368421052621,2,2,2,True
144407057,42,agentic,function_count,36.0,37.5,1.5,4.166666666666667,2,2,2,True
144407057,43,agentic,nloc,96.66666666666667,125.66666666666667,29.0,30.0,3,3,3,True
144407057,43,agentic,avg_ccn,1.5802005012531328,2.011111111111111,0.43091060985797824,27.26936293946603,3,3,3,True
144407057,43,agentic,function_count,11.666666666666666,12.333333333333334,0.6666666666666679,5.714285714285725,3,3,3,True
147887472,1709,human_candidate,nloc,1028.4444444444443,1028.6666666666667,0.22222222222239907,0.021607605877285996,9,9,9,True
147887472,1709,human_candidate,avg_ccn,8.42987059917207,8.42987059917207,0.0,0.0,9,9,8,True
147887472,1709,human_candidate,function_count,19.22222222222222,19.22222222222222,0.0,0.0,9,9,9,True
151148482,7167,agentic,nloc,24.0,25.0,1.0,4.166666666666667,1,1,1,True
151148482,7167,agentic,avg_ccn,6.0,6.0,0.0,0.0,1,1,1,True
151148482,7167,agentic,function_count,1.0,1.0,0.0,0.0,1,1,1,True
151148482,7196,agentic,nloc,141.1,141.8,0.700000000000017,0.49610205527995543,10,10,10,True
151148482,7196,agentic,avg_ccn,1.4081207428074436,1.4081207428074436,0.0,0.0,10,10,9,True
151148482,7196,agentic,function_count,11.3,11.3,0.0,0.0,10,10,10,True
151148482,7227,agentic,nloc,126.0,141.0,15.0,11.904761904761905,1,1,1,True
151148482,7227,agentic,avg_ccn,1.7894736842105263,2.210526315789474,0.42105263157894757,23.52941176470589,1,1,1,True
151148482,7227,agentic,function_count,19.0,19.0,0.0,0.0,1,1,1,True
151148482,7245,agentic,nloc,122.17777777777778,123.17777777777778,1.0,0.8184794470716624,45,45,45,True
151148482,7245,agentic,avg_ccn,4.616102123996861,4.639953331146388,0.023851207149526488,0.5166958292698012,45,45,36,True
151148482,7245,agentic,function_count,5.911111111111111,5.955555555555556,0.04444444444444429,0.7518796992481176,45,45,45,True
151148482,7250,agentic,nloc,76.83333333333333,99.83333333333333,23.0,29.934924078091107,6,6,6,True
151148482,7250,agentic,avg_ccn,1.0,1.0,0.0,0.0,6,6,6,True
151148482,7250,agentic,function_count,3.6666666666666665,3.6666666666666665,0.0,0.0,6,6,6,True
151148482,7538,human_candidate,nloc,145.33333333333334,196.66666666666666,51.333333333333314,35.321100917431174,3,3,3,True
151148482,7538,human_candidate,avg_ccn,1.5550595238095237,1.74,0.18494047619047627,11.892822966507183,3,3,2,True
151148482,7538,human_candidate,function_count,12.333333333333334,16.666666666666668,4.333333333333334,35.13513513513514,3,3,3,True
151331938,13727,human_candidate,nloc,165.66666666666666,166.0,0.3333333333333428,0.20120724346077032,3,3,3,True
151331938,13727,human_candidate,avg_ccn,1.4129943502824858,1.4129943502824858,0.0,0.0,3,3,3,True
151331938,13727,human_candidate,function_count,22.666666666666668,22.666666666666668,0.0,0.0,3,3,3,True
151331938,13971,human_candidate,nloc,518.0,528.5714285714286,10.571428571428555,2.040816326530609,7,7,7,True
151331938,13971,human_candidate,avg_ccn,3.297662673244069,3.314273968925132,0.016611295681063343,0.5037293782605731,7,7,7,True
151331938,13971,human_candidate,function_count,17.857142857142858,17.857142857142858,0.0,0.0,7,7,7,True
151331938,13982,human_candidate,nloc,1620.0,1631.0,11.0,0.6790123456790124,1,1,1,True
151331938,13982,human_candidate,avg_ccn,4.345454545454546,4.381818181818182,0.036363636363636154,0.8368200836820034,1,1,1,True
151331938,13982,human_candidate,function_count,55.0,55.0,0.0,0.0,1,1,1,True
151331938,14631,human_candidate,nloc,663.8333333333334,667.75,3.9166666666666288,0.5900075320110412,12,12,12,True
151331938,14631,human_candidate,avg_ccn,4.004908513031946,4.070950179698613,0.066041666666667,1.6490181099460286,12,12,12,True
151331938,14631,human_candidate,function_count,19.833333333333332,19.833333333333332,0.0,0.0,12,12,12,True
151331938,14748,human_candidate,nloc,930.0,932.0,2.0,0.21505376344086022,2,2,2,True
151331938,14748,human_candidate,avg_ccn,2.6341463414634143,2.6341463414634143,0.0,0.0,2,2,2,True
151331938,14748,human_candidate,function_count,44.0,44.0,0.0,0.0,2,2,2,True
156260788,5413,human_candidate,nloc,143.5,145.0,1.5,1.0452961672473868,2,2,2,True
156260788,5413,human_candidate,avg_ccn,2.142857142857143,2.2857142857142856,0.1428571428571428,6.666666666666664,2,2,2,True
156260788,5413,human_candidate,function_count,5.0,5.0,0.0,0.0,2,2,2,True
156260788,5483,human_candidate,nloc,134.16666666666666,134.5,0.3333333333333428,0.24844720496895117,6,6,6,True
156260788,5483,human_candidate,avg_ccn,2.3513888888888888,2.3513888888888888,0.0,0.0,6,6,6,True
156260788,5483,human_candidate,function_count,7.666666666666667,7.666666666666667,0.0,0.0,6,6,6,True
156260788,5638,agentic,nloc,176.0,176.0,0.0,0.0,1,1,1,True
156260788,5638,agentic,avg_ccn,5.875,5.875,0.0,0.0,1,1,1,True
156260788,5638,agentic,function_count,8.0,8.0,0.0,0.0,1,1,1,True
156939672,24809,human_candidate,nloc,162.0,163.0,1.0,0.6172839506172839,2,2,2,True
156939672,24809,human_candidate,avg_ccn,5.111111111111111,5.111111111111111,0.0,0.0,2,2,2,True
156939672,24809,human_candidate,function_count,8.0,8.0,0.0,0.0,2,2,2,True
156939672,24818,human_candidate,nloc,1254.1666666666667,1272.0,17.833333333333258,1.421926910298997,6,6,6,True
156939672,24818,human_candidate,avg_ccn,3.4575364457319346,3.4834865254451963,0.025950079713261687,0.7505366934105665,6,6,6,True
156939672,24818,human_candidate,function_count,50.166666666666664,50.833333333333336,0.6666666666666714,1.3289036544850594,6,6,6,True
156939672,25003,human_candidate,nloc,2682.0,2687.0,5.0,0.18642803877703207,1,1,1,True
156939672,25003,human_candidate,avg_ccn,5.1909090909090905,5.209090909090909,0.01818181818181852,0.35026269702277363,1,1,1,True
156939672,25003,human_candidate,function_count,110.0,110.0,0.0,0.0,1,1,1,True
156939672,25061,agentic,nloc,358.0,448.5,90.5,25.279329608938546,2,2,2,True
156939672,25061,agentic,avg_ccn,3.891304347826087,4.935714285714286,1.044409937888199,26.83958499600958,2,2,2,True
156939672,25061,agentic,function_count,18.5,19.5,1.0,5.405405405405405,2,2,2,True
156939672,25066,agentic,nloc,469.0,478.0,9.0,1.9189765458422174,1,1,1,True
156939672,25066,agentic,avg_ccn,4.666666666666667,4.473684210526316,-0.19298245614035103,-4.135338345864665,1,1,1,True
156939672,25066,agentic,function_count,18.0,19.0,1.0,5.555555555555555,1,1,1,True
156939672,25395,human_candidate,nloc,351.3333333333333,358.6666666666667,7.333333333333371,2.0872865275142423,3,3,3,True
156939672,25395,human_candidate,avg_ccn,2.2424242424242427,2.2424242424242427,0.0,0.0,3,3,3,True
156939672,25395,human_candidate,function_count,6.0,6.0,0.0,0.0,3,3,3,True
156939672,25564,human_candidate,nloc,700.8,699.8,-1.0,-0.14269406392694065,5,5,5,True
156939672,25564,human_candidate,avg_ccn,4.005276112452117,3.8873713680387407,-0.1179047444133765,-2.9437357401358444,5,5,4,True
156939672,25564,human_candidate,function_count,22.2,22.8,0.6000000000000014,2.7027027027027093,5,5,5,True
156939672,25764,human_candidate,nloc,89.75,51.5625,-38.1875,-42.54874651810585,16,16,16,True
156939672,25764,human_candidate,avg_ccn,2.324056267806268,1.5032738095238096,-0.8207824582824583,-35.31680663898961,16,16,12,True
156939672,25764,human_candidate,function_count,4.9375,3.3125,-1.625,-32.91139240506329,16,16,16,True
156939672,26433,human_candidate,nloc,177.16666666666666,178.33333333333334,1.1666666666666856,0.6585136406397097,6,6,6,True
156939672,26433,human_candidate,avg_ccn,8.440000000000001,8.488333333333333,0.04833333333333201,0.5726698262243128,6,6,5,True
156939672,26433,human_candidate,function_count,3.5,3.5,0.0,0.0,6,6,6,True
156939672,26893,human_candidate,nloc,479.11764705882354,487.5882352941176,8.470588235294088,1.767955801104966,17,17,17,True
156939672,26893,human_candidate,avg_ccn,15.134922220636508,14.963399531855755,-0.17152268878075283,-1.1332908506584936,17,17,14,True
156939672,26893,human_candidate,function_count,8.470588235294118,9.0,0.5294117647058822,6.249999999999999,17,17,17,True
156939672,27071,human_candidate,nloc,555.0,551.0,-4.0,-0.7207207207207207,1,1,1,True
156939672,27071,human_candidate,avg_ccn,5.333333333333333,5.411764705882353,0.07843137254902022,1.470588235294129,1,1,1,True
156939672,27071,human_candidate,function_count,18.0,17.0,-1.0,-5.555555555555555,1,1,1,True
156939672,27824,human_candidate,nloc,278.6,375.0,96.39999999999998,34.601579325197406,5,5,5,True
156939672,27824,human_candidate,avg_ccn,7.3352272727272725,5.07452380952381,-2.2607034632034626,-30.819814835306694,5,5,4,True
156939672,27824,human_candidate,function_count,10.6,14.4,3.8000000000000007,35.84905660377359,5,5,5,True
156939672,28503,human_candidate,nloc,602.8333333333334,608.8333333333334,6.0,0.9952999723527785,6,6,6,True
156939672,28503,human_candidate,avg_ccn,4.353386699507389,4.364100985221675,0.01071428571428612,0.24611380641877054,6,6,4,True
156939672,28503,human_candidate,function_count,21.5,21.5,0.0,0.0,6,6,6,True
156939672,28519,human_candidate,nloc,203.0,206.0,3.0,1.477832512315271,1,1,1,True
156939672,28519,human_candidate,avg_ccn,9.25,9.25,0.0,0.0,1,1,1,True
156939672,28519,human_candidate,function_count,4.0,4.0,0.0,0.0,1,1,1,True
156939672,28534,agentic,nloc,276.8,284.6,7.800000000000011,2.8179190751445127,5,5,5,True
156939672,28534,agentic,avg_ccn,12.247814685314685,12.552759740259742,0.3049450549450565,2.4897915487788222,5,5,4,True
156939672,28534,agentic,function_count,17.8,18.4,0.5999999999999979,3.3707865168539204,5,5,5,True
156939672,28588,agentic,nloc,367.0,424.0,57.0,15.53133514986376,1,1,1,True
156939672,28588,agentic,avg_ccn,2.28,2.56,0.28000000000000025,12.280701754385976,1,1,1,True
156939672,28588,agentic,function_count,25.0,25.0,0.0,0.0,1,1,1,True
156939672,28589,agentic,nloc,377.0,416.3333333333333,39.333333333333314,10.433244916003531,3,3,3,True
156939672,28589,agentic,avg_ccn,9.783333333333333,9.5,-0.2833333333333332,-2.896081771720612,3,3,2,True
156939672,28589,agentic,function_count,5.666666666666667,6.666666666666667,1.0,17.64705882352941,3,3,3,True
159564733,11945,human_candidate,nloc,409.0,405.0,-4.0,-0.9779951100244498,2,2,2,True
159564733,11945,human_candidate,avg_ccn,2.083333333333333,1.9583333333333333,-0.12499999999999978,-5.99999999999999,2,2,2,True
159564733,11945,human_candidate,function_count,18.5,18.5,0.0,0.0,2,2,2,True
159564733,12368,agentic,nloc,471.6666666666667,472.0,0.3333333333333144,0.07067137809186877,6,6,6,True
159564733,12368,agentic,avg_ccn,1.8397593824423095,1.8457117633946902,0.005952380952380709,0.323541274428987,6,6,6,True
159564733,12368,agentic,function_count,17.666666666666668,17.833333333333332,0.1666666666666643,0.9433962264150809,6,6,6,True
159564733,12444,human_candidate,nloc,67.96428571428571,67.21428571428571,-0.75,-1.1035207566999476,28,28,28,True
159564733,12444,human_candidate,avg_ccn,1.3183809523809524,1.280857142857143,-0.037523809523809515,-2.846203857545329,28,28,25,True
159564733,12444,human_candidate,function_count,5.821428571428571,6.0,0.17857142857142883,3.0674846625766916,28,28,28,True
163654595,3704,agentic,nloc,415.0,453.5,38.5,9.27710843373494,2,2,2,True
163654595,3704,agentic,avg_ccn,1.685971685971686,1.678828828828829,-0.0071428571428571175,-0.42366412213740307,2,2,2,True
163654595,3704,agentic,function_count,29.0,33.5,4.5,15.517241379310345,2,2,2,True
163654595,3731,agentic,nloc,171.5,175.0,3.5,2.0408163265306123,2,2,2,True
163654595,3731,agentic,avg_ccn,1.3708333333333333,1.3708333333333333,0.0,0.0,2,2,2,True
163654595,3731,agentic,function_count,14.5,14.5,0.0,0.0,2,2,2,True
164374484,795,agentic,nloc,514.0,529.6666666666666,15.666666666666629,3.047989623865103,3,3,3,True
164374484,795,agentic,avg_ccn,4.243589743589744,4.406485671191553,0.16289592760180938,3.838635151945961,3,3,3,True
164374484,795,agentic,function_count,18.666666666666668,18.666666666666668,0.0,0.0,3,3,3,True
164374484,796,agentic,nloc,633.0,664.0,31.0,4.897314375987362,1,1,1,True
164374484,796,agentic,avg_ccn,5.461538461538462,6.0,0.5384615384615383,9.859154929577462,1,1,1,True
164374484,796,agentic,function_count,13.0,13.0,0.0,0.0,1,1,1,True
164374484,797,agentic,nloc,633.0,664.0,31.0,4.897314375987362,1,1,1,True
164374484,797,agentic,avg_ccn,5.461538461538462,5.461538461538462,0.0,0.0,1,1,1,True
164374484,797,agentic,function_count,13.0,13.0,0.0,0.0,1,1,1,True
164374484,798,agentic,nloc,474.0,496.0,22.0,4.641350210970464,1,1,1,True
164374484,798,agentic,avg_ccn,4.269230769230769,4.423076923076923,0.1538461538461542,3.6036036036036116,1,1,1,True
164374484,798,agentic,function_count,26.0,26.0,0.0,0.0,1,1,1,True
164374484,800,agentic,nloc,633.0,637.0,4.0,0.631911532385466,1,1,1,True
164374484,800,agentic,avg_ccn,5.461538461538462,5.461538461538462,0.0,0.0,1,1,1,True
164374484,800,agentic,function_count,13.0,13.0,0.0,0.0,1,1,1,True
164374484,964,agentic,nloc,960.5,959.5,-1.0,-0.10411244143675169,2,2,2,True
164374484,964,agentic,avg_ccn,11.379999999999999,11.379999999999999,0.0,0.0,2,2,2,True
164374484,964,agentic,function_count,17.5,17.5,0.0,0.0,2,2,2,True
164374484,1069,agentic,nloc,3398.0,3382.0,-16.0,-0.47086521483225424,1,1,1,True
164374484,1069,agentic,avg_ccn,9.902439024390244,9.465116279069768,-0.43732274532047555,-4.416313437965393,1,1,1,True
164374484,1069,agentic,function_count,41.0,43.0,2.0,4.878048780487805,1,1,1,True
166515022,26168,human_candidate,nloc,249.0,256.0,7.0,2.8112449799196786,1,1,1,True
166515022,26168,human_candidate,avg_ccn,3.0,3.0,0.0,0.0,1,1,1,True
166515022,26168,human_candidate,function_count,12.0,12.0,0.0,0.0,1,1,1,True
166515022,26531,human_candidate,nloc,196.66666666666666,198.33333333333334,1.6666666666666856,0.8474576271186537,3,3,3,True
166515022,26531,human_candidate,avg_ccn,1.5579710144927534,1.4130434782608696,-0.1449275362318838,-9.302325581395333,3,3,2,True
166515022,26531,human_candidate,function_count,9.666666666666666,9.333333333333334,-0.33333333333333215,-3.4482758620689533,3,3,3,True
166515022,27849,human_candidate,nloc,585.0,615.0,30.0,5.128205128205129,2,2,2,True
166515022,27849,human_candidate,avg_ccn,2.1595238095238094,2.2292237442922374,0.06969993476842795,3.2275603751642494,2,2,2,True
166515022,27849,human_candidate,function_count,42.5,44.0,1.5,3.5294117647058822,2,2,2,True
166515022,28127,human_candidate,nloc,290.5,290.5,0.0,0.0,2,2,2,True
166515022,28127,human_candidate,avg_ccn,1.9153439153439153,1.9153439153439153,0.0,0.0,2,2,2,True
166515022,28127,human_candidate,function_count,17.0,17.0,0.0,0.0,2,2,2,True
166515022,28512,human_candidate,nloc,221.0,256.0,35.0,15.83710407239819,2,2,2,True
166515022,28512,human_candidate,avg_ccn,2.142857142857143,2.357142857142857,0.2142857142857144,10.000000000000007,2,2,2,True
166515022,28512,human_candidate,function_count,9.5,6.0,-3.5,-36.8421052631579,2,2,2,True
166515022,28893,human_candidate,nloc,698.0,698.0,0.0,0.0,2,2,2,True
166515022,28893,human_candidate,avg_ccn,1.005813953488372,1.005813953488372,0.0,0.0,2,2,2,True
166515022,28893,human_candidate,function_count,87.0,87.0,0.0,0.0,2,2,2,True
166515022,29144,human_candidate,nloc,1062.0,1063.5,1.5,0.14124293785310735,6,6,6,True
166515022,29144,human_candidate,avg_ccn,2.9461732229123534,2.9683954451345755,0.022222222222222143,0.7542741224243092,6,6,6,True
166515022,29144,human_candidate,function_count,32.166666666666664,32.0,-0.1666666666666643,-0.5181347150258994,6,6,6,True
167828165,1206,human_candidate,nloc,345.25,349.75,4.5,1.3034033309196236,4,4,4,True
167828165,1206,human_candidate,avg_ccn,2.3753246753246753,2.291537267080745,-0.08378740824393027,-3.5274086576176225,4,4,4,True
167828165,1206,human_candidate,function_count,19.75,20.5,0.75,3.7974683544303796,4,4,4,True
167828165,1271,human_candidate,nloc,232.4,236.8,4.400000000000006,1.8932874354561124,10,10,10,True
167828165,1271,human_candidate,avg_ccn,2.535539004050882,2.410748730900578,-0.12479027315030367,-4.921646756406964,10,10,9,True
167828165,1271,human_candidate,function_count,18.9,20.3,1.4000000000000021,7.40740740740742,10,10,10,True
170592186,11379,human_candidate,nloc,66.23076923076923,66.23076923076923,0.0,0.0,13,13,13,True
170592186,11379,human_candidate,avg_ccn,1.926157176157176,1.926157176157176,0.0,0.0,13,13,11,True
170592186,11379,human_candidate,function_count,4.076923076923077,4.076923076923077,0.0,0.0,13,13,13,True
170592186,13012,human_candidate,nloc,243.0,249.0,6.0,2.4691358024691357,1,1,1,True
170592186,13012,human_candidate,avg_ccn,4.5,5.0,0.5,11.11111111111111,1,1,1,True
170592186,13012,human_candidate,function_count,6.0,6.0,0.0,0.0,1,1,1,True
170592186,13031,agentic,nloc,249.0,266.0,17.0,6.827309236947791,1,1,1,True
170592186,13031,agentic,avg_ccn,5.0,4.142857142857143,-0.8571428571428568,-17.142857142857135,1,1,1,True
170592186,13031,agentic,function_count,6.0,7.0,1.0,16.666666666666668,1,1,1,True
170592186,15150,agentic,nloc,265.6666666666667,286.3333333333333,20.66666666666663,7.779171894604753,3,3,3,True
170592186,15150,agentic,avg_ccn,3.592105263157895,3.580952380952381,-0.011152882205514025,-0.31048316762603145,3,3,3,True
170592186,15150,agentic,function_count,8.333333333333334,9.333333333333334,1.0,12.0,3,3,3,True
170592186,15250,human_candidate,nloc,997.0,1007.75,10.75,1.078234704112337,4,4,4,True
170592186,15250,human_candidate,avg_ccn,7.31937321937322,7.2407407407407405,-0.07863247863247924,-1.0743061772605276,4,4,4,True
170592186,15250,human_candidate,function_count,33.0,35.0,2.0,6.0606060606060606,4,4,4,True
172370867,6918,human_candidate,nloc,965.7391304347826,972.6086956521739,6.869565217391255,0.7113272105168326,23,23,23,True
172370867,6918,human_candidate,avg_ccn,4.651184623532445,4.705557487142876,0.05437286361043103,1.1690110802167288,23,23,23,True
172370867,6918,human_candidate,function_count,41.391304347826086,41.47826086956522,0.0869565217391326,0.2100840336134506,23,23,23,True
172370867,6961,human_candidate,nloc,6468.0,6490.5,22.5,0.34786641929499074,2,2,2,True
172370867,6961,human_candidate,avg_ccn,8.771511097598054,8.973396169048343,0.20188507145028822,2.3015996811036517,2,2,2,True
172370867,6961,human_candidate,function_count,155.0,155.0,0.0,0.0,2,2,2,True
172370867,7331,human_candidate,nloc,445.6666666666667,495.6666666666667,50.0,11.219147344801794,3,3,3,True
172370867,7331,human_candidate,avg_ccn,4.708333333333333,4.536290322580645,-0.17204301075268802,-3.6540108478447015,3,3,3,True
172370867,7331,human_candidate,function_count,13.666666666666666,13.666666666666666,0.0,0.0,3,3,3,True
172370867,7788,human_candidate,nloc,852.0,908.0,56.0,6.572769953051643,1,1,1,True
172370867,7788,human_candidate,avg_ccn,4.9787234042553195,4.8,-0.17872340425531963,-3.589743589743599,1,1,1,True
172370867,7788,human_candidate,function_count,47.0,55.0,8.0,17.02127659574468,1,1,1,True
172370867,7808,human_candidate,nloc,3062.0,3093.0,31.0,1.0124101894186806,1,1,1,True
172370867,7808,human_candidate,avg_ccn,8.279661016949152,8.336134453781513,0.056473436832360946,0.6820742626631108,1,1,1,True
172370867,7808,human_candidate,function_count,118.0,119.0,1.0,0.847457627118644,1,1,1,True
172404626,47,agentic,nloc,59.0,74.0,15.0,25.423728813559322,1,1,1,True
172404626,47,agentic,avg_ccn,1.7142857142857142,1.875,0.1607142857142858,9.375000000000005,1,1,1,True
172404626,47,agentic,function_count,7.0,8.0,1.0,14.285714285714286,1,1,1,True
172404626,54,agentic,nloc,100.0,109.5,9.5,9.5,4,4,4,True
172404626,54,agentic,avg_ccn,2.3083333333333336,2.210714285714286,-0.09761904761904772,-4.228984012377518,4,4,4,True
172404626,54,agentic,function_count,9.0,9.75,0.75,8.333333333333334,4,4,4,True
172811550,2672,agentic,nloc,235.27272727272728,260.72727272727275,25.454545454545467,10.819165378670794,11,11,11,True
172811550,2672,agentic,avg_ccn,5.286019283746556,4.457070707070707,-0.8289485766758489,-15.681906027560261,11,11,11,True
172811550,2672,agentic,function_count,5.090909090909091,6.909090909090909,1.8181818181818183,35.71428571428572,11,11,11,True
172811550,2673,agentic,nloc,276.0,387.0,111.0,40.21739130434783,1,1,1,True
172811550,2673,agentic,avg_ccn,2.6666666666666665,2.857142857142857,0.1904761904761907,7.142857142857151,1,1,1,True
172811550,2673,agentic,function_count,18.0,21.0,3.0,16.666666666666668,1,1,1,True
172811550,2697,agentic,nloc,307.5,335.1,27.600000000000023,8.975609756097569,10,10,10,True
172811550,2697,agentic,avg_ccn,4.715952380952381,4.815476190476191,0.09952380952380935,2.1103650224668007,10,10,10,True
172811550,2697,agentic,function_count,7.7,8.3,0.6000000000000005,7.792207792207799,10,10,10,True
172811550,2698,agentic,nloc,444.75,510.0,65.25,14.671163575042158,4,4,4,True
172811550,2698,agentic,avg_ccn,3.950956937799043,3.7318181818181815,-0.21913875598086152,-5.546472903421139,4,4,2,True
172811550,2698,agentic,function_count,10.25,11.75,1.5,14.634146341463415,4,4,4,True
172811550,2700,agentic,nloc,185.5,242.5,57.0,30.7277628032345,8,8,8,True
172811550,2700,agentic,avg_ccn,4.002666666666667,3.352307692307692,-0.650358974358975,-16.24814226413162,8,8,5,True
172811550,2700,agentic,function_count,5.375,7.5,2.125,39.53488372093023,8,8,8,True
172811550,2706,agentic,nloc,222.6,342.1,119.50000000000003,53.683737646001816,10,10,10,True
172811550,2706,agentic,avg_ccn,3.085467178324321,2.9119428806005163,-0.17352429772380473,-5.623922981350384,10,10,7,True
172811550,2706,agentic,function_count,9.5,11.3,1.8000000000000007,18.947368421052637,10,10,10,True
172811550,2712,agentic,nloc,131.5,150.0,18.5,14.068441064638783,2,2,2,True
172811550,2712,agentic,avg_ccn,2.45,2.107142857142857,-0.34285714285714297,-13.994169096209918,2,2,2,True
172811550,2712,agentic,function_count,10.5,13.0,2.5,23.80952380952381,2,2,2,True
173170791,4000,human_candidate,nloc,607.4,602.8,-4.600000000000023,-0.7573263088574289,5,5,5,True
173170791,4000,human_candidate,avg_ccn,4.2094179894179895,4.176084656084656,-0.033333333333333215,-0.7918751099826513,5,5,5,True
173170791,4000,human_candidate,function_count,18.4,18.4,0.0,0.0,5,5,5,True
173170791,4012,human_candidate,nloc,43.0,43.0,0.0,0.0,1,1,1,True
173170791,4012,human_candidate,avg_ccn,2.0,2.0,0.0,0.0,1,1,1,True
173170791,4012,human_candidate,function_count,4.0,4.0,0.0,0.0,1,1,1,True
173170791,4157,human_candidate,nloc,3895.0,3905.0,10.0,0.25673940949935814,1,1,1,True
173170791,4157,human_candidate,avg_ccn,8.340659340659341,8.182795698924732,-0.15786364173460932,-1.8926997889129706,1,1,1,True
173170791,4157,human_candidate,function_count,91.0,93.0,2.0,2.197802197802198,1,1,1,True
175391102,4877,human_candidate,nloc,101.0,101.0,0.0,0.0,1,1,1,True
175391102,4877,human_candidate,avg_ccn,1.35,1.35,0.0,0.0,1,1,1,True
175391102,4877,human_candidate,function_count,20.0,20.0,0.0,0.0,1,1,1,True
175405157,7422,human_candidate,nloc,890.0,918.0,28.0,3.146067415730337,1,1,1,True
175405157,7422,human_candidate,avg_ccn,4.604651162790698,4.543478260869565,-0.06117290192113245,-1.3285024154589369,1,1,1,True
175405157,7422,human_candidate,function_count,43.0,46.0,3.0,6.976744186046512,1,1,1,True
176015789,2596,agentic,nloc,459.5,494.0,34.5,7.50816104461371,2,2,2,True
176015789,2596,agentic,avg_ccn,3.148343373493976,2.8986856516976998,-0.2496577217962761,-7.929812354591118,2,2,2,True
176015789,2596,agentic,function_count,45.5,47.0,1.5,3.2967032967032965,2,2,2,True
184456251,42273,human_candidate,nloc,333.4,341.8,8.400000000000034,2.5194961007798544,5,5,5,True
184456251,42273,human_candidate,avg_ccn,4.471098901098901,4.515384615384615,0.044285714285714484,0.9904883623761934,5,5,5,True
184456251,42273,human_candidate,function_count,13.2,13.4,0.20000000000000107,1.5151515151515234,5,5,5,True
184456251,47368,agentic,nloc,282.0,335.0,53.0,18.79432624113475,1,1,1,True
184456251,47368,agentic,avg_ccn,2.1,2.1666666666666665,0.06666666666666643,3.1746031746031633,1,1,1,True
184456251,47368,agentic,function_count,20.0,24.0,4.0,20.0,1,1,1,True
185841694,1689,agentic,nloc,81.5,98.0,16.5,20.245398773006134,4,4,4,True
185841694,1689,agentic,avg_ccn,3.5,4.425,0.9249999999999998,26.428571428571423,4,4,4,True
185841694,1689,agentic,function_count,4.25,4.5,0.25,5.882352941176471,4,4,4,True
186939154,856,agentic,nloc,18.0,17.0,-1.0,-5.555555555555555,1,1,1,True
186939154,856,agentic,avg_ccn,2.0,1.0,-1.0,-50.0,1,1,1,True
186939154,856,agentic,function_count,1.0,1.0,0.0,0.0,1,1,1,True
192332885,694,human_candidate,nloc,119.0,142.0,23.0,19.327731092436974,1,1,1,True
192332885,694,human_candidate,avg_ccn,2.6,2.8,0.19999999999999973,7.692307692307681,1,1,1,True
192332885,694,human_candidate,function_count,5.0,5.0,0.0,0.0,1,1,1,True
196414933,37946,human_candidate,nloc,383.8333333333333,377.8333333333333,-6.0,-1.5631784628745116,6,6,6,True
196414933,37946,human_candidate,avg_ccn,2.1332244008714594,1.8528116789558438,-0.2804127219156156,-13.14501755188353,6,6,6,True
196414933,37946,human_candidate,function_count,25.333333333333332,26.833333333333332,1.5,5.921052631578948,6,6,6,True
196414933,40344,human_candidate,nloc,385.0,395.0,10.0,2.5974025974025974,2,2,2,True
196414933,40344,human_candidate,avg_ccn,3.583333333333333,3.530701754385965,-0.05263157894736814,-1.4687882496939948,2,2,2,True
196414933,40344,human_candidate,function_count,12.0,12.5,0.5,4.166666666666667,2,2,2,True
196414933,47183,human_candidate,nloc,38.0,39.0,1.0,2.6315789473684212,1,1,1,True
196414933,47183,human_candidate,avg_ccn,2.0,2.0,0.0,0.0,1,1,1,True
196414933,47183,human_candidate,function_count,4.0,4.0,0.0,0.0,1,1,1,True
196414933,48257,human_candidate,nloc,200.0,200.66666666666666,0.6666666666666572,0.3333333333333286,3,3,3,True
196414933,48257,human_candidate,avg_ccn,2.3333333333333335,2.4151785714285716,0.08184523809523814,3.507653061224491,3,3,3,True
196414933,48257,human_candidate,function_count,14.666666666666666,14.333333333333334,-0.33333333333333215,-2.272727272727265,3,3,3,True
196414933,48742,human_candidate,nloc,455.0,469.6666666666667,14.666666666666686,3.2234432234432275,3,3,3,True
196414933,48742,human_candidate,avg_ccn,2.464021164021164,2.4699507389162565,0.005929574895092493,0.24064626479975976,3,3,3,True
196414933,48742,human_candidate,function_count,21.666666666666668,22.333333333333332,0.6666666666666643,3.076923076923066,3,3,3,True
196414933,48785,human_candidate,nloc,146.27272727272728,142.27272727272728,-4.0,-2.7346177750155376,11,11,11,True
196414933,48785,human_candidate,avg_ccn,3.4094516594516593,3.60036075036075,0.19090909090909092,5.599407470108984,11,11,11,True
196414933,48785,human_candidate,function_count,7.818181818181818,7.545454545454546,-0.2727272727272725,-3.4883720930232527,11,11,11,True
197033610,8343,human_candidate,nloc,245.52173913043478,257.2173913043478,11.695652173913032,4.7635912874092385,23,23,23,True
197033610,8343,human_candidate,avg_ccn,1.6384877605912866,1.6121866139624668,-0.026301146628819883,-1.605208611343456,23,23,21,True
197033610,8343,human_candidate,function_count,11.826086956521738,12.826086956521738,1.0,8.455882352941178,23,23,23,True
197033610,8504,agentic,nloc,170.0,174.0,4.0,2.3529411764705883,1,1,1,True
197033610,8504,agentic,avg_ccn,1.25,1.25,0.0,0.0,1,1,1,True
197033610,8504,agentic,function_count,4.0,4.0,0.0,0.0,1,1,1,True
197153676,19630,human_candidate,nloc,1638.0,1631.0,-7.0,-0.42735042735042733,1,1,1,True
197153676,19630,human_candidate,avg_ccn,4.209876543209877,4.209876543209877,0.0,0.0,1,1,1,True
197153676,19630,human_candidate,function_count,81.0,81.0,0.0,0.0,1,1,1,True
197153676,19811,human_candidate,nloc,1019.4285714285714,1011.0,-8.428571428571445,-0.8267937219730958,7,7,7,True
197153676,19811,human_candidate,avg_ccn,3.482975740840191,3.5690217137966664,0.08604597295647531,2.470472933461162,7,7,7,True
197153676,19811,human_candidate,function_count,48.714285714285715,48.57142857142857,-0.1428571428571459,-0.2932551319648156,7,7,7,True
197153676,20394,human_candidate,nloc,1002.3333333333334,1050.0,47.66666666666663,4.755570335882935,3,3,3,True
197153676,20394,human_candidate,avg_ccn,5.848039215686275,5.461675579322638,-0.3863636363636367,-6.606721024156067,3,3,3,True
197153676,20394,human_candidate,function_count,27.0,30.333333333333332,3.333333333333332,12.345679012345673,3,3,3,True
197336679,629,agentic,nloc,737.0,739.0,2.0,0.27137042062415195,1,1,1,True
197336679,629,agentic,avg_ccn,2.595744680851064,2.595744680851064,0.0,0.0,1,1,1,True
197336679,629,agentic,function_count,47.0,47.0,0.0,0.0,1,1,1,True
197336679,634,agentic,nloc,739.0,745.0,6.0,0.8119079837618404,1,1,1,True
197336679,634,agentic,avg_ccn,2.595744680851064,2.6382978723404253,0.04255319148936154,1.6393442622950758,1,1,1,True
197336679,634,agentic,function_count,47.0,47.0,0.0,0.0,1,1,1,True
197336679,647,agentic,nloc,6470.0,6526.0,56.0,0.865533230293663,1,1,1,True
197336679,647,agentic,avg_ccn,6.212643678160919,6.261494252873563,0.048850574712643535,0.7863089731729856,1,1,1,True
197336679,647,agentic,function_count,348.0,348.0,0.0,0.0,1,1,1,True
197336679,662,agentic,nloc,3913.0,3643.0,-270.0,-6.900076667518528,1,1,1,True
197336679,662,agentic,avg_ccn,5.638766519823789,5.7050691244239635,0.06630260460017467,1.1758352534562226,1,1,1,True
197336679,662,agentic,function_count,227.0,217.0,-10.0,-4.405286343612334,1,1,1,True
197336679,685,agentic,nloc,2932.5,2928.25,-4.25,-0.14492753623188406,4,4,4,True
197336679,685,agentic,avg_ccn,5.816116071428572,5.761026785714286,-0.05508928571428573,-0.9471833958904217,4,4,4,True
197336679,685,agentic,function_count,157.25,157.25,0.0,0.0,4,4,4,True
203843667,26749,human_candidate,nloc,253.75,292.0,38.25,15.073891625615763,4,4,4,True
203843667,26749,human_candidate,avg_ccn,2.2456837606837605,2.2563218390804596,0.010638078396699058,0.4737122199904051,4,4,3,True
203843667,26749,human_candidate,function_count,18.75,20.0,1.25,6.666666666666667,4,4,4,True
203843667,27249,human_candidate,nloc,1004.0,995.0,-9.0,-0.896414342629482,1,1,1,True
203843667,27249,human_candidate,avg_ccn,1.9791666666666667,2.0444444444444443,0.06527777777777755,3.2982456140350758,1,1,1,True
203843667,27249,human_candidate,function_count,48.0,45.0,-3.0,-6.25,1,1,1,True
203843667,27423,human_candidate,nloc,1754.0,1808.0,54.0,3.0786773090079818,1,1,1,True
203843667,27423,human_candidate,avg_ccn,2.022222222222222,2.1818181818181817,0.1595959595959595,7.892107892107888,1,1,1,True
203843667,27423,human_candidate,function_count,90.0,77.0,-13.0,-14.444444444444445,1,1,1,True
203843667,27424,human_candidate,nloc,377.0,393.0,16.0,4.244031830238727,2,2,2,True
203843667,27424,human_candidate,avg_ccn,2.3125,2.320075757575758,0.007575757575757791,0.3276003276003369,2,2,2,True
203843667,27424,human_candidate,function_count,20.0,20.5,0.5,2.5,2,2,2,True
204086862,13099,human_candidate,nloc,445.5238095238095,456.04761904761904,10.523809523809518,2.3621205643437353,42,42,42,True
204086862,13099,human_candidate,avg_ccn,2.3527265982601717,2.3304239911745,-0.022302607085671777,-0.9479472498914422,42,42,41,True
204086862,13099,human_candidate,function_count,28.80952380952381,29.714285714285715,0.9047619047619051,3.140495867768596,42,42,42,True
204086862,13876,human_candidate,nloc,434.27272727272725,452.72727272727275,18.454545454545496,4.249528993091908,11,11,11,True
204086862,13876,human_candidate,avg_ccn,2.999876013936524,3.176738027836754,0.17686201390023015,5.895644122576477,11,11,10,True
204086862,13876,human_candidate,function_count,28.545454545454547,29.0,0.45454545454545325,1.5923566878980846,11,11,11,True
208102250,4256,agentic,nloc,34.0,27.0,-7.0,-20.58823529411765,1,1,1,True
208102250,4256,agentic,avg_ccn,2.5,2.0,-0.5,-20.0,1,1,1,True
208102250,4256,agentic,function_count,2.0,2.0,0.0,0.0,1,1,1,True
208102250,4295,agentic,nloc,141.0,140.0,-1.0,-0.7092198581560284,1,1,1,True
208102250,4295,agentic,avg_ccn,3.5714285714285716,3.7142857142857144,0.1428571428571428,3.9999999999999982,1,1,1,True
208102250,4295,agentic,function_count,7.0,7.0,0.0,0.0,1,1,1,True
208102250,4470,human_candidate,nloc,426.0,436.1666666666667,10.166666666666686,2.3865414710485178,6,6,6,True
208102250,4470,human_candidate,avg_ccn,2.4201600868267534,2.4804593554593555,0.06029926863260204,2.491540496053084,6,6,6,True
208102250,4470,human_candidate,function_count,15.333333333333334,15.666666666666666,0.33333333333333215,2.173913043478253,6,6,6,True
209120637,2629,agentic,nloc,439.0,443.0,4.0,0.9111617312072893,1,1,1,True
209120637,2629,agentic,avg_ccn,3.5757575757575757,3.6363636363636362,0.06060606060606055,1.6949152542372867,1,1,1,True
209120637,2629,agentic,function_count,33.0,33.0,0.0,0.0,1,1,1,True
209120637,3148,human_candidate,nloc,606.5,621.0,14.5,2.390766694146744,4,4,4,True
209120637,3148,human_candidate,avg_ccn,3.4593253968253963,3.461032668881506,0.0017072720561097654,0.04935274541321032,4,4,4,True
209120637,3148,human_candidate,function_count,29.0,29.25,0.25,0.8620689655172413,4,4,4,True
210716005,114736,human_candidate,nloc,265.6666666666667,275.6666666666667,10.0,3.7641154328732744,6,6,6,True
210716005,114736,human_candidate,avg_ccn,4.243230625583567,4.2811039771713935,0.037873351587826676,0.8925593475753629,6,6,6,True
210716005,114736,human_candidate,function_count,20.833333333333332,21.666666666666668,0.8333333333333357,4.0000000000000115,6,6,6,True
210716005,116123,human_candidate,nloc,8437.0,8463.5,26.5,0.3140926869740429,4,4,4,True
210716005,116123,human_candidate,avg_ccn,11.213813555073061,11.302290338066545,0.08847678299348338,0.7889981633719693,4,4,4,True
210716005,116123,human_candidate,function_count,172.0,171.75,-0.25,-0.14534883720930233,4,4,4,True
210716005,116175,human_candidate,nloc,146.0,152.0,6.0,4.109589041095891,1,1,1,True
210716005,116175,human_candidate,avg_ccn,2.0,2.3,0.2999999999999998,14.999999999999991,1,1,1,True
210716005,116175,human_candidate,function_count,10.0,10.0,0.0,0.0,1,1,1,True
210716005,116419,human_candidate,nloc,510.5,535.75,25.25,4.9461312438785505,4,4,4,True
210716005,116419,human_candidate,avg_ccn,2.407337806477651,2.352215519034741,-0.05512228744290981,-2.289761216501775,4,4,4,True
210716005,116419,human_candidate,function_count,27.25,31.0,3.75,13.761467889908257,4,4,4,True
210716005,116752,human_candidate,nloc,51.0,52.0,1.0,1.9607843137254901,1,1,1,True
210716005,116752,human_candidate,avg_ccn,2.0,1.8,-0.19999999999999996,-9.999999999999998,1,1,1,True
210716005,116752,human_candidate,function_count,4.0,5.0,1.0,25.0,1,1,1,True
210716005,116895,human_candidate,nloc,164.0,172.0,8.0,4.878048780487805,1,1,1,True
210716005,116895,human_candidate,avg_ccn,1.0,1.0,0.0,0.0,1,1,1,True
210716005,116895,human_candidate,function_count,56.0,56.0,0.0,0.0,1,1,1,True
210716005,116945,human_candidate,nloc,62.25,63.0,0.75,1.2048192771084338,4,4,4,True
210716005,116945,human_candidate,avg_ccn,3.8125,3.0625,-0.75,-19.672131147540984,4,4,4,True
210716005,116945,human_candidate,function_count,4.0,4.0,0.0,0.0,4,4,4,True
210716005,117381,human_candidate,nloc,2890.0,2911.0,21.0,0.726643598615917,1,1,1,True
210716005,117381,human_candidate,avg_ccn,10.94,11.1,0.16000000000000014,1.4625228519195625,1,1,1,True
210716005,117381,human_candidate,function_count,50.0,50.0,0.0,0.0,1,1,1,True
210716005,117531,human_candidate,nloc,22739.0,22739.0,0.0,0.0,1,1,1,True
210716005,117531,human_candidate,avg_ccn,12.473684210526315,12.473684210526315,0.0,0.0,1,1,1,True
210716005,117531,human_candidate,function_count,494.0,494.0,0.0,0.0,1,1,1,True
210716005,117989,human_candidate,nloc,195.8,206.2,10.399999999999977,5.311542390194064,5,5,5,True
210716005,117989,human_candidate,avg_ccn,6.311538461538461,6.573076923076923,0.2615384615384615,4.143814747105423,5,5,5,True
210716005,117989,human_candidate,function_count,5.4,5.4,0.0,0.0,5,5,5,True
210716005,118029,human_candidate,nloc,380.7142857142857,380.0,-0.7142857142857224,-0.18761726078799462,7,7,7,True
210716005,118029,human_candidate,avg_ccn,1.7752525252525253,1.714091464091464,-0.06116106116106135,-3.4452034452034557,7,7,6,True
210716005,118029,human_candidate,function_count,19.857142857142858,20.142857142857142,0.2857142857142847,1.4388489208633042,7,7,7,True
210716005,118108,human_candidate,nloc,410.0,419.8,9.800000000000011,2.390243902439027,5,5,5,True
210716005,118108,human_candidate,avg_ccn,4.144908424908425,4.069104049104049,-0.07580437580437582,-1.828855261284828,5,5,5,True
210716005,118108,human_candidate,function_count,18.2,19.0,0.8000000000000007,4.3956043956043995,5,5,5,True
210716005,118207,agentic,nloc,342.0,351.0,9.0,2.6315789473684212,2,2,2,True
210716005,118207,agentic,avg_ccn,2.673809523809524,2.6916666666666664,0.01785714285714235,0.6678539626001591,2,2,2,True
210716005,118207,agentic,function_count,18.5,19.0,0.5,2.7027027027027026,2,2,2,True
210716005,118640,human_candidate,nloc,147.0,151.0,4.0,2.7210884353741496,10,10,10,True
210716005,118640,human_candidate,avg_ccn,1.8941269841269839,1.8234199134199134,-0.0707070707070705,-3.732963592177526,10,10,10,True
210716005,118640,human_candidate,function_count,13.9,14.1,0.1999999999999993,1.4388489208633042,10,10,10,True
210716005,120627,agentic,nloc,730.0,685.0,-45.0,-6.164383561643835,1,1,1,True
210716005,120627,agentic,avg_ccn,2.4375,2.4375,0.0,0.0,1,1,1,True
210716005,120627,agentic,function_count,16.0,16.0,0.0,0.0,1,1,1,True
210716005,120628,agentic,nloc,259.0,379.0,120.0,46.33204633204633,2,2,2,True
210716005,120628,agentic,avg_ccn,5.195454545454545,5.711904761904762,0.5164502164502167,9.940424113652465,2,2,2,True
210716005,120628,agentic,function_count,10.5,14.5,4.0,38.095238095238095,2,2,2,True
210716005,120630,agentic,nloc,620.0,620.0,0.0,0.0,14,14,14,True
210716005,120630,agentic,avg_ccn,4.571885384966677,4.571885384966677,0.0,0.0,14,14,14,True
210716005,120630,agentic,function_count,36.642857142857146,36.642857142857146,0.0,0.0,14,14,14,True
210716005,120633,agentic,nloc,1414.3333333333333,1429.6666666666667,15.333333333333485,1.0841385811925632,3,3,3,True
210716005,120633,agentic,avg_ccn,4.32397504456328,4.284090909090909,-0.03988413547237091,-0.9223951355250986,3,3,3,True
210716005,120633,agentic,function_count,65.33333333333333,66.33333333333333,1.0,1.5306122448979593,3,3,3,True
210716005,120886,agentic,nloc,2844.25,2856.5,12.25,0.43069350443878,4,4,4,True
210716005,120886,agentic,avg_ccn,13.137806721194877,13.170576991465149,0.03277027027027124,0.249434863563671,4,4,4,True
210716005,120886,agentic,function_count,44.5,44.5,0.0,0.0,4,4,4,True
210716005,120916,agentic,nloc,3522.3333333333335,3534.6666666666665,12.33333333333303,0.3501466830699261,3,3,3,True
210716005,120916,agentic,avg_ccn,10.496572230124862,10.54342697961119,0.04685474948632873,0.44638143252000817,3,3,3,True
210716005,120916,agentic,function_count,58.0,58.0,0.0,0.0,3,3,3,True
210716005,121077,human_candidate,nloc,955.625,901.1875,-54.4375,-5.696533682145193,16,16,16,True
210716005,121077,human_candidate,avg_ccn,2.721394504744111,2.764221630650505,0.04282712590639415,1.5737198642730825,16,16,16,True
210716005,121077,human_candidate,function_count,126.75,124.6875,-2.0625,-1.6272189349112427,16,16,16,True
210716005,121139,human_candidate,nloc,282.4,282.4,0.0,0.0,5,5,5,True
210716005,121139,human_candidate,avg_ccn,2.63986013986014,2.63986013986014,0.0,0.0,5,5,4,True
210716005,121139,human_candidate,function_count,11.6,11.6,0.0,0.0,5,5,5,True
210716005,121223,human_candidate,nloc,326.5,370.0,43.5,13.32312404287902,2,2,2,True
210716005,121223,human_candidate,avg_ccn,4.8428571428571425,5.5125,0.6696428571428577,13.827433628318596,2,2,2,True
210716005,121223,human_candidate,function_count,18.5,19.0,0.5,2.7027027027027026,2,2,2,True
210716005,121580,human_candidate,nloc,4353.0,4356.5,3.5,0.08040431886055593,2,2,2,True
210716005,121580,human_candidate,avg_ccn,15.471698113207546,15.477987421383649,0.006289308176102182,0.04065040650407508,2,2,1,True
210716005,121580,human_candidate,function_count,79.5,79.5,0.0,0.0,2,2,2,True
210716005,121641,agentic,nloc,673.0,677.0,4.0,0.5943536404160475,1,1,1,True
210716005,121641,agentic,avg_ccn,4.239130434782608,4.260869565217392,0.02173913043478315,0.5128205128205257,1,1,1,True
210716005,121641,agentic,function_count,46.0,46.0,0.0,0.0,1,1,1,True
210716005,121851,agentic,nloc,396.0,398.0,2.0,0.5050505050505051,1,1,1,True
210716005,121851,agentic,avg_ccn,6.125,6.25,0.125,2.0408163265306123,1,1,1,True
210716005,121851,agentic,function_count,16.0,16.0,0.0,0.0,1,1,1,True
210716005,122040,human_candidate,nloc,2470.5,2482.0,11.5,0.4654928152195912,2,2,2,True
210716005,122040,human_candidate,avg_ccn,9.139399509803921,8.839527027027028,-0.2998724827768928,-3.2810961207595395,2,2,2,True
210716005,122040,human_candidate,function_count,65.0,66.5,1.5,2.3076923076923075,2,2,2,True
210716005,122090,human_candidate,nloc,726.3333333333334,847.3333333333334,121.0,16.659017898118403,3,3,3,True
210716005,122090,human_candidate,avg_ccn,20.305854241338114,12.657706093189965,-7.648148148148149,-37.66474464579901,3,3,3,True
210716005,122090,human_candidate,function_count,17.0,18.333333333333332,1.3333333333333321,7.843137254901953,3,3,3,True
210716005,122107,human_candidate,nloc,222.0,244.0,22.0,9.90990990990991,1,1,1,True
210716005,122107,human_candidate,avg_ccn,6.625,7.125,0.5,7.547169811320755,1,1,1,True
210716005,122107,human_candidate,function_count,8.0,8.0,0.0,0.0,1,1,1,True
210716005,122167,human_candidate,nloc,6565.833333333333,6582.5,16.66666666666697,0.2538393197106278,6,6,6,True
210716005,122167,human_candidate,avg_ccn,11.310386469885248,11.306538283535394,-0.003848186349854288,-0.034023473557692946,6,6,4,True
210716005,122167,human_candidate,function_count,155.83333333333334,156.0,0.1666666666666572,0.10695187165774793,6,6,6,True
210716005,122184,human_candidate,nloc,1263.0,1263.0,0.0,0.0,1,1,1,True
210716005,122184,human_candidate,avg_ccn,9.727272727272727,9.757575757575758,0.030303030303031164,0.3115264797507877,1,1,1,True
210716005,122184,human_candidate,function_count,33.0,33.0,0.0,0.0,1,1,1,True
210716005,122389,agentic,nloc,45.333333333333336,145.0,99.66666666666666,219.85294117647055,6,6,6,True
210716005,122389,agentic,avg_ccn,1.3333333333333333,1.9230713730713733,0.5897380397380401,44.23035298035301,6,6,6,True
210716005,122389,agentic,function_count,2.6666666666666665,11.333333333333334,8.666666666666668,325.00000000000006,6,6,6,True
210716005,122530,agentic,nloc,1360.0,1364.0,4.0,0.29411764705882354,2,2,2,True
210716005,122530,agentic,avg_ccn,3.874825783972126,3.8411854103343464,-0.0336403736377795,-0.8681777069031059,2,2,2,True
210716005,122530,agentic,function_count,90.5,91.5,1.0,1.1049723756906078,2,2,2,True
210716005,122749,agentic,nloc,434.75,475.5,40.75,9.373202990224266,4,4,4,True
210716005,122749,agentic,avg_ccn,10.571428571428571,10.382142857142856,-0.18928571428571495,-1.7905405405405468,4,4,4,True
210716005,122749,agentic,function_count,10.75,11.75,1.0,9.30232558139535,4,4,4,True
210716005,122822,agentic,nloc,80.33333333333333,52.0,-28.33333333333333,-35.26970954356846,3,3,3,True
210716005,122822,agentic,avg_ccn,1.4000000000000001,1.277777777777778,-0.12222222222222223,-8.73015873015873,3,3,3,True
210716005,122822,agentic,function_count,8.0,5.666666666666667,-2.333333333333333,-29.166666666666664,3,3,3,True
210716005,122947,agentic,nloc,121.5,290.5,169.0,139.09465020576133,6,6,6,True
210716005,122947,agentic,avg_ccn,3.158333333333333,4.837121212121212,1.6787878787878787,53.15423362916767,6,6,6,True
210716005,122947,agentic,function_count,7.333333333333333,8.333333333333334,1.0000000000000009,13.63636363636365,6,6,6,True
210716005,122952,agentic,nloc,977.5,996.5,19.0,1.9437340153452685,2,2,2,True
210716005,122952,agentic,avg_ccn,2.9521031207598374,2.985336475517151,0.033233354757313815,1.1257518249823175,2,2,2,True
210716005,122952,agentic,function_count,61.0,62.0,1.0,1.639344262295082,2,2,2,True
210716005,122956,agentic,nloc,612.0,552.0,-60.0,-9.803921568627452,1,1,1,True
210716005,122956,agentic,avg_ccn,3.71875,3.4375,-0.28125,-7.563025210084033,1,1,1,True
210716005,122956,agentic,function_count,32.0,32.0,0.0,0.0,1,1,1,True
210716005,122959,agentic,nloc,3250.75,3292.25,41.5,1.2766284703529955,4,4,4,True
210716005,122959,agentic,avg_ccn,11.479167197858235,11.4804634992135,0.0012963013552642622,0.011292642862681921,4,4,4,True
210716005,122959,agentic,function_count,58.25,58.5,0.25,0.4291845493562232,4,4,4,True
210716005,123034,agentic,nloc,275.0,275.0,0.0,0.0,1,1,1,True
210716005,123034,agentic,avg_ccn,3.2,3.2,0.0,0.0,1,1,1,True
210716005,123034,agentic,function_count,20.0,20.0,0.0,0.0,1,1,1,True
210716005,123041,agentic,nloc,161.5,239.5,78.0,48.297213622291025,4,4,4,True
210716005,123041,agentic,avg_ccn,4.43125,5.696875,1.265625,28.56135401974612,4,4,4,True
210716005,123041,agentic,function_count,6.5,8.25,1.75,26.923076923076923,4,4,4,True
210716005,123158,agentic,nloc,1793.0,1821.0,28.0,1.5616285554935863,1,1,1,True
210716005,123158,agentic,avg_ccn,3.7063492063492065,3.8015873015873014,0.0952380952380949,2.569593147751597,1,1,1,True
210716005,123158,agentic,function_count,126.0,126.0,0.0,0.0,1,1,1,True
210716005,123397,agentic,nloc,4802.0,4805.0,3.0,0.06247396917950854,3,3,3,True
210716005,123397,agentic,avg_ccn,5.198421052631579,5.206315789473685,0.007894736842105843,0.15186797610611624,3,3,2,True
210716005,123397,agentic,function_count,221.66666666666666,221.66666666666666,0.0,0.0,3,3,3,True
210716005,123674,agentic,nloc,1066.0,1064.0,-2.0,-0.18761726078799248,1,1,1,True
210716005,123674,agentic,avg_ccn,11.047619047619047,11.047619047619047,0.0,0.0,1,1,1,True
210716005,123674,agentic,function_count,21.0,21.0,0.0,0.0,1,1,1,True
210716005,123754,agentic,nloc,123.0,194.0,71.0,57.72357723577236,2,2,2,True
210716005,123754,agentic,avg_ccn,2.5,1.6666666666666667,-0.8333333333333333,-33.33333333333333,2,2,2,True
210716005,123754,agentic,function_count,4.0,9.0,5.0,125.0,2,2,2,True
210716005,123776,agentic,nloc,566.0,566.0,0.0,0.0,2,2,2,True
210716005,123776,agentic,avg_ccn,6.828638497652582,6.884194053208137,0.05555555555555536,0.8135670906382463,2,2,2,True
210716005,123776,agentic,function_count,40.0,40.0,0.0,0.0,2,2,2,True
210716005,124077,agentic,nloc,208.71428571428572,261.85714285714283,53.14285714285711,25.462012320328526,7,7,7,True
210716005,124077,agentic,avg_ccn,5.492424242424242,5.924105263157895,0.4316810207336532,7.859571687840306,7,7,5,True
210716005,124077,agentic,function_count,5.857142857142857,8.285714285714286,2.4285714285714297,41.46341463414637,7,7,7,True
210716005,124172,agentic,nloc,917.0,911.0,-6.0,-0.6543075245365322,1,1,1,True
210716005,124172,agentic,avg_ccn,2.19672131147541,2.1639344262295084,-0.032786885245901676,-1.4925373134328372,1,1,1,True
210716005,124172,agentic,function_count,61.0,61.0,0.0,0.0,1,1,1,True
210716005,124252,human_candidate,nloc,2036.0,2047.5,11.5,0.5648330058939096,2,2,2,True
210716005,124252,human_candidate,avg_ccn,8.260551948051948,8.255681818181818,-0.004870129870129247,-0.05895647047262684,2,2,2,True
210716005,124252,human_candidate,function_count,47.5,48.0,0.5,1.0526315789473684,2,2,2,True
210716005,124450,agentic,nloc,506.0,540.6666666666666,34.66666666666663,6.851119894598148,3,3,3,True
210716005,124450,agentic,avg_ccn,3.558406669754516,3.8659978720170236,0.3075912022625076,8.644071091619423,3,3,3,True
210716005,124450,agentic,function_count,49.666666666666664,50.333333333333336,0.6666666666666714,1.3422818791946405,3,3,3,True
210716005,124577,agentic,nloc,92.5,113.5,21.0,22.7027027027027,2,2,2,True
210716005,124577,agentic,avg_ccn,2.4,2.857142857142857,0.4571428571428573,19.047619047619055,2,2,2,True
210716005,124577,agentic,function_count,5.0,7.0,2.0,40.0,2,2,2,True
210716005,124647,agentic,nloc,1507.0,1515.3333333333333,8.333333333333258,0.552975005529745,3,3,3,True
210716005,124647,agentic,avg_ccn,7.148937384110684,7.150335187562402,0.0013978034517183602,0.019552604486719038,3,3,3,True
210716005,124647,agentic,function_count,39.333333333333336,39.666666666666664,0.3333333333333286,0.8474576271186319,3,3,3,True
210716005,124667,agentic,nloc,212.0,258.0,46.0,21.69811320754717,1,1,1,True
210716005,124667,agentic,avg_ccn,7.875,6.7,-1.1749999999999998,-14.92063492063492,1,1,1,True
210716005,124667,agentic,function_count,8.0,10.0,2.0,25.0,1,1,1,True
210716005,124705,agentic,nloc,369.0,381.0,12.0,3.252032520325203,1,1,1,True
210716005,124705,agentic,avg_ccn,7.25,8.25,1.0,13.793103448275861,1,1,1,True
210716005,124705,agentic,function_count,8.0,8.0,0.0,0.0,1,1,1,True
210716005,124706,agentic,nloc,1866.0,1890.0,24.0,1.2861736334405145,3,3,3,True
210716005,124706,agentic,avg_ccn,8.883697603209798,8.940174098710685,0.056476495500886514,0.6357318542729415,3,3,3,True
210716005,124706,agentic,function_count,45.333333333333336,46.0,0.6666666666666643,1.4705882352941124,3,3,3,True
210716005,124834,human_candidate,nloc,847.1333333333333,842.5333333333333,-4.600000000000023,-0.5430077909813515,15,15,15,True
210716005,124834,human_candidate,avg_ccn,2.381401458584997,2.3612970693866147,-0.02010438919838231,-0.844225114833352,15,15,12,True
210716005,124834,human_candidate,function_count,33.6,34.0,0.3999999999999986,1.1904761904761862,15,15,15,True
210716005,124878,human_candidate,nloc,541.0,541.0,0.0,0.0,2,2,2,True
210716005,124878,human_candidate,avg_ccn,1.9678051511758121,1.9678051511758121,0.0,0.0,2,2,2,True
210716005,124878,human_candidate,function_count,42.5,42.5,0.0,0.0,2,2,2,True
210716005,124963,human_candidate,nloc,475.0,467.0,-8.0,-1.6842105263157894,1,1,1,True
210716005,124963,human_candidate,avg_ccn,2.227272727272727,2.2857142857142856,0.05844155844155852,2.6239067055393623,1,1,1,True
210716005,124963,human_candidate,function_count,44.0,42.0,-2.0,-4.545454545454546,1,1,1,True
210716005,124997,agentic,nloc,270.0,282.0,12.0,4.444444444444445,1,1,1,True
210716005,124997,agentic,avg_ccn,2.0,1.8888888888888888,-0.11111111111111116,-5.555555555555558,1,1,1,True
210716005,124997,agentic,function_count,16.0,18.0,2.0,12.5,1,1,1,True
210716005,125001,agentic,nloc,189.0,124.0,-65.0,-34.39153439153439,1,1,1,True
210716005,125001,agentic,avg_ccn,4.142857142857143,3.5714285714285716,-0.5714285714285716,-13.793103448275865,1,1,1,True
210716005,125001,agentic,function_count,7.0,7.0,0.0,0.0,1,1,1,True
210716005,125028,agentic,nloc,3443.0,3443.0,0.0,0.0,1,1,1,True
210716005,125028,agentic,avg_ccn,8.78888888888889,8.78888888888889,0.0,0.0,1,1,1,True
210716005,125028,agentic,function_count,90.0,90.0,0.0,0.0,1,1,1,True
210716005,125643,agentic,nloc,349.0,364.3333333333333,15.333333333333314,4.3935052531041014,3,3,3,True
210716005,125643,agentic,avg_ccn,4.170940170940171,4.170940170940171,0.0,0.0,3,3,3,True
210716005,125643,agentic,function_count,14.666666666666666,15.0,0.3333333333333339,2.272727272727277,3,3,3,True
210716005,125650,agentic,nloc,182.66666666666666,220.0,37.33333333333334,20.437956204379567,3,3,3,True
210716005,125650,agentic,avg_ccn,2.0710784313725488,2.169130327666913,0.0980518962943644,4.734340081432033,3,3,3,True
210716005,125650,agentic,function_count,16.0,19.333333333333332,3.333333333333332,20.833333333333325,3,3,3,True
210716005,125722,agentic,nloc,225.0,255.0,30.0,13.333333333333334,1,1,1,True
210716005,125722,agentic,avg_ccn,3.5,3.8666666666666667,0.3666666666666667,10.476190476190478,1,1,1,True
210716005,125722,agentic,function_count,14.0,15.0,1.0,7.142857142857143,1,1,1,True
210716005,125799,human_candidate,nloc,660.2173913043479,682.695652173913,22.478260869565133,3.404675666776411,23,23,23,True
210716005,125799,human_candidate,avg_ccn,3.6688615761882475,3.580650600067748,-0.08821097612049966,-2.4043146433490192,23,23,23,True
210716005,125799,human_candidate,function_count,26.434782608695652,37.34782608695652,10.913043478260871,41.28289473684211,23,23,23,True
210716005,126063,agentic,nloc,733.0,784.5,51.5,7.025920873124147,2,2,2,True
210716005,126063,agentic,avg_ccn,3.34357881923311,3.6603942652329753,0.3168154459998651,9.475339542691879,2,2,2,True
210716005,126063,agentic,function_count,42.0,42.5,0.5,1.1904761904761905,2,2,2,True
210716005,126169,human_candidate,nloc,1727.0,1736.0,9.0,0.5211349160393747,2,2,2,True
210716005,126169,human_candidate,avg_ccn,8.17471958584987,8.20923209663503,0.034512510785161155,0.42218586732811003,2,2,2,True
210716005,126169,human_candidate,function_count,40.0,40.0,0.0,0.0,2,2,2,True
210716005,126201,agentic,nloc,405.0,417.0,12.0,2.962962962962963,2,2,2,True
210716005,126201,agentic,avg_ccn,4.059523809523809,4.059523809523809,0.0,0.0,2,2,2,True
210716005,126201,agentic,function_count,8.5,8.5,0.0,0.0,2,2,2,True
210716005,126338,agentic,nloc,300.0769230769231,294.61538461538464,-5.461538461538453,-1.820046142014865,13,13,13,True
210716005,126338,agentic,avg_ccn,3.0526513355312606,3.157780291603821,0.10512895607256034,3.443857306889733,13,13,13,True
210716005,126338,agentic,function_count,16.23076923076923,15.692307692307692,-0.5384615384615383,-3.317535545023696,13,13,13,True
210716005,126353,agentic,nloc,329.8,320.4,-9.400000000000034,-2.8502122498484033,5,5,5,True
210716005,126353,agentic,avg_ccn,3.6813742690058477,3.7486299648064354,0.06725569580058766,1.8269181801705265,5,5,5,True
210716005,126353,agentic,function_count,15.6,15.0,-0.5999999999999996,-3.846153846153844,5,5,5,True
210716005,126534,agentic,nloc,1218.0,1221.3333333333333,3.3333333333332575,0.2736726874657847,3,3,3,True
210716005,126534,agentic,avg_ccn,3.0466591991245973,3.1235822760476744,0.0769230769230771,2.524833658624488,3,3,3,True
210716005,126534,agentic,function_count,116.66666666666667,116.66666666666667,0.0,0.0,3,3,3,True
210716005,126658,human_candidate,nloc,138.0,151.0,13.0,9.420289855072463,1,1,1,True
210716005,126658,human_candidate,avg_ccn,4.5,4.833333333333333,0.33333333333333304,7.4074074074074,1,1,1,True
210716005,126658,human_candidate,function_count,6.0,6.0,0.0,0.0,1,1,1,True
210716005,126671,agentic,nloc,3612.5,3625.5,13.0,0.35986159169550175,4,4,4,True
210716005,126671,agentic,avg_ccn,8.074037442599789,8.183362573099416,0.10932513049962722,1.3540329887846696,4,4,4,True
210716005,126671,agentic,function_count,185.75,186.0,0.25,0.13458950201884254,4,4,4,True
210716005,126801,agentic,nloc,10811.0,10838.0,27.0,0.2497456294514846,1,1,1,True
210716005,126801,agentic,avg_ccn,9.56183745583039,9.590106007067138,0.028268551236749317,0.295639320029566,1,1,1,True
210716005,126801,agentic,function_count,283.0,283.0,0.0,0.0,1,1,1,True
210716005,126841,agentic,nloc,1602.3333333333333,1598.0,-4.3333333333332575,-0.2704389432078172,3,3,3,True
210716005,126841,agentic,avg_ccn,6.958163092208895,6.958163092208895,0.0,0.0,3,3,3,True
210716005,126841,agentic,function_count,59.0,59.0,0.0,0.0,3,3,3,True
210716005,127014,agentic,nloc,8094.0,8103.0,9.0,0.1111934766493699,1,1,1,True
210716005,127014,agentic,avg_ccn,6.812,6.824,0.011999999999999567,0.1761597181444446,1,1,1,True
210716005,127014,agentic,function_count,250.0,250.0,0.0,0.0,1,1,1,True
210716005,127123,agentic,nloc,1395.0,1394.0,-1.0,-0.07168458781362007,1,1,1,True
210716005,127123,agentic,avg_ccn,2.0806451612903225,2.0806451612903225,0.0,0.0,1,1,1,True
210716005,127123,agentic,function_count,62.0,62.0,0.0,0.0,1,1,1,True
210716005,127178,agentic,nloc,766.8333333333334,768.1666666666666,1.3333333333332575,0.1738752445120527,6,6,6,True
210716005,127178,agentic,avg_ccn,4.88360433604336,7.407994579945799,2.524390243902439,51.69112954690492,6,6,4,True
210716005,127178,agentic,function_count,37.333333333333336,37.333333333333336,0.0,0.0,6,6,6,True
210716005,127329,agentic,nloc,23526.0,23543.0,17.0,0.07226047776927655,1,1,1,True
210716005,127329,agentic,avg_ccn,12.854870775347912,12.862823061630218,0.00795228628230582,0.061862047633774016,1,1,1,True
210716005,127329,agentic,function_count,503.0,503.0,0.0,0.0,1,1,1,True
210716005,127764,agentic,nloc,1525.0,1525.0,0.0,0.0,1,1,1,True
210716005,127764,agentic,avg_ccn,11.904761904761905,11.904761904761905,0.0,0.0,1,1,1,True
210716005,127764,agentic,function_count,21.0,21.0,0.0,0.0,1,1,1,True
210716005,127779,agentic,nloc,934.0,928.0,-6.0,-0.6423982869379015,1,1,1,True
210716005,127779,agentic,avg_ccn,3.4603174603174605,3.4603174603174605,0.0,0.0,1,1,1,True
210716005,127779,agentic,function_count,63.0,63.0,0.0,0.0,1,1,1,True
210716005,127845,human_candidate,nloc,2495.0,2497.25,2.25,0.09018036072144289,4,4,4,True
210716005,127845,human_candidate,avg_ccn,12.473859914336105,12.088166214995484,-0.3856936993406208,-3.0920156390192117,4,4,4,True
210716005,127845,human_candidate,function_count,47.0,47.5,0.5,1.0638297872340425,4,4,4,True
210716005,127930,human_candidate,nloc,1143.25,1145.0,1.75,0.15307238136890444,4,4,4,True
210716005,127930,human_candidate,avg_ccn,6.84139325586694,6.84139325586694,0.0,0.0,4,4,4,True
210716005,127930,human_candidate,function_count,38.5,38.5,0.0,0.0,4,4,4,True
210716005,128470,human_candidate,nloc,3506.0,3522.0,16.0,0.45636052481460354,1,1,1,True
210716005,128470,human_candidate,avg_ccn,16.591836734693878,16.6734693877551,0.08163265306122369,0.49200492004919566,1,1,1,True
210716005,128470,human_candidate,function_count,49.0,49.0,0.0,0.0,1,1,1,True
210716005,128504,agentic,nloc,2822.0,2902.3333333333335,80.33333333333348,2.8466808410111084,3,3,3,True
210716005,128504,agentic,avg_ccn,4.722333429853164,4.376859314390669,-0.34547411546249496,-7.315750160260012,3,3,3,True
210716005,128504,agentic,function_count,163.0,166.33333333333334,3.333333333333343,2.0449897750511306,3,3,3,True
210716005,128505,agentic,nloc,2093.0,2105.3333333333335,12.333333333333485,0.5892658066571183,6,6,6,True
210716005,128505,agentic,avg_ccn,3.596901684399897,3.56739507767865,-0.029506606721247053,-0.8203339793584017,6,6,6,True
210716005,128505,agentic,function_count,103.16666666666667,104.33333333333333,1.1666666666666572,1.1308562197091991,6,6,6,True
210716005,128559,human_candidate,nloc,6677.2,6732.0,54.80000000000018,0.8207032888036929,5,5,5,True
210716005,128559,human_candidate,avg_ccn,6.609717410249325,6.767054417054418,0.15733700680509255,2.3803893122740574,5,5,3,True
210716005,128559,human_candidate,function_count,119.8,120.8,1.0,0.8347245409015025,5,5,5,True
210716005,128630,agentic,nloc,212.0,231.0,19.0,8.962264150943396,3,3,3,True
210716005,128630,agentic,avg_ccn,2.6756410256410255,2.776556776556777,0.10091575091575145,3.771647614484242,3,3,3,True
210716005,128630,agentic,function_count,14.333333333333334,15.666666666666666,1.3333333333333321,9.302325581395339,3,3,3,True
212382406,9721,human_candidate,nloc,734.5,757.5,23.0,3.1313818924438395,2,2,2,True
212382406,9721,human_candidate,avg_ccn,1.8511904761904763,1.8703703703703702,0.019179894179893964,1.0360843158270694,2,2,2,True
212382406,9721,human_candidate,function_count,54.0,56.5,2.5,4.62962962962963,2,2,2,True
212382406,9944,human_candidate,nloc,88.0,90.75,2.75,3.125,4,4,4,True
212382406,9944,human_candidate,avg_ccn,4.194444444444444,4.194444444444444,0.0,0.0,4,4,3,True
212382406,9944,human_candidate,function_count,3.0,3.25,0.25,8.333333333333334,4,4,4,True
212465715,4062,human_candidate,nloc,575.5,575.5,0.0,0.0,2,2,2,True
212465715,4062,human_candidate,avg_ccn,3.1054878048780488,3.1054878048780488,0.0,0.0,2,2,2,True
212465715,4062,human_candidate,function_count,30.5,30.5,0.0,0.0,2,2,2,True
212465715,4499,human_candidate,nloc,362.0,374.0,12.0,3.314917127071823,1,1,1,True
212465715,4499,human_candidate,avg_ccn,3.9285714285714284,4.071428571428571,0.1428571428571428,3.636363636363635,1,1,1,True
212465715,4499,human_candidate,function_count,14.0,14.0,0.0,0.0,1,1,1,True
212465715,4505,human_candidate,nloc,161.0,170.4,9.400000000000006,5.83850931677019,5,5,5,True
212465715,4505,human_candidate,avg_ccn,1.8433333333333333,1.9745454545454546,0.13121212121212134,7.11819825743877,5,5,5,True
212465715,4505,human_candidate,function_count,9.0,9.4,0.40000000000000036,4.444444444444448,5,5,5,True
213728552,469,agentic,nloc,855.0,884.0,29.0,3.391812865497076,1,1,1,True
213728552,469,agentic,avg_ccn,2.1923076923076925,2.2830188679245285,0.09071117561683595,4.137702747434622,1,1,1,True
213728552,469,agentic,function_count,52.0,53.0,1.0,1.9230769230769231,1,1,1,True
213728552,522,agentic,nloc,476.6666666666667,484.6666666666667,8.0,1.6783216783216783,3,3,3,True
213728552,522,agentic,avg_ccn,2.637217514124294,2.737217514124294,0.10000000000000009,3.7918753179980214,3,3,3,True
213728552,522,agentic,function_count,31.666666666666668,31.666666666666668,0.0,0.0,3,3,3,True
214771811,79,agentic,nloc,259.0,260.0,1.0,0.3861003861003861,1,1,1,True
214771811,79,agentic,avg_ccn,1.6842105263157894,1.4736842105263157,-0.21052631578947367,-12.5,1,1,1,True
214771811,79,agentic,function_count,19.0,19.0,0.0,0.0,1,1,1,True
215654064,7896,agentic,nloc,364.8095238095238,364.8809523809524,0.07142857142861203,0.019579689335607005,42,42,42,True
215654064,7896,agentic,avg_ccn,2.7538111906745746,2.7538111906745746,0.0,0.0,42,42,41,True
215654064,7896,agentic,function_count,30.547619047619047,30.547619047619047,0.0,0.0,42,42,42,True
215654064,8290,human_candidate,nloc,559.0,550.0,-9.0,-1.6100178890876566,1,1,1,True
215654064,8290,human_candidate,avg_ccn,3.2972972972972974,3.2972972972972974,0.0,0.0,1,1,1,True
215654064,8290,human_candidate,function_count,37.0,37.0,0.0,0.0,1,1,1,True
215654064,9112,human_candidate,nloc,685.0,686.3333333333334,1.3333333333333712,0.19464720194647755,3,3,3,True
215654064,9112,human_candidate,avg_ccn,5.702898550724638,6.036231884057972,0.3333333333333339,5.8449809402795525,3,3,3,True
215654064,9112,human_candidate,function_count,33.333333333333336,33.333333333333336,0.0,0.0,3,3,3,True
215654064,9168,human_candidate,nloc,1903.7,1918.2,14.5,0.7616746336082366,10,10,10,True
215654064,9168,human_candidate,avg_ccn,2.7123357827644297,2.7321227706506415,0.019786987886211804,0.7295183734974282,10,10,8,True
215654064,9168,human_candidate,function_count,85.1,85.9,0.8000000000000114,0.94007050528791,10,10,10,True
215654064,9292,human_candidate,nloc,308.5625,319.0625,10.5,3.402876240631963,16,16,16,True
215654064,9292,human_candidate,avg_ccn,1.3948671847868825,1.4297878197075176,0.03492063492063502,2.5035096747200654,16,16,15,True
215654064,9292,human_candidate,function_count,31.5625,31.625,0.0625,0.19801980198019803,16,16,16,True
219012610,12540,agentic,nloc,648.5,639.3,-9.200000000000045,-1.4186584425597604,10,10,10,True
219012610,12540,agentic,avg_ccn,1.362598117440274,1.378952804703639,0.016354687263365086,1.200257585419859,10,10,10,True
219012610,12540,agentic,function_count,18.8,20.0,1.1999999999999993,6.382978723404252,10,10,10,True
219035799,1782,agentic,nloc,481.5,484.5,3.0,0.6230529595015576,2,2,2,True
219035799,1782,agentic,avg_ccn,1.5584905660377357,1.5584905660377357,0.0,0.0,2,2,2,True
219035799,1782,agentic,function_count,29.0,29.0,0.0,0.0,2,2,2,True
219035799,1891,agentic,nloc,539.0,539.5,0.5,0.09276437847866419,2,2,2,True
219035799,1891,agentic,avg_ccn,1.9738751814223514,2.0251572327044025,0.0512820512820511,2.598039215686265,2,2,2,True
219035799,1891,agentic,function_count,33.0,32.5,-0.5,-1.5151515151515151,2,2,2,True
219782401,436,agentic,nloc,141.5,148.5,7.0,4.946996466431095,2,2,2,True
219782401,436,agentic,avg_ccn,3.2613636363636367,3.7727272727272725,0.5113636363636358,15.679442508710784,2,2,2,True
219782401,436,agentic,function_count,15.0,15.0,0.0,0.0,2,2,2,True
220517730,4992,agentic,nloc,83.0,85.0,2.0,2.4096385542168677,1,1,1,True
220517730,4992,agentic,avg_ccn,1.2307692307692308,1.2307692307692308,0.0,0.0,1,1,1,True
220517730,4992,agentic,function_count,26.0,26.0,0.0,0.0,1,1,1,True
220517730,4999,agentic,nloc,1833.0,1849.2,16.200000000000045,0.8837970540098224,5,5,5,True
220517730,4999,agentic,avg_ccn,3.3336467236467238,3.3155844155844156,-0.01806230806230813,-0.541818301687034,5,5,5,True
220517730,4999,agentic,function_count,26.0,27.0,1.0,3.8461538461538463,5,5,5,True
220546758,5320,human_candidate,nloc,431.5,438.5,7.0,1.6222479721900347,2,2,2,True
220546758,5320,human_candidate,avg_ccn,1.7293447293447293,1.680952380952381,-0.048392348392348294,-2.7983054836432046,2,2,2,True
220546758,5320,human_candidate,function_count,46.5,57.5,11.0,23.655913978494624,2,2,2,True
224208127,263,agentic,nloc,885.0,907.0,22.0,2.4858757062146895,1,1,1,True
224208127,263,agentic,avg_ccn,2.577777777777778,2.7555555555555555,0.1777777777777776,6.896551724137923,1,1,1,True
224208127,263,agentic,function_count,45.0,45.0,0.0,0.0,1,1,1,True
224980941,300,agentic,nloc,645.0,646.0,1.0,0.15503875968992248,1,1,1,True
224980941,300,agentic,avg_ccn,4.894736842105263,4.82051282051282,-0.07422402159244257,-1.5164047422111924,1,1,1,True
224980941,300,agentic,function_count,38.0,39.0,1.0,2.6315789473684212,1,1,1,True
224980941,301,agentic,nloc,237.33333333333334,283.6666666666667,46.33333333333334,19.522471910112362,6,6,6,True
224980941,301,agentic,avg_ccn,3.570274864024864,2.2355947293447294,-1.3346801346801347,-37.38311994207401,6,6,6,True
224980941,301,agentic,function_count,21.333333333333332,27.5,6.166666666666668,28.906250000000004,6,6,6,True
234231371,3652,agentic,nloc,620.5,620.5,0.0,0.0,2,2,2,True
234231371,3652,agentic,avg_ccn,4.385869565217391,4.385869565217391,0.0,0.0,2,2,2,True
234231371,3652,agentic,function_count,29.0,29.0,0.0,0.0,2,2,2,True
234231371,3687,agentic,nloc,592.0,592.0,0.0,0.0,1,1,1,True
234231371,3687,agentic,avg_ccn,3.978723404255319,4.0,0.021276595744680993,0.5347593582887736,1,1,1,True
234231371,3687,agentic,function_count,47.0,47.0,0.0,0.0,1,1,1,True
234231371,3789,human_candidate,nloc,307.0,307.0,0.0,0.0,1,1,1,True
234231371,3789,human_candidate,avg_ccn,7.7,7.7,0.0,0.0,1,1,1,True
234231371,3789,human_candidate,function_count,10.0,10.0,0.0,0.0,1,1,1,True
234231371,3996,agentic,nloc,167.0,165.0,-2.0,-1.1976047904191616,1,1,1,True
234231371,3996,agentic,avg_ccn,9.333333333333334,9.333333333333334,0.0,0.0,1,1,1,True
234231371,3996,agentic,function_count,6.0,6.0,0.0,0.0,1,1,1,True
234231371,4368,agentic,nloc,727.0,732.5,5.5,0.7565337001375516,2,2,2,True
234231371,4368,agentic,avg_ccn,5.351190476190476,5.349019607843138,-0.0021708683473384838,-0.04056795131844997,2,2,2,True
234231371,4368,agentic,function_count,45.0,45.5,0.5,1.1111111111111112,2,2,2,True
234231371,4373,agentic,nloc,1122.7142857142858,1207.142857142857,84.42857142857133,7.5200407176485475,7,7,7,True
234231371,4373,agentic,avg_ccn,5.44680525791261,5.432544575053286,-0.014260682859323914,-0.26181738072253136,7,7,7,True
234231371,4373,agentic,function_count,102.14285714285714,113.0,10.857142857142861,10.629370629370635,7,7,7,True
234231371,4375,agentic,nloc,325.0,367.0,42.0,12.923076923076923,2,2,2,True
234231371,4375,agentic,avg_ccn,2.072463768115942,2.116883116883117,0.044419348767175126,2.1433112342203384,2,2,2,True
234231371,4375,agentic,function_count,43.0,47.0,4.0,9.30232558139535,2,2,2,True
234231371,4379,agentic,nloc,109.16666666666667,114.0,4.833333333333329,4.42748091603053,6,6,6,True
234231371,4379,agentic,avg_ccn,1.4534534534534533,1.4576023391812865,0.004148885727833118,0.2854501957372786,6,6,6,True
234231371,4379,agentic,function_count,8.333333333333334,8.5,0.16666666666666607,1.9999999999999927,6,6,6,True
236095576,30498,human_candidate,nloc,660.4285714285714,684.2857142857143,23.85714285714289,3.6123729180186075,7,7,7,True
236095576,30498,human_candidate,avg_ccn,1.4873683067231456,1.5173682526623704,0.029999945939224837,2.0169816583841556,7,7,6,True
236095576,30498,human_candidate,function_count,23.285714285714285,25.285714285714285,2.0,8.588957055214724,7,7,7,True
237647258,10411,agentic,nloc,706.5,712.0,5.5,0.778485491861288,2,2,2,True
237647258,10411,agentic,avg_ccn,4.6061507936507935,4.621819960861057,0.015669167210263346,0.34017920628786247,2,2,2,True
237647258,10411,agentic,function_count,50.0,50.5,0.5,1.0,2,2,2,True
238797860,16276,human_candidate,nloc,258.0,266.0,8.0,3.10077519379845,2,2,2,True
238797860,16276,human_candidate,avg_ccn,2.16,2.1259259259259258,-0.03407407407407437,-1.5775034293552948,2,2,2,True
238797860,16276,human_candidate,function_count,17.5,18.5,1.0,5.714285714285714,2,2,2,True
238797860,17901,human_candidate,nloc,818.0,831.0,13.0,1.5892420537897312,1,1,1,True
238797860,17901,human_candidate,avg_ccn,3.2,3.1785714285714284,-0.021428571428571797,-0.6696428571428686,1,1,1,True
238797860,17901,human_candidate,function_count,55.0,56.0,1.0,1.8181818181818181,1,1,1,True
238797860,19993,human_candidate,nloc,322.0,348.85714285714283,26.857142857142833,8.340727595385973,7,7,7,True
238797860,19993,human_candidate,avg_ccn,3.4688995215311005,3.459557375581812,-0.009342145949288394,-0.2693115177105206,7,7,7,True
238797860,19993,human_candidate,function_count,21.285714285714285,22.571428571428573,1.2857142857142883,6.040268456375852,7,7,7,True
238797860,20801,agentic,nloc,891.0,891.0,0.0,0.0,1,1,1,True
238797860,20801,agentic,avg_ccn,5.410256410256411,5.410256410256411,0.0,0.0,1,1,1,True
238797860,20801,agentic,function_count,39.0,39.0,0.0,0.0,1,1,1,True
239957242,874,agentic,nloc,153.0,144.0,-9.0,-5.882352941176471,1,1,1,True
239957242,874,agentic,avg_ccn,2.3333333333333335,2.375,0.04166666666666652,1.7857142857142791,1,1,1,True
239957242,874,agentic,function_count,18.0,16.0,-2.0,-11.11111111111111,1,1,1,True
240583093,8644,human_candidate,nloc,306.0,308.0,2.0,0.6535947712418301,1,1,1,True
240583093,8644,human_candidate,avg_ccn,4.083333333333333,3.8461538461538463,-0.23717948717948678,-5.808477237048657,1,1,1,True
240583093,8644,human_candidate,function_count,12.0,13.0,1.0,8.333333333333334,1,1,1,True
240583093,9580,human_candidate,nloc,198.0,200.0,2.0,1.0101010101010102,1,1,1,True
240583093,9580,human_candidate,avg_ccn,2.05,2.05,0.0,0.0,1,1,1,True
240583093,9580,human_candidate,function_count,20.0,20.0,0.0,0.0,1,1,1,True
240583093,9629,human_candidate,nloc,416.0,416.0,0.0,0.0,1,1,1,True
240583093,9629,human_candidate,avg_ccn,4.235294117647059,4.235294117647059,0.0,0.0,1,1,1,True
240583093,9629,human_candidate,function_count,17.0,17.0,0.0,0.0,1,1,1,True
240583093,9849,human_candidate,nloc,295.0,296.0,1.0,0.3389830508474576,1,1,1,True
240583093,9849,human_candidate,avg_ccn,3.2777777777777777,3.2777777777777777,0.0,0.0,1,1,1,True
240583093,9849,human_candidate,function_count,18.0,18.0,0.0,0.0,1,1,1,True
240583093,10083,human_candidate,nloc,1353.0,1353.0,0.0,0.0,2,2,2,True
240583093,10083,human_candidate,avg_ccn,3.6854875283446713,3.6854875283446713,0.0,0.0,2,2,2,True
240583093,10083,human_candidate,function_count,47.0,47.0,0.0,0.0,2,2,2,True
240583093,10344,human_candidate,nloc,1520.0,1454.0,-66.0,-4.342105263157895,2,2,2,True
240583093,10344,human_candidate,avg_ccn,2.6875,2.541118421052632,-0.14638157894736814,-5.446756425948582,2,2,2,True
240583093,10344,human_candidate,function_count,47.0,44.5,-2.5,-5.319148936170213,2,2,2,True
240583093,11319,human_candidate,nloc,376.0,385.0,9.0,2.393617021276596,1,1,1,True
240583093,11319,human_candidate,avg_ccn,3.0,3.0,0.0,0.0,1,1,1,True
240583093,11319,human_candidate,function_count,24.0,24.0,0.0,0.0,1,1,1,True
240583093,11747,human_candidate,nloc,1559.5,1507.5,-52.0,-3.3344020519397244,2,2,2,True
240583093,11747,human_candidate,avg_ccn,3.3315022689276335,3.2739602169981916,-0.05754205192944184,-1.727210347900014,2,2,2,True
240583093,11747,human_candidate,function_count,66.0,64.0,-2.0,-3.0303030303030303,2,2,2,True
240583093,11898,human_candidate,nloc,1855.0,1865.5,10.5,0.5660377358490566,2,2,2,True
240583093,11898,human_candidate,avg_ccn,3.765789473684211,3.756818181818182,-0.008971291866028963,-0.23823137030684877,2,2,2,True
240583093,11898,human_candidate,function_count,78.0,78.5,0.5,0.6410256410256411,2,2,2,True
240583093,12128,human_candidate,nloc,1161.0,1165.2857142857142,4.285714285714221,0.36913990402361935,7,7,7,True
240583093,12128,human_candidate,avg_ccn,3.5441513933062927,3.5362064560380473,-0.007944937268245411,-0.22417036933723317,7,7,7,True
240583093,12128,human_candidate,function_count,60.0,60.42857142857143,0.4285714285714306,0.7142857142857176,7,7,7,True
240583093,12182,human_candidate,nloc,808.0,823.0,15.0,1.8564356435643565,2,2,2,True
240583093,12182,human_candidate,avg_ccn,2.834641548927263,2.901025641025641,0.06638409209837803,2.341886653129046,2,2,2,True
240583093,12182,human_candidate,function_count,44.0,44.5,0.5,1.1363636363636365,2,2,2,True
241248985,3409,agentic,nloc,68.5,64.0,-4.5,-6.569343065693431,2,2,2,True
241248985,3409,agentic,avg_ccn,7.75,6.75,-1.0,-12.903225806451612,2,2,2,True
241248985,3409,agentic,function_count,2.0,2.0,0.0,0.0,2,2,2,True
241248985,3490,agentic,nloc,73.14285714285714,80.42857142857143,7.285714285714292,9.960937500000009,7,7,7,True
241248985,3490,agentic,avg_ccn,4.444444444444444,4.690476190476191,0.24603174603174693,5.535714285714307,7,7,6,True
241248985,3490,agentic,function_count,3.5714285714285716,4.285714285714286,0.714285714285714,19.999999999999993,7,7,7,True
241248985,3495,agentic,nloc,108.75,111.0,2.25,2.0689655172413794,4,4,4,True
241248985,3495,agentic,avg_ccn,3.875,4.125,0.25,6.451612903225806,4,4,4,True
241248985,3495,agentic,function_count,5.25,5.25,0.0,0.0,4,4,4,True
241248985,3823,human_candidate,nloc,105.5,150.0,44.5,42.18009478672986,2,2,2,True
241248985,3823,human_candidate,avg_ccn,2.6666666666666665,2.9722222222222223,0.3055555555555558,11.458333333333343,2,2,2,True
241248985,3823,human_candidate,function_count,5.0,6.5,1.5,30.0,2,2,2,True
245704608,4556,human_candidate,nloc,907.8461538461538,785.7692307692307,-122.0769230769231,-13.446873411286225,13,13,13,True
245704608,4556,human_candidate,avg_ccn,1.5148320664743713,1.590150733396424,0.07531866692205269,4.972080311010961,13,13,12,True
245704608,4556,human_candidate,function_count,103.15384615384616,88.92307692307692,-14.23076923076924,-13.795674869500381,13,13,13,True
247710440,1835,human_candidate,nloc,885.7142857142857,885.2857142857143,-0.4285714285713311,-0.04838709677418255,7,7,7,True
247710440,1835,human_candidate,avg_ccn,1.5488460172801515,1.5572360399558884,0.008390022675736963,0.5416950802165763,7,7,7,True
247710440,1835,human_candidate,function_count,37.0,36.42857142857143,-0.5714285714285694,-1.5444015444015389,7,7,7,True
249027166,12979,agentic,nloc,164.25,176.75,12.5,7.610350076103501,4,4,4,True
249027166,12979,agentic,avg_ccn,3.33125,3.920138888888889,0.588888888888889,17.67771523869085,4,4,4,True
249027166,12979,agentic,function_count,7.75,7.5,-0.25,-3.225806451612903,4,4,4,True
249337717,171,human_candidate,nloc,1132.0,1323.5,191.5,16.91696113074205,2,2,2,True
249337717,171,human_candidate,avg_ccn,3.920103092783505,4.506697728596389,0.5865946358128844,14.963755338290543,2,2,2,True
249337717,171,human_candidate,function_count,56.5,59.0,2.5,4.424778761061947,2,2,2,True
254328371,6150,human_candidate,nloc,1090.0,1097.0,7.0,0.6422018348623854,3,3,3,True
254328371,6150,human_candidate,avg_ccn,2.1376347908519966,2.127577319587629,-0.010057471264367734,-0.47049530197621503,3,3,2,True
254328371,6150,human_candidate,function_count,61.333333333333336,61.666666666666664,0.3333333333333286,0.5434782608695575,3,3,3,True
255027515,978,human_candidate,nloc,1433.0,1458.25,25.25,1.7620376831821354,4,4,4,True
255027515,978,human_candidate,avg_ccn,9.208796296296295,9.202822580645162,-0.005973715651133915,-0.06486966872680738,4,4,4,True
255027515,978,human_candidate,function_count,16.25,17.25,1.0,6.153846153846154,4,4,4,True
255027515,1055,human_candidate,nloc,1195.5,1249.5,54.0,4.51693851944793,2,2,2,True
255027515,1055,human_candidate,avg_ccn,3.4958010335917313,3.5022522522522523,0.0064512186605210076,0.1845419289750812,2,2,2,True
255027515,1055,human_candidate,function_count,39.5,42.5,3.0,7.594936708860759,2,2,2,True
257089738,590,agentic,nloc,759.5,777.5,18.0,2.369980250164582,2,2,2,True
257089738,590,agentic,avg_ccn,2.3269230769230766,2.330188679245283,0.0032656023222061847,0.1403399345080344,2,2,2,True
257089738,590,agentic,function_count,40.0,41.5,1.5,3.75,2,2,2,True
257098489,809,agentic,nloc,52.0,49.0,-3.0,-5.769230769230769,1,1,1,True
257098489,809,agentic,avg_ccn,1.6666666666666667,1.6666666666666667,0.0,0.0,1,1,1,True
257098489,809,agentic,function_count,6.0,6.0,0.0,0.0,1,1,1,True
257098489,823,agentic,nloc,245.5,249.0,3.5,1.4256619144602851,2,2,2,True
257098489,823,agentic,avg_ccn,2.4173913043478263,2.4173913043478263,0.0,0.0,2,2,2,True
257098489,823,agentic,function_count,21.5,21.5,0.0,0.0,2,2,2,True
257098489,1106,human_candidate,nloc,76.5,86.5,10.0,13.071895424836601,2,2,2,True
257098489,1106,human_candidate,avg_ccn,1.45,1.45,0.0,0.0,2,2,2,True
257098489,1106,human_candidate,function_count,10.5,12.0,1.5,14.285714285714286,2,2,2,True
257098489,1108,human_candidate,nloc,46.0,46.0,0.0,0.0,1,1,1,True
257098489,1108,human_candidate,avg_ccn,1.3333333333333333,1.3333333333333333,0.0,0.0,1,1,1,True
257098489,1108,human_candidate,function_count,3.0,3.0,0.0,0.0,1,1,1,True
257098489,1951,human_candidate,nloc,66.0,68.0,2.0,3.0303030303030303,1,1,1,True
257098489,1951,human_candidate,avg_ccn,1.7142857142857142,1.7142857142857142,0.0,0.0,1,1,1,True
257098489,1951,human_candidate,function_count,7.0,7.0,0.0,0.0,1,1,1,True
257098489,2081,human_candidate,nloc,181.5,231.5,50.0,27.548209366391184,2,2,2,True
257098489,2081,human_candidate,avg_ccn,3.3594771241830066,3.4365079365079367,0.07703081232493014,2.292940522512512,2,2,2,True
257098489,2081,human_candidate,function_count,13.0,16.0,3.0,23.076923076923077,2,2,2,True
257098489,2108,human_candidate,nloc,84.25,84.25,0.0,0.0,4,4,4,True
257098489,2108,human_candidate,avg_ccn,3.25,3.25,0.0,0.0,4,4,4,True
257098489,2108,human_candidate,function_count,5.0,5.0,0.0,0.0,4,4,4,True
257098489,2109,human_candidate,nloc,130.5,126.0,-4.5,-3.4482758620689653,2,2,2,True
257098489,2109,human_candidate,avg_ccn,2.375,2.375,0.0,0.0,2,2,2,True
257098489,2109,human_candidate,function_count,6.5,6.5,0.0,0.0,2,2,2,True
257098489,2145,human_candidate,nloc,154.0,154.0,0.0,0.0,1,1,1,True
257098489,2145,human_candidate,avg_ccn,1.9230769230769231,1.9230769230769231,0.0,0.0,1,1,1,True
257098489,2145,human_candidate,function_count,13.0,13.0,0.0,0.0,1,1,1,True
257098489,2152,human_candidate,nloc,422.0,468.5,46.5,11.018957345971565,2,2,2,True
257098489,2152,human_candidate,avg_ccn,4.094907407407407,4.223333333333334,0.12842592592592617,3.1362351611079764,2,2,2,True
257098489,2152,human_candidate,function_count,25.5,27.5,2.0,7.8431372549019605,2,2,2,True
257098489,2171,human_candidate,nloc,648.0,681.5,33.5,5.169753086419753,2,2,2,True
257098489,2171,human_candidate,avg_ccn,4.072077922077922,4.107487922705314,0.03541000062739208,0.869580624560418,2,2,2,True
257098489,2171,human_candidate,function_count,39.5,41.0,1.5,3.7974683544303796,2,2,2,True
257485422,20513,agentic,nloc,659.6666666666666,672.6666666666666,13.0,1.9706922688226378,3,3,3,True
257485422,20513,agentic,avg_ccn,2.6429924242424243,2.6658722051980477,0.022879780955623374,0.8656771296717407,3,3,3,True
257485422,20513,agentic,function_count,43.666666666666664,44.333333333333336,0.6666666666666714,1.5267175572519194,3,3,3,True
257485422,22151,agentic,nloc,1525.0,1529.0,4.0,0.26229508196721313,1,1,1,True
257485422,22151,agentic,avg_ccn,3.1882352941176473,3.1882352941176473,0.0,0.0,1,1,1,True
257485422,22151,agentic,function_count,85.0,85.0,0.0,0.0,1,1,1,True
262395224,31015,agentic,nloc,66.0,67.0,1.0,1.5151515151515151,1,1,1,True
262395224,31015,agentic,avg_ccn,1.25,1.25,0.0,0.0,1,1,1,True
262395224,31015,agentic,function_count,12.0,12.0,0.0,0.0,1,1,1,True
262395224,31391,human_candidate,nloc,59.0,65.0,6.0,10.169491525423728,1,1,1,True
262395224,31391,human_candidate,avg_ccn,1.6,1.7333333333333334,0.1333333333333333,8.33333333333333,1,1,1,True
262395224,31391,human_candidate,function_count,15.0,15.0,0.0,0.0,1,1,1,True
262395224,31877,human_candidate,nloc,132.19230769230768,128.28846153846155,-3.903846153846132,-2.9531568228105742,52,52,52,True
262395224,31877,human_candidate,avg_ccn,6.181769652305366,6.1084376932591224,-0.07333195904624379,-1.1862615912725916,52,52,49,True
262395224,31877,human_candidate,function_count,5.230769230769231,5.038461538461538,-0.1923076923076925,-3.676470588235298,52,52,52,True
262395224,32382,human_candidate,nloc,500.0,551.5714285714286,51.571428571428555,10.31428571428571,21,21,21,True
262395224,32382,human_candidate,avg_ccn,3.8628946887466475,3.876871700887377,0.013977012140729439,0.3618274187346384,21,21,20,True
262395224,32382,human_candidate,function_count,15.952380952380953,17.904761904761905,1.9523809523809526,12.238805970149254,21,21,21,True
262395224,32420,agentic,nloc,537.1428571428571,585.7142857142857,48.571428571428555,9.042553191489358,7,7,7,True
262395224,32420,agentic,avg_ccn,11.138423645320197,5.749206349206348,-5.3892172961138485,-48.384021543103415,7,7,7,True
262395224,32420,agentic,function_count,9.714285714285714,10.714285714285714,1.0,10.294117647058824,7,7,7,True
262395224,32447,agentic,nloc,324.0,297.0,-27.0,-8.333333333333334,1,1,1,True
262395224,32447,agentic,avg_ccn,5.5,5.181818181818182,-0.31818181818181834,-5.785123966942152,1,1,1,True
262395224,32447,agentic,function_count,22.0,22.0,0.0,0.0,1,1,1,True
262395224,32474,agentic,nloc,384.8,378.8,-6.0,-1.5592515592515592,5,5,5,True
262395224,32474,agentic,avg_ccn,10.812564102564103,11.043333333333333,0.23076923076922995,2.1342692499229217,5,5,5,True
262395224,32474,agentic,function_count,13.2,13.0,-0.1999999999999993,-1.5151515151515098,5,5,5,True
262395224,35475,human_candidate,nloc,21.0,42.5,21.5,102.38095238095238,6,6,6,True
262395224,35475,human_candidate,avg_ccn,2.4,4.733333333333333,2.3333333333333335,97.22222222222223,6,6,5,True
262395224,35475,human_candidate,function_count,2.0,2.1666666666666665,0.16666666666666652,8.333333333333325,6,6,6,True
262862475,9794,agentic,nloc,581.3333333333334,586.3333333333334,5.0,0.860091743119266,3,3,3,True
262862475,9794,agentic,avg_ccn,1.3584117032392893,1.4231974921630093,0.06478578892372,4.769230769230773,3,3,3,True
262862475,9794,agentic,function_count,16.0,16.0,0.0,0.0,3,3,3,True
263364731,883,agentic,nloc,462.0,505.14285714285717,43.14285714285717,9.3382807668522,7,7,7,True
263364731,883,agentic,avg_ccn,2.697974308300395,2.7225323995732156,0.024558091272820715,0.9102418506086973,7,7,7,True
263364731,883,agentic,function_count,24.285714285714285,26.571428571428573,2.2857142857142883,9.411764705882364,7,7,7,True
265001214,3393,agentic,nloc,172.0,210.0,38.0,22.093023255813954,5,5,5,True
265001214,3393,agentic,avg_ccn,3.4655448717948714,3.79672619047619,0.3311813186813186,9.556399669694466,5,5,4,True
265001214,3393,agentic,function_count,10.0,10.6,0.5999999999999996,5.9999999999999964,5,5,5,True
265001214,3401,agentic,nloc,60.833333333333336,61.5,0.6666666666666643,1.0958904109589003,12,12,12,True
265001214,3401,agentic,avg_ccn,1.701470588235294,1.9964941624032533,0.2950235741679592,17.339328473138483,12,12,11,True
265001214,3401,agentic,function_count,7.75,7.75,0.0,0.0,12,12,12,True
265001214,3412,agentic,nloc,119.0,153.5,34.5,28.991596638655462,2,2,2,True
265001214,3412,agentic,avg_ccn,9.375,8.925,-0.4499999999999993,-4.799999999999993,2,2,2,True
265001214,3412,agentic,function_count,5.0,6.5,1.5,30.0,2,2,2,True
265001214,3422,agentic,nloc,215.0,229.75,14.75,6.8604651162790695,4,4,4,True
265001214,3422,agentic,avg_ccn,3.4957264957264957,3.6141975308641974,0.11847103513770163,3.389024721543054,4,4,3,True
265001214,3422,agentic,function_count,11.5,12.25,0.75,6.521739130434782,4,4,4,True
265001214,3484,agentic,nloc,292.3333333333333,300.0,7.666666666666686,2.6225769669327317,3,3,3,True
265001214,3484,agentic,avg_ccn,1.496875,1.4892156862745098,-0.007659313725490113,-0.5116869294690681,3,3,3,True
265001214,3484,agentic,function_count,26.333333333333332,27.666666666666668,1.3333333333333357,5.0632911392405155,3,3,3,True
265001214,3532,agentic,nloc,321.1,325.7,4.599999999999966,1.4325755216443368,10,10,10,True
265001214,3532,agentic,avg_ccn,1.961823593073593,1.9601742491254874,-0.0016493439481055638,-0.08407198047412272,10,10,8,True
265001214,3532,agentic,function_count,32.8,33.3,0.5,1.524390243902439,10,10,10,True
265001214,3655,agentic,nloc,252.76923076923077,260.9230769230769,8.153846153846132,3.2258064516128946,13,13,13,True
265001214,3655,agentic,avg_ccn,2.842347833189659,3.217389233728407,0.37504140053874835,13.194774972979998,13,13,13,True
265001214,3655,agentic,function_count,25.23076923076923,23.923076923076923,-1.3076923076923066,-5.182926829268289,13,13,13,True
265001214,3657,agentic,nloc,77.5,87.25,9.75,12.580645161290322,4,4,4,True
265001214,3657,agentic,avg_ccn,1.713621794871795,1.8194444444444444,0.10582264957264953,6.175379531780914,4,4,4,True
265001214,3657,agentic,function_count,10.5,10.5,0.0,0.0,4,4,4,True
267563398,846,agentic,nloc,100.47297297297297,93.86486486486487,-6.608108108108098,-6.577000672494947,74,74,74,True
267563398,846,agentic,avg_ccn,1.8331770059414585,1.8239047054719755,-0.009272300469483019,-0.5058049735203326,74,74,71,True
267563398,846,agentic,function_count,8.891891891891891,8.216216216216216,-0.6756756756756754,-7.598784194528874,74,74,74,True
267563398,940,agentic,nloc,142.0,137.0,-5.0,-3.5211267605633805,2,2,2,True
267563398,940,agentic,avg_ccn,2.1142857142857143,2.534090909090909,0.41980519480519485,19.855651105651106,2,2,2,True
267563398,940,agentic,function_count,13.5,13.0,-0.5,-3.7037037037037037,2,2,2,True
270441630,125,agentic,nloc,423.0,422.3333333333333,-0.6666666666666856,-0.15760441292356633,3,3,3,True
270441630,125,agentic,avg_ccn,4.204479578392622,4.240843214756258,0.036363636363636154,0.8648784156430133,3,3,3,True
270441630,125,agentic,function_count,29.666666666666668,29.666666666666668,0.0,0.0,3,3,3,True
270441630,136,agentic,nloc,226.35294117647058,228.88235294117646,2.529411764705884,1.1174636174636183,34,34,34,True
270441630,136,agentic,avg_ccn,4.720236370099288,4.720236370099288,0.0,0.0,34,34,34,True
270441630,136,agentic,function_count,15.764705882352942,15.764705882352942,0.0,0.0,34,34,34,True
274495425,5228,human_candidate,nloc,194.84615384615384,200.53846153846155,5.692307692307708,2.921437031188322,13,13,13,True
274495425,5228,human_candidate,avg_ccn,2.0893162393162394,1.8529914529914528,-0.2363247863247866,-11.31110656575988,13,13,12,True
274495425,5228,human_candidate,function_count,8.384615384615385,9.23076923076923,0.8461538461538449,10.091743119266042,13,13,13,True
274495425,7126,agentic,nloc,154.0,183.0,29.0,18.83116883116883,1,1,1,True
274495425,7126,agentic,avg_ccn,2.7,2.4375,-0.2625000000000002,-9.722222222222229,1,1,1,True
274495425,7126,agentic,function_count,10.0,16.0,6.0,60.0,1,1,1,True
280159108,1833,agentic,nloc,753.0,752.0,-1.0,-0.13280212483399734,1,1,1,True
280159108,1833,agentic,avg_ccn,1.2745098039215685,1.2745098039215685,0.0,0.0,1,1,1,True
280159108,1833,agentic,function_count,102.0,102.0,0.0,0.0,1,1,1,True
284805743,3876,human_candidate,nloc,110.0,121.0,11.0,10.0,1,1,1,True
284805743,3876,human_candidate,avg_ccn,4.111111111111111,3.9,-0.2111111111111108,-5.135135135135128,1,1,1,True
284805743,3876,human_candidate,function_count,9.0,10.0,1.0,11.11111111111111,1,1,1,True
284805743,3950,agentic,nloc,110.0,112.0,2.0,1.8181818181818181,1,1,1,True
284805743,3950,agentic,avg_ccn,4.111111111111111,3.9,-0.2111111111111108,-5.135135135135128,1,1,1,True
284805743,3950,agentic,function_count,9.0,10.0,1.0,11.11111111111111,1,1,1,True
284805743,3952,agentic,nloc,135.0,119.0,-16.0,-11.851851851851851,1,1,1,True
284805743,3952,agentic,avg_ccn,3.6,2.7333333333333334,-0.8666666666666667,-24.074074074074076,1,1,1,True
284805743,3952,agentic,function_count,10.0,15.0,5.0,50.0,1,1,1,True
292427680,2201,agentic,nloc,419.5769230769231,436.38461538461536,16.807692307692264,4.005866715555952,26,26,26,True
292427680,2201,agentic,avg_ccn,2.7088712628622504,2.8659170198914214,0.157045757029171,5.797461074736832,26,26,25,True
292427680,2201,agentic,function_count,19.076923076923077,20.076923076923077,1.0,5.241935483870968,26,26,26,True
294371636,979,agentic,nloc,960.2666666666667,998.8666666666667,38.60000000000002,4.019716745348517,15,15,15,True
294371636,979,agentic,avg_ccn,4.837663073810374,4.881607582687693,0.04394450887731871,0.9083829982956196,15,15,15,True
294371636,979,agentic,function_count,50.46666666666667,51.666666666666664,1.1999999999999957,2.377807133421392,15,15,15,True
294371636,1011,agentic,nloc,510.96062992125985,557.6535433070866,46.69291338582673,9.13826049435985,127,127,127,True
294371636,1011,agentic,avg_ccn,5.474357995193427,4.648526990486629,-0.8258310047067976,-15.085440254946615,127,127,115,True
294371636,1011,agentic,function_count,20.787401574803148,25.141732283464567,4.3543307086614185,20.946969696969706,127,127,127,True
294371636,1015,agentic,nloc,170.0888888888889,182.66666666666666,12.577777777777754,7.394826234648536,45,45,45,True
294371636,1015,agentic,avg_ccn,3.494798343799109,3.1374624662214563,-0.3573358775776527,-10.224792460820549,45,45,34,True
294371636,1015,agentic,function_count,7.044444444444444,8.755555555555556,1.7111111111111121,24.290220820189287,45,45,45,True
294371636,1016,agentic,nloc,599.4,639.8181818181819,40.41818181818189,6.743106743106756,55,55,55,True
294371636,1016,agentic,avg_ccn,7.063757491254925,5.6590744939988715,-1.404682997256053,-19.885776075906897,55,55,54,True
294371636,1016,agentic,function_count,20.836363636363636,26.636363636363637,5.800000000000001,27.83595113438046,55,55,55,True
294371636,1017,agentic,nloc,898.925925925926,1014.7777777777778,115.85185185185185,12.88780849573565,27,27,27,True
294371636,1017,agentic,avg_ccn,4.788337823344756,4.527355717699667,-0.2609821056450894,-5.450369528497215,27,27,27,True
294371636,1017,agentic,function_count,43.592592592592595,49.48148148148148,5.888888888888886,13.508920985556491,27,27,27,True
295810364,3864,human_candidate,nloc,310.6666666666667,345.1666666666667,34.5,11.105150214592275,6,6,6,True
295810364,3864,human_candidate,avg_ccn,1.9745238095238098,2.063120978120978,0.08859716859716826,4.487014447221833,6,6,5,True
295810364,3864,human_candidate,function_count,19.5,20.166666666666668,0.6666666666666679,3.418803418803425,6,6,6,True
297778512,8147,human_candidate,nloc,652.9285714285714,656.7142857142857,3.7857142857142208,0.5798052729460572,14,14,14,True
297778512,8147,human_candidate,avg_ccn,1.8086502782931357,1.8370066253486694,0.028356347055533693,1.5678181346531084,14,14,14,True
297778512,8147,human_candidate,function_count,32.07142857142857,32.142857142857146,0.0714285714285765,0.2227171492205058,14,14,14,True
298620687,11573,agentic,nloc,97.5,119.0,21.5,22.05128205128205,2,2,2,True
298620687,11573,agentic,avg_ccn,1.0,1.0357142857142856,0.03571428571428559,3.5714285714285587,2,2,2,True
298620687,11573,agentic,function_count,7.0,8.5,1.5,21.428571428571427,2,2,2,True
302982238,300,agentic,nloc,214.33333333333334,219.33333333333334,5.0,2.332814930015552,3,3,3,True
302982238,300,agentic,avg_ccn,2.3986928104575163,2.588235294117647,0.18954248366013093,7.9019073569482385,3,3,3,True
302982238,300,agentic,function_count,19.0,19.0,0.0,0.0,3,3,3,True
305144746,10761,human_candidate,nloc,178.0,179.0,1.0,0.5617977528089888,1,1,1,True
305144746,10761,human_candidate,avg_ccn,10.333333333333334,10.555555555555555,0.22222222222222143,2.1505376344085945,1,1,1,True
305144746,10761,human_candidate,function_count,9.0,9.0,0.0,0.0,1,1,1,True
305144746,10805,human_candidate,nloc,2536.0,2526.0,-10.0,-0.3943217665615142,1,1,1,True
305144746,10805,human_candidate,avg_ccn,1.411764705882353,1.4194373401534526,0.007672634271099543,0.543478260869551,1,1,1,True
305144746,10805,human_candidate,function_count,391.0,391.0,0.0,0.0,1,1,1,True
305144746,11149,human_candidate,nloc,152.0,152.5,0.5,0.32894736842105265,4,4,4,True
305144746,11149,human_candidate,avg_ccn,3.552083333333333,3.5383522727272725,-0.013731060606060552,-0.38656358304452,4,4,4,True
305144746,11149,human_candidate,function_count,15.25,15.25,0.0,0.0,4,4,4,True
305144746,11155,human_candidate,nloc,230.0,230.0,0.0,0.0,2,2,2,True
305144746,11155,human_candidate,avg_ccn,7.388888888888889,7.388888888888889,0.0,0.0,2,2,2,True
305144746,11155,human_candidate,function_count,14.5,14.5,0.0,0.0,2,2,2,True
305144746,11437,human_candidate,nloc,180.0,180.0,0.0,0.0,1,1,1,True
305144746,11437,human_candidate,avg_ccn,10.444444444444445,10.444444444444445,0.0,0.0,1,1,1,True
305144746,11437,human_candidate,function_count,9.0,9.0,0.0,0.0,1,1,1,True
305144746,11596,human_candidate,nloc,38.0,38.0,0.0,0.0,1,1,1,True
305144746,11596,human_candidate,avg_ccn,1.6666666666666667,1.6666666666666667,0.0,0.0,1,1,1,True
305144746,11596,human_candidate,function_count,3.0,3.0,0.0,0.0,1,1,1,True
305144746,12558,human_candidate,nloc,976.0,976.0,0.0,0.0,1,1,1,True
305144746,12558,human_candidate,avg_ccn,5.454545454545454,5.454545454545454,0.0,0.0,1,1,1,True
305144746,12558,human_candidate,function_count,110.0,110.0,0.0,0.0,1,1,1,True
305144746,14033,human_candidate,nloc,372.0,374.0,2.0,0.5376344086021505,1,1,1,True
305144746,14033,human_candidate,avg_ccn,11.461538461538462,11.307692307692308,-0.1538461538461533,-1.342281879194626,1,1,1,True
305144746,14033,human_candidate,function_count,13.0,13.0,0.0,0.0,1,1,1,True
305144746,14119,human_candidate,nloc,333.625,356.375,22.75,6.8190333458224055,8,8,8,True
305144746,14119,human_candidate,avg_ccn,4.635477783814191,4.816698321941833,0.18122053812764172,3.9094252325059955,8,8,8,True
305144746,14119,human_candidate,function_count,32.5,34.375,1.875,5.769230769230769,8,8,8,True
305144746,14244,human_candidate,nloc,505.8,506.4,0.5999999999999659,0.1186239620403254,5,5,5,True
305144746,14244,human_candidate,avg_ccn,4.592744394261726,4.489456418811512,-0.10328797545021384,-2.24893803320002,5,5,5,True
305144746,14244,human_candidate,function_count,50.8,50.8,0.0,0.0,5,5,5,True
305144746,14595,human_candidate,nloc,173.5,208.5,35.0,20.172910662824208,4,4,4,True
305144746,14595,human_candidate,avg_ccn,7.3592032967032965,7.771164021164021,0.41196072446072485,5.59789841171083,4,4,4,True
305144746,14595,human_candidate,function_count,13.25,14.75,1.5,11.320754716981131,4,4,4,True
305144746,14679,human_candidate,nloc,547.3333333333334,559.6666666666666,12.333333333333258,2.253349573690607,3,3,3,True
305144746,14679,human_candidate,avg_ccn,4.423216374269006,4.439055973266499,0.0158395989974931,0.35810138273217074,3,3,3,True
305144746,14679,human_candidate,function_count,56.666666666666664,60.666666666666664,4.0,7.058823529411765,3,3,3,True
305144746,14823,human_candidate,nloc,662.375,662.625,0.25,0.037742970371768256,16,16,16,True
305144746,14823,human_candidate,avg_ccn,2.8805808910869795,2.846882734404952,-0.03369815668202758,-1.1698389302760275,16,16,16,True
305144746,14823,human_candidate,function_count,87.6875,87.6875,0.0,0.0,16,16,16,True
305144746,14856,human_candidate,nloc,329.0,328.0,-1.0,-0.303951367781155,1,1,1,True
305144746,14856,human_candidate,avg_ccn,2.923076923076923,2.923076923076923,0.0,0.0,1,1,1,True
305144746,14856,human_candidate,function_count,26.0,26.0,0.0,0.0,1,1,1,True
305144746,15162,human_candidate,nloc,463.5,468.0,4.5,0.970873786407767,2,2,2,True
305144746,15162,human_candidate,avg_ccn,31.062874251497007,31.062130177514792,-0.0007440739822150988,-0.0023953803379261973,2,2,2,True
305144746,15162,human_candidate,function_count,84.0,85.0,1.0,1.1904761904761905,2,2,2,True
305144746,15214,human_candidate,nloc,617.0,620.0,3.0,0.4862236628849271,2,2,2,True
305144746,15214,human_candidate,avg_ccn,4.758659217877095,5.125,0.3663407821229052,7.698403381075373,2,2,2,True
305144746,15214,human_candidate,function_count,97.0,97.5,0.5,0.5154639175257731,2,2,2,True
305144746,15409,human_candidate,nloc,1446.0,1453.0,7.0,0.48409405255878285,1,1,1,True
305144746,15409,human_candidate,avg_ccn,4.653061224489796,4.663265306122449,0.010204081632653406,0.2192982456140425,1,1,1,True
305144746,15409,human_candidate,function_count,196.0,196.0,0.0,0.0,1,1,1,True
305144746,15490,human_candidate,nloc,548.25,554.25,6.0,1.094391244870041,4,4,4,True
305144746,15490,human_candidate,avg_ccn,6.862714040345619,6.978487973619552,0.1157739332739336,1.6869992337332331,4,4,4,True
305144746,15490,human_candidate,function_count,50.75,50.75,0.0,0.0,4,4,4,True
305144746,15953,human_candidate,nloc,273.8,274.4,0.5999999999999659,0.21913805697588234,15,15,15,True
305144746,15953,human_candidate,avg_ccn,6.085949326224267,6.093356733631675,0.007407407407407973,0.12171326132292233,15,15,15,True
305144746,15953,human_candidate,function_count,24.333333333333332,24.333333333333332,0.0,0.0,15,15,15,True
305144746,16039,human_candidate,nloc,1284.0,1287.0,3.0,0.2336448598130841,1,1,1,True
305144746,16039,human_candidate,avg_ccn,5.736486486486487,5.736486486486487,0.0,0.0,1,1,1,True
305144746,16039,human_candidate,function_count,148.0,148.0,0.0,0.0,1,1,1,True
305144746,16059,human_candidate,nloc,333.0,333.0,0.0,0.0,1,1,1,True
305144746,16059,human_candidate,avg_ccn,3.76,3.76,0.0,0.0,1,1,1,True
305144746,16059,human_candidate,function_count,25.0,25.0,0.0,0.0,1,1,1,True
305144746,16104,human_candidate,nloc,518.0,538.3333333333334,20.33333333333337,3.9253539253539325,3,3,3,True
305144746,16104,human_candidate,avg_ccn,48.23048048048048,46.523648648648646,-1.7068318318318347,-3.5389069626262843,3,3,3,True
305144746,16104,human_candidate,function_count,51.666666666666664,52.333333333333336,0.6666666666666714,1.2903225806451706,3,3,3,True
305144746,16137,agentic,nloc,113.0,119.0,6.0,5.3097345132743365,1,1,1,True
305144746,16137,agentic,avg_ccn,3.142857142857143,3.142857142857143,0.0,0.0,1,1,1,True
305144746,16137,agentic,function_count,14.0,14.0,0.0,0.0,1,1,1,True
305144746,16183,agentic,nloc,241.0,243.0,2.0,0.8298755186721992,1,1,1,True
305144746,16183,agentic,avg_ccn,7.291666666666667,7.333333333333333,0.041666666666666075,0.5714285714285633,1,1,1,True
305144746,16183,agentic,function_count,24.0,24.0,0.0,0.0,1,1,1,True
305144746,16236,human_candidate,nloc,1481.0,1442.5,-38.5,-2.599594868332208,2,2,2,True
305144746,16236,human_candidate,avg_ccn,7.083333333333334,5.833333333333334,-1.25,-17.64705882352941,2,2,2,True
305144746,16236,human_candidate,function_count,16.0,15.5,-0.5,-3.125,2,2,2,True
305144746,16359,human_candidate,nloc,65.5,62.5,-3.0,-4.580152671755725,2,2,2,True
305144746,16359,human_candidate,avg_ccn,3.75,3.75,0.0,0.0,2,2,2,True
305144746,16359,human_candidate,function_count,2.5,2.5,0.0,0.0,2,2,2,True
305438235,199,agentic,nloc,224.0,224.0,0.0,0.0,1,1,1,True
305438235,199,agentic,avg_ccn,1.5789473684210527,1.5789473684210527,0.0,0.0,1,1,1,True
305438235,199,agentic,function_count,19.0,19.0,0.0,0.0,1,1,1,True
305438235,201,agentic,nloc,152.8,148.8,-4.0,-2.6178010471204187,5,5,5,True
305438235,201,agentic,avg_ccn,2.2889420520999466,2.2763157894736845,-0.012626262626262097,-0.5516200209034725,5,5,3,True
305438235,201,agentic,function_count,9.4,9.8,0.40000000000000036,4.255319148936174,5,5,5,True
305438235,252,agentic,nloc,38.0,54.0,16.0,42.10526315789474,2,2,2,True
305438235,252,agentic,avg_ccn,1.4166666666666665,1.6428571428571428,0.22619047619047628,15.966386554621856,2,2,2,True
305438235,252,agentic,function_count,5.5,6.0,0.5,9.090909090909092,2,2,2,True
305438235,319,agentic,nloc,197.66666666666666,200.0,2.333333333333343,1.1804384485666153,3,3,3,True
305438235,319,agentic,avg_ccn,2.2449472096530916,2.2841628959276017,0.03921568627451011,1.7468422467078881,3,3,3,True
305438235,319,agentic,function_count,16.0,16.0,0.0,0.0,3,3,3,True
305438235,321,agentic,nloc,774.3333333333334,792.8333333333334,18.5,2.389151958674128,6,6,6,True
305438235,321,agentic,avg_ccn,12.594110503946572,12.58148424132031,-0.012626262626262985,-0.10025529490396592,6,6,6,True
305438235,321,agentic,function_count,28.333333333333332,29.166666666666668,0.8333333333333357,2.941176470588244,6,6,6,True
305438235,346,agentic,nloc,302.0,306.0,4.0,1.3245033112582782,1,1,1,True
305438235,346,agentic,avg_ccn,3.6923076923076925,3.6923076923076925,0.0,0.0,1,1,1,True
305438235,346,agentic,function_count,13.0,13.0,0.0,0.0,1,1,1,True
305438235,369,agentic,nloc,645.0,641.5,-3.5,-0.5426356589147286,2,2,2,True
305438235,369,agentic,avg_ccn,4.482978723404256,4.372340425531915,-0.11063829787234081,-2.467963929757958,2,2,2,True
305438235,369,agentic,function_count,38.5,38.5,0.0,0.0,2,2,2,True
305438235,409,agentic,nloc,566.695652173913,574.9130434782609,8.21739130434787,1.4500537056928113,23,23,23,True
305438235,409,agentic,avg_ccn,3.425158027597816,3.5358126701703982,0.11065464257258206,3.2306434237776775,23,23,20,True
305438235,409,agentic,function_count,21.73913043478261,22.043478260869566,0.304347826086957,1.4000000000000021,23,23,23,True
305438235,460,agentic,nloc,214.0,214.0,0.0,0.0,1,1,1,True
305438235,460,agentic,avg_ccn,4.1,4.1,0.0,0.0,1,1,1,True
305438235,460,agentic,function_count,10.0,10.0,0.0,0.0,1,1,1,True
305438235,504,agentic,nloc,139.0,139.0,0.0,0.0,4,4,4,True
305438235,504,agentic,avg_ccn,1.3947368421052633,1.3947368421052633,0.0,0.0,4,4,2,True
305438235,504,agentic,function_count,9.0,9.0,0.0,0.0,4,4,4,True
305438235,523,agentic,nloc,302.0,314.0,12.0,3.9735099337748343,1,1,1,True
305438235,523,agentic,avg_ccn,3.8461538461538463,3.923076923076923,0.07692307692307665,1.999999999999993,1,1,1,True
305438235,523,agentic,function_count,13.0,13.0,0.0,0.0,1,1,1,True
305438235,537,agentic,nloc,865.0,865.0,0.0,0.0,1,1,1,True
305438235,537,agentic,avg_ccn,7.411764705882353,7.411764705882353,0.0,0.0,1,1,1,True
305438235,537,agentic,function_count,17.0,17.0,0.0,0.0,1,1,1,True
305438235,657,agentic,nloc,2004.0,2002.0,-2.0,-0.0998003992015968,1,1,1,True
305438235,657,agentic,avg_ccn,1.7430555555555556,1.7569444444444444,0.01388888888888884,0.7968127490039812,1,1,1,True
305438235,657,agentic,function_count,144.0,144.0,0.0,0.0,1,1,1,True
307616074,7,agentic,nloc,187.5,184.0,-3.5,-1.8666666666666667,2,2,2,True
307616074,7,agentic,avg_ccn,5.67816091954023,5.67816091954023,0.0,0.0,2,2,2,True
307616074,7,agentic,function_count,16.0,16.0,0.0,0.0,2,2,2,True
314197645,3375,agentic,nloc,229.33333333333334,340.3333333333333,110.99999999999997,48.401162790697654,3,3,3,True
314197645,3375,agentic,avg_ccn,2.459722222222222,3.2928030303030305,0.8330808080808083,33.86889790051846,3,3,3,True
314197645,3375,agentic,function_count,12.0,14.333333333333334,2.333333333333334,19.44444444444445,3,3,3,True
314197645,3684,human_candidate,nloc,4132.0,4134.5,2.5,0.060503388189738626,2,2,2,True
314197645,3684,human_candidate,avg_ccn,4.961974789915966,4.957818714674482,-0.004156075241484203,-0.08375849167816084,2,2,2,True
314197645,3684,human_candidate,function_count,148.5,149.0,0.5,0.3367003367003367,2,2,2,True
314230339,84,agentic,nloc,110.0,228.0,118.0,107.27272727272727,1,1,1,True
314230339,84,agentic,avg_ccn,4.2,5.2,1.0,23.80952380952381,1,1,1,True
314230339,84,agentic,function_count,5.0,10.0,5.0,100.0,1,1,1,True
314553426,4177,human_candidate,nloc,151.0,157.0,6.0,3.9735099337748343,1,1,1,True
314553426,4177,human_candidate,avg_ccn,2.0,2.2,0.20000000000000018,10.000000000000009,1,1,1,True
314553426,4177,human_candidate,function_count,10.0,10.0,0.0,0.0,1,1,1,True
320393623,594,agentic,nloc,863.0,876.0,13.0,1.5063731170336037,1,1,1,True
320393623,594,agentic,avg_ccn,4.176470588235294,5.117647058823529,0.9411764705882346,22.535211267605618,1,1,1,True
320393623,594,agentic,function_count,17.0,17.0,0.0,0.0,1,1,1,True
320393623,681,agentic,nloc,441.0,507.0,66.0,14.965986394557824,1,1,1,True
320393623,681,agentic,avg_ccn,4.266666666666667,3.3333333333333335,-0.9333333333333331,-21.874999999999996,1,1,1,True
320393623,681,agentic,function_count,15.0,15.0,0.0,0.0,1,1,1,True
320393623,683,agentic,nloc,261.5,275.3333333333333,13.833333333333314,5.289993626513696,6,6,6,True
320393623,683,agentic,avg_ccn,4.451231702524805,4.387179414943106,-0.06405228758169912,-1.4389789582368337,6,6,6,True
320393623,683,agentic,function_count,12.666666666666666,13.0,0.3333333333333339,2.6315789473684257,6,6,6,True
320393623,694,agentic,nloc,289.0,311.75,22.75,7.8719723183391,8,8,8,True
320393623,694,agentic,avg_ccn,2.4342972816657027,2.5821008036081565,0.14780352194245383,6.071712072952616,8,8,8,True
320393623,694,agentic,function_count,16.0,17.0,1.0,6.25,8,8,8,True
320393623,712,agentic,nloc,867.0,867.0,0.0,0.0,1,1,1,True
320393623,712,agentic,avg_ccn,140.0,140.0,0.0,0.0,1,1,1,True
320393623,712,agentic,function_count,1.0,1.0,0.0,0.0,1,1,1,True
323665366,6671,agentic,nloc,81.5,90.5,9.0,11.042944785276074,2,2,2,True
323665366,6671,agentic,avg_ccn,2.130434782608696,2.12,-0.01043478260869568,-0.48979591836734826,2,2,1,True
323665366,6671,agentic,function_count,11.5,12.5,1.0,8.695652173913043,2,2,2,True
327696712,5483,human_candidate,nloc,279.0,279.0,0.0,0.0,1,1,1,True
327696712,5483,human_candidate,avg_ccn,3.0,3.0,0.0,0.0,1,1,1,True
327696712,5483,human_candidate,function_count,20.0,20.0,0.0,0.0,1,1,1,True
327696712,6134,human_candidate,nloc,66.0,67.0,1.0,1.5151515151515151,1,1,1,True
327696712,6134,human_candidate,avg_ccn,3.2,3.2,0.0,0.0,1,1,1,True
327696712,6134,human_candidate,function_count,5.0,5.0,0.0,0.0,1,1,1,True
327696712,7075,agentic,nloc,305.5,326.0,20.5,6.710310965630114,2,2,2,True
327696712,7075,agentic,avg_ccn,2.7063492063492065,3.1168478260869565,0.41049861973775004,15.167984189723313,2,2,2,True
327696712,7075,agentic,function_count,25.5,27.0,1.5,5.882352941176471,2,2,2,True
327696712,7213,human_candidate,nloc,211.66666666666666,229.33333333333334,17.666666666666686,8.346456692913396,3,3,3,True
327696712,7213,human_candidate,avg_ccn,9.369565217391305,9.457556935817806,0.08799171842650111,0.9391227488675292,3,3,3,True
327696712,7213,human_candidate,function_count,17.0,18.0,1.0,5.882352941176471,3,3,3,True
329185461,93,agentic,nloc,999.0,1001.0,2.0,0.2002002002002002,1,1,1,True
329185461,93,agentic,avg_ccn,8.541666666666666,8.541666666666666,0.0,0.0,1,1,1,True
329185461,93,agentic,function_count,24.0,24.0,0.0,0.0,1,1,1,True
329185461,107,agentic,nloc,2213.0,2228.0,15.0,0.6778129236330773,1,1,1,True
329185461,107,agentic,avg_ccn,8.14516129032258,8.142857142857142,-0.0023041474654377225,-0.028288543140027485,1,1,1,True
329185461,107,agentic,function_count,62.0,63.0,1.0,1.6129032258064515,1,1,1,True
336102115,6308,human_candidate,nloc,479.0,485.0,6.0,1.2526096033402923,1,1,1,True
336102115,6308,human_candidate,avg_ccn,3.3529411764705883,3.3529411764705883,0.0,0.0,1,1,1,True
336102115,6308,human_candidate,function_count,17.0,17.0,0.0,0.0,1,1,1,True
336102115,6310,agentic,nloc,347.2,355.5,8.300000000000011,2.3905529953917086,10,10,10,True
336102115,6310,agentic,avg_ccn,2.801793699936115,2.8017342292254397,-5.947071067513576e-05,-0.002122594203723557,10,10,10,True
336102115,6310,agentic,function_count,31.5,32.3,0.7999999999999972,2.5396825396825307,10,10,10,True
336102115,6340,human_candidate,nloc,232.6,270.0,37.400000000000006,16.079105760963028,30,30,30,True
336102115,6340,human_candidate,avg_ccn,2.442183465744087,2.4939833766880275,0.05179991094394065,2.1210491214327423,30,30,28,True
336102115,6340,human_candidate,function_count,13.033333333333333,14.066666666666666,1.0333333333333332,7.928388746803067,30,30,30,True
336102115,7387,human_candidate,nloc,151.6,162.2,10.599999999999994,6.992084432717675,5,5,5,True
336102115,7387,human_candidate,avg_ccn,3.724285714285714,3.764285714285714,0.03999999999999959,1.0740314537782782,5,5,5,True
336102115,7387,human_candidate,function_count,9.0,9.6,0.5999999999999996,6.6666666666666625,5,5,5,True
338529997,393,agentic,nloc,188.16666666666666,193.33333333333334,5.166666666666686,2.745792736935351,6,6,6,True
338529997,393,agentic,avg_ccn,1.9992424242424243,1.9342600334448161,-0.06498239079760815,-3.2503507333400057,6,6,4,True
338529997,393,agentic,function_count,9.5,10.166666666666666,0.6666666666666661,7.017543859649116,6,6,6,True
348132133,4536,agentic,nloc,761.0,761.0,0.0,0.0,1,1,1,True
348132133,4536,agentic,avg_ccn,4.738095238095238,4.785714285714286,0.04761904761904745,1.005025125628137,1,1,1,True
348132133,4536,agentic,function_count,42.0,42.0,0.0,0.0,1,1,1,True
348132133,4537,agentic,nloc,410.0,422.0,12.0,2.926829268292683,1,1,1,True
348132133,4537,agentic,avg_ccn,3.6153846153846154,3.8076923076923075,0.19230769230769207,5.319148936170206,1,1,1,True
348132133,4537,agentic,function_count,26.0,26.0,0.0,0.0,1,1,1,True
348132133,4552,agentic,nloc,154.66666666666666,156.66666666666666,2.0,1.293103448275862,3,3,3,True
348132133,4552,agentic,avg_ccn,3.7992530345471525,3.8664799253034547,0.06722689075630228,1.76947652985991,3,3,3,True
348132133,4552,agentic,function_count,11.0,11.0,0.0,0.0,3,3,3,True
348491018,326,agentic,nloc,61.0,56.0,-5.0,-8.19672131147541,1,1,1,True
348491018,326,agentic,avg_ccn,2.0,1.6666666666666667,-0.33333333333333326,-16.666666666666664,1,1,1,True
348491018,326,agentic,function_count,5.0,6.0,1.0,20.0,1,1,1,True
348491018,367,human_candidate,nloc,125.0,147.0,22.0,17.6,2,2,2,True
348491018,367,human_candidate,avg_ccn,2.1458333333333335,2.1971153846153846,0.0512820512820511,2.389843166542187,2,2,2,True
348491018,367,human_candidate,function_count,8.5,10.5,2.0,23.529411764705884,2,2,2,True
349372179,20288,human_candidate,nloc,3270.5,3273.5,3.0,0.09172909341079345,2,2,2,True
349372179,20288,human_candidate,avg_ccn,1.8737012987012986,1.8856449723941777,0.011943673692879075,0.6374374454005814,2,2,2,True
349372179,20288,human_candidate,function_count,92.0,91.0,-1.0,-1.0869565217391304,2,2,2,True
349372179,21313,human_candidate,nloc,1068.0,1092.0,24.0,2.247191011235955,1,1,1,True
349372179,21313,human_candidate,avg_ccn,2.430379746835443,2.422680412371134,-0.00769933446430926,-0.3167955326460581,1,1,1,True
349372179,21313,human_candidate,function_count,79.0,97.0,18.0,22.78481012658228,1,1,1,True
349372179,21547,human_candidate,nloc,7222.0,7228.5,6.5,0.09000276931597895,2,2,2,True
349372179,21547,human_candidate,avg_ccn,2.226232394366197,2.226232394366197,0.0,0.0,2,2,2,True
349372179,21547,human_candidate,function_count,131.5,131.5,0.0,0.0,2,2,2,True
349372179,21551,human_candidate,nloc,4167.0,4173.5,6.5,0.15598752099832014,4,4,4,True
349372179,21551,human_candidate,avg_ccn,1.4812187218178816,1.48116809728671,-5.06245311715503e-05,-0.00341776203783189,4,4,4,True
349372179,21551,human_candidate,function_count,181.5,182.0,0.5,0.27548209366391185,4,4,4,True
349372179,21627,human_candidate,nloc,1921.0,1953.0,32.0,1.665799062988027,1,1,1,True
349372179,21627,human_candidate,avg_ccn,12.565217391304348,12.565217391304348,0.0,0.0,1,1,1,True
349372179,21627,human_candidate,function_count,23.0,23.0,0.0,0.0,1,1,1,True
349372179,21743,agentic,nloc,729.375,754.375,25.0,3.427592116538132,8,8,8,True
349372179,21743,agentic,avg_ccn,8.291401626596135,9.459106098579783,1.1677044719836474,14.083318171900261,8,8,7,True
349372179,21743,agentic,function_count,35.25,22.625,-12.625,-35.815602836879435,8,8,8,True
349372179,21745,agentic,nloc,279.5,332.0,52.5,18.783542039355993,2,2,2,True
349372179,21745,agentic,avg_ccn,17.568181818181817,22.4,4.831818181818182,27.50323415265201,2,2,2,True
349372179,21745,agentic,function_count,6.5,3.5,-3.0,-46.15384615384615,2,2,2,True
349372179,21746,agentic,nloc,1014.0,1021.0,7.0,0.6903353057199211,4,4,4,True
349372179,21746,agentic,avg_ccn,5.095861937452327,5.04093567251462,-0.05492626493770647,-1.077860146367443,4,4,4,True
349372179,21746,agentic,function_count,42.25,42.5,0.25,0.591715976331361,4,4,4,True
351806852,11990,human_candidate,nloc,137.0,260.0,123.0,89.78102189781022,1,1,1,True
351806852,11990,human_candidate,avg_ccn,2.8,3.0,0.20000000000000018,7.1428571428571495,1,1,1,True
351806852,11990,human_candidate,function_count,5.0,4.0,-1.0,-20.0,1,1,1,True
351806852,12660,human_candidate,nloc,292.0833333333333,294.1666666666667,2.0833333333333712,0.7132667617689146,12,12,12,True
351806852,12660,human_candidate,avg_ccn,3.5696260221260228,3.570551881898632,0.0009258597726091722,0.025937164478024008,12,12,12,True
351806852,12660,human_candidate,function_count,13.75,14.083333333333334,0.3333333333333339,2.4242424242424288,12,12,12,True
352933140,13543,human_candidate,nloc,471.5,472.5,1.0,0.21208907741251326,2,2,2,True
352933140,13543,human_candidate,avg_ccn,3.276923076923077,3.2869230769230766,0.009999999999999787,0.3051643192488198,2,2,2,True
352933140,13543,human_candidate,function_count,38.0,38.0,0.0,0.0,2,2,2,True
360211540,141,agentic,nloc,79.0,49.0,-30.0,-37.9746835443038,1,1,1,True
360211540,141,agentic,avg_ccn,2.2142857142857144,1.1111111111111112,-1.1031746031746033,-49.820788530465954,1,1,1,True
360211540,141,agentic,function_count,14.0,9.0,-5.0,-35.714285714285715,1,1,1,True
360238600,6650,human_candidate,nloc,2776.5,2798.5,22.0,0.7923644876643255,2,2,2,True
360238600,6650,human_candidate,avg_ccn,1.923234552332913,1.923234552332913,0.0,0.0,2,2,2,True
360238600,6650,human_candidate,function_count,117.5,117.5,0.0,0.0,2,2,2,True
360238600,7965,human_candidate,nloc,344.0,368.4,24.399999999999977,7.0930232558139465,5,5,5,True
360238600,7965,human_candidate,avg_ccn,3.1926901760972557,3.335337234920785,0.14264705882352935,4.467926762561756,5,5,5,True
360238600,7965,human_candidate,function_count,29.4,31.2,1.8000000000000007,6.122448979591839,5,5,5,True
360238600,8574,human_candidate,nloc,368.0,376.0,8.0,2.1739130434782608,2,2,2,True
360238600,8574,human_candidate,avg_ccn,4.2287234042553195,4.2287234042553195,0.0,0.0,2,2,2,True
360238600,8574,human_candidate,function_count,29.5,29.5,0.0,0.0,2,2,2,True
360238600,8767,human_candidate,nloc,2115.0,2115.0,0.0,0.0,1,1,1,True
360238600,8767,human_candidate,avg_ccn,4.6521739130434785,4.6521739130434785,0.0,0.0,1,1,1,True
360238600,8767,human_candidate,function_count,23.0,23.0,0.0,0.0,1,1,1,True
365250183,5653,human_candidate,nloc,71.75,77.25,5.5,7.665505226480836,4,4,4,True
365250183,5653,human_candidate,avg_ccn,1.5875,1.5625,-0.02499999999999991,-1.5748031496062938,4,4,4,True
365250183,5653,human_candidate,function_count,9.0,9.75,0.75,8.333333333333334,4,4,4,True
365739812,6100,human_candidate,nloc,474.0,462.0,-12.0,-2.5316455696202533,1,1,1,True
365739812,6100,human_candidate,avg_ccn,1.7777777777777777,1.7307692307692308,-0.04700854700854684,-2.64423076923076,1,1,1,True
365739812,6100,human_candidate,function_count,27.0,26.0,-1.0,-3.7037037037037037,1,1,1,True
365739812,6175,human_candidate,nloc,2258.3333333333335,2426.0,167.66666666666652,7.424354243542427,3,3,3,True
365739812,6175,human_candidate,avg_ccn,2.904,2.904,0.0,0.0,3,3,3,True
365739812,6175,human_candidate,function_count,52.0,94.33333333333333,42.33333333333333,81.41025641025641,3,3,3,True
365739812,6252,human_candidate,nloc,104.0,107.0,3.0,2.8846153846153846,1,1,1,True
365739812,6252,human_candidate,avg_ccn,2.2222222222222223,2.1,-0.12222222222222223,-5.5,1,1,1,True
365739812,6252,human_candidate,function_count,9.0,10.0,1.0,11.11111111111111,1,1,1,True
365739812,7433,human_candidate,nloc,84.0,93.0,9.0,10.714285714285714,1,1,1,True
365739812,7433,human_candidate,avg_ccn,4.0,4.833333333333333,0.833333333333333,20.833333333333325,1,1,1,True
365739812,7433,human_candidate,function_count,7.0,6.0,-1.0,-14.285714285714286,1,1,1,True
365739812,8778,human_candidate,nloc,323.5,363.5,40.0,12.364760432766616,4,4,4,True
365739812,8778,human_candidate,avg_ccn,2.735897435897436,3.0440012368583798,0.3081038009609438,11.261525995760833,4,4,4,True
365739812,8778,human_candidate,function_count,17.5,20.75,3.25,18.571428571428573,4,4,4,True
368236463,714,human_candidate,nloc,462.3125,467.5,5.1875,1.1220765175070975,16,16,16,True
368236463,714,human_candidate,avg_ccn,2.791203078926112,2.841946887584633,0.050743808658520795,1.8179905662057372,16,16,16,True
368236463,714,human_candidate,function_count,39.875,40.1875,0.3125,0.7836990595611285,16,16,16,True
374381865,349,agentic,nloc,309.0,307.0,-2.0,-0.6472491909385113,3,3,3,True
374381865,349,agentic,avg_ccn,2.1823361823361824,2.1386514719848053,-0.04368471035137711,-2.001740644038298,3,3,3,True
374381865,349,agentic,function_count,23.666666666666668,23.666666666666668,0.0,0.0,3,3,3,True
376974418,171,agentic,nloc,207.41666666666666,319.0,111.58333333333334,53.796705504218565,12,12,12,True
376974418,171,agentic,avg_ccn,5.375868414998849,6.038888888888889,0.6630204738900396,12.3332719982541,12,12,9,True
376974418,171,agentic,function_count,7.75,11.583333333333334,3.833333333333334,49.462365591397855,12,12,12,True
380002519,696,agentic,nloc,335.0,337.0,2.0,0.5970149253731343,1,1,1,True
380002519,696,agentic,avg_ccn,4.222222222222222,3.9,-0.3222222222222224,-7.631578947368426,1,1,1,True
380002519,696,agentic,function_count,9.0,10.0,1.0,11.11111111111111,1,1,1,True
381857226,8169,agentic,nloc,133.6818181818182,127.77272727272727,-5.909090909090921,-4.420265215912964,22,22,22,True
381857226,8169,agentic,avg_ccn,2.474134746177757,2.4856787577217685,0.011544011544011301,0.46658782678855387,22,22,21,True
381857226,8169,agentic,function_count,7.409090909090909,7.318181818181818,-0.09090909090909083,-1.2269938650306738,22,22,22,True
381857226,9184,agentic,nloc,670.5,712.5,42.0,6.263982102908278,4,4,4,True
381857226,9184,agentic,avg_ccn,5.051619563814686,5.070787776843286,0.019168213028599723,0.3794468840429665,4,4,3,True
381857226,9184,agentic,function_count,22.25,23.5,1.25,5.617977528089888,4,4,4,True
381857226,9551,agentic,nloc,98.0,106.0,8.0,8.16326530612245,1,1,1,True
381857226,9551,agentic,avg_ccn,4.6,4.4,-0.1999999999999993,-4.347826086956506,1,1,1,True
381857226,9551,agentic,function_count,10.0,10.0,0.0,0.0,1,1,1,True
381857226,9760,human_candidate,nloc,168.0,191.0,23.0,13.69047619047619,1,1,1,True
381857226,9760,human_candidate,avg_ccn,1.68,1.5517241379310345,-0.12827586206896546,-7.635467980295563,1,1,1,True
381857226,9760,human_candidate,function_count,25.0,29.0,4.0,16.0,1,1,1,True
381857226,10446,agentic,nloc,184.12,182.6,-1.5200000000000102,-0.8255485552900338,25,25,25,True
381857226,10446,agentic,avg_ccn,3.32434484214972,3.3311164459559843,0.0067716038062641815,0.20369739385656688,25,25,25,True
381857226,10446,agentic,function_count,7.44,7.4,-0.040000000000000036,-0.537634408602151,25,25,25,True
381857226,10718,agentic,nloc,262.0,297.0,35.0,13.358778625954198,1,1,1,True
381857226,10718,agentic,avg_ccn,1.3333333333333333,1.25,-0.08333333333333326,-6.249999999999994,1,1,1,True
381857226,10718,agentic,function_count,3.0,4.0,1.0,33.333333333333336,1,1,1,True
385265509,439,agentic,nloc,69.95238095238095,71.52380952380952,1.5714285714285694,2.2464261402314474,21,21,21,True
385265509,439,agentic,avg_ccn,1.6622945804195806,1.4831387362637363,-0.1791558441558443,-10.77762306790554,21,21,20,True
385265509,439,agentic,function_count,9.428571428571429,10.0,0.5714285714285712,6.060606060606058,21,21,21,True
386644013,2234,human_candidate,nloc,484.0,1727.0,1243.0,256.8181818181818,1,1,1,True
386644013,2234,human_candidate,avg_ccn,3.6666666666666665,4.513513513513513,0.8468468468468466,23.095823095823093,1,1,1,True
386644013,2234,human_candidate,function_count,12.0,37.0,25.0,208.33333333333334,1,1,1,True
388547709,450,human_candidate,nloc,355.0,757.0,402.0,113.2394366197183,1,1,1,True
388547709,450,human_candidate,avg_ccn,2.35,3.4242424242424243,1.0742424242424242,45.712443584784005,1,1,1,True
388547709,450,human_candidate,function_count,20.0,33.0,13.0,65.0,1,1,1,True
388872173,4725,agentic,nloc,696.0,697.5,1.5,0.21551724137931033,2,2,2,True
388872173,4725,agentic,avg_ccn,1.7272727272727273,1.7045454545454546,-0.022727272727272707,-1.3157894736842093,2,2,2,True
388872173,4725,agentic,function_count,38.5,38.5,0.0,0.0,2,2,2,True
388872173,5024,agentic,nloc,502.3333333333333,505.3333333333333,3.0,0.5972130059721301,3,3,3,True
388872173,5024,agentic,avg_ccn,2.403703703703704,2.403703703703704,0.0,0.0,3,3,3,True
388872173,5024,agentic,function_count,11.333333333333334,11.333333333333334,0.0,0.0,3,3,3,True
391740664,21376,human_candidate,nloc,124.25,115.625,-8.625,-6.941649899396379,8,8,8,True
391740664,21376,human_candidate,avg_ccn,2.2106570512820514,2.0375,-0.17315705128205128,-7.832831925767516,8,8,8,True
391740664,21376,human_candidate,function_count,5.75,6.0,0.25,4.3478260869565215,8,8,8,True
391740664,22140,human_candidate,nloc,469.0,470.0,1.0,0.21321961620469082,1,1,1,True
391740664,22140,human_candidate,avg_ccn,3.0,3.0,0.0,0.0,1,1,1,True
391740664,22140,human_candidate,function_count,1.0,1.0,0.0,0.0,1,1,1,True
391740664,24709,agentic,nloc,707.0,712.0,5.0,0.7072135785007072,1,1,1,True
391740664,24709,agentic,avg_ccn,2.673076923076923,2.6538461538461537,-0.019230769230769162,-0.7194244604316522,1,1,1,True
391740664,24709,agentic,function_count,52.0,52.0,0.0,0.0,1,1,1,True
391740664,26022,human_candidate,nloc,521.25,520.0,-1.25,-0.23980815347721823,4,4,4,True
391740664,26022,human_candidate,avg_ccn,1.7039852911945939,1.7238021410114435,0.019816849816849613,1.1629707086823993,4,4,3,True
391740664,26022,human_candidate,function_count,51.75,51.75,0.0,0.0,4,4,4,True
391740664,26485,agentic,nloc,343.25,328.0,-15.25,-4.442825928623452,8,8,8,True
391740664,26485,agentic,avg_ccn,2.555992747287814,2.4890056022408964,-0.06698714504691772,-2.6207877591983917,8,8,7,True
391740664,26485,agentic,function_count,24.0,22.5,-1.5,-6.25,8,8,8,True
395140743,4802,human_candidate,nloc,377.5121951219512,381.219512195122,3.7073170731707705,0.9820390231296137,41,41,41,True
395140743,4802,human_candidate,avg_ccn,2.9465135666294238,2.9187228657198854,-0.02779070090953839,-0.9431723384640218,41,41,41,True
395140743,4802,human_candidate,function_count,23.48780487804878,23.536585365853657,0.048780487804876316,0.20768431983384517,41,41,41,True
395140743,6347,human_candidate,nloc,550.0,665.5,115.5,21.0,2,2,2,True
395140743,6347,human_candidate,avg_ccn,6.723118279569892,7.1907407407407415,0.4676224611708495,6.955440046203759,2,2,2,True
395140743,6347,human_candidate,function_count,18.5,18.5,0.0,0.0,2,2,2,True
395140743,6879,human_candidate,nloc,2194.0,2202.0,8.0,0.3646308113035551,1,1,1,True
395140743,6879,human_candidate,avg_ccn,7.360655737704918,7.274193548387097,-0.08646218931782101,-1.1746533515338713,1,1,1,True
395140743,6879,human_candidate,function_count,61.0,62.0,1.0,1.639344262295082,1,1,1,True
395140743,6883,human_candidate,nloc,1157.5,1156.4444444444443,-1.0555555555556566,-0.09119270458364204,18,18,18,True
395140743,6883,human_candidate,avg_ccn,3.955370112084567,3.955370112084567,0.0,0.0,18,18,18,True
395140743,6883,human_candidate,function_count,50.888888888888886,50.888888888888886,0.0,0.0,18,18,18,True
395140743,6948,human_candidate,nloc,4561.0,4567.0,6.0,0.131550098662574,1,1,1,True
395140743,6948,human_candidate,avg_ccn,7.675925925925926,7.614678899082569,-0.0612470268433567,-0.7979106030256362,1,1,1,True
395140743,6948,human_candidate,function_count,108.0,109.0,1.0,0.9259259259259259,1,1,1,True
395140743,7690,human_candidate,nloc,232.0,234.0,2.0,0.8620689655172413,1,1,1,True
395140743,7690,human_candidate,avg_ccn,2.8421052631578947,2.8421052631578947,0.0,0.0,1,1,1,True
395140743,7690,human_candidate,function_count,19.0,19.0,0.0,0.0,1,1,1,True
395140743,8342,human_candidate,nloc,189.0,192.0,3.0,1.5873015873015872,1,1,1,True
395140743,8342,human_candidate,avg_ccn,7.833333333333333,7.833333333333333,0.0,0.0,1,1,1,True
395140743,8342,human_candidate,function_count,6.0,6.0,0.0,0.0,1,1,1,True
395140743,9320,human_candidate,nloc,341.5,343.0,1.5,0.43923865300146414,2,2,2,True
395140743,9320,human_candidate,avg_ccn,1.8140740740740742,1.8140740740740742,0.0,0.0,2,2,2,True
395140743,9320,human_candidate,function_count,39.5,39.5,0.0,0.0,2,2,2,True
395140743,9636,agentic,nloc,1166.5714285714287,1214.5714285714287,48.0,4.1146216017634085,7,7,7,True
395140743,9636,agentic,avg_ccn,3.007581454537218,3.0667819903526334,0.05920053581541529,1.9683768074213166,7,7,7,True
395140743,9636,agentic,function_count,56.857142857142854,58.57142857142857,1.7142857142857153,3.015075376884424,7,7,7,True
395140743,9695,human_candidate,nloc,2410.0,2412.0,2.0,0.08298755186721991,1,1,1,True
395140743,9695,human_candidate,avg_ccn,3.5982905982905984,3.5338983050847457,-0.06439229320585271,-1.7895245380248854,1,1,1,True
395140743,9695,human_candidate,function_count,117.0,118.0,1.0,0.8547008547008547,1,1,1,True
398753576,711,agentic,nloc,121.33333333333333,128.0,6.666666666666671,5.494505494505499,3,3,3,True
398753576,711,agentic,avg_ccn,1.4615384615384617,1.4166666666666667,-0.044871794871794934,-3.0701754385964954,3,3,3,True
398753576,711,agentic,function_count,7.333333333333333,8.333333333333334,1.0000000000000009,13.63636363636365,3,3,3,True
398753576,1225,agentic,nloc,324.6666666666667,336.3333333333333,11.666666666666629,3.593429158110871,6,6,6,True
398753576,1225,agentic,avg_ccn,2.6040489642184554,2.698721340388007,0.0946723761695516,3.635583565071915,6,6,6,True
398753576,1225,agentic,function_count,31.833333333333332,32.0,0.16666666666666785,0.5235602094240875,6,6,6,True
398753576,1462,agentic,nloc,250.16666666666666,292.3333333333333,42.16666666666666,16.855429713524316,6,6,6,True
398753576,1462,agentic,avg_ccn,3.6469318875568875,4.1590686274509805,0.512136739894093,14.042947762240168,6,6,6,True
398753576,1462,agentic,function_count,12.333333333333334,16.666666666666668,4.333333333333334,35.13513513513514,6,6,6,True
400215964,9138,human_candidate,nloc,193.08333333333334,193.08333333333334,0.0,0.0,12,12,12,True
400215964,9138,human_candidate,avg_ccn,3.0048520923520923,3.106661856661857,0.10180976430976463,3.388178891363386,12,12,12,True
400215964,9138,human_candidate,function_count,8.583333333333334,8.416666666666666,-0.16666666666666785,-1.9417475728155476,12,12,12,True
400215964,9424,agentic,nloc,140.5,180.5,40.0,28.469750889679716,2,2,2,True
400215964,9424,agentic,avg_ccn,2.0,2.127272727272727,0.12727272727272698,6.363636363636349,2,2,2,True
400215964,9424,agentic,function_count,7.5,13.0,5.5,73.33333333333333,2,2,2,True
400215964,9771,agentic,nloc,351.0,351.0,0.0,0.0,1,1,1,True
400215964,9771,agentic,avg_ccn,2.0,2.0,0.0,0.0,1,1,1,True
400215964,9771,agentic,function_count,9.0,9.0,0.0,0.0,1,1,1,True
400215964,9774,agentic,nloc,979.0,999.0,20.0,2.0429009193054135,1,1,1,True
400215964,9774,agentic,avg_ccn,3.340909090909091,3.4318181818181817,0.09090909090909083,2.7210884353741474,1,1,1,True
400215964,9774,agentic,function_count,44.0,44.0,0.0,0.0,1,1,1,True
400215964,9818,agentic,nloc,144.5,177.5,33.0,22.837370242214533,2,2,2,True
400215964,9818,agentic,avg_ccn,2.6666666666666665,3.272727272727273,0.6060606060606064,22.72727272727274,2,2,1,True
400215964,9818,agentic,function_count,4.5,5.5,1.0,22.22222222222222,2,2,2,True
400215964,9888,agentic,nloc,1001.0,1008.0,7.0,0.6993006993006993,1,1,1,True
400215964,9888,agentic,avg_ccn,3.239130434782609,3.0238095238095237,-0.21532091097308514,-6.6474912112496085,1,1,1,True
400215964,9888,agentic,function_count,46.0,42.0,-4.0,-8.695652173913043,1,1,1,True
400215964,10049,human_candidate,nloc,295.0,303.0,8.0,2.711864406779661,1,1,1,True
400215964,10049,human_candidate,avg_ccn,2.8333333333333335,3.0,0.16666666666666652,5.882352941176465,1,1,1,True
400215964,10049,human_candidate,function_count,12.0,12.0,0.0,0.0,1,1,1,True
400215964,10309,agentic,nloc,255.5,439.0,183.5,71.81996086105676,2,2,2,True
400215964,10309,agentic,avg_ccn,1.8923076923076922,1.6006944444444444,-0.2916132478632478,-15.41045618789521,2,2,2,True
400215964,10309,agentic,function_count,11.5,17.0,5.5,47.82608695652174,2,2,2,True
400215964,10647,agentic,nloc,451.6666666666667,469.3333333333333,17.66666666666663,3.9114391143911353,3,3,3,True
400215964,10647,agentic,avg_ccn,2.944186046511628,3.220833333333333,0.27664728682170514,9.396392838335956,3,3,3,True
400215964,10647,agentic,function_count,16.666666666666668,18.333333333333332,1.6666666666666643,9.999999999999986,3,3,3,True
400215964,10657,agentic,nloc,412.75,419.75,7.0,1.6959418534221684,4,4,4,True
400215964,10657,agentic,avg_ccn,2.1948717948717946,2.1948717948717946,0.0,0.0,4,4,3,True
400215964,10657,agentic,function_count,15.25,15.25,0.0,0.0,4,4,4,True
400215964,10665,agentic,nloc,412.75,421.0,8.25,1.9987886129618413,4,4,4,True
400215964,10665,agentic,avg_ccn,2.1948717948717946,2.1948717948717946,0.0,0.0,4,4,3,True
400215964,10665,agentic,function_count,15.25,15.25,0.0,0.0,4,4,4,True
400215964,10674,agentic,nloc,619.0,624.6666666666666,5.666666666666629,0.9154550350026864,3,3,3,True
400215964,10674,agentic,avg_ccn,3.1715364738620555,3.1715364738620555,0.0,0.0,3,3,3,True
400215964,10674,agentic,function_count,20.666666666666668,20.666666666666668,0.0,0.0,3,3,3,True
400215964,11153,agentic,nloc,139.42857142857142,155.0,15.571428571428584,11.168032786885254,7,7,7,True
400215964,11153,agentic,avg_ccn,2.4988095238095234,2.4708180708180705,-0.027991452991452892,-1.1201915442029744,7,7,5,True
400215964,11153,agentic,function_count,6.142857142857143,6.428571428571429,0.2857142857142856,4.651162790697672,7,7,7,True
400215964,11284,agentic,nloc,616.25,640.75,24.5,3.975659229208925,4,4,4,True
400215964,11284,agentic,avg_ccn,2.578801431127012,2.554563492063492,-0.02423793906352012,-0.939891640006087,4,4,3,True
400215964,11284,agentic,function_count,19.0,20.75,1.75,9.210526315789474,4,4,4,True
400215964,11360,agentic,nloc,294.75,297.0,2.25,0.7633587786259542,4,4,4,True
400215964,11360,agentic,avg_ccn,12.981481481481481,12.981481481481481,0.0,0.0,4,4,3,True
400215964,11360,agentic,function_count,3.25,3.25,0.0,0.0,4,4,4,True
401807767,2631,human_candidate,nloc,260.0,311.77777777777777,51.77777777777777,19.91452991452991,9,9,9,True
401807767,2631,human_candidate,avg_ccn,2.108032789696627,2.104052300406396,-0.003980489290230871,-0.1888248280428178,9,9,8,True
401807767,2631,human_candidate,function_count,15.444444444444445,16.666666666666668,1.2222222222222232,7.913669064748207,9,9,9,True
408858330,26218,human_candidate,nloc,102.66666666666667,116.5,13.833333333333329,13.474025974025968,6,6,6,True
408858330,26218,human_candidate,avg_ccn,1.211528822055138,1.4475935828877005,0.23606476083256256,19.484865447288467,6,6,5,True
408858330,26218,human_candidate,function_count,7.333333333333333,7.333333333333333,0.0,0.0,6,6,6,True
410897288,3413,human_candidate,nloc,278.0,262.45454545454544,-15.545454545454561,-5.59189012426423,11,11,11,True
410897288,3413,human_candidate,avg_ccn,5.000997949419001,4.493205741626794,-0.5077922077922068,-10.15381755657789,11,11,11,True
410897288,3413,human_candidate,function_count,9.636363636363637,9.727272727272727,0.09090909090908994,0.9433962264150842,11,11,11,True
410897288,3500,human_candidate,nloc,278.0,278.0,0.0,0.0,1,1,1,True
410897288,3500,human_candidate,avg_ccn,1.7391304347826086,1.7391304347826086,0.0,0.0,1,1,1,True
410897288,3500,human_candidate,function_count,23.0,23.0,0.0,0.0,1,1,1,True
410897288,4079,human_candidate,nloc,343.0,344.0,1.0,0.2915451895043732,1,1,1,True
410897288,4079,human_candidate,avg_ccn,1.8448275862068966,1.8448275862068966,0.0,0.0,1,1,1,True
410897288,4079,human_candidate,function_count,58.0,58.0,0.0,0.0,1,1,1,True
410897288,4474,human_candidate,nloc,89.0,89.0,0.0,0.0,1,1,1,True
410897288,4474,human_candidate,avg_ccn,1.8333333333333333,1.8333333333333333,0.0,0.0,1,1,1,True
410897288,4474,human_candidate,function_count,6.0,6.0,0.0,0.0,1,1,1,True
410897288,4482,human_candidate,nloc,498.0,498.0,0.0,0.0,1,1,1,True
410897288,4482,human_candidate,avg_ccn,2.440677966101695,2.440677966101695,0.0,0.0,1,1,1,True
410897288,4482,human_candidate,function_count,59.0,59.0,0.0,0.0,1,1,1,True
410897288,4605,agentic,nloc,566.9230769230769,567.1538461538462,0.23076923076928324,0.040705563093632054,13,13,13,True
410897288,4605,agentic,avg_ccn,5.351582503814151,5.351582503814151,0.0,0.0,13,13,13,True
410897288,4605,agentic,function_count,24.615384615384617,24.615384615384617,0.0,0.0,13,13,13,True
412511427,197,agentic,nloc,175.0,231.0,56.0,32.0,2,2,2,True
412511427,197,agentic,avg_ccn,4.054054054054054,2.614102564102564,-1.4399514899514902,-35.51880341880343,2,2,2,True
412511427,197,agentic,function_count,20.0,24.5,4.5,22.5,2,2,2,True
412759104,408,human_candidate,nloc,60.666666666666664,70.33333333333333,9.666666666666664,15.93406593406593,6,6,6,True
412759104,408,human_candidate,avg_ccn,1.388888888888889,1.1666666666666667,-0.22222222222222232,-16.000000000000004,6,6,3,True
412759104,408,human_candidate,function_count,1.0,1.3333333333333333,0.33333333333333326,33.33333333333333,6,6,6,True
413918947,10623,agentic,nloc,371.0,378.0,7.0,1.8867924528301887,1,1,1,True
413918947,10623,agentic,avg_ccn,8.125,8.375,0.25,3.076923076923077,1,1,1,True
413918947,10623,agentic,function_count,8.0,8.0,0.0,0.0,1,1,1,True
413918947,11887,human_candidate,nloc,406.7142857142857,427.57142857142856,20.857142857142833,5.128205128205122,7,7,7,True
413918947,11887,human_candidate,avg_ccn,3.3469323840647367,3.3854077742207993,0.038475390156062605,1.1495717791984652,7,7,7,True
413918947,11887,human_candidate,function_count,17.714285714285715,18.714285714285715,1.0,5.64516129032258,7,7,7,True
413918947,11915,human_candidate,nloc,791.0,1023.25,232.25,29.36156763590392,4,4,4,True
413918947,11915,human_candidate,avg_ccn,2.880367799293631,3.228401235217742,0.34803343592411107,12.082951212323,4,4,4,True
413918947,11915,human_candidate,function_count,28.5,33.25,4.75,16.666666666666668,4,4,4,True
413918947,11929,human_candidate,nloc,764.7777777777778,763.1111111111111,-1.6666666666667425,-0.2179282289699358,9,9,9,True
413918947,11929,human_candidate,avg_ccn,4.01513923207953,4.01513923207953,0.0,0.0,9,9,9,True
413918947,11929,human_candidate,function_count,23.22222222222222,23.22222222222222,0.0,0.0,9,9,9,True
413918947,11965,human_candidate,nloc,818.5,826.3333333333334,7.833333333333371,0.9570352270413404,6,6,6,True
413918947,11965,human_candidate,avg_ccn,4.088123121924702,4.088123121924702,0.0,0.0,6,6,6,True
413918947,11965,human_candidate,function_count,23.333333333333332,23.333333333333332,0.0,0.0,6,6,6,True
413918947,11988,human_candidate,nloc,686.0,718.0,32.0,4.664723032069971,1,1,1,True
413918947,11988,human_candidate,avg_ccn,3.111111111111111,3.054054054054054,-0.057057057057057214,-1.833976833976839,1,1,1,True
413918947,11988,human_candidate,function_count,36.0,37.0,1.0,2.7777777777777777,1,1,1,True
413918947,12569,human_candidate,nloc,442.6666666666667,555.8333333333334,113.16666666666669,25.56475903614458,6,6,6,True
413918947,12569,human_candidate,avg_ccn,5.528594080338266,4.835556562300749,-0.6930375180375172,-12.535510981032521,6,6,6,True
413918947,12569,human_candidate,function_count,16.5,23.5,7.0,42.42424242424242,6,6,6,True
422711680,2146,agentic,nloc,89.0,76.0,-13.0,-14.606741573033707,1,1,1,True
422711680,2146,agentic,avg_ccn,7.0,4.0,-3.0,-42.857142857142854,1,1,1,True
422711680,2146,agentic,function_count,3.0,4.0,1.0,33.333333333333336,1,1,1,True
426970395,60,agentic,nloc,296.0,308.6666666666667,12.666666666666686,4.279279279279286,3,3,3,True
426970395,60,agentic,avg_ccn,2.6031746031746033,2.740956072351421,0.13778146917681777,5.292824730572877,3,3,3,True
426970395,60,agentic,function_count,16.333333333333332,16.666666666666668,0.3333333333333357,2.040816326530627,3,3,3,True
429221032,208,agentic,nloc,80.0,86.0,6.0,7.5,1,1,1,True
429221032,208,agentic,avg_ccn,1.8333333333333333,1.7142857142857142,-0.11904761904761907,-6.493506493506495,1,1,1,True
429221032,208,agentic,function_count,6.0,7.0,1.0,16.666666666666668,1,1,1,True
430749584,11267,human_candidate,nloc,538.0,293.0,-245.0,-45.53903345724907,1,1,1,True
430749584,11267,human_candidate,avg_ccn,3.9743589743589745,2.3703703703703702,-1.6039886039886042,-40.358422939068106,1,1,1,True
430749584,11267,human_candidate,function_count,39.0,27.0,-12.0,-30.76923076923077,1,1,1,True
430749584,11798,agentic,nloc,509.6607142857143,565.125,55.46428571428572,10.882589958305598,56,56,56,True
430749584,11798,agentic,avg_ccn,7.024314646521923,7.251814295802258,0.22749964928033517,3.238745140680468,56,56,51,True
430749584,11798,agentic,function_count,20.875,23.446428571428573,2.571428571428573,12.31822070145424,56,56,56,True
433321004,3615,agentic,nloc,253.0,346.0,93.0,36.758893280632414,1,1,1,True
433321004,3615,agentic,avg_ccn,1.4444444444444444,2.107142857142857,0.6626984126984128,45.87912087912088,1,1,1,True
433321004,3615,agentic,function_count,18.0,28.0,10.0,55.55555555555556,1,1,1,True
433321004,3616,agentic,nloc,378.5,454.5,76.0,20.079260237780712,2,2,2,True
433321004,3616,agentic,avg_ccn,2.4780361757105944,2.5208333333333335,0.04279715762273906,1.727059436913453,2,2,2,True
433321004,3616,agentic,function_count,30.5,36.0,5.5,18.0327868852459,2,2,2,True
434366539,388,agentic,nloc,61.0,67.0,6.0,9.836065573770492,1,1,1,True
434366539,388,agentic,avg_ccn,1.5714285714285714,1.8571428571428572,0.2857142857142858,18.181818181818187,1,1,1,True
434366539,388,agentic,function_count,7.0,7.0,0.0,0.0,1,1,1,True
436466520,9067,agentic,nloc,64.0,52.0,-12.0,-18.75,1,1,1,True
436466520,9067,agentic,avg_ccn,8.0,8.0,0.0,0.0,1,1,1,True
436466520,9067,agentic,function_count,2.0,2.0,0.0,0.0,1,1,1,True
436658287,5745,human_candidate,nloc,521.5,529.25,7.75,1.486097794822627,8,8,8,True
436658287,5745,human_candidate,avg_ccn,4.6508687672480775,4.697707847707848,0.0468390804597707,1.0071038939996886,8,8,8,True
436658287,5745,human_candidate,function_count,14.25,14.375,0.125,0.8771929824561403,8,8,8,True
436658287,6700,human_candidate,nloc,682.5,699.875,17.375,2.5457875457875456,8,8,8,True
436658287,6700,human_candidate,avg_ccn,3.8111929724308435,3.849353608432194,0.03816063600135067,1.0012779798187748,8,8,8,True
436658287,6700,human_candidate,function_count,33.875,34.5,0.625,1.845018450184502,8,8,8,True
436658287,6824,human_candidate,nloc,167.78658536585365,170.25,2.4634146341463463,1.4681833048660857,164,164,164,True
436658287,6824,human_candidate,avg_ccn,4.080798065066167,4.065893026222184,-0.014905038843982865,-0.3652481354463,164,164,160,True
436658287,6824,human_candidate,function_count,9.823170731707316,9.786585365853659,-0.03658536585365724,-0.37243947858471677,164,164,164,True
436658287,7081,human_candidate,nloc,568.4545454545455,630.8181818181819,62.363636363636374,10.970734047657126,11,11,11,True
436658287,7081,human_candidate,avg_ccn,5.536958041958042,5.731064757500165,0.194106715542123,3.505656247911187,11,11,11,True
436658287,7081,human_candidate,function_count,19.636363636363637,21.272727272727273,1.6363636363636367,8.333333333333336,11,11,11,True
440017777,218,agentic,nloc,55.0,71.0,16.0,29.09090909090909,2,2,2,True
440017777,218,agentic,avg_ccn,1.0,1.0,0.0,0.0,2,2,1,True
440017777,218,agentic,function_count,0.5,3.5,3.0,600.0,2,2,2,True
440017777,677,agentic,nloc,439.0,629.0,190.0,43.28018223234624,2,2,2,True
440017777,677,agentic,avg_ccn,2.0006418485237485,2.2586206896551726,0.2579788411314241,12.894803801179298,2,2,2,True
440017777,677,agentic,function_count,30.0,40.0,10.0,33.333333333333336,2,2,2,True
440017777,678,agentic,nloc,755.6666666666666,880.3333333333334,124.66666666666674,16.49757388619322,3,3,3,True
440017777,678,agentic,avg_ccn,1.9232909860859042,1.9196153846153845,-0.003675601470519707,-0.1911100034841808,3,3,3,True
440017777,678,agentic,function_count,58.333333333333336,67.33333333333333,8.999999999999993,15.428571428571416,3,3,3,True
440017777,680,agentic,nloc,424.0,513.0,89.0,20.99056603773585,1,1,1,True
440017777,680,agentic,avg_ccn,1.55,2.0,0.44999999999999996,29.032258064516125,1,1,1,True
440017777,680,agentic,function_count,20.0,12.0,-8.0,-40.0,1,1,1,True
440017777,682,agentic,nloc,242.5,266.5,24.0,9.896907216494846,2,2,2,True
440017777,682,agentic,avg_ccn,3.166666666666667,4.811594202898551,1.6449275362318838,51.945080091533164,2,2,2,True
440017777,682,agentic,function_count,12.5,13.0,0.5,4.0,2,2,2,True
440017777,683,agentic,nloc,590.0,610.6666666666666,20.66666666666663,3.5028248587570556,3,3,3,True
440017777,683,agentic,avg_ccn,2.2682783018867925,2.379073756432247,0.11079545454545459,4.884561760049155,3,3,3,True
440017777,683,agentic,function_count,47.333333333333336,47.666666666666664,0.3333333333333286,0.704225352112666,3,3,3,True
440017777,684,agentic,nloc,841.5,883.5,42.0,4.991087344028521,2,2,2,True
440017777,684,agentic,avg_ccn,1.945303091128061,1.8765854472630172,-0.06871764386504386,-3.532490344483811,2,2,2,True
440017777,684,agentic,function_count,76.5,81.5,5.0,6.5359477124183005,2,2,2,True
440017777,691,agentic,nloc,426.2,465.6,39.400000000000034,9.244486156733936,5,5,5,True
440017777,691,agentic,avg_ccn,3.616580086580087,3.1895688593249565,-0.4270112272551305,-11.807044695059448,5,5,5,True
440017777,691,agentic,function_count,27.8,26.0,-1.8000000000000007,-6.474820143884894,5,5,5,True
440017777,693,agentic,nloc,376.3333333333333,409.6666666666667,33.33333333333337,8.857395925597885,3,3,3,True
440017777,693,agentic,avg_ccn,2.48989898989899,2.500259000259,0.010360010360010108,0.41608155198417873,3,3,3,True
440017777,693,agentic,function_count,13.333333333333334,14.666666666666666,1.3333333333333321,9.99999999999999,3,3,3,True
442321089,1066,agentic,nloc,124.5,142.5,18.0,14.457831325301205,2,2,2,True
442321089,1066,agentic,avg_ccn,1.875,2.6,0.7250000000000001,38.66666666666667,2,2,2,True
442321089,1066,agentic,function_count,10.0,11.0,1.0,10.0,2,2,2,True
442321089,1868,agentic,nloc,182.0,159.0,-23.0,-12.637362637362637,2,2,2,True
442321089,1868,agentic,avg_ccn,2.3404761904761906,2.2672413793103448,-0.07323481116584585,-3.129056021328103,2,2,2,True
442321089,1868,agentic,function_count,18.5,17.5,-1.0,-5.405405405405405,2,2,2,True
442321089,1908,agentic,nloc,108.5,117.0,8.5,7.8341013824884795,2,2,2,True
442321089,1908,agentic,avg_ccn,2.6,4.75,2.15,82.6923076923077,2,2,1,True
442321089,1908,agentic,function_count,2.5,2.0,-0.5,-20.0,2,2,2,True
442321089,2042,agentic,nloc,98.0,126.0,28.0,28.571428571428573,1,1,1,True
442321089,2042,agentic,avg_ccn,3.0,2.6666666666666665,-0.3333333333333335,-11.111111111111116,1,1,1,True
442321089,2042,agentic,function_count,5.0,9.0,4.0,80.0,1,1,1,True
442321089,2044,agentic,nloc,459.0,481.72727272727275,22.727272727272748,4.951475539710838,11,11,11,True
442321089,2044,agentic,avg_ccn,3.1030154015587743,3.1660048727952783,0.062989471236504,2.029943879906679,11,11,11,True
442321089,2044,agentic,function_count,36.09090909090909,38.72727272727273,2.636363636363633,7.304785894206539,11,11,11,True
442321089,2076,agentic,nloc,51.166666666666664,49.0,-2.1666666666666643,-4.234527687296413,6,6,6,True
442321089,2076,agentic,avg_ccn,2.1,2.0333333333333337,-0.06666666666666643,-3.1746031746031633,6,6,5,True
442321089,2076,agentic,function_count,8.0,7.833333333333333,-0.16666666666666696,-2.083333333333337,6,6,6,True
442321089,2264,agentic,nloc,324.4,326.0,1.6000000000000227,0.4932182490752228,5,5,5,True
442321089,2264,agentic,avg_ccn,2.798358585858586,2.771518759018759,-0.026839826839827108,-0.9591275033679135,5,5,5,True
442321089,2264,agentic,function_count,21.0,21.2,0.1999999999999993,0.952380952380949,5,5,5,True
442321089,2337,agentic,nloc,354.0,353.0,-1.0,-0.2824858757062147,1,1,1,True
442321089,2337,agentic,avg_ccn,1.0,1.0,0.0,0.0,1,1,1,True
442321089,2337,agentic,function_count,1.0,1.0,0.0,0.0,1,1,1,True
445862991,181,agentic,nloc,2069.0,2069.0,0.0,0.0,1,1,1,True
445862991,181,agentic,avg_ccn,1.0177777777777777,1.0176991150442478,-7.866273352985509e-05,-0.0077288711983482085,1,1,1,True
445862991,181,agentic,function_count,225.0,226.0,1.0,0.4444444444444444,1,1,1,True
448599559,11637,human_candidate,nloc,88.0,88.0,0.0,0.0,1,1,1,True
448599559,11637,human_candidate,avg_ccn,5.5,5.5,0.0,0.0,1,1,1,True
448599559,11637,human_candidate,function_count,2.0,2.0,0.0,0.0,1,1,1,True
449656810,2166,agentic,nloc,93.25,97.0,3.75,4.021447721179625,4,4,4,True
449656810,2166,agentic,avg_ccn,1.6325757575757573,1.6325757575757573,0.0,0.0,4,4,2,True
449656810,2166,agentic,function_count,5.75,5.75,0.0,0.0,4,4,4,True
452221115,2691,agentic,nloc,354.0,386.0,32.0,9.03954802259887,1,1,1,True
452221115,2691,agentic,avg_ccn,3.3333333333333335,3.5,0.16666666666666652,4.999999999999995,1,1,1,True
452221115,2691,agentic,function_count,9.0,10.0,1.0,11.11111111111111,1,1,1,True
453068084,22069,human_candidate,nloc,493.0,481.75,-11.25,-2.281947261663286,4,4,4,True
453068084,22069,human_candidate,avg_ccn,3.0401119402985075,2.9365671641791042,-0.10354477611940327,-3.4059527462411876,4,4,4,True
453068084,22069,human_candidate,function_count,24.25,24.25,0.0,0.0,4,4,4,True
453068084,23987,human_candidate,nloc,860.5,853.8333333333334,-6.666666666666629,-0.774743366259922,6,6,6,True
453068084,23987,human_candidate,avg_ccn,3.2791943636615426,3.29447214143932,0.015277777777777501,0.46590034269021985,6,6,6,True
453068084,23987,human_candidate,function_count,26.166666666666668,26.0,-0.16666666666666785,-0.6369426751592402,6,6,6,True
453068084,25764,human_candidate,nloc,348.0,457.0,109.0,31.32183908045977,1,1,1,True
453068084,25764,human_candidate,avg_ccn,1.3076923076923077,1.3225806451612903,0.014888337468982549,1.1385199240986654,1,1,1,True
453068084,25764,human_candidate,function_count,26.0,31.0,5.0,19.23076923076923,1,1,1,True
456470362,3129,agentic,nloc,309.0,308.5,-0.5,-0.16181229773462782,2,2,2,True
456470362,3129,agentic,avg_ccn,2.272546419098143,2.2346153846153847,-0.03793103448275836,-1.6690983367376602,2,2,2,True
456470362,3129,agentic,function_count,27.5,28.0,0.5,1.8181818181818181,2,2,2,True
456470362,3321,agentic,nloc,140.5,140.5,0.0,0.0,2,2,2,True
456470362,3321,agentic,avg_ccn,2.354166666666667,2.0625,-0.29166666666666696,-12.389380530973462,2,2,2,True
456470362,3321,agentic,function_count,13.0,13.0,0.0,0.0,2,2,2,True
458648791,10748,agentic,nloc,115.0,175.0,60.0,52.17391304347826,1,1,1,True
458648791,10748,agentic,avg_ccn,1.1428571428571428,1.4444444444444444,0.3015873015873016,26.388888888888893,1,1,1,True
458648791,10748,agentic,function_count,14.0,18.0,4.0,28.571428571428573,1,1,1,True
460125865,3058,agentic,nloc,161.66666666666666,165.33333333333334,3.6666666666666856,2.268041237113414,3,3,3,True
460125865,3058,agentic,avg_ccn,1.2833333333333332,1.3375000000000001,0.05416666666666692,4.2207792207792405,3,3,3,True
460125865,3058,agentic,function_count,13.666666666666666,14.0,0.3333333333333339,2.439024390243907,3,3,3,True
460609164,902,agentic,nloc,229.0,229.0,0.0,0.0,1,1,1,True
460609164,902,agentic,avg_ccn,3.5238095238095237,3.5238095238095237,0.0,0.0,1,1,1,True
460609164,902,agentic,function_count,21.0,21.0,0.0,0.0,1,1,1,True
464577591,2441,human_candidate,nloc,55.0,62.0,7.0,12.727272727272727,2,2,2,True
464577591,2441,human_candidate,avg_ccn,3.666666666666667,3.25,-0.41666666666666696,-11.363636363636372,2,2,2,True
464577591,2441,human_candidate,function_count,3.0,4.0,1.0,33.333333333333336,2,2,2,True
464630029,5140,human_candidate,nloc,151.0,166.16666666666666,15.166666666666657,10.044150110375268,6,6,6,True
464630029,5140,human_candidate,avg_ccn,2.532828282828283,2.5404040404040407,0.007575757575757791,0.29910269192423583,6,6,6,True
464630029,5140,human_candidate,function_count,11.166666666666666,11.5,0.3333333333333339,2.985074626865677,6,6,6,True
464630029,5455,human_candidate,nloc,3135.0,3136.5,1.5,0.04784688995215311,2,2,2,True
464630029,5455,human_candidate,avg_ccn,3.4,3.4,0.0,0.0,2,2,2,True
464630029,5455,human_candidate,function_count,3.5,3.5,0.0,0.0,2,2,2,True
464630029,5593,human_candidate,nloc,92.0,92.0,0.0,0.0,1,1,1,True
464630029,5593,human_candidate,avg_ccn,9.666666666666666,9.666666666666666,0.0,0.0,1,1,1,True
464630029,5593,human_candidate,function_count,3.0,3.0,0.0,0.0,1,1,1,True
466513703,705,human_candidate,nloc,421.0,419.0,-2.0,-0.4750593824228028,1,1,1,True
466513703,705,human_candidate,avg_ccn,3.6363636363636362,3.5454545454545454,-0.09090909090909083,-2.499999999999998,1,1,1,True
466513703,705,human_candidate,function_count,11.0,11.0,0.0,0.0,1,1,1,True
475909036,308,human_candidate,nloc,1013.0,1015.0,2.0,0.19743336623889438,1,1,1,True
475909036,308,human_candidate,avg_ccn,5.645161290322581,5.645161290322581,0.0,0.0,1,1,1,True
475909036,308,human_candidate,function_count,31.0,31.0,0.0,0.0,1,1,1,True
476642602,10648,human_candidate,nloc,236.0,235.5,-0.5,-0.211864406779661,2,2,2,True
476642602,10648,human_candidate,avg_ccn,7.275,6.988095238095238,-0.2869047619047622,-3.943708067419412,2,2,2,True
476642602,10648,human_candidate,function_count,11.0,11.5,0.5,4.545454545454546,2,2,2,True
476642602,10677,agentic,nloc,303.3939393939394,303.4848484848485,0.09090909090912191,0.029964043148232356,33,33,33,True
476642602,10677,agentic,avg_ccn,3.654054167273477,3.654054167273477,0.0,0.0,33,33,32,True
476642602,10677,agentic,function_count,9.06060606060606,9.06060606060606,0.0,0.0,33,33,33,True
476642602,10727,human_candidate,nloc,824.2,824.8,0.599999999999909,0.07279786459596081,5,5,5,True
476642602,10727,human_candidate,avg_ccn,3.0573314474304576,3.0573314474304576,0.0,0.0,5,5,5,True
476642602,10727,human_candidate,function_count,38.0,38.0,0.0,0.0,5,5,5,True
476642602,11179,human_candidate,nloc,698.0,715.0,17.0,2.4355300859598854,4,4,4,True
476642602,11179,human_candidate,avg_ccn,5.59920634920635,5.662690951821387,0.06348460261503686,1.1338143060942087,4,4,4,True
476642602,11179,human_candidate,function_count,23.0,23.75,0.75,3.260869565217391,4,4,4,True
476642602,11286,human_candidate,nloc,1239.5,1271.0,31.5,2.5413473174667205,2,2,2,True
476642602,11286,human_candidate,avg_ccn,4.415824915824916,4.34973544973545,-0.06608946608946642,-1.4966505092315308,2,2,2,True
476642602,11286,human_candidate,function_count,46.5,48.5,2.0,4.301075268817204,2,2,2,True
476642602,11320,agentic,nloc,309.7931034482759,319.0,9.206896551724128,2.971950133570789,29,29,29,True
476642602,11320,agentic,avg_ccn,3.9923844832031965,4.241040409666141,0.24865592646294443,6.228256008635751,29,29,27,True
476642602,11320,agentic,function_count,10.413793103448276,10.586206896551724,0.1724137931034484,1.6556291390728488,29,29,29,True
476642602,12058,agentic,nloc,383.3333333333333,385.3333333333333,2.0,0.5217391304347826,3,3,3,True
476642602,12058,agentic,avg_ccn,3.355959342801448,3.1391547049441786,-0.21680463785726944,-6.4602879746537045,3,3,3,True
476642602,12058,agentic,function_count,35.333333333333336,36.0,0.6666666666666643,1.8867924528301818,3,3,3,True
476642602,12560,agentic,nloc,354.0,407.0,53.0,14.971751412429379,3,3,3,True
476642602,12560,agentic,avg_ccn,2.020879120879121,2.13992673992674,0.11904761904761907,5.890882726119269,3,3,2,True
476642602,12560,agentic,function_count,26.333333333333332,28.666666666666668,2.3333333333333357,8.860759493670896,3,3,3,True
476642602,13010,agentic,nloc,877.0,840.0,-37.0,-4.218928164196123,1,1,1,True
476642602,13010,agentic,avg_ccn,1.8955223880597014,1.8955223880597014,0.0,0.0,1,1,1,True
476642602,13010,agentic,function_count,67.0,67.0,0.0,0.0,1,1,1,True
476642602,13011,agentic,nloc,358.7,359.03333333333336,0.33333333333337123,0.09292816652728499,30,30,30,True
476642602,13011,agentic,avg_ccn,5.2114314024545765,5.2109924208918015,-0.0004389815627749982,-0.008423435499280266,30,30,30,True
476642602,13011,agentic,function_count,11.033333333333333,11.066666666666666,0.033333333333333215,0.30211480362537657,30,30,30,True
476642602,13020,agentic,nloc,130.0,129.0,-1.0,-0.7692307692307693,1,1,1,True
476642602,13020,agentic,avg_ccn,5.333333333333333,5.333333333333333,0.0,0.0,1,1,1,True
476642602,13020,agentic,function_count,6.0,6.0,0.0,0.0,1,1,1,True
476642602,13024,agentic,nloc,214.44444444444446,226.66666666666666,12.2222222222222,5.699481865284963,9,9,9,True
476642602,13024,agentic,avg_ccn,5.33289241622575,5.312000726216413,-0.020891690009337438,-0.3917515745446656,9,9,9,True
476642602,13024,agentic,function_count,6.888888888888889,6.555555555555555,-0.3333333333333339,-4.838709677419363,9,9,9,True
476642602,13068,human_candidate,nloc,753.0,759.0,6.0,0.796812749003984,1,1,1,True
476642602,13068,human_candidate,avg_ccn,1.9454545454545455,1.9285714285714286,-0.016883116883116944,-0.8678237650200298,1,1,1,True
476642602,13068,human_candidate,function_count,55.0,56.0,1.0,1.8181818181818181,1,1,1,True
476642602,13069,agentic,nloc,592.6206896551724,593.1379310344828,0.5172413793103487,0.08728034446642682,29,29,29,True
476642602,13069,agentic,avg_ccn,4.042193878951599,4.11769617577332,0.07550229682172116,1.8678544147739833,29,29,29,True
476642602,13069,agentic,function_count,22.896551724137932,22.896551724137932,0.0,0.0,29,29,29,True
476642602,13130,agentic,nloc,561.6,564.8,3.199999999999932,0.5698005698005576,5,5,5,True
476642602,13130,agentic,avg_ccn,4.137667084377611,4.137667084377611,0.0,0.0,5,5,5,True
476642602,13130,agentic,function_count,24.6,24.6,0.0,0.0,5,5,5,True
476642602,13131,agentic,nloc,59.0,64.0,5.0,8.474576271186441,1,1,1,True
476642602,13131,agentic,avg_ccn,3.6666666666666665,2.6666666666666665,-1.0,-27.272727272727273,1,1,1,True
476642602,13131,agentic,function_count,3.0,3.0,0.0,0.0,1,1,1,True
476642602,13133,agentic,nloc,495.0,492.0,-3.0,-0.6060606060606061,1,1,1,True
476642602,13133,agentic,avg_ccn,8.875,9.125,0.25,2.816901408450704,1,1,1,True
476642602,13133,agentic,function_count,8.0,8.0,0.0,0.0,1,1,1,True
476642602,13142,agentic,nloc,1351.0,1373.5,22.5,1.6654330125832717,2,2,2,True
476642602,13142,agentic,avg_ccn,8.13888888888889,6.852720450281426,-1.2861684386074632,-15.802752146712857,2,2,2,True
476642602,13142,agentic,function_count,23.0,27.0,4.0,17.391304347826086,2,2,2,True
476642602,13143,agentic,nloc,209.5,170.5,-39.0,-18.615751789976134,2,2,2,True
476642602,13143,agentic,avg_ccn,1.6726190476190477,1.625,-0.04761904761904767,-2.846975088967975,2,2,2,True
476642602,13143,agentic,function_count,18.5,16.5,-2.0,-10.81081081081081,2,2,2,True
476642602,13158,agentic,nloc,130.6,133.4,2.8000000000000114,2.1439509954058282,5,5,5,True
476642602,13158,agentic,avg_ccn,2.990909090909091,2.890909090909091,-0.10000000000000009,-3.343465045592708,5,5,5,True
476642602,13158,agentic,function_count,4.8,5.0,0.20000000000000018,4.1666666666666705,5,5,5,True
476642602,13191,human_candidate,nloc,1982.0,1992.6666666666667,10.666666666666742,0.538176925664316,3,3,3,True
476642602,13191,human_candidate,avg_ccn,9.077933809641126,9.09434452930388,0.016410719662754758,0.18077593433569566,3,3,3,True
476642602,13191,human_candidate,function_count,40.0,40.0,0.0,0.0,3,3,3,True
476642602,13227,agentic,nloc,501.0,505.0,4.0,0.7984031936127745,7,7,7,True
476642602,13227,agentic,avg_ccn,3.735851736271904,3.735851736271904,0.0,0.0,7,7,7,True
476642602,13227,agentic,function_count,22.285714285714285,22.285714285714285,0.0,0.0,7,7,7,True
476642602,13228,agentic,nloc,221.72727272727272,235.27272727272728,13.545454545454561,6.109061090610913,11,11,11,True
476642602,13228,agentic,avg_ccn,2.4507451479939517,2.460060394151303,0.009315246157351353,0.3800985249313383,11,11,11,True
476642602,13228,agentic,function_count,13.727272727272727,15.272727272727273,1.5454545454545467,11.258278145695375,11,11,11,True
476642602,13229,human_candidate,nloc,1057.6666666666667,1092.1666666666667,34.5,3.261897258115348,6,6,6,True
476642602,13229,human_candidate,avg_ccn,6.030124090714591,6.082454102736516,0.05233001202192522,0.8678098698251486,6,6,6,True
476642602,13229,human_candidate,function_count,23.166666666666668,23.833333333333332,0.6666666666666643,2.8776978417266084,6,6,6,True
476642602,13243,agentic,nloc,132.4,137.8,5.400000000000006,4.078549848942602,5,5,5,True
476642602,13243,agentic,avg_ccn,4.1,4.65,0.5500000000000007,13.414634146341482,5,5,5,True
476642602,13243,agentic,function_count,2.6,2.6,0.0,0.0,5,5,5,True
476642602,13272,agentic,nloc,454.4,481.5,27.100000000000023,5.96390845070423,10,10,10,True
476642602,13272,agentic,avg_ccn,2.354905599656726,2.6199358868979123,0.26503028724118627,11.254391143314606,10,10,10,True
476642602,13272,agentic,function_count,21.3,21.8,0.5,2.347417840375587,10,10,10,True
476642602,13306,agentic,nloc,110.16666666666667,126.0,15.833333333333329,14.372163388804836,6,6,6,True
476642602,13306,agentic,avg_ccn,4.208333333333333,3.882575757575758,-0.32575757575757525,-7.740774077407728,6,6,6,True
476642602,13306,agentic,function_count,2.6666666666666665,4.0,1.3333333333333335,50.00000000000001,6,6,6,True
476642602,13309,human_candidate,nloc,425.22222222222223,425.22222222222223,0.0,0.0,72,72,72,True
476642602,13309,human_candidate,avg_ccn,4.794915314789178,4.794915314789178,0.0,0.0,72,72,71,True
476642602,13309,human_candidate,function_count,14.680555555555555,14.680555555555555,0.0,0.0,72,72,72,True
476642602,13338,agentic,nloc,502.7692307692308,502.38461538461536,-0.3846153846154152,-0.07649938800490205,13,13,13,True
476642602,13338,agentic,avg_ccn,4.707964684887762,4.740755611909458,0.03279092702169617,0.6964990015102016,13,13,13,True
476642602,13338,agentic,function_count,17.153846153846153,17.153846153846153,0.0,0.0,13,13,13,True
476642602,13478,agentic,nloc,627.0,783.0,156.0,24.880382775119617,2,2,2,True
476642602,13478,agentic,avg_ccn,22.895833333333332,5.824279379157428,-17.071553954175904,-74.56183710650076,2,2,2,True
476642602,13478,agentic,function_count,37.0,46.5,9.5,25.675675675675677,2,2,2,True
476642602,13490,agentic,nloc,663.0,847.0,184.0,27.7526395173454,1,1,1,True
476642602,13490,agentic,avg_ccn,4.3125,3.0357142857142856,-1.2767857142857144,-29.606625258799177,1,1,1,True
476642602,13490,agentic,function_count,16.0,28.0,12.0,75.0,1,1,1,True
476642602,13493,agentic,nloc,793.0,977.0,184.0,23.203026481715007,1,1,1,True
476642602,13493,agentic,avg_ccn,9.333333333333334,6.142857142857143,-3.1904761904761907,-34.183673469387756,1,1,1,True
476642602,13493,agentic,function_count,12.0,21.0,9.0,75.0,1,1,1,True
476642602,13495,agentic,nloc,130.0,131.0,1.0,0.7692307692307693,1,1,1,True
476642602,13495,agentic,avg_ccn,3.375,3.5,0.125,3.7037037037037037,1,1,1,True
476642602,13495,agentic,function_count,8.0,8.0,0.0,0.0,1,1,1,True
476642602,13501,agentic,nloc,126.0,140.0,14.0,11.11111111111111,1,1,1,True
476642602,13501,agentic,avg_ccn,6.333333333333333,5.0,-1.333333333333333,-21.052631578947366,1,1,1,True
476642602,13501,agentic,function_count,3.0,4.0,1.0,33.333333333333336,1,1,1,True
476642602,13509,agentic,nloc,516.0,571.0,55.0,10.65891472868217,1,1,1,True
476642602,13509,agentic,avg_ccn,3.6,3.2222222222222223,-0.37777777777777777,-10.493827160493828,1,1,1,True
476642602,13509,agentic,function_count,15.0,18.0,3.0,20.0,1,1,1,True
476642602,13513,agentic,nloc,698.7142857142857,698.2857142857143,-0.4285714285713311,-0.0613371498670889,7,7,7,True
476642602,13513,agentic,avg_ccn,4.172115384615385,4.172115384615385,0.0,0.0,7,7,7,True
476642602,13513,agentic,function_count,21.571428571428573,21.571428571428573,0.0,0.0,7,7,7,True
476642602,13535,agentic,nloc,401.5,504.5,103.0,25.653798256537982,2,2,2,True
476642602,13535,agentic,avg_ccn,5.45,4.369047619047619,-1.0809523809523816,-19.8339886413281,2,2,2,True
476642602,13535,agentic,function_count,8.0,13.5,5.5,68.75,2,2,2,True
476642602,13536,agentic,nloc,401.5,499.0,97.5,24.283935242839352,2,2,2,True
476642602,13536,agentic,avg_ccn,5.45,4.9375,-0.5125000000000002,-9.403669724770644,2,2,2,True
476642602,13536,agentic,function_count,8.0,11.0,3.0,37.5,2,2,2,True
476642602,13545,agentic,nloc,663.0,658.0,-5.0,-0.7541478129713424,1,1,1,True
476642602,13545,agentic,avg_ccn,4.3125,4.4375,0.125,2.898550724637681,1,1,1,True
476642602,13545,agentic,function_count,16.0,16.0,0.0,0.0,1,1,1,True
476642602,13556,agentic,nloc,658.0,821.0,163.0,24.772036474164135,1,1,1,True
476642602,13556,agentic,avg_ccn,4.4375,4.894736842105263,0.45723684210526283,10.303928836174938,1,1,1,True
476642602,13556,agentic,function_count,16.0,19.0,3.0,18.75,1,1,1,True
476642602,13564,agentic,nloc,1028.75,1085.0,56.25,5.467800729040097,4,4,4,True
476642602,13564,agentic,avg_ccn,4.926489495568443,4.627280701754387,-0.2992087938140564,-6.073468624731781,4,4,4,True
476642602,13564,agentic,function_count,37.25,41.5,4.25,11.409395973154362,4,4,4,True
476642602,13566,agentic,nloc,658.0,665.0,7.0,1.0638297872340425,1,1,1,True
476642602,13566,agentic,avg_ccn,4.4375,4.6875,0.25,5.633802816901408,1,1,1,True
476642602,13566,agentic,function_count,16.0,16.0,0.0,0.0,1,1,1,True
476642602,13578,agentic,nloc,793.0,858.0,65.0,8.19672131147541,1,1,1,True
476642602,13578,agentic,avg_ccn,9.333333333333334,6.666666666666667,-2.666666666666667,-28.571428571428573,1,1,1,True
476642602,13578,agentic,function_count,12.0,18.0,6.0,50.0,1,1,1,True
476642602,13579,agentic,nloc,1355.0,1508.0,153.0,11.291512915129152,2,2,2,True
476642602,13579,agentic,avg_ccn,4.703252032520325,3.238198269079465,-1.46505376344086,-31.149803440488473,2,2,2,True
476642602,13579,agentic,function_count,34.0,51.5,17.5,51.470588235294116,2,2,2,True
476642602,13581,agentic,nloc,858.0,948.0,90.0,10.48951048951049,1,1,1,True
476642602,13581,agentic,avg_ccn,6.666666666666667,5.16,-1.5066666666666668,-22.6,1,1,1,True
476642602,13581,agentic,function_count,18.0,25.0,7.0,38.888888888888886,1,1,1,True
476642602,13609,agentic,nloc,1620.0,1736.0,116.0,7.160493827160494,1,1,1,True
476642602,13609,agentic,avg_ccn,6.333333333333333,6.2,-0.13333333333333286,-2.1052631578947296,1,1,1,True
476642602,13609,agentic,function_count,27.0,30.0,3.0,11.11111111111111,1,1,1,True
476642602,13617,agentic,nloc,664.5,774.5,110.0,16.55379984951091,2,2,2,True
476642602,13617,agentic,avg_ccn,1.6705465587044535,1.6287356321839082,-0.0418109265205453,-2.5028291670583918,2,2,2,True
476642602,13617,agentic,function_count,51.0,58.5,7.5,14.705882352941176,2,2,2,True
476642602,13631,agentic,nloc,1620.0,1537.0,-83.0,-5.1234567901234565,1,1,1,True
476642602,13631,agentic,avg_ccn,6.333333333333333,6.296296296296297,-0.03703703703703631,-0.5847953216374155,1,1,1,True
476642602,13631,agentic,function_count,27.0,27.0,0.0,0.0,1,1,1,True
476642602,13634,agentic,nloc,810.0,870.0,60.0,7.407407407407407,1,1,1,True
476642602,13634,agentic,avg_ccn,9.166666666666666,7.1875,-1.979166666666666,-21.590909090909086,1,1,1,True
476642602,13634,agentic,function_count,12.0,16.0,4.0,33.333333333333336,1,1,1,True
476642602,13646,agentic,nloc,328.6,358.0,29.399999999999977,8.947048082775403,5,5,5,True
476642602,13646,agentic,avg_ccn,4.1718414918414926,4.224969696969697,0.053128205128204264,1.2734952953534422,5,5,5,True
476642602,13646,agentic,function_count,11.6,12.8,1.200000000000001,10.344827586206907,5,5,5,True
476642602,13647,agentic,nloc,416.0,560.0,144.0,34.61538461538461,1,1,1,True
476642602,13647,agentic,avg_ccn,4.076923076923077,3.6315789473684212,-0.4453441295546554,-10.923535253227397,1,1,1,True
476642602,13647,agentic,function_count,13.0,19.0,6.0,46.15384615384615,1,1,1,True
476642602,13649,agentic,nloc,2408.5,2515.5,107.0,4.4425991280880215,2,2,2,True
476642602,13649,agentic,avg_ccn,5.1899224806201545,4.442857142857143,-0.7470653377630114,-14.394537501333605,2,2,2,True
476642602,13649,agentic,function_count,56.5,63.0,6.5,11.504424778761061,2,2,2,True
476642602,13662,agentic,nloc,1024.2222222222222,1061.4444444444443,37.22222222222217,3.6341939683228417,9,9,9,True
476642602,13662,agentic,avg_ccn,4.624916347522366,4.629037611198736,0.004121263676370113,0.08911001554823651,9,9,9,True
476642602,13662,agentic,function_count,32.111111111111114,33.77777777777778,1.6666666666666643,5.190311418685114,9,9,9,True
476642602,13668,agentic,nloc,463.0,479.0,16.0,3.4557235421166306,3,3,3,True
476642602,13668,agentic,avg_ccn,2.6458333333333335,2.65625,0.010416666666666519,0.39370078740156916,3,3,3,True
476642602,13668,agentic,function_count,19.333333333333332,20.333333333333332,1.0,5.172413793103448,3,3,3,True
476642602,13674,agentic,nloc,2077.0,2158.0,81.0,3.8998555609051517,1,1,1,True
476642602,13674,agentic,avg_ccn,5.864864864864865,5.641025641025641,-0.2238392238392235,-3.816613494032843,1,1,1,True
476642602,13674,agentic,function_count,37.0,39.0,2.0,5.405405405405405,1,1,1,True
476642602,13714,agentic,nloc,1620.0,1923.0,303.0,18.703703703703702,1,1,1,True
476642602,13714,agentic,avg_ccn,6.333333333333333,4.846153846153846,-1.4871794871794872,-23.48178137651822,1,1,1,True
476642602,13714,agentic,function_count,27.0,39.0,12.0,44.44444444444444,1,1,1,True
476642602,13759,agentic,nloc,1529.25,1492.75,-36.5,-2.3867909105770804,4,4,4,True
476642602,13759,agentic,avg_ccn,3.5949612403100772,3.4586648983200705,-0.13629634199000673,-3.7913160359484355,4,4,4,True
476642602,13759,agentic,function_count,29.0,29.0,0.0,0.0,4,4,4,True
476642602,13774,agentic,nloc,658.0,671.0,13.0,1.9756838905775076,2,2,2,True
476642602,13774,agentic,avg_ccn,1.9808429118773947,1.963020030816641,-0.017822881060753692,-0.8997624674771206,2,2,2,True
476642602,13774,agentic,function_count,56.0,57.0,1.0,1.7857142857142858,2,2,2,True
476642602,13781,agentic,nloc,3197.0,3277.0,80.0,2.5023459493274944,1,1,1,True
476642602,13781,agentic,avg_ccn,4.046511627906977,4.273809523809524,0.2272978959025469,5.617131910235354,1,1,1,True
476642602,13781,agentic,function_count,86.0,84.0,-2.0,-2.3255813953488373,1,1,1,True
476642602,13787,agentic,nloc,1693.0,1696.5,3.5,0.2067336089781453,2,2,2,True
476642602,13787,agentic,avg_ccn,2.6482558139534884,2.6424418604651163,-0.005813953488372103,-0.21953896816685,2,2,2,True
476642602,13787,agentic,function_count,45.0,45.0,0.0,0.0,2,2,2,True
476642602,13788,agentic,nloc,180.15384615384616,205.53846153846155,25.384615384615387,14.090520922288642,13,13,13,True
476642602,13788,agentic,avg_ccn,4.3518315018315015,4.267170329670329,-0.08466117216117208,-1.945414755271241,13,13,13,True
476642602,13788,agentic,function_count,4.846153846153846,7.0,2.153846153846154,44.44444444444446,13,13,13,True
476642602,13806,agentic,nloc,1997.0,2017.5,20.5,1.026539809714572,4,4,4,True
476642602,13806,agentic,avg_ccn,5.013589140744314,5.059132580902244,0.04554344015792999,0.9083999282631414,4,4,4,True
476642602,13806,agentic,function_count,40.75,41.5,0.75,1.8404907975460123,4,4,4,True
476642602,13808,agentic,nloc,333.77777777777777,333.0,-0.7777777777777715,-0.23302263648468519,9,9,9,True
476642602,13808,agentic,avg_ccn,3.4766812865497077,3.4772765246449455,0.0005952380952378711,0.017120870340939166,9,9,9,True
476642602,13808,agentic,function_count,16.0,16.11111111111111,0.11111111111111072,0.694444444444442,9,9,9,True
476642602,13821,agentic,nloc,1587.0,1595.75,8.75,0.5513547574039067,4,4,4,True
476642602,13821,agentic,avg_ccn,4.108612923268096,4.116713435678953,0.008100512410857519,0.19715929833599813,4,4,4,True
476642602,13821,agentic,function_count,35.75,36.0,0.25,0.6993006993006993,4,4,4,True
476642602,13841,agentic,nloc,323.1333333333333,324.4,1.2666666666666515,0.3919950484835934,15,15,15,True
476642602,13841,agentic,avg_ccn,2.5513776634442267,2.5491554412220045,-0.0022222222222221255,-0.08709891342476682,15,15,15,True
476642602,13841,agentic,function_count,16.733333333333334,16.933333333333334,0.1999999999999993,1.1952191235059717,15,15,15,True
476642602,13842,agentic,nloc,424.6666666666667,450.3333333333333,25.66666666666663,6.043956043956035,6,6,6,True
476642602,13842,agentic,avg_ccn,3.3398048846578257,3.0619872916228417,-0.277817593034984,-8.31837794810122,6,6,6,True
476642602,13842,agentic,function_count,25.333333333333332,23.5,-1.8333333333333321,-7.236842105263153,6,6,6,True
476642602,13851,agentic,nloc,1591.5,1591.0,-0.5,-0.031416902293433864,2,2,2,True
476642602,13851,agentic,avg_ccn,2.9293563579277864,2.9293563579277864,0.0,0.0,2,2,2,True
476642602,13851,agentic,function_count,94.5,94.5,0.0,0.0,2,2,2,True
476642602,13854,agentic,nloc,388.0,397.6666666666667,9.666666666666686,2.4914089347079087,3,3,3,True
476642602,13854,agentic,avg_ccn,3.9155844155844157,3.788690476190476,-0.1268939393939399,-3.2407407407407534,3,3,3,True
476642602,13854,agentic,function_count,12.666666666666666,14.333333333333334,1.6666666666666679,13.157894736842117,3,3,3,True
476642602,13858,agentic,nloc,243.33333333333334,257.1666666666667,13.833333333333343,5.68493150684932,6,6,6,True
476642602,13858,agentic,avg_ccn,3.8912037037037037,3.948611111111111,0.05740740740740735,1.4753123140987494,6,6,6,True
476642602,13858,agentic,function_count,6.333333333333333,6.5,0.16666666666666696,2.6315789473684257,6,6,6,True
476642602,13859,agentic,nloc,530.5,561.0,30.5,5.749293119698398,2,2,2,True
476642602,13859,agentic,avg_ccn,3.009453781512605,3.1339285714285716,0.12447478991596661,4.136125654450269,2,2,2,True
476642602,13859,agentic,function_count,37.5,39.5,2.0,5.333333333333333,2,2,2,True
476642602,13873,agentic,nloc,344.75,342.25,-2.5,-0.7251631617113851,4,4,4,True
476642602,13873,agentic,avg_ccn,3.6011904761904763,3.5773809523809526,-0.023809523809523725,-0.6611570247933861,4,4,4,True
476642602,13873,agentic,function_count,13.75,13.75,0.0,0.0,4,4,4,True
476642602,13876,agentic,nloc,700.8333333333334,720.3333333333334,19.5,2.782401902497027,6,6,6,True
476642602,13876,agentic,avg_ccn,2.974688480926621,2.8724850454903645,-0.10220343543625665,-3.435769361786081,6,6,6,True
476642602,13876,agentic,function_count,36.166666666666664,37.166666666666664,1.0,2.7649769585253456,6,6,6,True
476642602,13926,agentic,nloc,707.7058823529412,740.1176470588235,32.41176470588232,4.579835425151686,17,17,17,True
476642602,13926,agentic,avg_ccn,5.410653020854651,3.5205648366215936,-1.8900881842330577,-34.932718415835595,17,17,17,True
476642602,13926,agentic,function_count,35.294117647058826,37.411764705882355,2.117647058823529,5.999999999999998,17,17,17,True
476642602,13932,agentic,nloc,149.66666666666666,152.66666666666666,3.0,2.0044543429844097,6,6,6,True
476642602,13932,agentic,avg_ccn,3.434817813765182,3.524561403508772,0.08974358974358987,2.6127612761276167,6,6,5,True
476642602,13932,agentic,function_count,7.166666666666667,7.5,0.33333333333333304,4.651162790697669,6,6,6,True
476642602,13935,agentic,nloc,296.94871794871796,298.64102564102564,1.6923076923076792,0.5698989724548785,39,39,39,True
476642602,13935,agentic,avg_ccn,4.419176164944731,4.408912511460738,-0.010263653483993274,-0.23225264395228376,39,39,39,True
476642602,13935,agentic,function_count,11.923076923076923,11.974358974358974,0.0512820512820511,0.4301075268817189,39,39,39,True
476642602,13936,agentic,nloc,496.2857142857143,511.07142857142856,14.785714285714278,2.9792746113989623,14,14,14,True
476642602,13936,agentic,avg_ccn,4.064664070449675,3.933406544129123,-0.1312575263205522,-3.229234299454202,14,14,14,True
476642602,13936,agentic,function_count,19.357142857142858,20.214285714285715,0.8571428571428577,4.428044280442807,14,14,14,True
476642602,13951,agentic,nloc,599.5714285714286,618.4285714285714,18.85714285714289,3.1451036454610493,7,7,7,True
476642602,13951,agentic,avg_ccn,4.494902666777667,4.514521869424122,0.01961920264645567,0.43647669595747673,7,7,6,True
476642602,13951,agentic,function_count,34.42857142857143,35.285714285714285,0.8571428571428541,2.4896265560165887,7,7,7,True
476642602,13955,agentic,nloc,1405.5,1462.5,57.0,4.055496264674493,2,2,2,True
476642602,13955,agentic,avg_ccn,8.222972972972972,7.872222222222222,-0.35075075075075013,-4.265498037067463,2,2,2,True
476642602,13955,agentic,function_count,23.5,27.5,4.0,17.02127659574468,2,2,2,True
476642602,13968,agentic,nloc,1412.0,1445.0,33.0,2.3371104815864023,3,3,3,True
476642602,13968,agentic,avg_ccn,5.00624358535751,5.145598129775345,0.13935454441783524,2.7836149408595654,3,3,3,True
476642602,13968,agentic,function_count,44.0,44.0,0.0,0.0,3,3,3,True
476642602,13973,agentic,nloc,861.75,888.5,26.75,3.1041485349579343,4,4,4,True
476642602,13973,agentic,avg_ccn,3.4336314252037106,3.3991308748459774,-0.03450055035773314,-1.0047831606063045,4,4,4,True
476642602,13973,agentic,function_count,44.75,48.0,3.25,7.262569832402234,4,4,4,True
476642602,13975,agentic,nloc,454.6666666666667,473.0,18.333333333333314,4.032258064516125,6,6,6,True
476642602,13975,agentic,avg_ccn,4.321154649444123,4.3560960591133,0.03494140966917669,0.808612801526823,6,6,6,True
476642602,13975,agentic,function_count,27.166666666666668,28.5,1.3333333333333321,4.907975460122694,6,6,6,True
476642602,13990,agentic,nloc,703.8181818181819,704.4545454545455,0.636363636363626,0.09041591320072186,33,33,33,True
476642602,13990,agentic,avg_ccn,4.211857284217103,4.211857284217103,0.0,0.0,33,33,33,True
476642602,13990,agentic,function_count,22.393939393939394,22.393939393939394,0.0,0.0,33,33,33,True
476642602,14013,agentic,nloc,327.0,533.0,206.0,62.99694189602447,1,1,1,True
476642602,14013,agentic,avg_ccn,1.7142857142857142,2.7142857142857144,1.0000000000000002,58.33333333333335,1,1,1,True
476642602,14013,agentic,function_count,7.0,7.0,0.0,0.0,1,1,1,True
476642602,14014,agentic,nloc,2008.75,2012.0,3.25,0.16179215930304916,4,4,4,True
476642602,14014,agentic,avg_ccn,9.780215952629744,9.780215952629744,0.0,0.0,4,4,3,True
476642602,14014,agentic,function_count,35.5,35.75,0.25,0.704225352112676,4,4,4,True
476642602,14019,agentic,nloc,2185.0,2223.0,38.0,1.7391304347826086,1,1,1,True
476642602,14019,agentic,avg_ccn,6.351351351351352,6.2894736842105265,-0.06187766714082521,-0.9742441209406522,1,1,1,True
476642602,14019,agentic,function_count,37.0,38.0,1.0,2.7027027027027026,1,1,1,True
476642602,14020,agentic,nloc,876.6666666666666,895.2222222222222,18.555555555555543,2.1166032953105183,9,9,9,True
476642602,14020,agentic,avg_ccn,2.4157101059962094,2.5654883796276513,0.14977827363144192,6.2001758099892195,9,9,9,True
476642602,14020,agentic,function_count,52.77777777777778,53.888888888888886,1.1111111111111072,2.105263157894729,9,9,9,True
476642602,14041,agentic,nloc,93.11111111111111,92.33333333333333,-0.7777777777777857,-0.8353221957040657,9,9,9,True
476642602,14041,agentic,avg_ccn,1.856292517006803,1.856292517006803,0.0,0.0,9,9,7,True
476642602,14041,agentic,function_count,5.555555555555555,5.555555555555555,0.0,0.0,9,9,9,True
476642602,14042,agentic,nloc,741.0,759.5,18.5,2.496626180836707,2,2,2,True
476642602,14042,agentic,avg_ccn,3.4038461538461537,3.2472527472527473,-0.15659340659340648,-4.600484261501207,2,2,2,True
476642602,14042,agentic,function_count,46.5,46.5,0.0,0.0,2,2,2,True
476642602,14075,agentic,nloc,276.0,326.0,50.0,18.115942028985508,2,2,2,True
476642602,14075,agentic,avg_ccn,9.375,9.2,-0.1750000000000007,-1.8666666666666742,2,2,2,True
476642602,14075,agentic,function_count,4.5,5.0,0.5,11.11111111111111,2,2,2,True
476642602,14097,agentic,nloc,153.5,195.5,42.0,27.36156351791531,2,2,2,True
476642602,14097,agentic,avg_ccn,1.425,1.608695652173913,0.18369565217391304,12.890922959572846,2,2,2,True
476642602,14097,agentic,function_count,11.5,13.0,1.5,13.043478260869565,2,2,2,True
476642602,14101,agentic,nloc,272.0,266.0,-6.0,-2.2058823529411766,1,1,1,True
476642602,14101,agentic,avg_ccn,3.8,3.8,0.0,0.0,1,1,1,True
476642602,14101,agentic,function_count,10.0,10.0,0.0,0.0,1,1,1,True
476642602,14103,human_candidate,nloc,139.0,140.0,1.0,0.7194244604316546,1,1,1,True
476642602,14103,human_candidate,avg_ccn,6.166666666666667,6.166666666666667,0.0,0.0,1,1,1,True
476642602,14103,human_candidate,function_count,6.0,6.0,0.0,0.0,1,1,1,True
476642602,14148,agentic,nloc,485.0,485.5,0.5,0.10309278350515463,2,2,2,True
476642602,14148,agentic,avg_ccn,1.7894736842105263,1.7894736842105263,0.0,0.0,2,2,1,True
476642602,14148,agentic,function_count,38.0,38.0,0.0,0.0,2,2,2,True
476642602,14149,agentic,nloc,221.5,243.5,22.0,9.932279909706546,2,2,2,True
476642602,14149,agentic,avg_ccn,2.2876254180602005,2.159340659340659,-0.12828475871954126,-5.607769423558895,2,2,2,True
476642602,14149,agentic,function_count,18.0,20.0,2.0,11.11111111111111,2,2,2,True
476642602,14164,agentic,nloc,205.5,220.5,15.0,7.299270072992701,2,2,2,True
476642602,14164,agentic,avg_ccn,5.8125,5.88,0.0674999999999999,1.1612903225806432,2,2,2,True
476642602,14164,agentic,function_count,12.5,13.0,0.5,4.0,2,2,2,True
476642602,14172,agentic,nloc,1675.3333333333333,1693.0,17.666666666666742,1.0545165141265465,3,3,3,True
476642602,14172,agentic,avg_ccn,3.7872089596227525,3.6086059534335395,-0.178603006189213,-4.7159533073929945,3,3,3,True
476642602,14172,agentic,function_count,46.333333333333336,47.333333333333336,1.0,2.158273381294964,3,3,3,True
476642602,14186,human_candidate,nloc,258.5,263.5,5.0,1.9342359767891684,4,4,4,True
476642602,14186,human_candidate,avg_ccn,1.891407867494824,1.9654761904761906,0.07406832298136656,3.9160418148979312,4,4,4,True
476642602,14186,human_candidate,function_count,19.0,19.25,0.25,1.3157894736842106,4,4,4,True
476642602,14196,agentic,nloc,1048.0,1048.0,0.0,0.0,1,1,1,True
476642602,14196,agentic,avg_ccn,2.8,2.783333333333333,-0.016666666666666607,-0.5952380952380931,1,1,1,True
476642602,14196,agentic,function_count,60.0,60.0,0.0,0.0,1,1,1,True
476642602,14205,agentic,nloc,326.6,327.3333333333333,0.7333333333332916,0.22453561951417378,15,15,15,True
476642602,14205,agentic,avg_ccn,4.021923857262204,4.164781000119346,0.14285714285714235,3.5519604032083243,15,15,14,True
476642602,14205,agentic,function_count,17.133333333333333,17.133333333333333,0.0,0.0,15,15,15,True
476642602,14209,human_candidate,nloc,465.5,498.5,33.0,7.089151450053706,2,2,2,True
476642602,14209,human_candidate,avg_ccn,4.369047619047619,4.726190476190476,0.35714285714285765,8.17438692098094,2,2,2,True
476642602,14209,human_candidate,function_count,13.5,13.5,0.0,0.0,2,2,2,True
476642602,14227,agentic,nloc,2185.0,2224.0,39.0,1.7848970251716247,1,1,1,True
476642602,14227,agentic,avg_ccn,6.351351351351352,6.473684210526316,0.12233285917496417,1.9260918253079464,1,1,1,True
476642602,14227,agentic,function_count,37.0,38.0,1.0,2.7027027027027026,1,1,1,True
476642602,14229,agentic,nloc,815.0,831.0,16.0,1.9631901840490797,1,1,1,True
476642602,14229,agentic,avg_ccn,9.166666666666666,8.142857142857142,-1.0238095238095237,-11.168831168831169,1,1,1,True
476642602,14229,agentic,function_count,12.0,14.0,2.0,16.666666666666668,1,1,1,True
476642602,14242,agentic,nloc,522.7037037037037,531.6666666666666,8.962962962962933,1.7147310989867441,27,27,27,True
476642602,14242,agentic,avg_ccn,3.665449704228804,3.5121946094308636,-0.1532550947979403,-4.181072096586974,27,27,27,True
476642602,14242,agentic,function_count,22.962962962962962,24.037037037037038,1.0740740740740762,4.677419354838719,27,27,27,True
478037973,3131,human_candidate,nloc,182.3846153846154,204.0,21.615384615384613,11.85153943483762,13,13,13,True
478037973,3131,human_candidate,avg_ccn,3.3132783882783885,4.180250305250305,0.8669719169719166,26.16658835668812,13,13,13,True
478037973,3131,human_candidate,function_count,6.384615384615385,6.384615384615385,0.0,0.0,13,13,13,True
478037973,4467,human_candidate,nloc,574.25,594.5,20.25,3.5263387026556376,4,4,4,True
478037973,4467,human_candidate,avg_ccn,3.459078421578422,3.4555555555555557,-0.0035228660228661113,-0.10184406346181023,4,4,4,True
478037973,4467,human_candidate,function_count,20.5,21.5,1.0,4.878048780487805,4,4,4,True
481206475,1005,human_candidate,nloc,231.0,237.0,6.0,2.5974025974025974,1,1,1,True
481206475,1005,human_candidate,avg_ccn,2.75,2.4444444444444446,-0.30555555555555536,-11.111111111111104,1,1,1,True
481206475,1005,human_candidate,function_count,8.0,9.0,1.0,12.5,1,1,1,True
486815039,5899,agentic,nloc,91.0,97.0,6.0,6.593406593406593,1,1,1,True
486815039,5899,agentic,avg_ccn,6.0,6.0,0.0,0.0,1,1,1,True
486815039,5899,agentic,function_count,1.0,1.0,0.0,0.0,1,1,1,True
486815039,5904,agentic,nloc,98.0,100.0,2.0,2.0408163265306123,1,1,1,True
486815039,5904,agentic,avg_ccn,7.0,7.0,0.0,0.0,1,1,1,True
486815039,5904,agentic,function_count,1.0,1.0,0.0,0.0,1,1,1,True
486815039,5921,agentic,nloc,592.0,606.0,14.0,2.364864864864865,1,1,1,True
486815039,5921,agentic,avg_ccn,2.388888888888889,2.388888888888889,0.0,0.0,1,1,1,True
486815039,5921,agentic,function_count,36.0,36.0,0.0,0.0,1,1,1,True
490854123,1381,human_candidate,nloc,548.625,551.375,2.75,0.5012531328320802,16,16,16,True
490854123,1381,human_candidate,avg_ccn,3.798357277963203,3.8019056913737583,0.003548413410555451,0.09341968516606264,16,16,13,True
490854123,1381,human_candidate,function_count,30.6875,30.6875,0.0,0.0,16,16,16,True
501095512,3595,human_candidate,nloc,212.2,206.8,-5.399999999999977,-2.5447690857681327,10,10,10,True
501095512,3595,human_candidate,avg_ccn,4.1301835559900075,4.13112607557052,0.0009425195805121689,0.0228202831117574,10,10,9,True
501095512,3595,human_candidate,function_count,7.4,7.3,-0.10000000000000053,-1.3513513513513584,10,10,10,True
501095512,4388,human_candidate,nloc,85.0,71.0,-14.0,-16.470588235294116,1,1,1,True
501095512,4388,human_candidate,avg_ccn,2.5,2.6666666666666665,0.16666666666666652,6.66666666666666,1,1,1,True
501095512,4388,human_candidate,function_count,8.0,6.0,-2.0,-25.0,1,1,1,True
501372599,2492,human_candidate,nloc,712.7142857142857,717.5714285714286,4.85714285714289,0.6814992984566092,7,7,7,True
501372599,2492,human_candidate,avg_ccn,2.4205318491032775,2.4388570105318874,0.01832516142860996,0.7570716921324043,7,7,7,True
501372599,2492,human_candidate,function_count,29.142857142857142,30.285714285714285,1.1428571428571423,3.921568627450979,7,7,7,True
509436902,933,human_candidate,nloc,1688.0,1688.0,0.0,0.0,1,1,1,True
509436902,933,human_candidate,avg_ccn,3.5846153846153848,3.5846153846153848,0.0,0.0,1,1,1,True
509436902,933,human_candidate,function_count,65.0,65.0,0.0,0.0,1,1,1,True
510889311,6418,agentic,nloc,315.0,328.0,13.0,4.126984126984127,6,6,6,True
510889311,6418,agentic,avg_ccn,3.793004144977829,3.861757759784076,0.06875361480624687,1.8126427543529284,6,6,6,True
510889311,6418,agentic,function_count,13.333333333333334,14.0,0.6666666666666661,4.999999999999995,6,6,6,True
510889311,6963,human_candidate,nloc,166.0,184.0,18.0,10.843373493975903,1,1,1,True
510889311,6963,human_candidate,avg_ccn,6.25,5.2,-1.0499999999999998,-16.799999999999997,1,1,1,True
510889311,6963,human_candidate,function_count,4.0,5.0,1.0,25.0,1,1,1,True
510889311,7332,agentic,nloc,547.0,592.0,45.0,8.226691042047532,2,2,2,True
510889311,7332,agentic,avg_ccn,5.117216117216117,4.689950980392157,-0.4272651368239595,-8.349562086824692,2,2,2,True
510889311,7332,agentic,function_count,17.0,20.5,3.5,20.58823529411765,2,2,2,True
510889311,7600,human_candidate,nloc,399.3529411764706,438.11764705882354,38.76470588235293,9.706878774488139,17,17,17,True
510889311,7600,human_candidate,avg_ccn,3.295496725496726,3.2751833859091923,-0.020313339587533452,-0.6163968979356715,17,17,15,True
510889311,7600,human_candidate,function_count,14.529411764705882,17.647058823529413,3.1176470588235308,21.45748987854252,17,17,17,True
510889311,8458,agentic,nloc,787.3333333333334,800.6666666666666,13.333333333333258,1.6934801016087964,3,3,3,True
510889311,8458,agentic,avg_ccn,2.446467547977926,2.4307947808953845,-0.015672767082541395,-0.6406284479634883,3,3,3,True
510889311,8458,agentic,function_count,52.333333333333336,53.0,0.6666666666666643,1.2738853503184668,3,3,3,True
511003180,2051,human_candidate,nloc,282.8181818181818,291.72727272727275,8.909090909090935,3.15011250401801,11,11,11,True
511003180,2051,human_candidate,avg_ccn,3.0550925925925925,2.933514492753623,-0.1215780998389695,-3.979522589061587,11,11,9,True
511003180,2051,human_candidate,function_count,9.454545454545455,9.454545454545455,0.0,0.0,11,11,11,True
512270340,911,human_candidate,nloc,413.0,413.0,0.0,0.0,1,1,1,True
512270340,911,human_candidate,avg_ccn,3.1739130434782608,3.1739130434782608,0.0,0.0,1,1,1,True
512270340,911,human_candidate,function_count,23.0,23.0,0.0,0.0,1,1,1,True
512270340,1091,human_candidate,nloc,260.44444444444446,265.3333333333333,4.888888888888857,1.8771331058020355,9,9,9,True
512270340,1091,human_candidate,avg_ccn,2.6635935533633743,2.6596574261888666,-0.003936127174507753,-0.14777506761636078,9,9,9,True
512270340,1091,human_candidate,function_count,15.88888888888889,16.444444444444443,0.5555555555555536,3.496503496503484,9,9,9,True
517126881,534,agentic,nloc,270.0,272.0,2.0,0.7407407407407407,1,1,1,True
517126881,534,agentic,avg_ccn,1.9393939393939394,1.9393939393939394,0.0,0.0,1,1,1,True
517126881,534,agentic,function_count,33.0,33.0,0.0,0.0,1,1,1,True
520315548,134,agentic,nloc,136.5,179.0,42.5,31.135531135531135,6,6,6,True
520315548,134,agentic,avg_ccn,2.6754807692307696,2.7634049773755653,0.08792420814479573,3.2862956503355814,6,6,6,True
520315548,134,agentic,function_count,12.666666666666666,15.666666666666666,3.0,23.68421052631579,6,6,6,True
520315548,138,agentic,nloc,96.66666666666667,109.83333333333333,13.166666666666657,13.620689655172402,6,6,6,True
520315548,138,agentic,avg_ccn,1.32953216374269,1.3767676767676766,0.04723551302498663,3.5527920507027555,6,6,5,True
520315548,138,agentic,function_count,10.666666666666666,11.833333333333334,1.1666666666666679,10.937500000000012,6,6,6,True
523043277,20030,human_candidate,nloc,1383.75,1405.0,21.25,1.5356820234869015,8,8,8,True
523043277,20030,human_candidate,avg_ccn,2.5108430106252717,2.2159281360733,-0.29491487455197163,-11.745651691641582,8,8,8,True
523043277,20030,human_candidate,function_count,43.5,46.25,2.75,6.32183908045977,8,8,8,True
523043277,20128,human_candidate,nloc,4656.0,4646.0,-10.0,-0.21477663230240548,5,5,5,True
523043277,20128,human_candidate,avg_ccn,3.1037336561743345,3.1141573205445408,0.010423664370206254,0.3358427469918432,5,5,5,True
523043277,20128,human_candidate,function_count,168.0,167.6,-0.4000000000000057,-0.23809523809524147,5,5,5,True
523043277,22195,human_candidate,nloc,3834.1428571428573,3840.1428571428573,6.0,0.15648869182905473,7,7,7,True
523043277,22195,human_candidate,avg_ccn,3.383049857452403,3.372317279677465,-0.010732577774938079,-0.31724562826928654,7,7,7,True
523043277,22195,human_candidate,function_count,158.71428571428572,159.42857142857142,0.714285714285694,0.4500450045004372,7,7,7,True
523043277,22337,human_candidate,nloc,1139.0,1139.0,0.0,0.0,1,1,1,True
523043277,22337,human_candidate,avg_ccn,5.351351351351352,5.351351351351352,0.0,0.0,1,1,1,True
523043277,22337,human_candidate,function_count,37.0,37.0,0.0,0.0,1,1,1,True
523043277,24057,human_candidate,nloc,4267.4,4283.4,16.0,0.3749355579509772,5,5,5,True
523043277,24057,human_candidate,avg_ccn,3.9039826685660017,3.884395773979107,-0.019586894586894665,-0.501715715712674,5,5,5,True
523043277,24057,human_candidate,function_count,139.8,140.4,0.5999999999999943,0.4291845493562191,5,5,5,True
523043277,24311,human_candidate,nloc,1366.6666666666667,1369.6666666666667,3.0,0.21951219512195122,3,3,3,True
523043277,24311,human_candidate,avg_ccn,2.0144060448408276,1.95810202243511,-0.056304022405717635,-2.795068181507895,3,3,3,True
523043277,24311,human_candidate,function_count,78.0,78.66666666666667,0.6666666666666714,0.8547008547008608,3,3,3,True
523043277,24622,agentic,nloc,2849.0,2853.0,4.0,0.1404001404001404,1,1,1,True
523043277,24622,agentic,avg_ccn,1.8253968253968254,1.8253968253968254,0.0,0.0,1,1,1,True
523043277,24622,agentic,function_count,126.0,126.0,0.0,0.0,1,1,1,True
523043277,24623,agentic,nloc,2849.0,2854.0,5.0,0.1755001755001755,1,1,1,True
523043277,24623,agentic,avg_ccn,1.8253968253968254,1.8253968253968254,0.0,0.0,1,1,1,True
523043277,24623,agentic,function_count,126.0,126.0,0.0,0.0,1,1,1,True
523043277,24624,agentic,nloc,1028.5,1044.0,15.5,1.5070491006319884,2,2,2,True
523043277,24624,agentic,avg_ccn,2.833333333333333,3.0063291139240507,0.17299578059071763,6.105733432613564,2,2,2,True
523043277,24624,agentic,function_count,40.5,41.5,1.0,2.4691358024691357,2,2,2,True
523043277,24625,agentic,nloc,1270.75,1279.0,8.25,0.6492228998622861,4,4,4,True
523043277,24625,agentic,avg_ccn,2.2151211361737677,2.174994229568739,-0.04012690660502871,-1.8114994232026915,4,4,4,True
523043277,24625,agentic,function_count,56.5,57.25,0.75,1.3274336283185841,4,4,4,True
523043277,24626,agentic,nloc,998.0,1022.0,24.0,2.404809619238477,1,1,1,True
523043277,24626,agentic,avg_ccn,2.3333333333333335,2.5098039215686274,0.17647058823529393,7.5630252100840245,1,1,1,True
523043277,24626,agentic,function_count,51.0,51.0,0.0,0.0,1,1,1,True
523043277,24842,human_candidate,nloc,949.25,953.0,3.75,0.39504872267579666,4,4,4,True
523043277,24842,human_candidate,avg_ccn,4.216778448468589,4.2039525898078525,-0.0128258586607366,-0.3041624979229008,4,4,4,True
523043277,24842,human_candidate,function_count,42.75,43.25,0.5,1.1695906432748537,4,4,4,True
523043277,25227,human_candidate,nloc,325.0,328.0,3.0,0.9230769230769231,1,1,1,True
523043277,25227,human_candidate,avg_ccn,2.1052631578947367,2.0,-0.10526315789473673,-4.999999999999995,1,1,1,True
523043277,25227,human_candidate,function_count,19.0,20.0,1.0,5.2631578947368425,1,1,1,True
523043277,25244,human_candidate,nloc,325.0,339.0,14.0,4.3076923076923075,1,1,1,True
523043277,25244,human_candidate,avg_ccn,2.1052631578947367,2.1052631578947367,0.0,0.0,1,1,1,True
523043277,25244,human_candidate,function_count,19.0,19.0,0.0,0.0,1,1,1,True
523043277,25266,human_candidate,nloc,325.0,336.0,11.0,3.3846153846153846,1,1,1,True
523043277,25266,human_candidate,avg_ccn,2.1052631578947367,2.05,-0.0552631578947369,-2.625000000000003,1,1,1,True
523043277,25266,human_candidate,function_count,19.0,20.0,1.0,5.2631578947368425,1,1,1,True
523043277,25293,human_candidate,nloc,107.0,112.5,5.5,5.140186915887851,2,2,2,True
523043277,25293,human_candidate,avg_ccn,1.2913533834586466,1.2913533834586466,0.0,0.0,2,2,2,True
523043277,25293,human_candidate,function_count,16.5,16.5,0.0,0.0,2,2,2,True
523043277,25351,human_candidate,nloc,2142.0,2152.0,10.0,0.4668534080298786,1,1,1,True
523043277,25351,human_candidate,avg_ccn,3.119047619047619,3.0941176470588236,-0.02492997198879543,-0.7992815446789374,1,1,1,True
523043277,25351,human_candidate,function_count,84.0,85.0,1.0,1.1904761904761905,1,1,1,True
525592995,8197,human_candidate,nloc,61.0,66.33333333333333,5.333333333333329,8.743169398907096,3,3,3,True
525592995,8197,human_candidate,avg_ccn,1.7407407407407405,1.587962962962963,-0.15277777777777746,-8.776595744680835,3,3,3,True
525592995,8197,human_candidate,function_count,5.333333333333333,7.0,1.666666666666667,31.250000000000004,3,3,3,True
526156868,966,human_candidate,nloc,197.0,225.0,28.0,14.213197969543147,1,1,1,True
526156868,966,human_candidate,avg_ccn,2.1739130434782608,2.6363636363636362,0.4624505928853755,21.272727272727273,1,1,1,True
526156868,966,human_candidate,function_count,23.0,22.0,-1.0,-4.3478260869565215,1,1,1,True
528799794,6580,human_candidate,nloc,431.0,457.0,26.0,6.0324825986078885,1,1,1,True
528799794,6580,human_candidate,avg_ccn,2.4285714285714284,2.4285714285714284,0.0,0.0,1,1,1,True
528799794,6580,human_candidate,function_count,14.0,14.0,0.0,0.0,1,1,1,True
533537084,812,human_candidate,nloc,374.0,409.0,35.0,9.358288770053475,1,1,1,True
533537084,812,human_candidate,avg_ccn,2.0,2.227272727272727,0.22727272727272707,11.363636363636353,1,1,1,True
533537084,812,human_candidate,function_count,47.0,44.0,-3.0,-6.382978723404255,1,1,1,True
537085161,4452,human_candidate,nloc,316.0,316.0,0.0,0.0,1,1,1,True
537085161,4452,human_candidate,avg_ccn,1.896551724137931,1.896551724137931,0.0,0.0,1,1,1,True
537085161,4452,human_candidate,function_count,29.0,29.0,0.0,0.0,1,1,1,True
537085161,4472,human_candidate,nloc,768.0,811.0,43.0,5.598958333333333,1,1,1,True
537085161,4472,human_candidate,avg_ccn,2.1333333333333333,1.9454545454545455,-0.18787878787878776,-8.806818181818176,1,1,1,True
537085161,4472,human_candidate,function_count,45.0,55.0,10.0,22.22222222222222,1,1,1,True
537233603,16242,human_candidate,nloc,2590.0,2612.0,22.0,0.8494208494208494,1,1,1,True
537233603,16242,human_candidate,avg_ccn,3.7472527472527473,3.7717391304347827,0.024486383182035443,0.653448935356371,1,1,1,True
537233603,16242,human_candidate,function_count,91.0,92.0,1.0,1.098901098901099,1,1,1,True
537233603,16836,human_candidate,nloc,1058.1666666666667,1076.3333333333333,18.166666666666515,1.7168057961883616,6,6,6,True
537233603,16836,human_candidate,avg_ccn,5.310937279095174,4.622371031746032,-0.6885662473491418,-12.965060801216111,6,6,6,True
537233603,16836,human_candidate,function_count,39.5,41.166666666666664,1.6666666666666643,4.219409282700416,6,6,6,True
537233603,16894,human_candidate,nloc,257.0,607.0,350.0,136.18677042801556,1,1,1,True
537233603,16894,human_candidate,avg_ccn,1.4705882352941178,2.7,1.2294117647058824,83.60000000000001,1,1,1,True
537233603,16894,human_candidate,function_count,17.0,30.0,13.0,76.47058823529412,1,1,1,True
537233603,17388,human_candidate,nloc,653.0,658.0,5.0,0.7656967840735069,1,1,1,True
537233603,17388,human_candidate,avg_ccn,2.5217391304347827,2.5217391304347827,0.0,0.0,1,1,1,True
537233603,17388,human_candidate,function_count,46.0,46.0,0.0,0.0,1,1,1,True
537233603,17651,human_candidate,nloc,944.0,946.0,2.0,0.211864406779661,1,1,1,True
537233603,17651,human_candidate,avg_ccn,1.876543209876543,1.8888888888888888,0.012345679012345734,0.6578947368421082,1,1,1,True
537233603,17651,human_candidate,function_count,81.0,81.0,0.0,0.0,1,1,1,True
537233603,18072,agentic,nloc,193.0,194.0,1.0,0.5181347150259067,1,1,1,True
537233603,18072,agentic,avg_ccn,1.631578947368421,1.631578947368421,0.0,0.0,1,1,1,True
537233603,18072,agentic,function_count,19.0,19.0,0.0,0.0,1,1,1,True
537233603,19427,human_candidate,nloc,1118.5,1117.5,-1.0,-0.08940545373267769,2,2,2,True
537233603,19427,human_candidate,avg_ccn,2.5890522875816995,2.5890522875816995,0.0,0.0,2,2,2,True
537233603,19427,human_candidate,function_count,43.5,43.5,0.0,0.0,2,2,2,True
537233603,20488,human_candidate,nloc,220.0,208.0,-12.0,-5.454545454545454,1,1,1,True
537233603,20488,human_candidate,avg_ccn,7.4,7.4,0.0,0.0,1,1,1,True
537233603,20488,human_candidate,function_count,5.0,5.0,0.0,0.0,1,1,1,True
537233603,20659,human_candidate,nloc,622.625,619.375,-3.25,-0.5219835374422807,8,8,8,True
537233603,20659,human_candidate,avg_ccn,2.5724788283365543,2.5736538902504185,0.0011750619138641838,0.0456781957122662,8,8,7,True
537233603,20659,human_candidate,function_count,27.375,27.375,0.0,0.0,8,8,8,True
537233603,20720,human_candidate,nloc,1163.0,1164.0,1.0,0.08598452278589853,1,1,1,True
537233603,20720,human_candidate,avg_ccn,1.6756756756756757,1.6756756756756757,0.0,0.0,1,1,1,True
537233603,20720,human_candidate,function_count,74.0,74.0,0.0,0.0,1,1,1,True
537233603,20732,human_candidate,nloc,182.0,183.0,1.0,0.5494505494505495,1,1,1,True
537233603,20732,human_candidate,avg_ccn,3.0,3.0,0.0,0.0,1,1,1,True
537233603,20732,human_candidate,function_count,8.0,8.0,0.0,0.0,1,1,1,True
537233603,20863,human_candidate,nloc,2656.0,2659.0,3.0,0.11295180722891567,1,1,1,True
537233603,20863,human_candidate,avg_ccn,3.5686274509803924,3.5686274509803924,0.0,0.0,1,1,1,True
537233603,20863,human_candidate,function_count,102.0,102.0,0.0,0.0,1,1,1,True
537233603,20873,human_candidate,nloc,1421.0,1431.0,10.0,0.7037297677691766,1,1,1,True
537233603,20873,human_candidate,avg_ccn,4.068181818181818,4.181818181818182,0.11363636363636331,2.793296089385467,1,1,1,True
537233603,20873,human_candidate,function_count,44.0,44.0,0.0,0.0,1,1,1,True
537233603,20954,human_candidate,nloc,159.0,155.0,-4.0,-2.5157232704402515,1,1,1,True
537233603,20954,human_candidate,avg_ccn,2.625,2.5,-0.125,-4.761904761904762,1,1,1,True
537233603,20954,human_candidate,function_count,8.0,8.0,0.0,0.0,1,1,1,True
537233603,21010,human_candidate,nloc,247.0,250.0,3.0,1.214574898785425,1,1,1,True
537233603,21010,human_candidate,avg_ccn,22.0,22.5,0.5,2.272727272727273,1,1,1,True
537233603,21010,human_candidate,function_count,2.0,2.0,0.0,0.0,1,1,1,True
537233603,21105,human_candidate,nloc,202.6,247.2,44.599999999999994,22.01382033563672,5,5,5,True
537233603,21105,human_candidate,avg_ccn,1.898481116584565,1.9564935064935065,0.05801238990894153,3.055726464812454,5,5,4,True
537233603,21105,human_candidate,function_count,18.0,21.0,3.0,16.666666666666668,5,5,5,True
537233603,21168,human_candidate,nloc,1440.0,1442.25,2.25,0.15625,4,4,4,True
537233603,21168,human_candidate,avg_ccn,3.2138163668275554,3.4638163668275554,0.25,7.77891364859722,4,4,4,True
537233603,21168,human_candidate,function_count,64.25,64.25,0.0,0.0,4,4,4,True
537233603,21408,human_candidate,nloc,2052.0,2052.0,0.0,0.0,1,1,1,True
537233603,21408,human_candidate,avg_ccn,2.5833333333333335,2.5833333333333335,0.0,0.0,1,1,1,True
537233603,21408,human_candidate,function_count,132.0,132.0,0.0,0.0,1,1,1,True
537233603,21645,human_candidate,nloc,821.0,828.0,7.0,0.8526187576126675,1,1,1,True
537233603,21645,human_candidate,avg_ccn,1.901639344262295,1.9180327868852458,0.016393442622950838,0.8620689655172424,1,1,1,True
537233603,21645,human_candidate,function_count,61.0,61.0,0.0,0.0,1,1,1,True
537233603,21684,human_candidate,nloc,1492.0,1494.0,2.0,0.13404825737265416,1,1,1,True
537233603,21684,human_candidate,avg_ccn,3.450980392156863,3.450980392156863,0.0,0.0,1,1,1,True
537233603,21684,human_candidate,function_count,51.0,51.0,0.0,0.0,1,1,1,True
537233603,21687,human_candidate,nloc,865.0,896.25,31.25,3.61271676300578,4,4,4,True
537233603,21687,human_candidate,avg_ccn,3.2913524384112622,3.33974358974359,0.04839115133232763,1.4702512793095495,4,4,3,True
537233603,21687,human_candidate,function_count,27.25,27.5,0.25,0.9174311926605505,4,4,4,True
537233603,21780,human_candidate,nloc,1494.0,1502.0,8.0,0.535475234270415,1,1,1,True
537233603,21780,human_candidate,avg_ccn,3.450980392156863,3.4901960784313726,0.039215686274509665,1.1363636363636322,1,1,1,True
537233603,21780,human_candidate,function_count,51.0,51.0,0.0,0.0,1,1,1,True
537233603,21835,human_candidate,nloc,734.0,735.0,1.0,0.1362397820163488,1,1,1,True
537233603,21835,human_candidate,avg_ccn,6.2,6.2,0.0,0.0,1,1,1,True
537233603,21835,human_candidate,function_count,20.0,20.0,0.0,0.0,1,1,1,True
537233603,21920,human_candidate,nloc,1079.0,1079.0,0.0,0.0,1,1,1,True
537233603,21920,human_candidate,avg_ccn,3.8518518518518516,3.8518518518518516,0.0,0.0,1,1,1,True
537233603,21920,human_candidate,function_count,27.0,27.0,0.0,0.0,1,1,1,True
537233603,21982,human_candidate,nloc,463.53846153846155,467.61538461538464,4.076923076923094,0.8795220710255597,13,13,13,True
537233603,21982,human_candidate,avg_ccn,3.0761285669161187,3.088096331952905,0.011967765036786204,0.3890528232629799,13,13,13,True
537233603,21982,human_candidate,function_count,22.153846153846153,22.307692307692307,0.1538461538461533,0.694444444444442,13,13,13,True
537233603,22121,human_candidate,nloc,750.5,752.0,1.5,0.19986675549633579,10,10,10,True
537233603,22121,human_candidate,avg_ccn,2.7519828412801326,2.784214942041229,0.032232100761096394,1.1712318942404114,10,10,10,True
537233603,22121,human_candidate,function_count,47.6,47.9,0.29999999999999716,0.6302521008403301,10,10,10,True
537233603,22127,human_candidate,nloc,610.5,622.0,11.5,1.8837018837018837,4,4,4,True
537233603,22127,human_candidate,avg_ccn,2.0092985087604887,2.0141806722689077,0.0048821635084190795,0.24297850653514025,4,4,4,True
537233603,22127,human_candidate,function_count,39.0,40.0,1.0,2.5641025641025643,4,4,4,True
537233603,22147,human_candidate,nloc,1639.0,1645.0,6.0,0.36607687614399026,1,1,1,True
537233603,22147,human_candidate,avg_ccn,2.703125,2.734375,0.03125,1.1560693641618498,1,1,1,True
537233603,22147,human_candidate,function_count,64.0,64.0,0.0,0.0,1,1,1,True
537233603,22188,human_candidate,nloc,2218.0,2219.0,1.0,0.04508566275924256,1,1,1,True
537233603,22188,human_candidate,avg_ccn,3.7252747252747254,3.7252747252747254,0.0,0.0,1,1,1,True
537233603,22188,human_candidate,function_count,91.0,91.0,0.0,0.0,1,1,1,True
537233603,22206,human_candidate,nloc,532.0,532.0,0.0,0.0,4,4,4,True
537233603,22206,human_candidate,avg_ccn,4.959147869674186,4.959147869674186,0.0,0.0,4,4,4,True
537233603,22206,human_candidate,function_count,18.5,18.5,0.0,0.0,4,4,4,True
537233603,22348,agentic,nloc,1106.0,1117.6666666666667,11.666666666666742,1.0548523206751124,9,9,9,True
537233603,22348,agentic,avg_ccn,2.666977181590233,2.6881531194328376,0.021175937842604853,0.7940052126722105,9,9,9,True
537233603,22348,agentic,function_count,46.111111111111114,46.55555555555556,0.44444444444444287,0.9638554216867435,9,9,9,True
537233603,22350,agentic,nloc,1106.0,1125.2222222222222,19.22222222222217,1.737994775969455,9,9,9,True
537233603,22350,agentic,avg_ccn,2.666977181590233,2.674264230543949,0.007287048953716013,0.2732325197237338,9,9,9,True
537233603,22350,agentic,function_count,46.111111111111114,47.0,0.8888888888888857,1.927710843373487,9,9,9,True
537233603,22351,agentic,nloc,1131.375,1141.25,9.875,0.8728317313004088,8,8,8,True
537233603,22351,agentic,avg_ccn,2.9373667038063864,2.7647238905385736,-0.17264281326781283,-5.877468858215546,8,8,8,True
537233603,22351,agentic,function_count,47.125,48.25,1.125,2.387267904509284,8,8,8,True
537233603,22353,agentic,nloc,1273.142857142857,1277.142857142857,4.0,0.3141831238779174,7,7,7,True
537233603,22353,agentic,avg_ccn,2.8569905186358704,2.8569905186358704,0.0,0.0,7,7,7,True
537233603,22353,agentic,function_count,53.0,53.0,0.0,0.0,7,7,7,True
537233603,22354,agentic,nloc,1464.5,1466.3333333333333,1.8333333333332575,0.1251849322863269,6,6,6,True
537233603,22354,agentic,avg_ccn,2.9846707565903334,2.9846707565903334,0.0,0.0,6,6,6,True
537233603,22354,agentic,function_count,60.0,60.0,0.0,0.0,6,6,6,True
537233603,22398,agentic,nloc,537.0,541.0,4.0,0.74487895716946,1,1,1,True
537233603,22398,agentic,avg_ccn,5.5,5.583333333333333,0.08333333333333304,1.5151515151515098,1,1,1,True
537233603,22398,agentic,function_count,12.0,12.0,0.0,0.0,1,1,1,True
537233603,22399,agentic,nloc,972.0,1023.0,51.0,5.246913580246914,1,1,1,True
537233603,22399,agentic,avg_ccn,3.0833333333333335,3.026315789473684,-0.05701754385964941,-1.8492176386913322,1,1,1,True
537233603,22399,agentic,function_count,36.0,38.0,2.0,5.555555555555555,1,1,1,True
537233603,22400,agentic,nloc,786.0,835.5,49.5,6.297709923664122,2,2,2,True
537233603,22400,agentic,avg_ccn,3.9305555555555554,4.1097222222222225,0.17916666666666714,4.558303886925807,2,2,2,True
537233603,22400,agentic,function_count,27.0,29.0,2.0,7.407407407407407,2,2,2,True
537233603,22401,human_candidate,nloc,786.0,835.5,49.5,6.297709923664122,2,2,2,True
537233603,22401,human_candidate,avg_ccn,3.9305555555555554,4.1097222222222225,0.17916666666666714,4.558303886925807,2,2,2,True
537233603,22401,human_candidate,function_count,27.0,29.0,2.0,7.407407407407407,2,2,2,True
537233603,22407,agentic,nloc,748.0,748.5,0.5,0.06684491978609626,2,2,2,True
537233603,22407,agentic,avg_ccn,3.9662162162162162,4.007882882882883,0.04166666666666652,1.0505394662123757,2,2,2,True
537233603,22407,agentic,function_count,24.5,24.5,0.0,0.0,2,2,2,True
537233603,22409,agentic,nloc,471.9166666666667,454.44444444444446,-17.47222222222223,-3.7023956677850385,144,144,144,True
537233603,22409,agentic,avg_ccn,4.0992463732328845,4.125390736749148,0.026144363516263702,0.6377846349265625,144,144,137,True
537233603,22409,agentic,function_count,24.194444444444443,23.618055555555557,-0.5763888888888857,-2.3823191733639364,144,144,144,True
537233603,22411,agentic,nloc,643.0,684.0,41.0,6.376360808709176,1,1,1,True
537233603,22411,agentic,avg_ccn,3.9565217391304346,4.260869565217392,0.304347826086957,7.692307692307704,1,1,1,True
537233603,22411,agentic,function_count,23.0,23.0,0.0,0.0,1,1,1,True
537233603,22448,human_candidate,nloc,435.3333333333333,431.3333333333333,-4.0,-0.9188361408882083,3,3,3,True
537233603,22448,human_candidate,avg_ccn,2.805555555555556,2.7777777777777772,-0.027777777777778567,-0.9900990099010182,3,3,3,True
537233603,22448,human_candidate,function_count,17.666666666666668,17.666666666666668,0.0,0.0,3,3,3,True
537233603,22486,agentic,nloc,208.0,282.0,74.0,35.57692307692308,1,1,1,True
537233603,22486,agentic,avg_ccn,1.7222222222222223,1.9545454545454546,0.23232323232323226,13.489736070381227,1,1,1,True
537233603,22486,agentic,function_count,18.0,22.0,4.0,22.22222222222222,1,1,1,True
537233603,22487,agentic,nloc,568.75,595.5,26.75,4.7032967032967035,4,4,4,True
537233603,22487,agentic,avg_ccn,3.2270698051948052,3.120655080213904,-0.1064147249809011,-3.2975650173293127,4,4,4,True
537233603,22487,agentic,function_count,21.0,22.25,1.25,5.9523809523809526,4,4,4,True
537233603,22510,human_candidate,nloc,3172.5,3162.5,-10.0,-0.31520882584712373,2,2,2,True
537233603,22510,human_candidate,avg_ccn,2.1420731707317073,2.1371951219512195,-0.004878048780487809,-0.227725590663251,2,2,2,True
537233603,22510,human_candidate,function_count,108.5,108.5,0.0,0.0,2,2,2,True
537233603,22527,human_candidate,nloc,507.8,499.2,-8.600000000000023,-1.693580149665227,5,5,5,True
537233603,22527,human_candidate,avg_ccn,2.394739986854946,2.3532926519196544,-0.041447334935291735,-1.7307655596349416,5,5,5,True
537233603,22527,human_candidate,function_count,31.2,30.4,-0.8000000000000007,-2.5641025641025665,5,5,5,True
537233603,22547,human_candidate,nloc,2107.0,2150.0,43.0,2.0408163265306123,1,1,1,True
537233603,22547,human_candidate,avg_ccn,2.50381679389313,2.518796992481203,0.01498019858807309,0.5982945167797484,1,1,1,True
537233603,22547,human_candidate,function_count,131.0,133.0,2.0,1.5267175572519085,1,1,1,True
537233603,22567,human_candidate,nloc,6180.0,6220.0,40.0,0.6472491909385113,1,1,1,True
537233603,22567,human_candidate,avg_ccn,3.0344827586206895,3.0341463414634147,-0.00033641715727483756,-0.011086474501102603,1,1,1,True
537233603,22567,human_candidate,function_count,203.0,205.0,2.0,0.9852216748768473,1,1,1,True
537233603,22647,human_candidate,nloc,962.6666666666666,969.6666666666666,7.0,0.7271468144044322,3,3,3,True
537233603,22647,human_candidate,avg_ccn,3.943828529194383,3.994949494949495,0.051120965755111936,1.2962268865567175,3,3,3,True
537233603,22647,human_candidate,function_count,32.0,32.333333333333336,0.3333333333333357,1.041666666666674,3,3,3,True
537233603,22711,human_candidate,nloc,1038.0,1051.0,13.0,1.252408477842004,1,1,1,True
537233603,22711,human_candidate,avg_ccn,2.1904761904761907,2.238095238095238,0.04761904761904745,2.1739130434782528,1,1,1,True
537233603,22711,human_candidate,function_count,42.0,42.0,0.0,0.0,1,1,1,True
537233603,22724,human_candidate,nloc,343.0,362.0,19.0,5.539358600583091,2,2,2,True
537233603,22724,human_candidate,avg_ccn,3.611111111111111,3.659090909090909,0.04797979797979801,1.3286713286713294,2,2,2,True
537233603,22724,human_candidate,function_count,15.5,16.5,1.0,6.451612903225806,2,2,2,True
537233603,22747,human_candidate,nloc,812.0,812.0,0.0,0.0,4,4,4,True
537233603,22747,human_candidate,avg_ccn,3.7339474251238958,3.7796056884292177,0.04565826330532197,1.2227880606488986,4,4,4,True
537233603,22747,human_candidate,function_count,44.0,44.0,0.0,0.0,4,4,4,True
537233603,22786,human_candidate,nloc,2093.0,2098.0,5.0,0.23889154323936931,1,1,1,True
537233603,22786,human_candidate,avg_ccn,4.905882352941177,4.929411764705883,0.0235294117647058,0.4796163069544347,1,1,1,True
537233603,22786,human_candidate,function_count,85.0,85.0,0.0,0.0,1,1,1,True
537233603,22812,human_candidate,nloc,261.0,266.0,5.0,1.9157088122605364,1,1,1,True
537233603,22812,human_candidate,avg_ccn,6.0,6.125,0.125,2.0833333333333335,1,1,1,True
537233603,22812,human_candidate,function_count,8.0,8.0,0.0,0.0,1,1,1,True
537233603,22917,human_candidate,nloc,674.0,674.0,0.0,0.0,1,1,1,True
537233603,22917,human_candidate,avg_ccn,4.0,4.0,0.0,0.0,1,1,1,True
537233603,22917,human_candidate,function_count,24.0,24.0,0.0,0.0,1,1,1,True
537233603,23181,human_candidate,nloc,1099.3333333333333,1112.3333333333333,13.0,1.1825348696179503,3,3,3,True
537233603,23181,human_candidate,avg_ccn,2.7709184335083967,2.7948790627362055,0.023960629227808727,0.8647179555361718,3,3,3,True
537233603,23181,human_candidate,function_count,58.0,58.666666666666664,0.6666666666666643,1.1494252873563178,3,3,3,True
537233603,23199,agentic,nloc,312.0,339.0,27.0,8.653846153846153,3,3,3,True
537233603,23199,agentic,avg_ccn,6.380952380952381,6.565217391304348,0.1842650103519663,2.8877352368591733,3,3,2,True
537233603,23199,agentic,function_count,8.0,8.666666666666666,0.6666666666666661,8.333333333333325,3,3,3,True
537233603,23283,human_candidate,nloc,4211.0,4320.0,109.0,2.5884587983851817,1,1,1,True
537233603,23283,human_candidate,avg_ccn,4.926136363636363,4.917127071823204,-0.009009291813159237,-0.1828875846731287,1,1,1,True
537233603,23283,human_candidate,function_count,176.0,181.0,5.0,2.840909090909091,1,1,1,True
537233603,23287,human_candidate,nloc,578.0,585.6666666666666,7.666666666666629,1.3264129181084132,3,3,3,True
537233603,23287,human_candidate,avg_ccn,4.695195195195196,4.688034188034188,-0.00716100716100776,-0.1525177732405234,3,3,3,True
537233603,23287,human_candidate,function_count,20.666666666666668,21.333333333333332,0.6666666666666643,3.2258064516128915,3,3,3,True
537233603,23295,agentic,nloc,1305.0,1333.6666666666667,28.666666666666742,2.196679438058754,3,3,3,True
537233603,23295,agentic,avg_ccn,6.392342225675559,6.23368700265252,-0.15865522302303958,-2.4819575895949857,3,3,3,True
537233603,23295,agentic,function_count,56.0,56.666666666666664,0.6666666666666643,1.1904761904761862,3,3,3,True
537233603,23300,human_candidate,nloc,2593.6666666666665,2596.6666666666665,3.0,0.11566636679090092,3,3,3,True
537233603,23300,human_candidate,avg_ccn,4.518113830613831,4.511906740800183,-0.006207089813647926,-0.1373823247123597,3,3,3,True
537233603,23300,human_candidate,function_count,122.0,122.33333333333333,0.3333333333333286,0.27322404371584313,3,3,3,True
537233603,23334,human_candidate,nloc,299.0,303.0,4.0,1.3377926421404682,1,1,1,True
537233603,23334,human_candidate,avg_ccn,4.818181818181818,4.909090909090909,0.09090909090909083,1.886792452830187,1,1,1,True
537233603,23334,human_candidate,function_count,11.0,11.0,0.0,0.0,1,1,1,True
537233603,23386,agentic,nloc,2140.5,2140.5,0.0,0.0,2,2,2,True
537233603,23386,agentic,avg_ccn,7.954802259887005,7.954802259887005,0.0,0.0,2,2,2,True
537233603,23386,agentic,function_count,89.0,89.0,0.0,0.0,2,2,2,True
537233603,23423,human_candidate,nloc,682.6666666666666,739.6666666666666,57.0,8.349609375,3,3,3,True
537233603,23423,human_candidate,avg_ccn,2.9086446886446886,3.381884781884782,0.47324009324009353,16.270123851414947,3,3,3,True
537233603,23423,human_candidate,function_count,32.666666666666664,34.333333333333336,1.6666666666666714,5.102040816326546,3,3,3,True
537233603,23492,human_candidate,nloc,1415.3333333333333,1433.7777777777778,18.44444444444457,1.303187313550017,9,9,9,True
537233603,23492,human_candidate,avg_ccn,2.585568560308541,2.605787406204831,0.02021884589628975,0.7819883876479761,9,9,9,True
537233603,23492,human_candidate,function_count,73.44444444444444,74.44444444444444,1.0,1.361573373676248,9,9,9,True
537233603,23498,human_candidate,nloc,1579.0,1590.0,11.0,0.6966434452184928,1,1,1,True
537233603,23498,human_candidate,avg_ccn,4.127659574468085,4.170212765957447,0.042553191489361986,1.0309278350515532,1,1,1,True
537233603,23498,human_candidate,function_count,47.0,47.0,0.0,0.0,1,1,1,True
537233603,23507,human_candidate,nloc,399.0,414.5,15.5,3.8847117794486214,2,2,2,True
537233603,23507,human_candidate,avg_ccn,1.46875,1.5051457975986278,0.036395797598627766,2.478011751395933,2,2,2,True
537233603,23507,human_candidate,function_count,42.0,43.0,1.0,2.380952380952381,2,2,2,True
537233603,23543,human_candidate,nloc,2453.0,2454.0,1.0,0.040766408479412965,1,1,1,True
537233603,23543,human_candidate,avg_ccn,4.2894736842105265,4.2894736842105265,0.0,0.0,1,1,1,True
537233603,23543,human_candidate,function_count,76.0,76.0,0.0,0.0,1,1,1,True
537233603,23617,human_candidate,nloc,283.0,283.0,0.0,0.0,1,1,1,True
537233603,23617,human_candidate,avg_ccn,23.5,23.5,0.0,0.0,1,1,1,True
537233603,23617,human_candidate,function_count,2.0,2.0,0.0,0.0,1,1,1,True
537233603,23620,human_candidate,nloc,755.0,789.5,34.5,4.569536423841059,2,2,2,True
537233603,23620,human_candidate,avg_ccn,2.096495119787045,2.1641910879164996,0.06769596812945444,3.2290067117509325,2,2,2,True
537233603,23620,human_candidate,function_count,47.5,50.0,2.5,5.2631578947368425,2,2,2,True
537233603,23647,human_candidate,nloc,1588.0,1572.0,-16.0,-1.0075566750629723,1,1,1,True
537233603,23647,human_candidate,avg_ccn,4.104166666666667,4.0625,-0.04166666666666696,-1.0152284263959461,1,1,1,True
537233603,23647,human_candidate,function_count,48.0,48.0,0.0,0.0,1,1,1,True
537233603,23651,human_candidate,nloc,299.5,348.0,48.5,16.19365609348915,6,6,6,True
537233603,23651,human_candidate,avg_ccn,5.8812738367658275,5.689022988505747,-0.19225084826008043,-3.26886408618241,6,6,5,True
537233603,23651,human_candidate,function_count,9.166666666666666,10.333333333333334,1.1666666666666679,12.72727272727274,6,6,6,True
537233603,23653,human_candidate,nloc,695.0,751.0,56.0,8.057553956834532,1,1,1,True
537233603,23653,human_candidate,avg_ccn,4.25,3.9642857142857144,-0.2857142857142856,-6.7226890756302495,1,1,1,True
537233603,23653,human_candidate,function_count,24.0,28.0,4.0,16.666666666666668,1,1,1,True
537233603,23657,human_candidate,nloc,883.9,907.1,23.200000000000045,2.6247313044462097,10,10,10,True
537233603,23657,human_candidate,avg_ccn,3.2319302903141818,3.2114384251998906,-0.02049186511429113,-0.6340441554603914,10,10,10,True
537233603,23657,human_candidate,function_count,34.6,35.4,0.7999999999999972,2.312138728323691,10,10,10,True
537233603,23660,human_candidate,nloc,261.0,281.0,20.0,7.662835249042145,1,1,1,True
537233603,23660,human_candidate,avg_ccn,2.9,3.4,0.5,17.24137931034483,1,1,1,True
537233603,23660,human_candidate,function_count,10.0,10.0,0.0,0.0,1,1,1,True
537233603,23696,human_candidate,nloc,353.6666666666667,367.6666666666667,14.0,3.958529688972667,3,3,3,True
537233603,23696,human_candidate,avg_ccn,5.870833333333334,5.922077922077921,0.051244588744587816,0.8728673739319429,3,3,2,True
537233603,23696,human_candidate,function_count,12.666666666666666,13.333333333333334,0.6666666666666679,5.263157894736851,3,3,3,True
537233603,23761,agentic,nloc,653.0,659.0,6.0,0.9188361408882083,1,1,1,True
537233603,23761,agentic,avg_ccn,6.461538461538462,6.461538461538462,0.0,0.0,1,1,1,True
537233603,23761,agentic,function_count,13.0,13.0,0.0,0.0,1,1,1,True
537233603,23792,human_candidate,nloc,3054.0,3054.0,0.0,0.0,1,1,1,True
537233603,23792,human_candidate,avg_ccn,2.738095238095238,2.744047619047619,0.005952380952380931,0.2173913043478253,1,1,1,True
537233603,23792,human_candidate,function_count,168.0,168.0,0.0,0.0,1,1,1,True
537233603,23793,human_candidate,nloc,2300.0,2327.0,27.0,1.173913043478261,1,1,1,True
537233603,23793,human_candidate,avg_ccn,3.8188976377952755,3.8661417322834644,0.04724409448818889,1.2371134020618535,1,1,1,True
537233603,23793,human_candidate,function_count,127.0,127.0,0.0,0.0,1,1,1,True
537233603,23813,human_candidate,nloc,4266.0,4309.0,43.0,1.0079699953117676,1,1,1,True
537233603,23813,human_candidate,avg_ccn,4.834254143646409,4.84065934065934,0.006405197012931296,0.13249607535320737,1,1,1,True
537233603,23813,human_candidate,function_count,181.0,182.0,1.0,0.5524861878453039,1,1,1,True
537233603,23830,human_candidate,nloc,671.0,662.0,-9.0,-1.3412816691505216,1,1,1,True
537233603,23830,human_candidate,avg_ccn,4.466666666666667,4.6,0.13333333333333286,2.985074626865661,1,1,1,True
537233603,23830,human_candidate,function_count,15.0,15.0,0.0,0.0,1,1,1,True
537233603,23889,human_candidate,nloc,661.0,675.0,14.0,2.118003025718608,1,1,1,True
537233603,23889,human_candidate,avg_ccn,6.538461538461538,6.846153846153846,0.3076923076923075,4.705882352941173,1,1,1,True
537233603,23889,human_candidate,function_count,13.0,13.0,0.0,0.0,1,1,1,True
537233603,23892,human_candidate,nloc,332.0,383.0,51.0,15.36144578313253,1,1,1,True
537233603,23892,human_candidate,avg_ccn,1.6875,1.696969696969697,0.009469696969697017,0.5611672278338973,1,1,1,True
537233603,23892,human_candidate,function_count,32.0,33.0,1.0,3.125,1,1,1,True
537233603,23926,human_candidate,nloc,122.0,126.0,4.0,3.278688524590164,1,1,1,True
537233603,23926,human_candidate,avg_ccn,1.8181818181818181,2.090909090909091,0.2727272727272727,14.999999999999998,1,1,1,True
537233603,23926,human_candidate,function_count,11.0,11.0,0.0,0.0,1,1,1,True
537233603,23934,human_candidate,nloc,1001.5,1029.0,27.5,2.745881178232651,2,2,2,True
537233603,23934,human_candidate,avg_ccn,2.801639344262295,2.8867096018735365,0.08507025761124165,3.0364457075984443,2,2,2,True
537233603,23934,human_candidate,function_count,43.0,44.5,1.5,3.488372093023256,2,2,2,True
537233603,23948,human_candidate,nloc,1781.0,1780.0,-1.0,-0.05614823133071308,1,1,1,True
537233603,23948,human_candidate,avg_ccn,3.80327868852459,3.7868852459016393,-0.016393442622950616,-0.43103448275861533,1,1,1,True
537233603,23948,human_candidate,function_count,61.0,61.0,0.0,0.0,1,1,1,True
537233603,23957,human_candidate,nloc,741.75,754.25,12.5,1.6852039096730704,4,4,4,True
537233603,23957,human_candidate,avg_ccn,2.437776412776413,2.4022869022869022,-0.03548951048951077,-1.455814827951811,4,4,4,True
537233603,23957,human_candidate,function_count,30.5,31.25,0.75,2.459016393442623,4,4,4,True
537233603,23967,human_candidate,nloc,249.0,271.0,22.0,8.835341365461847,1,1,1,True
537233603,23967,human_candidate,avg_ccn,2.5,2.388888888888889,-0.11111111111111116,-4.444444444444446,1,1,1,True
537233603,23967,human_candidate,function_count,16.0,18.0,2.0,12.5,1,1,1,True
537233603,24134,agentic,nloc,550.375,643.375,93.0,16.89756983874631,8,8,8,True
537233603,24134,agentic,avg_ccn,2.874408555250586,3.072196590062281,0.19778803481169538,6.88099937812955,8,8,8,True
537233603,24134,agentic,function_count,27.75,30.25,2.5,9.00900900900901,8,8,8,True
537233603,24237,human_candidate,nloc,824.5714285714286,826.4285714285714,1.8571428571428896,0.22522522522522917,7,7,7,True
537233603,24237,human_candidate,avg_ccn,2.759630824374382,2.7713819764481147,0.011751152073732563,0.425823337308047,7,7,7,True
537233603,24237,human_candidate,function_count,37.142857142857146,37.857142857142854,0.7142857142857082,1.9230769230769065,7,7,7,True
550054675,9105,agentic,nloc,275.0,282.0,7.0,2.5454545454545454,1,1,1,True
550054675,9105,agentic,avg_ccn,1.6363636363636365,1.6363636363636365,0.0,0.0,1,1,1,True
550054675,9105,agentic,function_count,11.0,11.0,0.0,0.0,1,1,1,True
550054675,9701,agentic,nloc,321.0,322.0,1.0,0.3115264797507788,1,1,1,True
550054675,9701,agentic,avg_ccn,3.1176470588235294,3.1176470588235294,0.0,0.0,1,1,1,True
550054675,9701,agentic,function_count,17.0,17.0,0.0,0.0,1,1,1,True
550902717,6008,agentic,nloc,268.0,266.0,-2.0,-0.746268656716418,1,1,1,True
550902717,6008,agentic,avg_ccn,2.8333333333333335,2.8333333333333335,0.0,0.0,1,1,1,True
550902717,6008,agentic,function_count,12.0,12.0,0.0,0.0,1,1,1,True
552661142,31659,human_candidate,nloc,939.6666666666666,952.3333333333334,12.666666666666742,1.3479957431713454,3,3,3,True
552661142,31659,human_candidate,avg_ccn,3.528297199638663,3.5307781649245062,0.002480965285843073,0.0703162218334995,3,3,3,True
552661142,31659,human_candidate,function_count,39.0,39.666666666666664,0.6666666666666643,1.7094017094017033,3,3,3,True
552661142,36375,human_candidate,nloc,1180.0,1188.0,8.0,0.6779661016949152,1,1,1,True
552661142,36375,human_candidate,avg_ccn,4.444444444444445,4.391304347826087,-0.053140096618357724,-1.1956521739130488,1,1,1,True
552661142,36375,human_candidate,function_count,45.0,46.0,1.0,2.2222222222222223,1,1,1,True
552661142,36649,human_candidate,nloc,1188.0,1192.0,4.0,0.3367003367003367,1,1,1,True
552661142,36649,human_candidate,avg_ccn,4.391304347826087,4.319148936170213,-0.07215541165587425,-1.6431430377080274,1,1,1,True
552661142,36649,human_candidate,function_count,46.0,47.0,1.0,2.1739130434782608,1,1,1,True
552661142,37101,human_candidate,nloc,1048.6666666666667,1038.5,-10.166666666666742,-0.9694850603941585,6,6,6,True
552661142,37101,human_candidate,avg_ccn,5.130378877110326,5.117694604052066,-0.012684273058259699,-0.24723852491385756,6,6,6,True
552661142,37101,human_candidate,function_count,71.66666666666667,78.33333333333333,6.666666666666657,9.302325581395335,6,6,6,True
565750987,12,agentic,nloc,956.0,984.0,28.0,2.928870292887029,2,2,2,True
565750987,12,agentic,avg_ccn,1.7622889305816134,1.6265423242467718,-0.1357466063348416,-7.702857572284741,2,2,2,True
565750987,12,agentic,function_count,135.0,136.5,1.5,1.1111111111111112,2,2,2,True
569233100,975,human_candidate,nloc,439.0769230769231,429.2307692307692,-9.846153846153868,-2.242466713384728,13,13,13,True
569233100,975,human_candidate,avg_ccn,6.078277855914987,13.189388967026098,7.111111111111111,116.9922020624812,13,13,12,True
569233100,975,human_candidate,function_count,9.846153846153847,9.923076923076923,0.07692307692307665,0.7812499999999972,13,13,13,True
572570113,2229,human_candidate,nloc,454.0,466.0,12.0,2.643171806167401,1,1,1,True
572570113,2229,human_candidate,avg_ccn,5.2,5.2,0.0,0.0,1,1,1,True
572570113,2229,human_candidate,function_count,5.0,5.0,0.0,0.0,1,1,1,True
572570113,3395,agentic,nloc,712.0,733.5,21.5,3.019662921348315,2,2,2,True
572570113,3395,agentic,avg_ccn,4.519736842105264,4.204166666666667,-0.3155701754385971,-6.982047549733152,2,2,2,True
572570113,3395,agentic,function_count,21.5,24.5,3.0,13.953488372093023,2,2,2,True
572570113,3525,human_candidate,nloc,356.6666666666667,360.3333333333333,3.6666666666666288,1.0280373831775593,3,3,3,True
572570113,3525,human_candidate,avg_ccn,5.043478260869565,4.923076923076923,-0.12040133779264206,-2.387267904509282,3,3,3,True
572570113,3525,human_candidate,function_count,9.666666666666666,10.666666666666666,1.0,10.344827586206897,3,3,3,True
572570113,3625,human_candidate,nloc,556.0,616.1428571428571,60.14285714285711,10.817060637204516,7,7,7,True
572570113,3625,human_candidate,avg_ccn,4.071410345339483,3.948037676609105,-0.12337266873037844,-3.0302194636706745,7,7,7,True
572570113,3625,human_candidate,function_count,28.571428571428573,30.714285714285715,2.1428571428571423,7.499999999999997,7,7,7,True
572984571,12652,human_candidate,nloc,88.0,88.0,0.0,0.0,1,1,1,True
572984571,12652,human_candidate,avg_ccn,10.5,10.5,0.0,0.0,1,1,1,True
572984571,12652,human_candidate,function_count,2.0,2.0,0.0,0.0,1,1,1,True
572984571,13704,human_candidate,nloc,263.8,278.8,15.0,5.686125852918877,5,5,5,True
572984571,13704,human_candidate,avg_ccn,2.0285714285714285,2.044047619047619,0.015476190476190421,0.7629107981220631,5,5,5,True
572984571,13704,human_candidate,function_count,12.0,13.0,1.0,8.333333333333334,5,5,5,True
572984571,19253,human_candidate,nloc,91.0,92.0,1.0,1.098901098901099,1,1,1,True
572984571,19253,human_candidate,avg_ccn,1.0,1.0,0.0,0.0,1,1,1,True
572984571,19253,human_candidate,function_count,3.0,3.0,0.0,0.0,1,1,1,True
572984571,19933,human_candidate,nloc,127.0,128.0,1.0,0.7874015748031497,1,1,1,True
572984571,19933,human_candidate,avg_ccn,1.0,1.0,0.0,0.0,1,1,1,True
572984571,19933,human_candidate,function_count,1.0,1.0,0.0,0.0,1,1,1,True
573411360,957,agentic,nloc,2175.0,2181.0,6.0,0.27586206896551724,1,1,1,True
573411360,957,agentic,avg_ccn,3.7419354838709675,3.7096774193548385,-0.032258064516129004,-0.8620689655172407,1,1,1,True
573411360,957,agentic,function_count,31.0,31.0,0.0,0.0,1,1,1,True
573661753,9982,agentic,nloc,608.5,641.0,32.5,5.341002465078061,2,2,2,True
573661753,9982,agentic,avg_ccn,2.203405017921147,2.3642857142857143,0.16088069636456748,7.301458200197532,2,2,2,True
573661753,9982,agentic,function_count,24.5,25.5,1.0,4.081632653061225,2,2,2,True
573661753,12733,human_candidate,nloc,68.5,86.5,18.0,26.277372262773724,4,4,4,True
573661753,12733,human_candidate,avg_ccn,4.258333333333334,2.8666666666666667,-1.391666666666667,-32.68101761252447,4,4,3,True
573661753,12733,human_candidate,function_count,4.25,4.5,0.25,5.882352941176471,4,4,4,True
575321313,1898,agentic,nloc,565.5,576.0,10.5,1.856763925729443,4,4,4,True
575321313,1898,agentic,avg_ccn,2.3714853896103896,2.308922820335864,-0.06256256927452553,-2.6381174241517846,4,4,4,True
575321313,1898,agentic,function_count,27.75,30.0,2.25,8.108108108108109,4,4,4,True
575321313,2013,human_candidate,nloc,314.6666666666667,314.6666666666667,0.0,0.0,12,12,12,True
575321313,2013,human_candidate,avg_ccn,4.208301241214704,4.208301241214704,0.0,0.0,12,12,12,True
575321313,2013,human_candidate,function_count,15.583333333333334,15.583333333333334,0.0,0.0,12,12,12,True
575865240,3246,agentic,nloc,206.44444444444446,208.11111111111111,1.6666666666666572,0.8073196986006412,18,18,18,True
575865240,3246,agentic,avg_ccn,7.401609184684521,7.401609184684521,0.0,0.0,18,18,18,True
575865240,3246,agentic,function_count,9.833333333333334,9.833333333333334,0.0,0.0,18,18,18,True
575865240,3825,human_candidate,nloc,320.5,320.5,0.0,0.0,2,2,2,True
575865240,3825,human_candidate,avg_ccn,2.2582101806239736,2.2582101806239736,0.0,0.0,2,2,2,True
575865240,3825,human_candidate,function_count,39.5,39.5,0.0,0.0,2,2,2,True
575865240,4240,human_candidate,nloc,576.6666666666666,588.5833333333334,11.916666666666742,2.0664739884393195,12,12,12,True
575865240,4240,human_candidate,avg_ccn,8.434534537194976,8.822245473649684,0.3877109364547078,4.596708149631296,12,12,11,True
575865240,4240,human_candidate,function_count,14.166666666666666,14.25,0.08333333333333393,0.5882352941176513,12,12,12,True
575865240,4259,agentic,nloc,122.0,122.0,0.0,0.0,1,1,1,True
575865240,4259,agentic,avg_ccn,1.7,1.7,0.0,0.0,1,1,1,True
575865240,4259,agentic,function_count,20.0,20.0,0.0,0.0,1,1,1,True
575865240,4939,agentic,nloc,281.0,275.0,-6.0,-2.1352313167259784,2,2,2,True
575865240,4939,agentic,avg_ccn,3.3119658119658117,3.6127450980392153,0.30077928607340354,9.081593927893733,2,2,2,True
575865240,4939,agentic,function_count,15.5,14.5,-1.0,-6.451612903225806,2,2,2,True
581186630,89,agentic,nloc,14.5,14.5,0.0,0.0,2,2,2,True
581186630,89,agentic,avg_ccn,1.0,1.0,0.0,0.0,2,2,2,True
581186630,89,agentic,function_count,2.0,2.0,0.0,0.0,2,2,2,True
583528771,574,agentic,nloc,169.16666666666666,170.83333333333334,1.6666666666666856,0.9852216748768585,6,6,6,True
583528771,574,agentic,avg_ccn,2.133134920634921,2.116657647907648,-0.01647727272727284,-0.7724440009808865,6,6,6,True
583528771,574,agentic,function_count,11.833333333333334,12.333333333333334,0.5,4.225352112676056,6,6,6,True
586920414,9575,agentic,nloc,2122.0,2127.0,5.0,0.235626767200754,1,1,1,True
586920414,9575,agentic,avg_ccn,3.115702479338843,3.12396694214876,0.008264462809917106,0.2652519893899124,1,1,1,True
586920414,9575,agentic,function_count,121.0,121.0,0.0,0.0,1,1,1,True
586920414,9833,agentic,nloc,892.0833333333334,905.125,13.041666666666629,1.461933675852401,24,24,24,True
586920414,9833,agentic,avg_ccn,4.529800333668678,4.5786270255234784,0.04882669185480015,1.0778994273077702,24,24,24,True
586920414,9833,agentic,function_count,35.208333333333336,35.666666666666664,0.4583333333333286,1.3017751479289805,24,24,24,True
586920414,10068,agentic,nloc,873.125,874.25,1.125,0.12884753042233357,8,8,8,True
586920414,10068,agentic,avg_ccn,4.207991960870427,4.208081484703502,8.952383307558875e-05,0.002127471580460688,8,8,8,True
586920414,10068,agentic,function_count,50.25,50.5,0.25,0.4975124378109453,8,8,8,True
587050620,8596,human_candidate,nloc,60.0,63.0,3.0,5.0,1,1,1,True
587050620,8596,human_candidate,avg_ccn,3.8,4.0,0.20000000000000018,5.263157894736847,1,1,1,True
587050620,8596,human_candidate,function_count,5.0,5.0,0.0,0.0,1,1,1,True
587937846,7997,human_candidate,nloc,3228.5,3220.5,-8.0,-0.2477930927675391,2,2,2,True
587937846,7997,human_candidate,avg_ccn,1.6636363636363636,1.6697247706422018,0.006088407005838237,0.36596982002306344,2,2,2,True
587937846,7997,human_candidate,function_count,55.5,55.0,-0.5,-0.9009009009009009,2,2,2,True
593184777,268,agentic,nloc,478.5,495.75,17.25,3.605015673981191,4,4,4,True
593184777,268,agentic,avg_ccn,3.7458333333333336,3.476754385964912,-0.2690789473684214,-7.183420174462863,4,4,4,True
593184777,268,agentic,function_count,14.25,15.0,0.75,5.2631578947368425,4,4,4,True
593184777,422,agentic,nloc,1042.0,1053.0,11.0,1.055662188099808,1,1,1,True
593184777,422,agentic,avg_ccn,3.4285714285714284,3.6666666666666665,0.23809523809523814,6.944444444444446,1,1,1,True
593184777,422,agentic,function_count,21.0,21.0,0.0,0.0,1,1,1,True
593184777,458,agentic,nloc,688.0,693.0,5.0,0.7267441860465116,3,3,3,True
593184777,458,agentic,avg_ccn,4.250562190097074,4.17921522921523,-0.07134696088184356,-1.6785299847645365,3,3,3,True
593184777,458,agentic,function_count,31.666666666666668,32.666666666666664,0.9999999999999964,3.1578947368420938,3,3,3,True
593184777,551,agentic,nloc,1209.0,1364.0,155.0,12.820512820512821,1,1,1,True
593184777,551,agentic,avg_ccn,3.725806451612903,3.8405797101449277,0.11477325853202469,3.0804943848422215,1,1,1,True
593184777,551,agentic,function_count,62.0,69.0,7.0,11.290322580645162,1,1,1,True
593184777,553,agentic,nloc,720.0,846.0,126.0,17.5,1,1,1,True
593184777,553,agentic,avg_ccn,2.1951219512195124,3.2142857142857144,1.019163763066202,46.42857142857142,1,1,1,True
593184777,553,agentic,function_count,41.0,42.0,1.0,2.4390243902439024,1,1,1,True
593184777,568,agentic,nloc,303.0,309.0,6.0,1.9801980198019802,1,1,1,True
593184777,568,agentic,avg_ccn,4.6,4.375,-0.22499999999999964,-4.89130434782608,1,1,1,True
593184777,568,agentic,function_count,15.0,16.0,1.0,6.666666666666667,1,1,1,True
594155488,3992,agentic,nloc,350.0,341.44444444444446,-8.555555555555543,-2.4444444444444406,9,9,9,True
594155488,3992,agentic,avg_ccn,4.147832904205453,4.649815734374558,0.5019828301691049,12.102291528189305,9,9,9,True
594155488,3992,agentic,function_count,15.0,14.777777777777779,-0.22222222222222143,-1.4814814814814763,9,9,9,True
595526110,2885,human_candidate,nloc,213.14285714285714,223.57142857142858,10.428571428571445,4.892761394101885,7,7,7,True
595526110,2885,human_candidate,avg_ccn,2.1859869854898855,2.2350680272108843,0.04908104172099881,2.2452577278267563,7,7,7,True
595526110,2885,human_candidate,function_count,22.142857142857142,22.0,-0.14285714285714235,-0.6451612903225784,7,7,7,True
595526110,2893,human_candidate,nloc,934.5,886.0,-48.5,-5.1899411449973245,2,2,2,True
595526110,2893,human_candidate,avg_ccn,2.6183953033268104,2.5462585034013605,-0.07213679992544986,-2.7550003558972254,2,2,2,True
595526110,2893,human_candidate,function_count,85.5,79.0,-6.5,-7.60233918128655,2,2,2,True
595526110,3951,human_candidate,nloc,201.0,203.0,2.0,0.9950248756218906,2,2,2,True
595526110,3951,human_candidate,avg_ccn,2.544642857142857,2.544642857142857,0.0,0.0,2,2,2,True
595526110,3951,human_candidate,function_count,11.0,11.0,0.0,0.0,2,2,2,True
595526110,3971,human_candidate,nloc,115.0,128.0,13.0,11.304347826086957,4,4,4,True
595526110,3971,human_candidate,avg_ccn,5.032475490196079,4.57389705882353,-0.4585784313725494,-9.112382807743828,4,4,4,True
595526110,3971,human_candidate,function_count,8.5,9.75,1.25,14.705882352941176,4,4,4,True
595526110,4470,human_candidate,nloc,385.0,385.0,0.0,0.0,1,1,1,True
595526110,4470,human_candidate,avg_ccn,5.96,5.96,0.0,0.0,1,1,1,True
595526110,4470,human_candidate,function_count,25.0,25.0,0.0,0.0,1,1,1,True
595832198,4201,agentic,nloc,69.0,80.0,11.0,15.942028985507246,1,1,1,True
595832198,4201,agentic,avg_ccn,1.0,1.0,0.0,0.0,1,1,1,True
595832198,4201,agentic,function_count,3.0,3.0,0.0,0.0,1,1,1,True
595832198,5456,human_candidate,nloc,335.2,331.4,-3.8000000000000114,-1.1336515513126526,5,5,5,True
595832198,5456,human_candidate,avg_ccn,1.9485645933014353,1.983949208686051,0.03538461538461579,1.815932379468312,5,5,5,True
595832198,5456,human_candidate,function_count,16.2,16.0,-0.1999999999999993,-1.2345679012345636,5,5,5,True
598401026,1461,human_candidate,nloc,957.75,977.75,20.0,2.0882276168102325,4,4,4,True
598401026,1461,human_candidate,avg_ccn,7.27486559139785,7.222222222222221,-0.05264336917562851,-0.723633564280233,4,4,4,True
598401026,1461,human_candidate,function_count,25.0,26.25,1.25,5.0,4,4,4,True
598846021,913,agentic,nloc,204.22222222222223,186.44444444444446,-17.77777777777777,-8.705114254624588,9,9,9,True
598846021,913,agentic,avg_ccn,3.7925455932320924,4.070593149540518,0.2780475563084259,7.331422905095982,9,9,9,True
598846021,913,agentic,function_count,9.88888888888889,8.777777777777779,-1.1111111111111107,-11.23595505617977,9,9,9,True
598846021,937,agentic,nloc,211.88888888888889,213.22222222222223,1.3333333333333428,0.6292606187729463,9,9,9,True
598846021,937,agentic,avg_ccn,3.162719298245614,3.240497076023392,0.07777777777777795,2.459205842925166,9,9,9,True
598846021,937,agentic,function_count,9.222222222222221,9.222222222222221,0.0,0.0,9,9,9,True
598998398,4411,agentic,nloc,103.0,111.5,8.5,8.25242718446602,2,2,2,True
598998398,4411,agentic,avg_ccn,2.4,2.6,0.20000000000000018,8.333333333333341,2,2,1,True
598998398,4411,agentic,function_count,2.5,2.5,0.0,0.0,2,2,2,True
599320067,10993,agentic,nloc,270.0,270.0,0.0,0.0,1,1,1,True
599320067,10993,agentic,avg_ccn,4.0,4.0,0.0,0.0,1,1,1,True
599320067,10993,agentic,function_count,10.0,10.0,0.0,0.0,1,1,1,True
599431918,10242,human_candidate,nloc,490.0,493.0,3.0,0.6122448979591837,1,1,1,True
599431918,10242,human_candidate,avg_ccn,2.2888888888888888,2.2666666666666666,-0.022222222222222143,-0.9708737864077636,1,1,1,True
599431918,10242,human_candidate,function_count,45.0,45.0,0.0,0.0,1,1,1,True
599431918,10452,human_candidate,nloc,241.0,240.0,-1.0,-0.4149377593360996,1,1,1,True
599431918,10452,human_candidate,avg_ccn,4.333333333333333,4.333333333333333,0.0,0.0,1,1,1,True
599431918,10452,human_candidate,function_count,3.0,3.0,0.0,0.0,1,1,1,True
599431918,11323,human_candidate,nloc,798.5,793.5,-5.0,-0.6261740763932373,2,2,2,True
599431918,11323,human_candidate,avg_ccn,3.1716791979949877,3.1716791979949877,0.0,0.0,2,2,2,True
599431918,11323,human_candidate,function_count,39.0,39.0,0.0,0.0,2,2,2,True
599431918,11423,human_candidate,nloc,291.4,288.8,-2.599999999999966,-0.8922443376801531,5,5,5,True
599431918,11423,human_candidate,avg_ccn,2.235238095238095,2.2412987012987013,0.006060606060606322,0.2711391718635125,5,5,5,True
599431918,11423,human_candidate,function_count,34.6,34.2,-0.3999999999999986,-1.1560693641618456,5,5,5,True
599431918,11698,human_candidate,nloc,187.0,184.0,-3.0,-1.6042780748663101,1,1,1,True
599431918,11698,human_candidate,avg_ccn,2.0476190476190474,2.1,0.05238095238095264,2.558139534883734,1,1,1,True
599431918,11698,human_candidate,function_count,21.0,20.0,-1.0,-4.761904761904762,1,1,1,True
599431918,11776,human_candidate,nloc,3509.3333333333335,3509.3333333333335,0.0,0.0,3,3,3,True
599431918,11776,human_candidate,avg_ccn,2.730585678263694,2.730585678263694,0.0,0.0,3,3,3,True
599431918,11776,human_candidate,function_count,351.3333333333333,351.3333333333333,0.0,0.0,3,3,3,True
599431918,12056,human_candidate,nloc,1196.0,1197.0,1.0,0.08361204013377926,1,1,1,True
599431918,12056,human_candidate,avg_ccn,1.6648936170212767,1.6595744680851063,-0.005319148936170359,-0.31948881789138256,1,1,1,True
599431918,12056,human_candidate,function_count,188.0,188.0,0.0,0.0,1,1,1,True
599431918,12080,human_candidate,nloc,83.0,85.0,2.0,2.4096385542168677,1,1,1,True
599431918,12080,human_candidate,avg_ccn,2.0,1.6666666666666667,-0.33333333333333326,-16.666666666666664,1,1,1,True
599431918,12080,human_candidate,function_count,2.0,3.0,1.0,50.0,1,1,1,True
599431918,12093,human_candidate,nloc,424.0,429.0,5.0,1.179245283018868,1,1,1,True
599431918,12093,human_candidate,avg_ccn,7.5,7.833333333333333,0.33333333333333304,4.44444444444444,1,1,1,True
599431918,12093,human_candidate,function_count,6.0,6.0,0.0,0.0,1,1,1,True
599431918,12138,human_candidate,nloc,74.0,78.0,4.0,5.405405405405405,1,1,1,True
599431918,12138,human_candidate,avg_ccn,1.4,1.8,0.40000000000000013,28.571428571428584,1,1,1,True
599431918,12138,human_candidate,function_count,5.0,5.0,0.0,0.0,1,1,1,True
599431918,12218,human_candidate,nloc,913.0,914.0,1.0,0.10952902519167579,1,1,1,True
599431918,12218,human_candidate,avg_ccn,2.4166666666666665,2.4166666666666665,0.0,0.0,1,1,1,True
599431918,12218,human_candidate,function_count,48.0,48.0,0.0,0.0,1,1,1,True
599431918,12277,human_candidate,nloc,1768.8333333333333,1768.8333333333333,0.0,0.0,6,6,6,True
599431918,12277,human_candidate,avg_ccn,2.69639764407566,2.69639764407566,0.0,0.0,6,6,3,True
599431918,12277,human_candidate,function_count,176.0,176.0,0.0,0.0,6,6,6,True
599431918,12329,human_candidate,nloc,960.0,963.0,3.0,0.3125,1,1,1,True
599431918,12329,human_candidate,avg_ccn,1.6385542168674698,1.6506024096385543,0.012048192771084487,0.735294117647068,1,1,1,True
599431918,12329,human_candidate,function_count,83.0,83.0,0.0,0.0,1,1,1,True
599431918,12521,human_candidate,nloc,279.8,282.0,2.1999999999999886,0.7862759113652568,5,5,5,True
599431918,12521,human_candidate,avg_ccn,2.186813186813187,2.2186507936507938,0.031837606837606724,1.4558905639307596,5,5,5,True
599431918,12521,human_candidate,function_count,13.4,13.6,0.1999999999999993,1.4925373134328306,5,5,5,True
599431918,12599,agentic,nloc,918.5,302.0,-616.5,-67.12030484485574,2,2,2,True
599431918,12599,agentic,avg_ccn,2.175,2.425,0.25,11.49425287356322,2,2,2,True
599431918,12599,agentic,function_count,10.5,11.0,0.5,4.761904761904762,2,2,2,True
599431918,12673,agentic,nloc,317.64285714285717,317.64285714285717,0.0,0.0,28,28,28,True
599431918,12673,agentic,avg_ccn,2.634718161292374,2.634718161292374,0.0,0.0,28,28,26,True
599431918,12673,agentic,function_count,10.607142857142858,10.607142857142858,0.0,0.0,28,28,28,True
599431918,12676,human_candidate,nloc,1439.0,1434.0,-5.0,-0.34746351633078526,1,1,1,True
599431918,12676,human_candidate,avg_ccn,2.8,2.8125,0.012500000000000178,0.4464285714285778,1,1,1,True
599431918,12676,human_candidate,function_count,65.0,64.0,-1.0,-1.5384615384615385,1,1,1,True
599431918,12682,human_candidate,nloc,889.0,889.0,0.0,0.0,1,1,1,True
599431918,12682,human_candidate,avg_ccn,3.492063492063492,3.492063492063492,0.0,0.0,1,1,1,True
599431918,12682,human_candidate,function_count,63.0,63.0,0.0,0.0,1,1,1,True
599431918,12684,agentic,nloc,332.875,339.375,6.5,1.952684941794968,8,8,8,True
599431918,12684,agentic,avg_ccn,2.802871034332899,2.865371034332899,0.0625,2.2298564305822723,8,8,8,True
599431918,12684,agentic,function_count,14.125,14.125,0.0,0.0,8,8,8,True
599431918,12685,agentic,nloc,191.25,200.75,9.5,4.967320261437909,4,4,4,True
599431918,12685,agentic,avg_ccn,2.731730769230769,2.794230769230769,0.0625,2.287926786342837,4,4,4,True
599431918,12685,agentic,function_count,10.25,10.5,0.25,2.4390243902439024,4,4,4,True
599431918,12694,agentic,nloc,487.0,569.0,82.0,16.83778234086242,1,1,1,True
599431918,12694,agentic,avg_ccn,1.0,1.0,0.0,0.0,1,1,1,True
599431918,12694,agentic,function_count,1.0,1.0,0.0,0.0,1,1,1,True
599431918,12709,agentic,nloc,665.0,672.5,7.5,1.1278195488721805,2,2,2,True
599431918,12709,agentic,avg_ccn,3.1,3.1,0.0,0.0,2,2,1,True
599431918,12709,agentic,function_count,5.0,5.0,0.0,0.0,2,2,2,True
599431918,12727,agentic,nloc,623.0,628.0,5.0,0.8025682182985554,1,1,1,True
599431918,12727,agentic,avg_ccn,1.36986301369863,1.36986301369863,0.0,0.0,1,1,1,True
599431918,12727,agentic,function_count,73.0,73.0,0.0,0.0,1,1,1,True
599431918,12735,agentic,nloc,369.3333333333333,372.5,3.1666666666666856,0.8574007220216658,6,6,6,True
599431918,12735,agentic,avg_ccn,2.888888888888889,2.9040404040404044,0.015151515151515582,0.5244755244755394,6,6,6,True
599431918,12735,agentic,function_count,8.0,8.0,0.0,0.0,6,6,6,True
599431918,12765,agentic,nloc,400.0,385.0,-15.0,-3.75,2,2,2,True
599431918,12765,agentic,avg_ccn,1.0535714285714286,1.0370370370370372,-0.0165343915343914,-1.5693659761456245,2,2,2,True
599431918,12765,agentic,function_count,14.5,14.0,-0.5,-3.4482758620689653,2,2,2,True
599431918,12768,agentic,nloc,275.3333333333333,283.0,7.666666666666686,2.784503631961266,3,3,3,True
599431918,12768,agentic,avg_ccn,2.3051587301587304,1.977124183006536,-0.3280345471521944,-14.23045375836684,3,3,3,True
599431918,12768,agentic,function_count,20.0,22.333333333333332,2.333333333333332,11.66666666666666,3,3,3,True
599431918,12775,agentic,nloc,549.8571428571429,560.4285714285714,10.571428571428555,1.9225772928033225,7,7,7,True
599431918,12775,agentic,avg_ccn,2.7127403503774397,2.849836205668708,0.13709585529126844,5.053777272572123,7,7,7,True
599431918,12775,agentic,function_count,16.571428571428573,16.571428571428573,0.0,0.0,7,7,7,True
599431918,12776,agentic,nloc,1942.0,1941.5,-0.5,-0.025746652935118436,2,2,2,True
599431918,12776,agentic,avg_ccn,9.125,9.125,0.0,0.0,2,2,2,True
599431918,12776,agentic,function_count,26.5,26.5,0.0,0.0,2,2,2,True
599431918,12778,human_candidate,nloc,673.0,675.0,2.0,0.2971768202080238,1,1,1,True
599431918,12778,human_candidate,avg_ccn,1.0,1.0,0.0,0.0,1,1,1,True
599431918,12778,human_candidate,function_count,3.0,3.0,0.0,0.0,1,1,1,True
599431918,12821,agentic,nloc,285.6666666666667,290.3333333333333,4.666666666666629,1.6336056009334756,3,3,3,True
599431918,12821,agentic,avg_ccn,1.7093650793650792,1.7815151515151515,0.0721500721500723,4.220869667986401,3,3,3,True
599431918,12821,agentic,function_count,25.0,25.333333333333332,0.33333333333333215,1.3333333333333286,3,3,3,True
599431918,12847,agentic,nloc,612.0,641.0,29.0,4.738562091503268,1,1,1,True
599431918,12847,agentic,avg_ccn,2.64,2.6538461538461537,0.01384615384615362,0.5244755244755158,1,1,1,True
599431918,12847,agentic,function_count,50.0,52.0,2.0,4.0,1,1,1,True
599431918,12852,agentic,nloc,181.5,202.5,21.0,11.570247933884298,2,2,2,True
599431918,12852,agentic,avg_ccn,3.041666666666667,3.2777777777777777,0.23611111111111072,7.762557077625557,2,2,2,True
599431918,12852,agentic,function_count,7.0,7.5,0.5,7.142857142857143,2,2,2,True
599431918,12883,human_candidate,nloc,430.0,435.0,5.0,1.1627906976744187,1,1,1,True
599431918,12883,human_candidate,avg_ccn,3.5,3.5625,0.0625,1.7857142857142858,1,1,1,True
599431918,12883,human_candidate,function_count,16.0,16.0,0.0,0.0,1,1,1,True
599431918,12884,agentic,nloc,293.6666666666667,289.6666666666667,-4.0,-1.362088535754824,3,3,3,True
599431918,12884,agentic,avg_ccn,4.145104895104895,4.558760683760684,0.413655788655789,9.979380477060788,3,3,2,True
599431918,12884,agentic,function_count,21.0,20.333333333333332,-0.6666666666666679,-3.17460317460318,3,3,3,True
599431918,12997,agentic,nloc,401.8333333333333,408.8333333333333,7.0,1.7420157610949814,6,6,6,True
599431918,12997,agentic,avg_ccn,3.061642453591606,3.061642453591606,0.0,0.0,6,6,6,True
599431918,12997,agentic,function_count,18.666666666666668,19.833333333333332,1.1666666666666643,6.249999999999987,6,6,6,True
599431918,13097,agentic,nloc,216.5,239.5,23.0,10.623556581986143,2,2,2,True
599431918,13097,agentic,avg_ccn,2.6952380952380954,2.7292490118577075,0.034010916619612086,1.261889132529777,2,2,2,True
599431918,13097,agentic,function_count,15.5,17.0,1.5,9.67741935483871,2,2,2,True
599431918,13098,agentic,nloc,294.0,323.0,29.0,9.863945578231293,1,1,1,True
599431918,13098,agentic,avg_ccn,5.142857142857143,6.333333333333333,1.1904761904761898,23.148148148148135,1,1,1,True
599431918,13098,agentic,function_count,7.0,6.0,-1.0,-14.285714285714286,1,1,1,True
599431918,13419,human_candidate,nloc,294.0,299.0,5.0,1.7006802721088434,1,1,1,True
599431918,13419,human_candidate,avg_ccn,2.933333333333333,3.0,0.06666666666666687,2.27272727272728,1,1,1,True
599431918,13419,human_candidate,function_count,15.0,15.0,0.0,0.0,1,1,1,True
599431918,13593,agentic,nloc,242.0,301.0,59.0,24.380165289256198,1,1,1,True
599431918,13593,agentic,avg_ccn,5.636363636363637,6.636363636363637,1.0,17.741935483870968,1,1,1,True
599431918,13593,agentic,function_count,11.0,11.0,0.0,0.0,1,1,1,True
599431918,14397,agentic,nloc,412.0,455.0,43.0,10.436893203883495,1,1,1,True
599431918,14397,agentic,avg_ccn,3.25,3.0,-0.25,-7.6923076923076925,1,1,1,True
599431918,14397,agentic,function_count,12.0,11.0,-1.0,-8.333333333333334,1,1,1,True
599431918,14519,human_candidate,nloc,470.2857142857143,476.85714285714283,6.571428571428555,1.3973268529769103,7,7,7,True
599431918,14519,human_candidate,avg_ccn,3.5888888888888886,3.588888888888889,4.440892098500626e-16,1.2374002751240136e-14,7,7,6,True
599431918,14519,human_candidate,function_count,3.4285714285714284,3.5714285714285716,0.14285714285714324,4.166666666666678,7,7,7,True
599431918,14630,human_candidate,nloc,1612.0,1613.5,1.5,0.09305210918114144,2,2,2,True
599431918,14630,human_candidate,avg_ccn,1.5714285714285714,1.8571428571428572,0.2857142857142858,18.181818181818187,2,2,1,True
599431918,14630,human_candidate,function_count,3.5,3.5,0.0,0.0,2,2,2,True
599431918,14695,human_candidate,nloc,2263.0,2266.5,3.5,0.15466195315952275,2,2,2,True
599431918,14695,human_candidate,avg_ccn,3.5555555555555554,3.3,-0.25555555555555554,-7.1875,2,2,1,True
599431918,14695,human_candidate,function_count,4.5,5.0,0.5,11.11111111111111,2,2,2,True
599431918,14737,human_candidate,nloc,626.3333333333334,623.3333333333334,-3.0,-0.4789781798829164,3,3,3,True
599431918,14737,human_candidate,avg_ccn,2.894607843137255,2.855392156862745,-0.039215686274509665,-1.3547840812870402,3,3,3,True
599431918,14737,human_candidate,function_count,31.666666666666668,31.666666666666668,0.0,0.0,3,3,3,True
599431918,14802,agentic,nloc,336.0,424.0,88.0,26.19047619047619,1,1,1,True
599431918,14802,agentic,avg_ccn,3.0,5.7272727272727275,2.7272727272727275,90.90909090909092,1,1,1,True
599431918,14802,agentic,function_count,10.0,11.0,1.0,10.0,1,1,1,True
599431918,15464,human_candidate,nloc,837.0,836.0,-1.0,-0.11947431302270012,1,1,1,True
599431918,15464,human_candidate,avg_ccn,7.809523809523809,7.904761904761905,0.09523809523809579,1.2195121951219583,1,1,1,True
599431918,15464,human_candidate,function_count,21.0,21.0,0.0,0.0,1,1,1,True
599431918,16188,human_candidate,nloc,1270.0,1286.0,16.0,1.2598425196850394,1,1,1,True
599431918,16188,human_candidate,avg_ccn,17.166666666666668,17.166666666666668,0.0,0.0,1,1,1,True
599431918,16188,human_candidate,function_count,24.0,24.0,0.0,0.0,1,1,1,True
599431918,16400,agentic,nloc,646.75,647.25,0.5,0.07730962504831851,4,4,4,True
599431918,16400,agentic,avg_ccn,2.0510631229235883,2.058920265780731,0.007857142857142563,0.383076599122068,4,4,4,True
599431918,16400,agentic,function_count,29.25,29.25,0.0,0.0,4,4,4,True
599431918,16630,human_candidate,nloc,454.0,456.0,2.0,0.44052863436123346,1,1,1,True
599431918,16630,human_candidate,avg_ccn,3.75,3.8,0.04999999999999982,1.3333333333333286,1,1,1,True
599431918,16630,human_candidate,function_count,20.0,20.0,0.0,0.0,1,1,1,True
599431918,16835,human_candidate,nloc,197.5,204.5,7.0,3.5443037974683542,2,2,2,True
599431918,16835,human_candidate,avg_ccn,5.714285714285714,5.182539682539683,-0.5317460317460316,-9.305555555555554,2,2,2,True
599431918,16835,human_candidate,function_count,7.0,8.0,1.0,14.285714285714286,2,2,2,True
599431918,17379,human_candidate,nloc,354.0,366.0,12.0,3.389830508474576,1,1,1,True
599431918,17379,human_candidate,avg_ccn,3.066666666666667,3.3333333333333335,0.2666666666666666,8.695652173913041,1,1,1,True
599431918,17379,human_candidate,function_count,15.0,15.0,0.0,0.0,1,1,1,True
599431918,17399,human_candidate,nloc,1633.0,1638.0,5.0,0.3061849357011635,1,1,1,True
599431918,17399,human_candidate,avg_ccn,2.675675675675676,2.6533333333333333,-0.022342342342342558,-0.835016835016843,1,1,1,True
599431918,17399,human_candidate,function_count,74.0,75.0,1.0,1.3513513513513513,1,1,1,True
599431918,17797,human_candidate,nloc,1567.0,1572.0,5.0,0.3190810465858328,1,1,1,True
599431918,17797,human_candidate,avg_ccn,2.1794871794871793,2.1880341880341883,0.00854700854700896,0.3921568627451171,1,1,1,True
599431918,17797,human_candidate,function_count,117.0,117.0,0.0,0.0,1,1,1,True
599431918,18034,human_candidate,nloc,149.0,150.0,1.0,0.6711409395973155,1,1,1,True
599431918,18034,human_candidate,avg_ccn,2.375,2.375,0.0,0.0,1,1,1,True
599431918,18034,human_candidate,function_count,8.0,8.0,0.0,0.0,1,1,1,True
599431918,18175,agentic,nloc,286.0,286.0,0.0,0.0,1,1,1,True
599431918,18175,agentic,avg_ccn,2.0,2.0,0.0,0.0,1,1,1,True
599431918,18175,agentic,function_count,30.0,30.0,0.0,0.0,1,1,1,True
599431918,18454,agentic,nloc,201.83333333333334,210.66666666666666,8.833333333333314,4.376548307184136,6,6,6,True
599431918,18454,agentic,avg_ccn,2.1353174603174603,2.043650793650794,-0.09166666666666634,-4.292882363872871,6,6,6,True
599431918,18454,agentic,function_count,10.666666666666666,11.0,0.3333333333333339,3.1250000000000058,6,6,6,True
599431918,18476,agentic,nloc,534.3548387096774,535.1612903225806,0.8064516129031745,0.15092061575610266,31,31,31,True
599431918,18476,agentic,avg_ccn,3.1781678595531346,3.1802249331379864,0.002057073584851743,0.06472513963252328,31,31,30,True
599431918,18476,agentic,function_count,27.258064516129032,27.322580645161292,0.06451612903225978,0.2366863905325507,31,31,31,True
599431918,18584,agentic,nloc,73.0,87.5,14.5,19.863013698630137,2,2,2,True
599431918,18584,agentic,avg_ccn,3.0,3.0,0.0,0.0,2,2,1,True
599431918,18584,agentic,function_count,0.5,0.5,0.0,0.0,2,2,2,True
599431918,18921,agentic,nloc,435.6666666666667,435.3333333333333,-0.33333333333337123,-0.07651109410865445,3,3,3,True
599431918,18921,agentic,avg_ccn,4.061904761904763,4.0809523809523816,0.01904761904761898,0.4689331770222726,3,3,3,True
599431918,18921,agentic,function_count,18.666666666666668,18.666666666666668,0.0,0.0,3,3,3,True
599431918,19028,human_candidate,nloc,338.0,346.0,8.0,2.366863905325444,2,2,2,True
599431918,19028,human_candidate,avg_ccn,3.040579710144928,3.063768115942029,0.02318840579710102,0.7626310772163823,2,2,2,True
599431918,19028,human_candidate,function_count,19.0,19.0,0.0,0.0,2,2,2,True
599431918,19543,human_candidate,nloc,319.0,324.0,5.0,1.567398119122257,1,1,1,True
599431918,19543,human_candidate,avg_ccn,1.3428571428571427,1.3714285714285714,0.028571428571428692,2.1276595744680944,1,1,1,True
599431918,19543,human_candidate,function_count,35.0,35.0,0.0,0.0,1,1,1,True
599431918,19851,human_candidate,nloc,246.5,255.0,8.5,3.4482758620689653,2,2,2,True
599431918,19851,human_candidate,avg_ccn,1.4574468085106385,1.4583333333333335,0.0008865248226950229,0.060827250608271634,2,2,2,True
599431918,19851,human_candidate,function_count,25.5,26.0,0.5,1.9607843137254901,2,2,2,True
599431918,20136,agentic,nloc,497.5,500.5,3.0,0.6030150753768844,2,2,2,True
599431918,20136,agentic,avg_ccn,5.109243697478991,5.1386554621848735,0.02941176470588225,0.5756578947368401,2,2,2,True
599431918,20136,agentic,function_count,20.5,20.5,0.0,0.0,2,2,2,True
599431918,20189,human_candidate,nloc,370.0,367.0,-3.0,-0.8108108108108109,1,1,1,True
599431918,20189,human_candidate,avg_ccn,7.714285714285714,7.714285714285714,0.0,0.0,1,1,1,True
599431918,20189,human_candidate,function_count,7.0,7.0,0.0,0.0,1,1,1,True
599431918,20249,human_candidate,nloc,374.0,375.0,1.0,0.26737967914438504,1,1,1,True
599431918,20249,human_candidate,avg_ccn,6.75,6.75,0.0,0.0,1,1,1,True
599431918,20249,human_candidate,function_count,8.0,8.0,0.0,0.0,1,1,1,True
599431918,20312,human_candidate,nloc,527.5,528.0,0.5,0.0947867298578199,2,2,2,True
599431918,20312,human_candidate,avg_ccn,3.1,3.1,0.0,0.0,2,2,2,True
599431918,20312,human_candidate,function_count,3.0,3.0,0.0,0.0,2,2,2,True
599431918,20314,human_candidate,nloc,375.0,361.0,-14.0,-3.7333333333333334,1,1,1,True
599431918,20314,human_candidate,avg_ccn,6.75,6.25,-0.5,-7.407407407407407,1,1,1,True
599431918,20314,human_candidate,function_count,8.0,8.0,0.0,0.0,1,1,1,True
599431918,20318,human_candidate,nloc,334.0,354.0,20.0,5.9880239520958085,1,1,1,True
599431918,20318,human_candidate,avg_ccn,6.5,2.8333333333333335,-3.6666666666666665,-56.4102564102564,1,1,1,True
599431918,20318,human_candidate,function_count,8.0,24.0,16.0,200.0,1,1,1,True
599431918,20381,human_candidate,nloc,551.5,557.0,5.5,0.9972801450589301,2,2,2,True
599431918,20381,human_candidate,avg_ccn,1.8986486486486487,1.8928571428571428,-0.005791505791505891,-0.3050330452465736,2,2,2,True
599431918,20381,human_candidate,function_count,46.5,45.5,-1.0,-2.150537634408602,2,2,2,True
599431918,20509,human_candidate,nloc,255.0,255.33333333333334,0.3333333333333428,0.13071895424836974,3,3,3,True
599431918,20509,human_candidate,avg_ccn,15.208333333333334,15.208333333333334,0.0,0.0,3,3,3,True
599431918,20509,human_candidate,function_count,5.666666666666667,5.666666666666667,0.0,0.0,3,3,3,True
599431918,20826,human_candidate,nloc,537.0,545.0,8.0,1.48975791433892,1,1,1,True
599431918,20826,human_candidate,avg_ccn,1.8679245283018868,1.8679245283018868,0.0,0.0,1,1,1,True
599431918,20826,human_candidate,function_count,53.0,53.0,0.0,0.0,1,1,1,True
599431918,20910,human_candidate,nloc,1336.0,1343.0,7.0,0.5239520958083832,1,1,1,True
599431918,20910,human_candidate,avg_ccn,3.8461538461538463,3.876923076923077,0.03076923076923066,0.7999999999999972,1,1,1,True
599431918,20910,human_candidate,function_count,65.0,65.0,0.0,0.0,1,1,1,True
599431918,21020,human_candidate,nloc,5639.2,5640.8,1.6000000000003638,0.02837281883955816,10,10,10,True
599431918,21020,human_candidate,avg_ccn,2.6959218238174714,2.6959218238174714,0.0,0.0,10,10,10,True
599431918,21020,human_candidate,function_count,463.4,463.4,0.0,0.0,10,10,10,True
599431918,21339,human_candidate,nloc,1531.0,1531.0,0.0,0.0,1,1,1,True
599431918,21339,human_candidate,avg_ccn,2.1826086956521737,2.1826086956521737,0.0,0.0,1,1,1,True
599431918,21339,human_candidate,function_count,115.0,115.0,0.0,0.0,1,1,1,True
599431918,21622,human_candidate,nloc,297.0,309.0,12.0,4.040404040404041,1,1,1,True
599431918,21622,human_candidate,avg_ccn,2.625,2.5555555555555554,-0.06944444444444464,-2.645502645502653,1,1,1,True
599431918,21622,human_candidate,function_count,16.0,18.0,2.0,12.5,1,1,1,True
599431918,21709,human_candidate,nloc,5233.318181818182,5235.227272727273,1.9090909090909918,0.03647954973813052,22,22,22,True
599431918,21709,human_candidate,avg_ccn,2.2363449046616237,2.234620632616349,-0.0017242720452745885,-0.07710224132603036,22,22,20,True
599431918,21709,human_candidate,function_count,461.22727272727275,461.77272727272725,0.5454545454545041,0.11826155513944112,22,22,22,True
599431918,21811,human_candidate,nloc,153.5,156.5,3.0,1.9543973941368078,2,2,2,True
599431918,21811,human_candidate,avg_ccn,1.9791666666666667,1.9791666666666667,0.0,0.0,2,2,2,True
599431918,21811,human_candidate,function_count,7.0,7.0,0.0,0.0,2,2,2,True
599431918,22081,agentic,nloc,1247.6666666666667,1250.6666666666667,3.0,0.24044883783061713,3,3,3,True
599431918,22081,agentic,avg_ccn,4.3657407407407405,4.439814814814815,0.0740740740740744,1.6967126193001136,3,3,3,True
599431918,22081,agentic,function_count,8.666666666666666,8.666666666666666,0.0,0.0,3,3,3,True
599431918,22212,agentic,nloc,136.0,136.0,0.0,0.0,1,1,1,True
599431918,22212,agentic,avg_ccn,2.0,2.0,0.0,0.0,1,1,1,True
599431918,22212,agentic,function_count,4.0,4.0,0.0,0.0,1,1,1,True
599431918,22438,human_candidate,nloc,558.2413793103449,571.5977011494252,13.356321839080351,2.3925710873638284,87,87,87,True
599431918,22438,human_candidate,avg_ccn,4.154620687876841,4.117042067642639,-0.03757862023420255,-0.904501831992912,87,87,87,True
599431918,22438,human_candidate,function_count,7.781609195402299,7.885057471264368,0.1034482758620685,1.329394387001471,87,87,87,True
599431918,22509,agentic,nloc,736.0,768.0,32.0,4.3478260869565215,1,1,1,True
599431918,22509,agentic,avg_ccn,2.4126984126984126,2.4126984126984126,0.0,0.0,1,1,1,True
599431918,22509,agentic,function_count,63.0,63.0,0.0,0.0,1,1,1,True
599431918,22562,agentic,nloc,399.3333333333333,435.6666666666667,36.33333333333337,9.098497495826388,9,9,9,True
599431918,22562,agentic,avg_ccn,1.6024977624584236,1.9326061609991447,0.33010839854072116,20.599616815333043,9,9,9,True
599431918,22562,agentic,function_count,31.333333333333332,33.0,1.6666666666666679,5.319148936170217,9,9,9,True
599431918,22578,agentic,nloc,2821.0,2829.5,8.5,0.30131159163417226,2,2,2,True
599431918,22578,agentic,avg_ccn,12.75,13.0,0.25,1.9607843137254901,2,2,1,True
599431918,22578,agentic,function_count,2.0,2.0,0.0,0.0,2,2,2,True
599431918,22588,agentic,nloc,2256.0,2260.0,4.0,0.1773049645390071,2,2,2,True
599431918,22588,agentic,avg_ccn,3.25,4.0,0.75,23.076923076923077,2,2,1,True
599431918,22588,agentic,function_count,2.0,2.0,0.0,0.0,2,2,2,True
599431918,22598,agentic,nloc,242.0,249.0,7.0,2.8925619834710745,1,1,1,True
599431918,22598,agentic,avg_ccn,1.3333333333333333,1.4166666666666667,0.08333333333333348,6.2500000000000115,1,1,1,True
599431918,22598,agentic,function_count,36.0,36.0,0.0,0.0,1,1,1,True
599431918,22600,agentic,nloc,3503.5,3504.0,0.5,0.014271442842871414,2,2,2,True
599431918,22600,agentic,avg_ccn,4.555555555555555,4.592592592592593,0.0370370370370372,0.8130081300813045,2,2,1,True
599431918,22600,agentic,function_count,13.5,13.5,0.0,0.0,2,2,2,True
599431918,22601,agentic,nloc,1566.0,1565.0,-1.0,-0.06385696040868455,3,3,3,True
599431918,22601,agentic,avg_ccn,3.107142857142857,3.0357142857142856,-0.07142857142857162,-2.2988505747126498,3,3,2,True
599431918,22601,agentic,function_count,5.666666666666667,5.666666666666667,0.0,0.0,3,3,3,True
599431918,22602,agentic,nloc,1126.5,1131.25,4.75,0.4216600088770528,4,4,4,True
599431918,22602,agentic,avg_ccn,1.5555555555555554,1.6666666666666667,0.11111111111111138,7.142857142857162,4,4,3,True
599431918,22602,agentic,function_count,1.75,2.0,0.25,14.285714285714286,4,4,4,True
599431918,22610,human_candidate,nloc,771.5,777.5,6.0,0.7777057679844459,2,2,2,True
599431918,22610,human_candidate,avg_ccn,2.281896551724138,2.2614406779661014,-0.020455873758036702,-0.8964417665025528,2,2,2,True
599431918,22610,human_candidate,function_count,39.0,39.5,0.5,1.2820512820512822,2,2,2,True
599431918,22669,agentic,nloc,503.5,509.0,5.5,1.0923535253227408,2,2,2,True
599431918,22669,agentic,avg_ccn,2.2526395173453997,2.2756410256410255,0.02300150829562586,1.0210913960495445,2,2,2,True
599431918,22669,agentic,function_count,28.0,28.5,0.5,1.7857142857142858,2,2,2,True
599431918,22694,agentic,nloc,877.0,914.0,37.0,4.218928164196123,3,3,3,True
599431918,22694,agentic,avg_ccn,1.6070281824930461,1.7382077328923538,0.13117955039930762,8.162865581847086,3,3,3,True
599431918,22694,agentic,function_count,64.0,66.33333333333333,2.3333333333333286,3.645833333333326,3,3,3,True
600113513,2088,agentic,nloc,687.0,716.0,29.0,4.2212518195050945,1,1,1,True
600113513,2088,agentic,avg_ccn,2.6666666666666665,2.59375,-0.07291666666666652,-2.7343749999999947,1,1,1,True
600113513,2088,agentic,function_count,30.0,32.0,2.0,6.666666666666667,1,1,1,True
601303277,1749,agentic,nloc,255.3469387755102,255.3673469387755,0.020408163265301482,0.007992327365727083,98,98,98,True
601303277,1749,agentic,avg_ccn,2.4703243064091787,2.4703243064091787,0.0,0.0,98,98,98,True
601303277,1749,agentic,function_count,11.816326530612244,11.816326530612244,0.0,0.0,98,98,98,True
601388007,158,human_candidate,nloc,230.6,249.4,18.80000000000001,8.152645273200353,5,5,5,True
601388007,158,human_candidate,avg_ccn,1.6773558873558874,2.1094537894537897,0.43209790209790233,25.760657315189274,5,5,5,True
601388007,158,human_candidate,function_count,21.6,22.6,1.0,4.62962962962963,5,5,5,True
601388007,220,human_candidate,nloc,515.375,528.625,13.25,2.570943487751637,8,8,8,True
601388007,220,human_candidate,avg_ccn,2.233381671293296,2.322183927619706,0.0888022563264097,3.976134373619468,8,8,8,True
601388007,220,human_candidate,function_count,41.25,45.375,4.125,10.0,8,8,8,True
603860295,1402,human_candidate,nloc,370.0,374.7,4.699999999999989,1.2702702702702673,10,10,10,True
603860295,1402,human_candidate,avg_ccn,2.3165186302441203,2.3165186302441203,0.0,0.0,10,10,9,True
603860295,1402,human_candidate,function_count,8.4,8.4,0.0,0.0,10,10,10,True
603860295,2286,human_candidate,nloc,2008.0,2012.0,4.0,0.199203187250996,1,1,1,True
603860295,2286,human_candidate,avg_ccn,15.318181818181818,15.590909090909092,0.2727272727272734,1.7804154302670665,1,1,1,True
603860295,2286,human_candidate,function_count,22.0,22.0,0.0,0.0,1,1,1,True
605995490,2051,human_candidate,nloc,366.51612903225805,371.1290322580645,4.612903225806463,1.2585812356979436,31,31,31,True
605995490,2051,human_candidate,avg_ccn,4.925462568362962,4.913743033234094,-0.011719535128867697,-0.2379377564280796,31,31,28,True
605995490,2051,human_candidate,function_count,11.451612903225806,11.67741935483871,0.2258064516129039,1.971830985915499,31,31,31,True
612354784,14317,human_candidate,nloc,1683.4,1686.28,2.8799999999998818,0.1710823333729287,25,25,25,True
612354784,14317,human_candidate,avg_ccn,6.9601335312650825,6.967850757946176,0.0077172266810938694,0.11087756644937782,25,25,24,True
612354784,14317,human_candidate,function_count,54.64,54.76,0.11999999999999744,0.21961932650072738,25,25,25,True
612354784,14918,human_candidate,nloc,1497.75,972.0,-525.75,-35.10265398097146,4,4,4,True
612354784,14918,human_candidate,avg_ccn,5.154411764705882,5.882513661202186,0.7281018964963035,14.125799989086632,4,4,3,True
612354784,14918,human_candidate,function_count,23.25,21.0,-2.25,-9.67741935483871,4,4,4,True
612354784,14978,human_candidate,nloc,667.0,754.0,87.0,13.043478260869565,1,1,1,True
612354784,14978,human_candidate,avg_ccn,1.7179487179487178,1.7142857142857142,-0.00366300366300365,-0.2132196162046901,1,1,1,True
612354784,14978,human_candidate,function_count,39.0,49.0,10.0,25.641025641025642,1,1,1,True
612354784,15385,human_candidate,nloc,833.5,856.5,23.0,2.7594481103779245,2,2,2,True
612354784,15385,human_candidate,avg_ccn,4.3,4.238095238095238,-0.061904761904761685,-1.4396456256921322,2,2,1,True
612354784,15385,human_candidate,function_count,10.0,10.5,0.5,5.0,2,2,2,True
612354784,15434,human_candidate,nloc,1548.157894736842,1546.421052631579,-1.736842105263122,-0.11218765935746836,19,19,19,True
612354784,15434,human_candidate,avg_ccn,5.84206003469831,5.834163971789716,-0.007896062908594459,-0.13515887994468753,19,19,18,True
612354784,15434,human_candidate,function_count,41.473684210526315,41.36842105263158,-0.10526315789473273,-0.2538071065989749,19,19,19,True
612354784,15719,human_candidate,nloc,1806.8,1943.2,136.4000000000001,7.549258357316808,5,5,5,True
612354784,15719,human_candidate,avg_ccn,5.839712918660287,6.174115510777881,0.33440259211759393,5.7263532775565045,5,5,4,True
612354784,15719,human_candidate,function_count,26.4,28.8,2.400000000000002,9.0909090909091,5,5,5,True
612354784,16056,human_candidate,nloc,773.0,773.0,0.0,0.0,1,1,1,True
612354784,16056,human_candidate,avg_ccn,12.842105263157896,12.894736842105264,0.05263157894736814,0.4098360655737683,1,1,1,True
612354784,16056,human_candidate,function_count,19.0,19.0,0.0,0.0,1,1,1,True
612354784,16810,human_candidate,nloc,1819.0,1849.0,30.0,1.6492578339747115,1,1,1,True
612354784,16810,human_candidate,avg_ccn,3.6455696202531644,3.6835443037974684,0.037974683544304,1.0416666666666723,1,1,1,True
612354784,16810,human_candidate,function_count,79.0,79.0,0.0,0.0,1,1,1,True
612354784,17427,human_candidate,nloc,819.0,825.0,6.0,0.7326007326007326,1,1,1,True
612354784,17427,human_candidate,avg_ccn,5.696969696969697,5.757575757575758,0.06060606060606055,1.0638297872340416,1,1,1,True
612354784,17427,human_candidate,function_count,33.0,33.0,0.0,0.0,1,1,1,True
612354784,17892,human_candidate,nloc,6479.666666666667,6490.0,10.33333333333303,0.1594732239312675,3,3,3,True
612354784,17892,human_candidate,avg_ccn,8.587779758872474,8.605360950636419,0.017581191763945014,0.20472336573118316,3,3,3,True
612354784,17892,human_candidate,function_count,282.3333333333333,281.3333333333333,-1.0,-0.3541912632821724,3,3,3,True
612354784,18096,human_candidate,nloc,1058.25,1176.0,117.75,11.1268603827073,4,4,4,True
612354784,18096,human_candidate,avg_ccn,5.4339181286549705,5.320374800637958,-0.11354332801701261,-2.089529605134434,4,4,3,True
612354784,18096,human_candidate,function_count,23.0,27.0,4.0,17.391304347826086,4,4,4,True
612354784,19780,human_candidate,nloc,323.5,353.0,29.5,9.119010819165378,2,2,2,True
612354784,19780,human_candidate,avg_ccn,5.178571428571429,4.666666666666667,-0.5119047619047619,-9.885057471264368,2,2,2,True
612354784,19780,human_candidate,function_count,14.5,16.0,1.5,10.344827586206897,2,2,2,True
612354784,19840,human_candidate,nloc,8879.0,9156.0,277.0,3.1197206892668095,1,1,1,True
612354784,19840,human_candidate,avg_ccn,9.680555555555555,9.503355704697986,-0.17719985085756917,-1.8304719170365826,1,1,1,True
612354784,19840,human_candidate,function_count,144.0,149.0,5.0,3.4722222222222223,1,1,1,True
612354784,20020,agentic,nloc,3570.0,3570.0,0.0,0.0,1,1,1,True
612354784,20020,agentic,avg_ccn,11.13888888888889,11.13888888888889,0.0,0.0,1,1,1,True
612354784,20020,agentic,function_count,36.0,36.0,0.0,0.0,1,1,1,True
612354784,20250,agentic,nloc,3319.0,3322.0,3.0,0.0903886712865321,1,1,1,True
612354784,20250,agentic,avg_ccn,5.523076923076923,5.569230769230769,0.04615384615384599,0.8356545961002756,1,1,1,True
612354784,20250,agentic,function_count,65.0,65.0,0.0,0.0,1,1,1,True
612354784,20525,human_candidate,nloc,78.0,78.0,0.0,0.0,1,1,1,True
612354784,20525,human_candidate,avg_ccn,1.0,1.0,0.0,0.0,1,1,1,True
612354784,20525,human_candidate,function_count,1.0,1.0,0.0,0.0,1,1,1,True
612354784,20551,human_candidate,nloc,13211.0,13211.0,0.0,0.0,1,1,1,True
612354784,20551,human_candidate,avg_ccn,11.561728395061728,11.558641975308642,-0.0030864197530853232,-0.026695141484240383,1,1,1,True
612354784,20551,human_candidate,function_count,324.0,324.0,0.0,0.0,1,1,1,True
612354784,20640,human_candidate,nloc,262.5,262.5,0.0,0.0,2,2,2,True
612354784,20640,human_candidate,avg_ccn,2.416666666666667,2.416666666666667,0.0,0.0,2,2,2,True
612354784,20640,human_candidate,function_count,6.0,6.0,0.0,0.0,2,2,2,True
612354784,20943,human_candidate,nloc,1307.75,1307.75,0.0,0.0,8,8,8,True
612354784,20943,human_candidate,avg_ccn,11.01736111111111,11.01736111111111,0.0,0.0,8,8,8,True
612354784,20943,human_candidate,function_count,11.25,11.25,0.0,0.0,8,8,8,True
612354784,21443,human_candidate,nloc,1543.5,1545.0,1.5,0.09718172983479106,4,4,4,True
612354784,21443,human_candidate,avg_ccn,5.018891402714932,5.048642533936651,0.029751131221719795,0.5927829242455046,4,4,2,True
612354784,21443,human_candidate,function_count,33.25,33.25,0.0,0.0,4,4,4,True
612354784,22008,human_candidate,nloc,2896.75,2920.25,23.5,0.8112539915422456,4,4,4,True
612354784,22008,human_candidate,avg_ccn,9.836326278249938,10.02226860328478,0.18594232503484243,1.890363533853057,4,4,4,True
612354784,22008,human_candidate,function_count,73.25,73.25,0.0,0.0,4,4,4,True
612354784,22768,human_candidate,nloc,1663.5,1695.5,32.0,1.9236549443943494,2,2,2,True
612354784,22768,human_candidate,avg_ccn,4.040816326530612,4.0,-0.040816326530611846,-1.0101010101010004,2,2,1,True
612354784,22768,human_candidate,function_count,24.5,26.0,1.5,6.122448979591836,2,2,2,True
612354784,22812,human_candidate,nloc,3817.5,3804.0,-13.5,-0.35363457760314343,2,2,2,True
612354784,22812,human_candidate,avg_ccn,1.925531914893617,1.9262877442273534,0.000755829333736413,0.039253015122222554,2,2,2,True
612354784,22812,human_candidate,function_count,282.5,282.0,-0.5,-0.17699115044247787,2,2,2,True
612354784,23083,human_candidate,nloc,13780.0,13782.0,2.0,0.01451378809869376,1,1,1,True
612354784,23083,human_candidate,avg_ccn,11.77245508982036,11.77245508982036,0.0,0.0,1,1,1,True
612354784,23083,human_candidate,function_count,334.0,334.0,0.0,0.0,1,1,1,True
612354784,23198,human_candidate,nloc,1072.0,1076.6,4.599999999999909,0.4291044776119318,10,10,10,True
612354784,23198,human_candidate,avg_ccn,3.969319233227912,4.031431700949047,0.062112467721134657,1.564814117271788,10,10,8,True
612354784,23198,human_candidate,function_count,44.6,45.0,0.3999999999999986,0.896860986547082,10,10,10,True
612354784,23309,agentic,nloc,4413.0,4397.0,-16.0,-0.3625651484251076,1,1,1,True
612354784,23309,agentic,avg_ccn,7.230769230769231,6.892857142857143,-0.3379120879120876,-4.673252279635254,1,1,1,True
612354784,23309,agentic,function_count,26.0,28.0,2.0,7.6923076923076925,1,1,1,True
612354784,23402,human_candidate,nloc,1695.5,1780.0,84.5,4.983780595694485,2,2,2,True
612354784,23402,human_candidate,avg_ccn,4.0,3.857142857142857,-0.1428571428571428,-3.57142857142857,2,2,1,True
612354784,23402,human_candidate,function_count,26.0,28.0,2.0,7.6923076923076925,2,2,2,True
612354784,23411,human_candidate,nloc,5593.5,5622.5,29.0,0.5184589255385715,2,2,2,True
612354784,23411,human_candidate,avg_ccn,4.194775812422871,4.216584539574992,0.021808727152120788,0.5199020907752453,2,2,2,True
612354784,23411,human_candidate,function_count,320.0,320.5,0.5,0.15625,2,2,2,True
612354784,23492,human_candidate,nloc,2069.75,2218.75,149.0,7.1989370696944075,4,4,4,True
612354784,23492,human_candidate,avg_ccn,6.552812351220839,6.6754956126096845,0.12268326138884511,1.872223021402227,4,4,3,True
612354784,23492,human_candidate,function_count,49.75,54.0,4.25,8.542713567839195,4,4,4,True
612354784,23510,human_candidate,nloc,748.0,753.3333333333334,5.333333333333371,0.7130124777183652,3,3,3,True
612354784,23510,human_candidate,avg_ccn,4.224137931034482,4.1260611205432935,-0.09807681049118866,-2.3218183708118136,3,3,2,True
612354784,23510,human_candidate,function_count,35.0,35.666666666666664,0.6666666666666643,1.904761904761898,3,3,3,True
612354784,23696,human_candidate,nloc,13874.0,14034.0,160.0,1.1532362692806688,1,1,1,True
612354784,23696,human_candidate,avg_ccn,11.830357142857142,11.887240356083087,0.05688321322594447,0.48082414198534196,1,1,1,True
612354784,23696,human_candidate,function_count,336.0,337.0,1.0,0.2976190476190476,1,1,1,True
612354784,23807,human_candidate,nloc,639.0,639.0,0.0,0.0,1,1,1,True
612354784,23807,human_candidate,avg_ccn,1.5911949685534592,1.5911949685534592,0.0,0.0,1,1,1,True
612354784,23807,human_candidate,function_count,159.0,159.0,0.0,0.0,1,1,1,True
612354784,23915,agentic,nloc,1386.0,1386.0,0.0,0.0,1,1,1,True
612354784,23915,agentic,avg_ccn,7.826086956521739,7.826086956521739,0.0,0.0,1,1,1,True
612354784,23915,agentic,function_count,46.0,46.0,0.0,0.0,1,1,1,True
614765452,13047,human_candidate,nloc,787.0666666666667,824.1333333333333,37.066666666666606,4.709469761138396,15,15,15,True
614765452,13047,human_candidate,avg_ccn,3.7983955621609344,3.8351713918242627,0.03677582966332826,0.9681937823875887,15,15,15,True
614765452,13047,human_candidate,function_count,35.13333333333333,36.733333333333334,1.6000000000000014,4.554079696394691,15,15,15,True
615684995,666,human_candidate,nloc,423.0,428.0,5.0,1.1820330969267139,2,2,2,True
615684995,666,human_candidate,avg_ccn,6.8,7.075,0.27500000000000036,4.044117647058829,2,2,2,True
615684995,666,human_candidate,function_count,11.0,11.0,0.0,0.0,2,2,2,True
620004347,1676,human_candidate,nloc,708.0,724.0,16.0,2.2598870056497176,1,1,1,True
620004347,1676,human_candidate,avg_ccn,1.9152542372881356,1.9830508474576272,0.06779661016949157,3.5398230088495595,1,1,1,True
620004347,1676,human_candidate,function_count,59.0,59.0,0.0,0.0,1,1,1,True
622646426,686,agentic,nloc,44.25,68.75,24.5,55.367231638418076,4,4,4,True
622646426,686,agentic,avg_ccn,3.25,4.5,1.25,38.46153846153846,4,4,4,True
622646426,686,agentic,function_count,3.5,4.25,0.75,21.428571428571427,4,4,4,True
622903599,734,human_candidate,nloc,316.3636363636364,411.0,94.63636363636363,29.91379310344827,11,11,11,True
622903599,734,human_candidate,avg_ccn,2.121693121693122,2.4449780701754387,0.3232849484823168,15.23712101325633,11,11,10,True
622903599,734,human_candidate,function_count,22.272727272727273,27.363636363636363,5.09090909090909,22.857142857142854,11,11,11,True
631840812,309,agentic,nloc,165.0,162.5,-2.5,-1.5151515151515151,4,4,4,True
631840812,309,agentic,avg_ccn,2.219047619047619,2.1770833333333335,-0.041964285714285676,-1.8910944206008566,4,4,4,True
631840812,309,agentic,function_count,10.5,11.75,1.25,11.904761904761905,4,4,4,True
633262635,5985,human_candidate,nloc,92.16666666666667,90.66666666666667,-1.5,-1.6274864376130198,6,6,6,True
633262635,5985,human_candidate,avg_ccn,3.111111111111111,2.537037037037037,-0.574074074074074,-18.45238095238095,6,6,6,True
633262635,5985,human_candidate,function_count,2.6666666666666665,2.6666666666666665,0.0,0.0,6,6,6,True
633927609,3046,agentic,nloc,501.3333333333333,499.3333333333333,-2.0,-0.39893617021276595,3,3,3,True
633927609,3046,agentic,avg_ccn,4.466666666666667,4.501851851851852,0.03518518518518565,0.7877280265340071,3,3,3,True
633927609,3046,agentic,function_count,7.333333333333333,7.666666666666667,0.3333333333333339,4.545454545454554,3,3,3,True
633927609,3047,agentic,nloc,501.3333333333333,501.3333333333333,0.0,0.0,3,3,3,True
633927609,3047,agentic,avg_ccn,4.466666666666667,4.501851851851852,0.03518518518518565,0.7877280265340071,3,3,3,True
633927609,3047,agentic,function_count,7.333333333333333,7.666666666666667,0.3333333333333339,4.545454545454554,3,3,3,True
634043200,6319,agentic,nloc,209.33333333333334,278.3333333333333,68.99999999999997,32.96178343949043,3,3,3,True
634043200,6319,agentic,avg_ccn,1.8548644338118023,2.045108695652174,0.1902442618403717,10.256504916071629,3,3,3,True
634043200,6319,agentic,function_count,16.666666666666668,21.333333333333332,4.666666666666664,27.999999999999982,3,3,3,True
638951438,3549,human_candidate,nloc,1333.3333333333333,1324.3333333333333,-9.0,-0.675,3,3,3,True
638951438,3549,human_candidate,avg_ccn,1.8754084967320261,1.6699245852187028,-0.20548391151332335,-10.956754854816284,3,3,3,True
638951438,3549,human_candidate,function_count,35.666666666666664,36.666666666666664,1.0,2.8037383177570097,3,3,3,True
638951438,5151,human_candidate,nloc,2778.5,2807.0,28.5,1.0257333093395717,2,2,2,True
638951438,5151,human_candidate,avg_ccn,2.1270337922403004,2.1666666666666665,0.039632874426366094,1.8632931254290384,2,2,2,True
638951438,5151,human_candidate,function_count,32.0,33.0,1.0,3.125,2,2,2,True
638951438,5599,human_candidate,nloc,1806.2,1811.4,5.2000000000000455,0.28789724283025386,5,5,5,True
638951438,5599,human_candidate,avg_ccn,1.8469806763285022,1.8469806763285022,0.0,0.0,5,5,5,True
638951438,5599,human_candidate,function_count,24.2,24.2,0.0,0.0,5,5,5,True
638951438,6713,human_candidate,nloc,770.7142857142857,835.7857142857143,65.07142857142867,8.443002780352192,14,14,14,True
638951438,6713,human_candidate,avg_ccn,1.8465670197249144,1.8758443998382077,0.029277380113293283,1.5855032501151662,14,14,11,True
638951438,6713,human_candidate,function_count,19.214285714285715,20.5,1.2857142857142847,6.691449814126388,14,14,14,True
639079153,1154,human_candidate,nloc,301.75,311.25,9.5,3.148301574150787,4,4,4,True
639079153,1154,human_candidate,avg_ccn,3.3704266321913376,3.5078023725082548,0.13737574031691713,4.075915464375501,4,4,4,True
639079153,1154,human_candidate,function_count,17.5,18.0,0.5,2.857142857142857,4,4,4,True
639195966,883,human_candidate,nloc,74.0,73.0,-1.0,-1.3513513513513513,1,1,1,True
639195966,883,human_candidate,avg_ccn,1.8,2.0,0.19999999999999996,11.111111111111109,1,1,1,True
639195966,883,human_candidate,function_count,5.0,5.0,0.0,0.0,1,1,1,True
642497346,11921,agentic,nloc,468.0,474.75,6.75,1.4423076923076923,8,8,8,True
642497346,11921,agentic,avg_ccn,3.1907449783879986,5.75306381896771,2.562318840579711,80.30472061964113,8,8,6,True
642497346,11921,agentic,function_count,6.5,6.5,0.0,0.0,8,8,8,True
642497346,12572,agentic,nloc,388.6190476190476,410.1904761904762,21.571428571428612,5.550790344320561,21,21,21,True
642497346,12572,agentic,avg_ccn,5.095401679049377,4.623707258907753,-0.471694420141624,-9.257256833765963,21,21,21,True
642497346,12572,agentic,function_count,14.666666666666666,15.952380952380953,1.2857142857142865,8.766233766233771,21,21,21,True
642497346,13479,agentic,nloc,301.4,321.4,20.0,6.635700066357002,10,10,10,True
642497346,13479,agentic,avg_ccn,6.7129977722083,6.868068318945512,0.1550705467372122,2.3100044421167802,10,10,9,True
642497346,13479,agentic,function_count,8.1,8.8,0.7000000000000011,8.64197530864199,10,10,10,True
642868297,429,human_candidate,nloc,811.5,817.0,5.5,0.6777572396796057,2,2,2,True
642868297,429,human_candidate,avg_ccn,1.713913043478261,1.7356521739130435,0.021739130434782483,1.268391679350576,2,2,2,True
642868297,429,human_candidate,function_count,61.5,61.5,0.0,0.0,2,2,2,True
642983964,309,human_candidate,nloc,390.0,435.0,45.0,11.538461538461538,5,5,5,True
642983964,309,human_candidate,avg_ccn,2.426282051282051,2.6399327122153213,0.21365066093327023,8.805681137540333,5,5,4,True
642983964,309,human_candidate,function_count,17.6,19.0,1.3999999999999986,7.954545454545446,5,5,5,True
643629784,641,agentic,nloc,271.0,271.0,0.0,0.0,1,1,1,True
643629784,641,agentic,avg_ccn,4.0,4.0,0.0,0.0,1,1,1,True
643629784,641,agentic,function_count,13.0,13.0,0.0,0.0,1,1,1,True
643647588,2085,agentic,nloc,332.0,346.0,14.0,4.216867469879518,1,1,1,True
643647588,2085,agentic,avg_ccn,2.4814814814814814,2.5925925925925926,0.11111111111111116,4.47761194029851,1,1,1,True
643647588,2085,agentic,function_count,27.0,27.0,0.0,0.0,1,1,1,True
643971174,1938,human_candidate,nloc,134.5,152.5,18.0,13.382899628252789,10,10,10,True
643971174,1938,human_candidate,avg_ccn,2.0061728395061724,2.292616334283001,0.2864434947768286,14.278106508875767,10,10,9,True
643971174,1938,human_candidate,function_count,6.5,7.2,0.7000000000000002,10.769230769230772,10,10,10,True
643971174,3203,human_candidate,nloc,241.0,241.5,0.5,0.2074688796680498,2,2,2,True
643971174,3203,human_candidate,avg_ccn,2.9916666666666667,2.9916666666666667,0.0,0.0,2,2,2,True
643971174,3203,human_candidate,function_count,11.0,11.0,0.0,0.0,2,2,2,True
643978507,2143,agentic,nloc,71.0,71.0,0.0,0.0,1,1,1,True
643978507,2143,agentic,avg_ccn,2.4285714285714284,2.4285714285714284,0.0,0.0,1,1,1,True
643978507,2143,agentic,function_count,7.0,7.0,0.0,0.0,1,1,1,True
643978507,2144,agentic,nloc,263.0,264.0,1.0,0.38022813688212925,1,1,1,True
643978507,2144,agentic,avg_ccn,1.6666666666666667,1.6666666666666667,0.0,0.0,1,1,1,True
643978507,2144,agentic,function_count,3.0,3.0,0.0,0.0,1,1,1,True
644499668,246,agentic,nloc,1122.0,1121.0,-1.0,-0.08912655971479501,2,2,2,True
644499668,246,agentic,avg_ccn,3.225357142857143,3.2214285714285715,-0.003928571428571281,-0.12180267965894793,2,2,2,True
644499668,246,agentic,function_count,78.0,78.0,0.0,0.0,2,2,2,True
645180041,932,agentic,nloc,710.8,715.4,4.600000000000023,0.6471581316826144,5,5,5,True
645180041,932,agentic,avg_ccn,4.030411255411256,4.052813852813853,0.022402597402597202,0.5558389946564221,5,5,4,True
645180041,932,agentic,function_count,25.6,25.6,0.0,0.0,5,5,5,True
645180041,934,agentic,nloc,154.0,160.0,6.0,3.896103896103896,1,1,1,True
645180041,934,agentic,avg_ccn,4.142857142857143,4.285714285714286,0.14285714285714235,3.448275862068953,1,1,1,True
645180041,934,agentic,function_count,7.0,7.0,0.0,0.0,1,1,1,True
645180041,961,agentic,nloc,304.6,299.4,-5.2000000000000455,-1.707156927117546,5,5,5,True
645180041,961,agentic,avg_ccn,4.163636363636364,4.498571428571428,0.3349350649350642,8.044291952588877,5,5,5,True
645180041,961,agentic,function_count,11.2,10.6,-0.5999999999999996,-5.357142857142854,5,5,5,True
645180041,970,agentic,nloc,573.3333333333334,582.5,9.166666666666629,1.5988372093023189,6,6,6,True
645180041,970,agentic,avg_ccn,3.6147168803418803,3.5150470051034115,-0.09966987523846882,-2.7573355960603485,6,6,4,True
645180041,970,agentic,function_count,20.833333333333332,21.666666666666668,0.8333333333333357,4.0000000000000115,6,6,6,True
645180041,972,agentic,nloc,632.2,676.8,44.59999999999991,7.054729515975942,5,5,5,True
645180041,972,agentic,avg_ccn,2.763165078419694,2.8174792960662525,0.054314217646558305,1.9656522902215319,5,5,4,True
645180041,972,agentic,function_count,28.6,30.6,2.0,6.9930069930069925,5,5,5,True
645180041,973,agentic,nloc,586.0,679.1428571428571,93.14285714285711,15.894685519258891,7,7,7,True
645180041,973,agentic,avg_ccn,3.4456353170638883,3.5495175424686702,0.10388222540478198,3.0148932154927706,7,7,7,True
645180041,973,agentic,function_count,23.285714285714285,26.571428571428573,3.2857142857142883,14.110429447852773,7,7,7,True
645180041,974,agentic,nloc,287.55555555555554,271.77777777777777,-15.777777777777771,-5.4868624420401835,9,9,9,True
645180041,974,agentic,avg_ccn,2.3994249443524804,2.5487517976009024,0.149326853248422,6.223443396297608,9,9,9,True
645180041,974,agentic,function_count,21.333333333333332,20.333333333333332,-1.0,-4.6875,9,9,9,True
645180041,976,agentic,nloc,255.0,306.0,51.0,20.0,1,1,1,True
645180041,976,agentic,avg_ccn,2.0625,2.611111111111111,0.5486111111111112,26.599326599326602,1,1,1,True
645180041,976,agentic,function_count,16.0,18.0,2.0,12.5,1,1,1,True
645180041,996,agentic,nloc,114.4,114.4,0.0,0.0,5,5,5,True
645180041,996,agentic,avg_ccn,2.125,2.125,0.0,0.0,5,5,4,True
645180041,996,agentic,function_count,4.2,4.2,0.0,0.0,5,5,5,True
645180041,997,agentic,nloc,54.5,56.5,2.0,3.669724770642202,14,14,14,True
645180041,997,agentic,avg_ccn,2.729148629148629,2.44978354978355,-0.27936507936507926,-10.236345370908895,14,14,14,True
645180041,997,agentic,function_count,3.5714285714285716,3.857142857142857,0.2857142857142856,7.9999999999999964,14,14,14,True
645692075,4987,human_candidate,nloc,110.6,111.5,0.9000000000000057,0.8137432188065151,10,10,10,True
645692075,4987,human_candidate,avg_ccn,1.6900793650793653,1.710079365079365,0.019999999999999796,1.1833763794317793,10,10,10,True
645692075,4987,human_candidate,function_count,9.8,9.8,0.0,0.0,10,10,10,True
647427819,1787,agentic,nloc,3621.0,3609.0,-12.0,-0.33140016570008285,2,2,2,True
647427819,1787,agentic,avg_ccn,4.870339965230829,4.82329643061653,-0.047043534614299,-0.9659189081284058,2,2,2,True
647427819,1787,agentic,function_count,114.5,115.5,1.0,0.8733624454148472,2,2,2,True
647509652,4579,agentic,nloc,633.0,611.0,-22.0,-3.4755134281200633,1,1,1,True
647509652,4579,agentic,avg_ccn,5.7407407407407405,4.821428571428571,-0.9193121693121693,-16.01382488479263,1,1,1,True
647509652,4579,agentic,function_count,27.0,28.0,1.0,3.7037037037037037,1,1,1,True
647509652,5559,human_candidate,nloc,43.0,43.0,0.0,0.0,1,1,1,True
647509652,5559,human_candidate,avg_ccn,5.0,5.0,0.0,0.0,1,1,1,True
647509652,5559,human_candidate,function_count,3.0,3.0,0.0,0.0,1,1,1,True
650377372,6544,human_candidate,nloc,2525.8,2567.2,41.399999999999636,1.6390846464486355,5,5,5,True
650377372,6544,human_candidate,avg_ccn,3.8609022556390977,3.8589876866078234,-0.0019145690312742936,-0.04958864287429037,5,5,5,True
650377372,6544,human_candidate,function_count,76.2,77.0,0.7999999999999972,1.0498687664041957,5,5,5,True
650377372,6883,human_candidate,nloc,2422.3333333333335,2463.0,40.666666666666515,1.6788220723819944,3,3,3,True
650377372,6883,human_candidate,avg_ccn,3.016982836495032,2.962282799298581,-0.05470003719645078,-1.8130708777912152,3,3,3,True
650377372,6883,human_candidate,function_count,86.33333333333333,88.66666666666667,2.333333333333343,2.7027027027027137,3,3,3,True
651622038,1541,human_candidate,nloc,678.75,764.25,85.5,12.596685082872929,4,4,4,True
651622038,1541,human_candidate,avg_ccn,4.707815734989648,4.7657056798623065,0.05788994487265864,1.2296561320870374,4,4,4,True
651622038,1541,human_candidate,function_count,31.5,36.0,4.5,14.285714285714286,4,4,4,True
653589102,2264,agentic,nloc,139.0,143.0,4.0,2.8776978417266186,4,4,4,True
653589102,2264,agentic,avg_ccn,7.8,7.8,0.0,0.0,4,4,1,True
653589102,2264,agentic,function_count,1.25,3.0,1.75,140.0,4,4,4,True
655181249,1657,agentic,nloc,256.5,242.25,-14.25,-5.555555555555555,4,4,4,True
655181249,1657,agentic,avg_ccn,2.9444444444444446,3.4,0.45555555555555527,15.471698113207538,4,4,3,True
655181249,1657,agentic,function_count,14.0,13.0,-1.0,-7.142857142857143,4,4,4,True
664013991,1505,human_candidate,nloc,158.0,157.0,-1.0,-0.6329113924050633,1,1,1,True
664013991,1505,human_candidate,avg_ccn,4.0,1.6666666666666667,-2.333333333333333,-58.33333333333333,1,1,1,True
664013991,1505,human_candidate,function_count,3.0,3.0,0.0,0.0,1,1,1,True
665613753,505,agentic,nloc,293.0,310.0,17.0,5.802047781569966,1,1,1,True
665613753,505,agentic,avg_ccn,3.3,3.1818181818181817,-0.11818181818181817,-3.5812672176308538,1,1,1,True
665613753,505,agentic,function_count,20.0,22.0,2.0,10.0,1,1,1,True
665613753,1702,human_candidate,nloc,501.45454545454544,514.8181818181819,13.36363636363643,2.6649746192893535,11,11,11,True
665613753,1702,human_candidate,avg_ccn,2.0179283380018673,2.0487382011939532,0.030809863192085896,1.526806607146095,11,11,10,True
665613753,1702,human_candidate,function_count,24.09090909090909,24.90909090909091,0.8181818181818201,3.3962264150943478,11,11,11,True
669466632,795,agentic,nloc,198.125,202.9375,4.8125,2.4290220820189274,32,32,32,True
669466632,795,agentic,avg_ccn,2.7377782142925495,2.820272493468751,0.08249427917620133,3.0131834180555823,32,32,23,True
669466632,795,agentic,function_count,7.53125,8.5,0.96875,12.863070539419088,32,32,32,True
673010778,1354,human_candidate,nloc,618.3333333333334,677.0,58.66666666666663,9.487870619946085,3,3,3,True
673010778,1354,human_candidate,avg_ccn,3.1145299145299146,3.2478632478632474,0.13333333333333286,4.281009879253552,3,3,3,True
673010778,1354,human_candidate,function_count,30.333333333333332,31.666666666666668,1.3333333333333357,4.395604395604404,3,3,3,True
673010778,2329,agentic,nloc,759.5,761.5,2.0,0.2633311389071758,2,2,2,True
673010778,2329,agentic,avg_ccn,4.857954545454545,4.857954545454545,0.0,0.0,2,2,2,True
673010778,2329,agentic,function_count,28.5,28.5,0.0,0.0,2,2,2,True
675740952,682,human_candidate,nloc,96.0,250.0,154.0,160.41666666666666,1,1,1,True
675740952,682,human_candidate,avg_ccn,2.75,1.9375,-0.8125,-29.545454545454547,1,1,1,True
675740952,682,human_candidate,function_count,4.0,16.0,12.0,300.0,1,1,1,True
675740952,1056,human_candidate,nloc,382.5,417.3333333333333,34.833333333333314,9.10675381263616,6,6,6,True
675740952,1056,human_candidate,avg_ccn,1.4895561434450322,1.7206043956043955,0.2310482521593633,15.511214745152,6,6,6,True
675740952,1056,human_candidate,function_count,26.0,28.833333333333332,2.833333333333332,10.897435897435892,6,6,6,True
675740952,1177,human_candidate,nloc,1326.3333333333333,1344.0,17.666666666666742,1.33199296305605,3,3,3,True
675740952,1177,human_candidate,avg_ccn,4.564052287581699,4.53456510809452,-0.029487179487179382,-0.6460745326562288,3,3,3,True
675740952,1177,human_candidate,function_count,23.333333333333332,24.0,0.6666666666666679,2.8571428571428625,3,3,3,True
675740952,1582,human_candidate,nloc,65.0,65.0,0.0,0.0,1,1,1,True
675740952,1582,human_candidate,avg_ccn,2.0,2.0,0.0,0.0,1,1,1,True
675740952,1582,human_candidate,function_count,2.0,2.0,0.0,0.0,1,1,1,True
675740952,2131,human_candidate,nloc,547.3333333333334,619.3333333333334,72.0,13.154689403166868,3,3,3,True
675740952,2131,human_candidate,avg_ccn,2.2623456790123457,2.1099715099715097,-0.152374169040836,-6.735229300031496,3,3,3,True
675740952,2131,human_candidate,function_count,25.333333333333332,30.333333333333332,5.0,19.736842105263158,3,3,3,True
675859069,1174,agentic,nloc,217.4,217.8,0.4000000000000057,0.18399264029439083,5,5,5,True
675859069,1174,agentic,avg_ccn,7.125,7.425,0.2999999999999998,4.210526315789471,5,5,5,True
675859069,1174,agentic,function_count,4.8,4.8,0.0,0.0,5,5,5,True
675859069,1236,agentic,nloc,452.5,454.0,1.5,0.3314917127071823,2,2,2,True
675859069,1236,agentic,avg_ccn,4.483333333333333,4.525,0.04166666666666696,0.9293680297397835,2,2,2,True
675859069,1236,agentic,function_count,11.0,11.0,0.0,0.0,2,2,2,True
675859069,1237,agentic,nloc,452.5,455.0,2.5,0.5524861878453039,2,2,2,True
675859069,1237,agentic,avg_ccn,4.483333333333333,4.525,0.04166666666666696,0.9293680297397835,2,2,2,True
675859069,1237,agentic,function_count,11.0,11.0,0.0,0.0,2,2,2,True
675859069,1238,agentic,nloc,534.0,557.0,23.0,4.307116104868914,1,1,1,True
675859069,1238,agentic,avg_ccn,4.3,4.090909090909091,-0.209090909090909,-4.862579281183931,1,1,1,True
675859069,1238,agentic,function_count,10.0,11.0,1.0,10.0,1,1,1,True
676672661,4888,human_candidate,nloc,451.6666666666667,458.6666666666667,7.0,1.5498154981549814,3,3,3,True
676672661,4888,human_candidate,avg_ccn,7.107407407407408,6.964550264550264,-0.14285714285714324,-2.009975433633594,3,3,3,True
676672661,4888,human_candidate,function_count,17.333333333333332,17.666666666666668,0.3333333333333357,1.923076923076937,3,3,3,True
676672661,7426,human_candidate,nloc,348.0,351.0,3.0,0.8620689655172413,2,2,2,True
676672661,7426,human_candidate,avg_ccn,2.5542986425339365,2.757918552036199,0.2036199095022626,7.971656333038094,2,2,2,True
676672661,7426,human_candidate,function_count,15.0,15.0,0.0,0.0,2,2,2,True
676672661,7902,human_candidate,nloc,1221.0,1252.0,31.0,2.538902538902539,1,1,1,True
676672661,7902,human_candidate,avg_ccn,9.205128205128204,9.05,-0.1551282051282037,-1.685236768802213,1,1,1,True
676672661,7902,human_candidate,function_count,39.0,40.0,1.0,2.5641025641025643,1,1,1,True
678526156,3760,human_candidate,nloc,302.7,314.7,12.0,3.964321110009911,10,10,10,True
678526156,3760,human_candidate,avg_ccn,2.198285177354945,2.0683357211264193,-0.12994945622852594,-5.911401194311183,10,10,10,True
678526156,3760,human_candidate,function_count,22.9,23.9,1.0,4.366812227074236,10,10,10,True
678526156,9528,human_candidate,nloc,114.75,117.25,2.5,2.178649237472767,4,4,4,True
678526156,9528,human_candidate,avg_ccn,3.013888888888889,2.516666666666667,-0.4972222222222218,-16.497695852534548,4,4,4,True
678526156,9528,human_candidate,function_count,7.0,7.25,0.25,3.5714285714285716,4,4,4,True
678526156,9691,human_candidate,nloc,606.3333333333334,600.25,-6.083333333333371,-1.0032985156679557,12,12,12,True
678526156,9691,human_candidate,avg_ccn,16.81836385836386,16.828024445510213,0.009660587146353095,0.05744070723947879,12,12,10,True
678526156,9691,human_candidate,function_count,26.75,25.583333333333332,-1.1666666666666679,-4.3613707165109075,12,12,12,True
679280065,8691,agentic,nloc,116.76923076923077,134.15384615384616,17.384615384615387,14.888010540184453,13,13,13,True
679280065,8691,agentic,avg_ccn,1.5165018315018313,1.6561035696329813,0.13960173813115007,9.205510684606217,13,13,13,True
679280065,8691,agentic,function_count,10.538461538461538,13.076923076923077,2.5384615384615383,24.087591240875913,13,13,13,True
679280065,9210,agentic,nloc,16.0,41.0,25.0,156.25,1,1,1,True
679280065,9210,agentic,avg_ccn,1.0,1.0,0.0,0.0,1,1,1,True
679280065,9210,agentic,function_count,3.0,5.0,2.0,66.66666666666667,1,1,1,True
679601811,2672,human_candidate,nloc,107.0,70.0,-37.0,-34.57943925233645,1,1,1,True
679601811,2672,human_candidate,avg_ccn,1.3571428571428572,1.3333333333333333,-0.023809523809523947,-1.7543859649122908,1,1,1,True
679601811,2672,human_candidate,function_count,14.0,12.0,-2.0,-14.285714285714286,1,1,1,True
679601811,2709,human_candidate,nloc,142.0,146.0,4.0,2.816901408450704,1,1,1,True
679601811,2709,human_candidate,avg_ccn,1.45,1.5,0.050000000000000044,3.448275862068969,1,1,1,True
679601811,2709,human_candidate,function_count,20.0,20.0,0.0,0.0,1,1,1,True
679601811,3159,human_candidate,nloc,340.0,339.5,-0.5,-0.14705882352941177,4,4,4,True
679601811,3159,human_candidate,avg_ccn,2.0142718916303823,2.0046565070149978,-0.009615384615384581,-0.4773627957247491,4,4,4,True
679601811,3159,human_candidate,function_count,21.0,21.0,0.0,0.0,4,4,4,True
679784368,1633,agentic,nloc,143.95833333333334,143.95833333333334,0.0,0.0,24,24,24,True
679784368,1633,agentic,avg_ccn,2.7380390589659167,2.7380390589659167,0.0,0.0,24,24,24,True
679784368,1633,agentic,function_count,8.708333333333334,8.708333333333334,0.0,0.0,24,24,24,True
679784368,1877,agentic,nloc,733.0,735.0,2.0,0.2728512960436562,1,1,1,True
679784368,1877,agentic,avg_ccn,3.1818181818181817,3.3181818181818183,0.1363636363636367,4.285714285714296,1,1,1,True
679784368,1877,agentic,function_count,22.0,22.0,0.0,0.0,1,1,1,True
681331591,1047,agentic,nloc,96.5,93.33333333333333,-3.1666666666666714,-3.2815198618307475,6,6,6,True
681331591,1047,agentic,avg_ccn,3.1086309523809526,3.0833333333333335,-0.02529761904761907,-0.8137865007180476,6,6,4,True
681331591,1047,agentic,function_count,6.833333333333333,6.666666666666667,-0.16666666666666607,-2.439024390243894,6,6,6,True
681372871,1330,human_candidate,nloc,532.0,554.0,22.0,4.135338345864661,1,1,1,True
681372871,1330,human_candidate,avg_ccn,5.8076923076923075,5.730769230769231,-0.07692307692307665,-1.3245033112582736,1,1,1,True
681372871,1330,human_candidate,function_count,26.0,26.0,0.0,0.0,1,1,1,True
681372871,1571,agentic,nloc,693.0,694.0,1.0,0.1443001443001443,1,1,1,True
681372871,1571,agentic,avg_ccn,6.9375,6.9375,0.0,0.0,1,1,1,True
681372871,1571,agentic,function_count,16.0,16.0,0.0,0.0,1,1,1,True
694709543,993,human_candidate,nloc,57.0,56.0,-1.0,-1.7543859649122806,2,2,2,True
694709543,993,human_candidate,avg_ccn,2.0,2.5,0.5,25.0,2,2,1,True
694709543,993,human_candidate,function_count,1.0,1.0,0.0,0.0,2,2,2,True
699532645,18394,human_candidate,nloc,508.0,539.3333333333334,31.33333333333337,6.167979002624679,3,3,3,True
699532645,18394,human_candidate,avg_ccn,8.724836601307189,8.783132530120481,0.058295928813292264,0.6681606943167067,3,3,3,True
699532645,18394,human_candidate,function_count,32.0,31.666666666666668,-0.33333333333333215,-1.041666666666663,3,3,3,True
699532645,19383,agentic,nloc,1219.5,1234.0,14.5,1.1890118901189013,2,2,2,True
699532645,19383,agentic,avg_ccn,3.3552631578947367,3.3670715249662617,0.011808367071524994,0.35193564605329397,2,2,2,True
699532645,19383,agentic,function_count,38.0,38.5,0.5,1.3157894736842106,2,2,2,True
699532645,19425,human_candidate,nloc,3587.0,3622.0,35.0,0.9757457485363814,1,1,1,True
699532645,19425,human_candidate,avg_ccn,2.361290322580645,2.4038461538461537,0.04255583126550855,1.802227826817985,1,1,1,True
699532645,19425,human_candidate,function_count,155.0,156.0,1.0,0.6451612903225806,1,1,1,True
701494311,2467,agentic,nloc,354.0,378.42857142857144,24.428571428571445,6.900726392251821,7,7,7,True
701494311,2467,agentic,avg_ccn,4.5921768707482995,6.668707482993198,2.0765306122448983,45.21887267609807,7,7,7,True
701494311,2467,agentic,function_count,30.142857142857142,30.428571428571427,0.2857142857142847,0.9478672985781957,7,7,7,True
701494311,3595,agentic,nloc,1612.65625,1612.71875,0.0625,0.003875593450247069,32,32,32,True
701494311,3595,agentic,avg_ccn,3.4879477794639833,3.4879477794639833,0.0,0.0,32,32,32,True
701494311,3595,agentic,function_count,53.09375,53.09375,0.0,0.0,32,32,32,True
701547123,19680,human_candidate,nloc,230.0,229.0,-1.0,-0.43478260869565216,1,1,1,True
701547123,19680,human_candidate,avg_ccn,3.3846153846153846,3.3846153846153846,0.0,0.0,1,1,1,True
701547123,19680,human_candidate,function_count,13.0,13.0,0.0,0.0,1,1,1,True
701547123,21019,human_candidate,nloc,396.6666666666667,394.0,-2.6666666666666856,-0.6722689075630299,3,3,3,True
701547123,21019,human_candidate,avg_ccn,3.7521929824561404,3.6721491228070176,-0.08004385964912286,-2.1332554061952087,3,3,3,True
701547123,21019,human_candidate,function_count,17.0,17.0,0.0,0.0,3,3,3,True
701547123,23539,human_candidate,nloc,79.0,86.0,7.0,8.860759493670885,1,1,1,True
701547123,23539,human_candidate,avg_ccn,3.1666666666666665,3.3333333333333335,0.16666666666666696,5.263157894736851,1,1,1,True
701547123,23539,human_candidate,function_count,6.0,6.0,0.0,0.0,1,1,1,True
701547123,23799,human_candidate,nloc,834.0,836.0,2.0,0.23980815347721823,1,1,1,True
701547123,23799,human_candidate,avg_ccn,8.052631578947368,8.052631578947368,0.0,0.0,1,1,1,True
701547123,23799,human_candidate,function_count,19.0,19.0,0.0,0.0,1,1,1,True
701547123,24288,human_candidate,nloc,523.0,549.0,26.0,4.97131931166348,1,1,1,True
701547123,24288,human_candidate,avg_ccn,7.0,7.1875,0.1875,2.6785714285714284,1,1,1,True
701547123,24288,human_candidate,function_count,16.0,16.0,0.0,0.0,1,1,1,True
701547123,25066,agentic,nloc,210.0,223.0,13.0,6.190476190476191,1,1,1,True
701547123,25066,agentic,avg_ccn,2.4827586206896552,2.3636363636363638,-0.11912225705329149,-4.797979797979796,1,1,1,True
701547123,25066,agentic,function_count,29.0,33.0,4.0,13.793103448275861,1,1,1,True
701547123,25070,agentic,nloc,211.0,225.0,14.0,6.6350710900473935,1,1,1,True
701547123,25070,agentic,avg_ccn,2.4827586206896552,2.3636363636363638,-0.11912225705329149,-4.797979797979796,1,1,1,True
701547123,25070,agentic,function_count,29.0,33.0,4.0,13.793103448275861,1,1,1,True
701547123,25071,agentic,nloc,211.0,225.0,14.0,6.6350710900473935,1,1,1,True
701547123,25071,agentic,avg_ccn,2.4827586206896552,2.3636363636363638,-0.11912225705329149,-4.797979797979796,1,1,1,True
701547123,25071,agentic,function_count,29.0,33.0,4.0,13.793103448275861,1,1,1,True
701547123,25194,agentic,nloc,211.0,225.0,14.0,6.6350710900473935,1,1,1,True
701547123,25194,agentic,avg_ccn,2.4827586206896552,2.3636363636363638,-0.11912225705329149,-4.797979797979796,1,1,1,True
701547123,25194,agentic,function_count,29.0,33.0,4.0,13.793103448275861,1,1,1,True
707441527,3953,human_candidate,nloc,113.2,115.6,2.3999999999999915,2.120141342756176,5,5,5,True
707441527,3953,human_candidate,avg_ccn,2.6875,2.595833333333333,-0.09166666666666679,-3.410852713178299,5,5,4,True
707441527,3953,human_candidate,function_count,6.0,6.2,0.20000000000000018,3.333333333333336,5,5,5,True
707441527,5402,human_candidate,nloc,675.0,737.0,62.0,9.185185185185185,1,1,1,True
707441527,5402,human_candidate,avg_ccn,3.8684210526315788,4.0476190476190474,0.1791979949874687,4.632329122125041,1,1,1,True
707441527,5402,human_candidate,function_count,38.0,42.0,4.0,10.526315789473685,1,1,1,True
708452754,919,human_candidate,nloc,411.22222222222223,469.22222222222223,58.0,14.10429613617941,9,9,9,True
708452754,919,human_candidate,avg_ccn,2.0701851493641623,2.1904114906832297,0.1202263413190674,5.8075163642244165,9,9,8,True
708452754,919,human_candidate,function_count,34.22222222222222,37.0,2.7777777777777786,8.116883116883118,9,9,9,True
711022854,1005,human_candidate,nloc,1071.3846153846155,1134.076923076923,62.69230769230762,5.851522113727736,13,13,13,True
711022854,1005,human_candidate,avg_ccn,3.371813546972386,3.6655762781533183,0.2937627311809323,8.712306510681984,13,13,10,True
711022854,1005,human_candidate,function_count,42.69230769230769,46.76923076923077,4.076923076923073,9.549549549549539,13,13,13,True
718314761,1762,human_candidate,nloc,405.75,380.25,-25.5,-6.284658040665434,4,4,4,True
718314761,1762,human_candidate,avg_ccn,4.079207920792079,4.200491573033708,0.12128365224162874,2.973215746700122,4,4,2,True
718314761,1762,human_candidate,function_count,29.25,26.25,-3.0,-10.256410256410257,4,4,4,True
718741813,545,agentic,nloc,75.0,112.0,37.0,49.333333333333336,1,1,1,True
718741813,545,agentic,avg_ccn,2.0,3.5,1.5,75.0,1,1,1,True
718741813,545,agentic,function_count,5.0,6.0,1.0,20.0,1,1,1,True
720209383,569,agentic,nloc,1118.0,1134.0,16.0,1.4311270125223614,1,1,1,True
720209383,569,agentic,avg_ccn,2.892857142857143,3.142857142857143,0.25,8.641975308641976,1,1,1,True
720209383,569,agentic,function_count,28.0,28.0,0.0,0.0,1,1,1,True
720209383,1417,agentic,nloc,373.5,412.5,39.0,10.441767068273093,6,6,6,True
720209383,1417,agentic,avg_ccn,2.8956343178899098,3.45095840444014,0.5553240865502302,19.17797710571765,6,6,6,True
720209383,1417,agentic,function_count,32.166666666666664,34.333333333333336,2.1666666666666714,6.735751295336803,6,6,6,True
720209383,1424,agentic,nloc,383.25,415.375,32.125,8.382257012393998,8,8,8,True
720209383,1424,agentic,avg_ccn,5.530965909090909,6.01641791044776,0.48545200135685107,8.776984153146621,8,8,8,True
720209383,1424,agentic,function_count,13.125,13.75,0.625,4.761904761904762,8,8,8,True
720209383,1472,agentic,nloc,499.3076923076923,549.9230769230769,50.615384615384585,10.137112925589271,13,13,13,True
720209383,1472,agentic,avg_ccn,4.890233119913422,4.882799814352586,-0.00743330556083599,-0.15200309225682868,13,13,13,True
720209383,1472,agentic,function_count,20.692307692307693,21.692307692307693,1.0,4.83271375464684,13,13,13,True
720209383,1595,agentic,nloc,1135.857142857143,1291.0,155.1428571428571,13.658659288139853,7,7,7,True
720209383,1595,agentic,avg_ccn,5.907845828813571,5.48158816222726,-0.42625766658631026,-7.215111547213689,7,7,7,True
720209383,1595,agentic,function_count,37.0,40.142857142857146,3.142857142857146,8.494208494208502,7,7,7,True
720209383,1596,agentic,nloc,478.0,450.4117647058824,-27.588235294117624,-5.771597341865611,17,17,17,True
720209383,1596,agentic,avg_ccn,5.803101266721561,5.078179457605722,-0.7249218091158394,-12.491972409183566,17,17,14,True
720209383,1596,agentic,function_count,14.588235294117647,14.117647058823529,-0.47058823529411775,-3.225806451612904,17,17,17,True
720209383,1598,agentic,nloc,763.25,817.95,54.700000000000045,7.16672125777924,20,20,20,True
720209383,1598,agentic,avg_ccn,4.725712124841381,4.7498922425393015,0.024180117697920167,0.5116714065339258,20,20,19,True
720209383,1598,agentic,function_count,24.65,25.65,1.0,4.056795131845842,20,20,20,True
720209383,1601,agentic,nloc,626.3913043478261,652.0,25.60869565217388,4.088290414381892,23,23,23,True
720209383,1601,agentic,avg_ccn,4.432459563190482,4.4506348006639245,0.018175237473442074,0.410048579447379,23,23,23,True
720209383,1601,agentic,function_count,19.043478260869566,19.304347826086957,0.2608695652173907,1.3698630136986267,23,23,23,True
720209383,1613,agentic,nloc,491.09090909090907,514.1818181818181,23.090909090909065,4.701962236208806,11,11,11,True
720209383,1613,agentic,avg_ccn,3.248917748917749,3.471428571428571,0.22251082251082188,6.848767488341086,11,11,11,True
720209383,1613,agentic,function_count,13.636363636363637,13.636363636363637,0.0,0.0,11,11,11,True
720209383,1675,agentic,nloc,904.5714285714286,968.1428571428571,63.571428571428555,7.027795325331646,7,7,7,True
720209383,1675,agentic,avg_ccn,3.4163252652839797,3.284619511078099,-0.1317057542058806,-3.855187781568938,7,7,7,True
720209383,1675,agentic,function_count,28.857142857142858,31.857142857142858,3.0,10.396039603960396,7,7,7,True
720209383,1707,agentic,nloc,917.8571428571429,939.0,21.14285714285711,2.303501945525288,14,14,14,True
720209383,1707,agentic,avg_ccn,2.4548922206938157,2.4839547342527504,0.029062513558934633,1.1838610800893254,14,14,14,True
720209383,1707,agentic,function_count,56.357142857142854,56.785714285714285,0.4285714285714306,0.7604562737642622,14,14,14,True
720209383,1828,agentic,nloc,1045.0,912.0,-133.0,-12.727272727272727,2,2,2,True
720209383,1828,agentic,avg_ccn,7.638888888888888,8.353281853281853,0.7143929643929647,9.352053352053357,2,2,2,True
720209383,1828,agentic,function_count,24.0,22.0,-2.0,-8.333333333333334,2,2,2,True
720999772,17,agentic,nloc,146.33333333333334,146.83333333333334,0.5,0.3416856492027335,6,6,6,True
720999772,17,agentic,avg_ccn,1.286868686868687,1.333838383838384,0.046969696969697106,3.6499215070643745,6,6,6,True
720999772,17,agentic,function_count,14.666666666666666,14.5,-0.16666666666666607,-1.1363636363636325,6,6,6,True
720999772,28,agentic,nloc,114.0,146.0,32.0,28.07017543859649,1,1,1,True
720999772,28,agentic,avg_ccn,3.5,3.75,0.25,7.142857142857143,1,1,1,True
720999772,28,agentic,function_count,4.0,4.0,0.0,0.0,1,1,1,True
720999772,35,agentic,nloc,138.0,158.0,20.0,14.492753623188406,1,1,1,True
720999772,35,agentic,avg_ccn,1.4411764705882353,2.0416666666666665,0.6004901960784312,41.66666666666666,1,1,1,True
720999772,35,agentic,function_count,34.0,24.0,-10.0,-29.41176470588235,1,1,1,True
720999772,39,agentic,nloc,190.5,191.5,1.0,0.5249343832020997,2,2,2,True
720999772,39,agentic,avg_ccn,2.2555555555555555,2.3055555555555554,0.04999999999999982,2.2167487684728986,2,2,2,True
720999772,39,agentic,function_count,14.0,14.0,0.0,0.0,2,2,2,True
720999772,42,agentic,nloc,247.75,268.25,20.5,8.274470232088799,4,4,4,True
720999772,42,agentic,avg_ccn,1.6532670454545455,1.9007575757575756,0.24749053030303014,14.969785491307949,4,4,4,True
720999772,42,agentic,function_count,25.0,25.5,0.5,2.0,4,4,4,True
721767116,7009,agentic,nloc,263.5,272.8333333333333,9.333333333333314,3.5420619860847493,6,6,6,True
721767116,7009,agentic,avg_ccn,2.741442130666268,2.198688497882046,-0.5427536327842222,-19.79810650434243,6,6,6,True
721767116,7009,agentic,function_count,20.833333333333332,21.666666666666668,0.8333333333333357,4.0000000000000115,6,6,6,True
722184017,2113,agentic,nloc,114.8,116.2,1.4000000000000057,1.2195121951219563,5,5,5,True
722184017,2113,agentic,avg_ccn,2.6519760940813573,2.4921428571428574,-0.15983323693849982,-6.026948632576794,5,5,5,True
722184017,2113,agentic,function_count,10.4,11.4,1.0,9.615384615384615,5,5,5,True
722597620,449,agentic,nloc,1574.8,1579.0,4.2000000000000455,0.2667005334010697,5,5,5,True
722597620,449,agentic,avg_ccn,5.025274412090418,5.028181388834604,0.0029069767441853855,0.05784712447128113,5,5,4,True
722597620,449,agentic,function_count,58.0,58.0,0.0,0.0,5,5,5,True
722597620,461,agentic,nloc,1082.5,1130.5,48.0,4.434180138568129,2,2,2,True
722597620,461,agentic,avg_ccn,7.916666666666667,7.7407407407407405,-0.17592592592592649,-2.222222222222229,2,2,1,True
722597620,461,agentic,function_count,12.0,13.5,1.5,12.5,2,2,2,True
722597620,916,agentic,nloc,738.375,772.625,34.25,4.638564415100728,8,8,8,True
722597620,916,agentic,avg_ccn,5.055294117647059,5.140000000000001,0.08470588235294141,1.675587619269262,8,8,5,True
722597620,916,agentic,function_count,17.75,17.75,0.0,0.0,8,8,8,True
722597620,1846,human_candidate,nloc,2889.0,2891.0,2.0,0.06922810661128419,1,1,1,True
722597620,1846,human_candidate,avg_ccn,4.102564102564102,4.102564102564102,0.0,0.0,1,1,1,True
722597620,1846,human_candidate,function_count,117.0,117.0,0.0,0.0,1,1,1,True
722597620,3069,human_candidate,nloc,3092.0,3106.0,14.0,0.45278137128072443,1,1,1,True
722597620,3069,human_candidate,avg_ccn,6.070866141732283,6.102362204724409,0.03149606299212593,0.5188067444876774,1,1,1,True
722597620,3069,human_candidate,function_count,127.0,127.0,0.0,0.0,1,1,1,True
742623962,401,human_candidate,nloc,358.5,384.5,26.0,7.252440725244073,2,2,2,True
742623962,401,human_candidate,avg_ccn,3.3,3.2045454545454546,-0.09545454545454524,-2.892561983471068,2,2,2,True
742623962,401,human_candidate,function_count,13.0,13.5,0.5,3.8461538461538463,2,2,2,True
742623962,500,human_candidate,nloc,252.0,252.0,0.0,0.0,1,1,1,True
742623962,500,human_candidate,avg_ccn,4.75,4.75,0.0,0.0,1,1,1,True
742623962,500,human_candidate,function_count,8.0,8.0,0.0,0.0,1,1,1,True
742623962,592,human_candidate,nloc,415.0,403.0,-12.0,-2.891566265060241,1,1,1,True
742623962,592,human_candidate,avg_ccn,3.857142857142857,3.7857142857142856,-0.07142857142857162,-1.8518518518518567,1,1,1,True
742623962,592,human_candidate,function_count,14.0,14.0,0.0,0.0,1,1,1,True
742623962,606,human_candidate,nloc,555.6666666666666,613.6666666666666,58.0,10.437912417516497,3,3,3,True
742623962,606,human_candidate,avg_ccn,1.728428093645485,1.8153846153846154,0.08695652173913038,5.030959752321978,3,3,3,True
742623962,606,human_candidate,function_count,32.666666666666664,34.0,1.3333333333333357,4.081632653061232,3,3,3,True
744218577,60,agentic,nloc,63.0,63.0,0.0,0.0,1,1,1,True
744218577,60,agentic,avg_ccn,1.1428571428571428,1.1428571428571428,0.0,0.0,1,1,1,True
744218577,60,agentic,function_count,7.0,7.0,0.0,0.0,1,1,1,True
744218577,61,agentic,nloc,273.0,273.0,0.0,0.0,1,1,1,True
744218577,61,agentic,avg_ccn,1.380952380952381,1.3333333333333333,-0.04761904761904767,-3.4482758620689693,1,1,1,True
744218577,61,agentic,function_count,42.0,42.0,0.0,0.0,1,1,1,True
744218577,63,agentic,nloc,63.0,66.0,3.0,4.761904761904762,1,1,1,True
744218577,63,agentic,avg_ccn,1.1428571428571428,1.2857142857142858,0.14285714285714302,12.500000000000016,1,1,1,True
744218577,63,agentic,function_count,7.0,7.0,0.0,0.0,1,1,1,True
744218577,65,agentic,nloc,252.5,256.5,4.0,1.5841584158415842,2,2,2,True
744218577,65,agentic,avg_ccn,1.4177489177489178,1.4066347469220246,-0.011114170826893144,-0.7839308277900202,2,2,2,True
744218577,65,agentic,function_count,37.5,38.5,1.0,2.6666666666666665,2,2,2,True
744218577,66,agentic,nloc,193.33333333333334,181.33333333333334,-12.0,-6.206896551724138,3,3,3,True
744218577,66,agentic,avg_ccn,1.3508240505504527,1.3508240505504527,0.0,0.0,3,3,3,True
744218577,66,agentic,function_count,28.0,28.0,0.0,0.0,3,3,3,True
744218577,70,agentic,nloc,252.5,266.5,14.0,5.544554455445544,2,2,2,True
744218577,70,agentic,avg_ccn,1.4177489177489178,1.4177489177489178,0.0,0.0,2,2,2,True
744218577,70,agentic,function_count,37.5,37.5,0.0,0.0,2,2,2,True
744218577,71,agentic,nloc,560.25,569.75,9.5,1.6956715751896474,4,4,4,True
744218577,71,agentic,avg_ccn,1.2950487012987013,1.3210292807824582,0.02598057948375687,2.0061469084292365,4,4,4,True
744218577,71,agentic,function_count,55.75,56.25,0.5,0.8968609865470852,4,4,4,True
744218577,74,agentic,nloc,217.0,195.0,-22.0,-10.138248847926267,3,3,3,True
744218577,74,agentic,avg_ccn,1.545404208194906,1.3578643578643579,-0.1875398503305481,-12.135326753743097,3,3,3,True
744218577,74,agentic,function_count,30.333333333333332,27.333333333333332,-3.0,-9.89010989010989,3,3,3,True
744218577,75,agentic,nloc,190.75,192.25,1.5,0.7863695937090432,4,4,4,True
744218577,75,agentic,avg_ccn,1.464608711701735,1.4616847350935478,-0.0029239766081872176,-0.19964216959967668,4,4,4,True
744218577,75,agentic,function_count,27.25,27.5,0.25,0.9174311926605505,4,4,4,True
744218577,76,agentic,nloc,198.2,213.8,15.600000000000023,7.870837537840577,5,5,5,True
744218577,76,agentic,avg_ccn,1.836014454741505,1.836014454741505,0.0,0.0,5,5,5,True
744218577,76,agentic,function_count,24.4,24.4,0.0,0.0,5,5,5,True
744218577,77,agentic,nloc,130.0,131.0,1.0,0.7692307692307693,1,1,1,True
744218577,77,agentic,avg_ccn,1.8571428571428572,1.8571428571428572,0.0,0.0,1,1,1,True
744218577,77,agentic,function_count,14.0,14.0,0.0,0.0,1,1,1,True
746306477,28,agentic,nloc,134.5,137.5,3.0,2.2304832713754648,2,2,2,True
746306477,28,agentic,avg_ccn,2.1805555555555554,2.1805555555555554,0.0,0.0,2,2,2,True
746306477,28,agentic,function_count,8.5,8.5,0.0,0.0,2,2,2,True
750789159,466,agentic,nloc,96.0,94.0,-2.0,-2.0833333333333335,1,1,1,True
750789159,466,agentic,avg_ccn,1.0,1.0,0.0,0.0,1,1,1,True
750789159,466,agentic,function_count,2.0,2.0,0.0,0.0,1,1,1,True
752037937,26,agentic,nloc,242.0,234.66666666666666,-7.333333333333343,-3.0303030303030343,3,3,3,True
752037937,26,agentic,avg_ccn,4.571428571428571,4.571428571428571,0.0,0.0,3,3,3,True
752037937,26,agentic,function_count,10.333333333333334,10.333333333333334,0.0,0.0,3,3,3,True
752940677,484,human_candidate,nloc,588.0,594.5,6.5,1.1054421768707483,2,2,2,True
752940677,484,human_candidate,avg_ccn,4.301587301587301,4.436507936507937,0.13492063492063533,3.1365313653136626,2,2,2,True
752940677,484,human_candidate,function_count,15.0,15.0,0.0,0.0,2,2,2,True
763774926,1429,agentic,nloc,770.0,786.0,16.0,2.0779220779220777,1,1,1,True
763774926,1429,agentic,avg_ccn,9.333333333333334,10.222222222222221,0.8888888888888875,9.523809523809508,1,1,1,True
763774926,1429,agentic,function_count,9.0,9.0,0.0,0.0,1,1,1,True
763923484,1510,agentic,nloc,296.25,303.25,7.0,2.3628691983122363,4,4,4,True
763923484,1510,agentic,avg_ccn,3.9097222222222223,3.986111111111111,0.07638888888888884,1.953818827708702,4,4,4,True
763923484,1510,agentic,function_count,10.25,10.5,0.25,2.4390243902439024,4,4,4,True
763923484,1516,agentic,nloc,276.0,276.0,0.0,0.0,3,3,3,True
763923484,1516,agentic,avg_ccn,3.5277777777777777,3.5277777777777777,0.0,0.0,3,3,2,True
763923484,1516,agentic,function_count,6.333333333333333,6.333333333333333,0.0,0.0,3,3,3,True
763923484,1764,agentic,nloc,519.5,527.5,8.0,1.5399422521655437,2,2,2,True
763923484,1764,agentic,avg_ccn,3.5432900432900434,3.490530303030303,-0.05275974025974017,-1.4890042761148417,2,2,2,True
763923484,1764,agentic,function_count,20.0,20.5,0.5,2.5,2,2,2,True
763923484,2558,agentic,nloc,3478.153846153846,3529.076923076923,50.92307692307668,1.4640835102618472,13,13,13,True
763923484,2558,agentic,avg_ccn,2.4966266954649496,2.584428448233747,0.08780175276879731,3.5168154265227822,13,13,10,True
763923484,2558,agentic,function_count,16.692307692307693,18.692307692307693,2.0,11.981566820276496,13,13,13,True
764723738,5448,human_candidate,nloc,4544.5,4563.0,18.5,0.40708548795247,2,2,2,True
764723738,5448,human_candidate,avg_ccn,11.883424908424908,11.765408805031447,-0.11801610339346169,-0.9931152365829538,2,2,2,True
764723738,5448,human_candidate,function_count,78.5,79.0,0.5,0.6369426751592356,2,2,2,True
764723738,5649,human_candidate,nloc,374.0,375.0,1.0,0.26737967914438504,1,1,1,True
764723738,5649,human_candidate,avg_ccn,3.388888888888889,3.388888888888889,0.0,0.0,1,1,1,True
764723738,5649,human_candidate,function_count,18.0,18.0,0.0,0.0,1,1,1,True
765083837,4951,human_candidate,nloc,633.1666666666666,661.5,28.33333333333337,4.4748618057383585,6,6,6,True
765083837,4951,human_candidate,avg_ccn,4.373649870801033,4.369078144078144,-0.004571726722889302,-0.10452886851804603,6,6,6,True
765083837,4951,human_candidate,function_count,24.5,25.833333333333332,1.3333333333333321,5.442176870748294,6,6,6,True
765938063,1665,agentic,nloc,647.5,817.5,170.0,26.254826254826256,2,2,2,True
765938063,1665,agentic,avg_ccn,2.7802631578947365,2.8708333333333336,0.09057017543859702,3.257611610664162,2,2,2,True
765938063,1665,agentic,function_count,19.5,27.0,7.5,38.46153846153846,2,2,2,True
765938063,3612,agentic,nloc,162.5,172.0,9.5,5.846153846153846,2,2,2,True
765938063,3612,agentic,avg_ccn,8.5,6.333333333333333,-2.166666666666667,-25.490196078431374,2,2,2,True
765938063,3612,agentic,function_count,5.0,5.5,0.5,10.0,2,2,2,True
766925713,583,human_candidate,nloc,1075.6666666666667,1062.6666666666667,-13.0,-1.208552835450883,3,3,3,True
766925713,583,human_candidate,avg_ccn,1.910440074906367,1.9023467432950192,-0.008093331611347843,-0.4236370309466266,3,3,3,True
766925713,583,human_candidate,function_count,57.666666666666664,57.0,-0.6666666666666643,-1.1560693641618456,3,3,3,True
773894671,2205,human_candidate,nloc,542.5,556.25,13.75,2.5345622119815667,4,4,4,True
773894671,2205,human_candidate,avg_ccn,2.7308596165739023,2.46219529478458,-0.2686643217893221,-9.838086152754514,4,4,4,True
773894671,2205,human_candidate,function_count,43.75,45.25,1.5,3.4285714285714284,4,4,4,True
773894671,2509,human_candidate,nloc,338.3333333333333,339.0,0.6666666666666856,0.19704433497537507,3,3,3,True
773894671,2509,human_candidate,avg_ccn,4.432728647014361,3.904950869236584,-0.5277777777777772,-11.906385881149276,3,3,3,True
773894671,2509,human_candidate,function_count,23.333333333333332,23.666666666666668,0.3333333333333357,1.4285714285714388,3,3,3,True
775743011,2311,human_candidate,nloc,1337.1666666666667,1340.0,2.8333333333332575,0.21189081391000306,12,12,12,True
775743011,2311,human_candidate,avg_ccn,5.088859023028372,5.084887934743508,-0.003971088284864699,-0.0780349439215062,12,12,10,True
775743011,2311,human_candidate,function_count,59.166666666666664,59.416666666666664,0.25,0.4225352112676056,12,12,12,True
775743011,3410,human_candidate,nloc,741.25,754.5,13.25,1.78752107925801,4,4,4,True
775743011,3410,human_candidate,avg_ccn,4.994278959470768,5.014235040241542,0.01995608077077371,0.39957881673650864,4,4,3,True
775743011,3410,human_candidate,function_count,39.25,39.75,0.5,1.2738853503184713,4,4,4,True
775839592,1429,agentic,nloc,263.0,266.0,3.0,1.1406844106463878,1,1,1,True
775839592,1429,agentic,avg_ccn,7.75,7.75,0.0,0.0,1,1,1,True
775839592,1429,agentic,function_count,4.0,4.0,0.0,0.0,1,1,1,True
775839592,2144,human_candidate,nloc,266.0,266.0,0.0,0.0,1,1,1,True
775839592,2144,human_candidate,avg_ccn,1.975,1.975,0.0,0.0,1,1,1,True
775839592,2144,human_candidate,function_count,40.0,40.0,0.0,0.0,1,1,1,True
775839592,2724,agentic,nloc,221.85714285714286,271.0,49.14285714285714,22.150676110753377,7,7,7,True
775839592,2724,agentic,avg_ccn,2.2726890756302525,2.5724699110413396,0.29978083541108713,13.190578448481924,7,7,7,True
775839592,2724,agentic,function_count,12.285714285714286,15.0,2.7142857142857135,22.093023255813943,7,7,7,True
775839592,2951,agentic,nloc,198.66666666666666,260.3333333333333,61.66666666666666,31.040268456375838,3,3,3,True
775839592,2951,agentic,avg_ccn,3.907142857142857,3.859907834101383,-0.0472350230414742,-1.2089402606593032,3,3,3,True
775839592,2951,agentic,function_count,11.333333333333334,14.333333333333334,3.0,26.470588235294116,3,3,3,True
775839592,2999,agentic,nloc,890.0,941.0,51.0,5.730337078651686,3,3,3,True
775839592,2999,agentic,avg_ccn,2.7157509157509154,2.6842105263157894,-0.03154038943512605,-1.1613874178297021,3,3,3,True
775839592,2999,agentic,function_count,39.333333333333336,41.0,1.6666666666666643,4.237288135593214,3,3,3,True
775839592,3052,agentic,nloc,365.0,366.0,1.0,0.273972602739726,2,2,2,True
775839592,3052,agentic,avg_ccn,7.282051282051283,7.365384615384615,0.08333333333333215,1.1443661971830823,2,2,2,True
775839592,3052,agentic,function_count,9.5,9.5,0.0,0.0,2,2,2,True
775839592,3376,agentic,nloc,428.3333333333333,431.3333333333333,3.0,0.7003891050583658,3,3,3,True
775839592,3376,agentic,avg_ccn,4.1190476190476195,4.1190476190476195,0.0,0.0,3,3,3,True
775839592,3376,agentic,function_count,14.0,14.0,0.0,0.0,3,3,3,True
775839592,3377,agentic,nloc,245.0,246.0,1.0,0.40816326530612246,1,1,1,True
775839592,3377,agentic,avg_ccn,4.0,4.0,0.0,0.0,1,1,1,True
775839592,3377,agentic,function_count,8.0,8.0,0.0,0.0,1,1,1,True
775839592,3398,agentic,nloc,246.0,258.0,12.0,4.878048780487805,1,1,1,True
775839592,3398,agentic,avg_ccn,4.0,3.7777777777777777,-0.22222222222222232,-5.555555555555558,1,1,1,True
775839592,3398,agentic,function_count,8.0,9.0,1.0,12.5,1,1,1,True
775839592,3452,agentic,nloc,790.3333333333334,860.3333333333334,70.0,8.857022353437367,3,3,3,True
775839592,3452,agentic,avg_ccn,4.287009803921569,4.329126738414664,0.04211693449309539,0.9824314946648516,3,3,3,True
775839592,3452,agentic,function_count,39.0,41.666666666666664,2.6666666666666643,6.837606837606831,3,3,3,True
775839592,4149,agentic,nloc,837.6666666666666,842.0,4.333333333333371,0.5173099880620817,3,3,3,True
775839592,4149,agentic,avg_ccn,3.783428226363009,3.326388888888889,-0.4570393374741202,-12.080031921564158,3,3,3,True
775839592,4149,agentic,function_count,28.333333333333332,30.0,1.6666666666666679,5.8823529411764754,3,3,3,True
775839592,4439,human_candidate,nloc,268.3333333333333,286.6666666666667,18.33333333333337,6.832298136645977,3,3,3,True
775839592,4439,human_candidate,avg_ccn,2.251984126984127,2.282106782106782,0.030122655122655217,1.337605126151386,3,3,3,True
775839592,4439,human_candidate,function_count,21.0,22.666666666666668,1.6666666666666679,7.936507936507943,3,3,3,True
775839592,4532,human_candidate,nloc,398.70588235294116,406.0,7.29411764705884,1.8294482148126334,17,17,17,True
775839592,4532,human_candidate,avg_ccn,2.665129498938988,2.516143656962798,-0.14898584197619025,-5.590191472328186,17,17,17,True
775839592,4532,human_candidate,function_count,26.352941176470587,27.0,0.647058823529413,2.4553571428571477,17,17,17,True
775839592,4829,human_candidate,nloc,1383.0,1388.25,5.25,0.3796095444685466,4,4,4,True
775839592,4829,human_candidate,avg_ccn,3.792284473366217,3.805615507662441,0.013331034296224065,0.3515304400250013,4,4,4,True
775839592,4829,human_candidate,function_count,61.5,62.0,0.5,0.8130081300813008,4,4,4,True
775839592,4845,human_candidate,nloc,1351.3333333333333,1500.6666666666667,149.33333333333348,11.05081401085349,3,3,3,True
775839592,4845,human_candidate,avg_ccn,5.670806199202382,5.195703055085154,-0.4751031441172282,-8.37805291572216,3,3,3,True
775839592,4845,human_candidate,function_count,40.0,48.666666666666664,8.666666666666664,21.66666666666666,3,3,3,True
775839592,5023,agentic,nloc,512.5,581.5,69.0,13.463414634146341,2,2,2,True
775839592,5023,agentic,avg_ccn,3.5153846153846153,3.361538461538461,-0.1538461538461542,-4.376367614879659,2,2,2,True
775839592,5023,agentic,function_count,24.0,27.0,3.0,12.5,2,2,2,True
775839592,5070,agentic,nloc,296.5,296.75,0.25,0.08431703204047218,4,4,4,True
775839592,5070,agentic,avg_ccn,2.247865105908584,2.2375,-0.010365105908584304,-0.46110889311548536,4,4,4,True
775839592,5070,agentic,function_count,26.75,26.5,-0.25,-0.9345794392523364,4,4,4,True
775839592,5169,agentic,nloc,258.0,329.0,71.0,27.51937984496124,6,6,6,True
775839592,5169,agentic,avg_ccn,2.559633569739953,2.6892205580440462,0.12958698830409343,5.0627163917552025,6,6,4,True
775839592,5169,agentic,function_count,13.833333333333334,15.666666666666666,1.8333333333333321,13.253012048192762,6,6,6,True
775839592,5350,agentic,nloc,119.5,168.5,49.0,41.00418410041841,2,2,2,True
775839592,5350,agentic,avg_ccn,1.8916666666666666,1.7320261437908497,-0.15964052287581687,-8.439146583743623,2,2,2,True
775839592,5350,agentic,function_count,8.5,13.0,4.5,52.94117647058823,2,2,2,True
775839592,5447,agentic,nloc,396.3333333333333,473.0,76.66666666666669,19.343986543313715,3,3,3,True
775839592,5447,agentic,avg_ccn,2.8343606764659395,2.9456304844332255,0.11126980796728603,3.9257462499805875,3,3,3,True
775839592,5447,agentic,function_count,34.333333333333336,38.666666666666664,4.333333333333329,12.621359223300956,3,3,3,True
775839592,5454,human_candidate,nloc,1176.75,1175.75,-1.0,-0.08497981729339282,4,4,4,True
775839592,5454,human_candidate,avg_ccn,3.2999969745865267,3.24323821447871,-0.05675876010781655,-1.7199640043587658,4,4,4,True
775839592,5454,human_candidate,function_count,68.75,69.5,0.75,1.0909090909090908,4,4,4,True
775839592,5635,human_candidate,nloc,765.0,768.8,3.7999999999999545,0.4967320261437849,10,10,10,True
775839592,5635,human_candidate,avg_ccn,2.8701173108500697,2.8422756334783337,-0.02784167737173604,-0.9700536374065458,10,10,8,True
775839592,5635,human_candidate,function_count,35.6,35.8,0.19999999999999574,0.5617977528089768,10,10,10,True
775839592,5899,agentic,nloc,127.0,137.0,10.0,7.874015748031496,3,3,3,True
775839592,5899,agentic,avg_ccn,1.4880174291939,1.5566188197767143,0.06860139058281445,4.61025450622428,3,3,3,True
775839592,5899,agentic,function_count,9.333333333333334,10.666666666666666,1.3333333333333321,14.28571428571427,3,3,3,True
775839592,6069,agentic,nloc,503.0,505.0,2.0,0.3976143141153082,1,1,1,True
775839592,6069,agentic,avg_ccn,2.2222222222222223,2.1785714285714284,-0.04365079365079394,-1.9642857142857273,1,1,1,True
775839592,6069,agentic,function_count,27.0,28.0,1.0,3.7037037037037037,1,1,1,True
776121034,7526,human_candidate,nloc,762.0,762.0,0.0,0.0,1,1,1,True
776121034,7526,human_candidate,avg_ccn,3.6481481481481484,3.6481481481481484,0.0,0.0,1,1,1,True
776121034,7526,human_candidate,function_count,54.0,54.0,0.0,0.0,1,1,1,True
776121034,7529,human_candidate,nloc,110.0,110.0,0.0,0.0,1,1,1,True
776121034,7529,human_candidate,avg_ccn,2.076923076923077,2.076923076923077,0.0,0.0,1,1,1,True
776121034,7529,human_candidate,function_count,13.0,13.0,0.0,0.0,1,1,1,True
776916297,1791,human_candidate,nloc,91.0,91.0,0.0,0.0,1,1,1,True
776916297,1791,human_candidate,avg_ccn,2.2,2.2,0.0,0.0,1,1,1,True
776916297,1791,human_candidate,function_count,10.0,10.0,0.0,0.0,1,1,1,True
777912773,1527,human_candidate,nloc,654.0,657.0,3.0,0.45871559633027525,3,3,3,True
777912773,1527,human_candidate,avg_ccn,1.7675115433736124,1.7988505747126435,0.031339031339031154,1.7730595003195848,3,3,3,True
777912773,1527,human_candidate,function_count,34.0,34.0,0.0,0.0,3,3,3,True
780660899,1131,agentic,nloc,44.0,39.25,-4.75,-10.795454545454545,4,4,4,True
780660899,1131,agentic,avg_ccn,1.75,1.4444444444444444,-0.3055555555555556,-17.460317460317462,4,4,2,True
780660899,1131,agentic,function_count,3.5,3.0,-0.5,-14.285714285714286,4,4,4,True
787462297,798,human_candidate,nloc,1015.0,1047.0,32.0,3.1527093596059115,1,1,1,True
787462297,798,human_candidate,avg_ccn,5.5,5.368421052631579,-0.13157894736842124,-2.392344497607659,1,1,1,True
787462297,798,human_candidate,function_count,18.0,19.0,1.0,5.555555555555555,1,1,1,True
788715163,427,agentic,nloc,303.5,307.0,3.5,1.1532125205930808,4,4,4,True
788715163,427,agentic,avg_ccn,15.424603174603174,15.587662337662337,0.16305916305916313,1.0571368430900208,4,4,4,True
788715163,427,agentic,function_count,5.25,5.75,0.5,9.523809523809524,4,4,4,True
792160692,78,agentic,nloc,235.0,272.5,37.5,15.957446808510639,2,2,2,True
792160692,78,agentic,avg_ccn,7.488095238095239,6.5,-0.988095238095239,-13.195548489666148,2,2,2,True
792160692,78,agentic,function_count,6.5,8.0,1.5,23.076923076923077,2,2,2,True
792160692,82,agentic,nloc,302.5,316.0,13.5,4.462809917355372,2,2,2,True
792160692,82,agentic,avg_ccn,2.7349137931034484,2.7349137931034484,0.0,0.0,2,2,2,True
792160692,82,agentic,function_count,22.5,22.5,0.0,0.0,2,2,2,True
793399480,1935,human_candidate,nloc,754.0,747.0,-7.0,-0.9283819628647215,1,1,1,True
793399480,1935,human_candidate,avg_ccn,1.875,1.875,0.0,0.0,1,1,1,True
793399480,1935,human_candidate,function_count,40.0,40.0,0.0,0.0,1,1,1,True
793399480,2126,human_candidate,nloc,269.7560975609756,271.0731707317073,1.3170731707317032,0.4882459312839044,41,41,41,True
793399480,2126,human_candidate,avg_ccn,2.10137481029976,2.106503015427965,0.00512820512820511,0.24404047783715338,41,41,39,True
793399480,2126,human_candidate,function_count,12.75609756097561,12.731707317073171,-0.024390243902438158,-0.19120458891012707,41,41,41,True
793399480,2196,human_candidate,nloc,300.2686567164179,291.4776119402985,-8.791044776119406,-2.927726414156478,67,67,67,True
793399480,2196,human_candidate,avg_ccn,2.312804577869644,2.3259216482440084,0.013117070374364381,0.5671499658845667,67,67,65,True
793399480,2196,human_candidate,function_count,13.402985074626866,13.417910447761194,0.014925373134328623,0.11135857461024697,67,67,67,True
793399480,2325,human_candidate,nloc,135.0,154.0,19.0,14.074074074074074,1,1,1,True
793399480,2325,human_candidate,avg_ccn,1.0,1.1666666666666667,0.16666666666666674,16.666666666666675,1,1,1,True
793399480,2325,human_candidate,function_count,5.0,6.0,1.0,20.0,1,1,1,True
793399480,2371,human_candidate,nloc,528.0,577.0,49.0,9.280303030303031,3,3,3,True
793399480,2371,human_candidate,avg_ccn,1.5376895505927763,1.5867710918114144,0.04908154121863806,3.1919018503908814,3,3,3,True
793399480,2371,human_candidate,function_count,29.0,29.666666666666668,0.6666666666666679,2.298850574712648,3,3,3,True
796633002,725,agentic,nloc,714.367088607595,717.1772151898734,2.8101265822784853,0.3933729068840265,79,79,79,True
796633002,725,agentic,avg_ccn,2.1218451381663272,2.127119399769703,0.005274261603375852,0.24856958260082093,79,79,79,True
796633002,725,agentic,function_count,29.658227848101266,29.658227848101266,0.0,0.0,79,79,79,True
797493401,1179,agentic,nloc,1139.0,1172.0,33.0,2.8972783143107987,1,1,1,True
797493401,1179,agentic,avg_ccn,3.1265822784810124,3.25,0.12341772151898756,3.9473684210526385,1,1,1,True
797493401,1179,agentic,function_count,79.0,80.0,1.0,1.2658227848101267,1,1,1,True
797493401,1181,agentic,nloc,1172.0,1217.0,45.0,3.839590443686007,1,1,1,True
797493401,1181,agentic,avg_ccn,3.25,3.1839080459770117,-0.06609195402298829,-2.0335985853227165,1,1,1,True
797493401,1181,agentic,function_count,80.0,87.0,7.0,8.75,1,1,1,True
797493401,1182,human_candidate,nloc,806.3333333333334,819.0,12.666666666666629,1.5708970649028478,3,3,3,True
797493401,1182,human_candidate,avg_ccn,4.253802681992338,4.303007537625523,0.04920485563318522,1.1567263296317103,3,3,3,True
797493401,1182,human_candidate,function_count,42.666666666666664,43.666666666666664,1.0,2.34375,3,3,3,True
808266543,3855,human_candidate,nloc,346.2352941176471,367.70588235294116,21.470588235294088,6.201155283724082,17,17,17,True
808266543,3855,human_candidate,avg_ccn,5.835226809846753,5.58988627425171,-0.24534053559504265,-4.204472998051054,17,17,17,True
808266543,3855,human_candidate,function_count,15.176470588235293,16.41176470588235,1.235294117647058,8.139534883720925,17,17,17,True
808266543,3933,human_candidate,nloc,912.7142857142857,955.4285714285714,42.71428571428578,4.679918610111136,7,7,7,True
808266543,3933,human_candidate,avg_ccn,3.9784876403925606,3.4130787958516855,-0.5654088445408751,-14.211652659176938,7,7,7,True
808266543,3933,human_candidate,function_count,61.857142857142854,63.714285714285715,1.8571428571428612,3.0023094688221774,7,7,7,True
808266543,4203,human_candidate,nloc,426.25,420.65625,-5.59375,-1.312316715542522,32,32,32,True
808266543,4203,human_candidate,avg_ccn,3.8589256941131227,3.8850656505154904,0.02613995640236766,0.6773894724701423,32,32,26,True
808266543,4203,human_candidate,function_count,22.0625,21.6875,-0.375,-1.6997167138810199,32,32,32,True
808266543,5203,human_candidate,nloc,1726.0,1714.0,-12.0,-0.6952491309385863,1,1,1,True
808266543,5203,human_candidate,avg_ccn,4.0125,4.025,0.012500000000000178,0.31152647975078324,1,1,1,True
808266543,5203,human_candidate,function_count,80.0,80.0,0.0,0.0,1,1,1,True
808266543,5302,human_candidate,nloc,1663.0,1661.0,-2.0,-0.12026458208057728,1,1,1,True
808266543,5302,human_candidate,avg_ccn,4.012820512820513,4.012820512820513,0.0,0.0,1,1,1,True
808266543,5302,human_candidate,function_count,78.0,78.0,0.0,0.0,1,1,1,True
808266543,5375,human_candidate,nloc,843.0,825.0,-18.0,-2.1352313167259784,3,3,3,True
808266543,5375,human_candidate,avg_ccn,3.0902657527657524,2.8439153439153437,-0.2463504088504087,-7.971819531376158,3,3,3,True
808266543,5375,human_candidate,function_count,51.333333333333336,49.666666666666664,-1.6666666666666714,-3.246753246753256,3,3,3,True
808266543,5877,human_candidate,nloc,537.0,551.0,14.0,2.60707635009311,1,1,1,True
808266543,5877,human_candidate,avg_ccn,2.8666666666666667,2.933333333333333,0.06666666666666643,2.325581395348829,1,1,1,True
808266543,5877,human_candidate,function_count,30.0,30.0,0.0,0.0,1,1,1,True
808266543,6033,human_candidate,nloc,680.0,683.0,3.0,0.4411764705882353,1,1,1,True
808266543,6033,human_candidate,avg_ccn,2.9722222222222223,2.9722222222222223,0.0,0.0,1,1,1,True
808266543,6033,human_candidate,function_count,36.0,36.0,0.0,0.0,1,1,1,True
808266543,6046,human_candidate,nloc,694.0,702.0,8.0,1.1527377521613833,1,1,1,True
808266543,6046,human_candidate,avg_ccn,4.518518518518518,4.592592592592593,0.0740740740740744,1.6393442622950893,1,1,1,True
808266543,6046,human_candidate,function_count,27.0,27.0,0.0,0.0,1,1,1,True
808266543,6057,human_candidate,nloc,388.63157894736844,393.36842105263156,4.736842105263122,1.2188515709642378,19,19,19,True
808266543,6057,human_candidate,avg_ccn,3.464003821841351,3.4726127389447687,0.008608917103417824,0.24852504633905415,19,19,19,True
808266543,6057,human_candidate,function_count,22.05263157894737,22.263157894736842,0.21052631578947256,0.9546539379474889,19,19,19,True
808266543,6243,human_candidate,nloc,893.8571428571429,902.1428571428571,8.28571428571422,0.9269618027808781,7,7,7,True
808266543,6243,human_candidate,avg_ccn,6.201158604411407,6.1346081323707375,-0.0665504720406691,-1.0731941607383844,7,7,6,True
808266543,6243,human_candidate,function_count,26.571428571428573,27.428571428571427,0.8571428571428541,3.2258064516128915,7,7,7,True
808266543,6244,human_candidate,nloc,558.0,575.0,17.0,3.046594982078853,1,1,1,True
808266543,6244,human_candidate,avg_ccn,2.903225806451613,3.032258064516129,0.12903225806451601,4.44444444444444,1,1,1,True
808266543,6244,human_candidate,function_count,31.0,31.0,0.0,0.0,1,1,1,True
808266543,6245,human_candidate,nloc,391.75,396.0,4.25,1.0848755583918315,8,8,8,True
808266543,6245,human_candidate,avg_ccn,5.13065603257432,5.142752806767868,0.012096774193548043,0.23577441396862567,8,8,8,True
808266543,6245,human_candidate,function_count,16.125,16.125,0.0,0.0,8,8,8,True
808266543,6410,human_candidate,nloc,544.0,665.0,121.0,22.24264705882353,3,3,3,True
808266543,6410,human_candidate,avg_ccn,4.534848484848485,4.435977351825879,-0.0988711330226062,-2.1802521815877074,3,3,3,True
808266543,6410,human_candidate,function_count,16.333333333333332,21.0,4.666666666666668,28.57142857142858,3,3,3,True
808266543,6548,human_candidate,nloc,726.7142857142857,746.1428571428571,19.428571428571445,2.6734814232357014,7,7,7,True
808266543,6548,human_candidate,avg_ccn,4.739526383526384,5.135259275358612,0.39573289183222826,8.349629473689907,7,7,5,True
808266543,6548,human_candidate,function_count,33.42857142857143,33.857142857142854,0.4285714285714235,1.2820512820512668,7,7,7,True
808266543,6639,human_candidate,nloc,1851.6666666666667,1872.3333333333333,20.666666666666515,1.1161116111611078,3,3,3,True
808266543,6639,human_candidate,avg_ccn,7.185308313632781,7.286478854741266,0.10117054110848489,1.408019484933342,3,3,3,True
808266543,6639,human_candidate,function_count,44.333333333333336,44.333333333333336,0.0,0.0,3,3,3,True
808419207,299,agentic,nloc,349.0,353.0,4.0,1.146131805157593,1,1,1,True
808419207,299,agentic,avg_ccn,8.4,8.4,0.0,0.0,1,1,1,True
808419207,299,agentic,function_count,5.0,5.0,0.0,0.0,1,1,1,True
808419207,468,agentic,nloc,1098.0,1311.0,213.0,19.398907103825138,1,1,1,True
808419207,468,agentic,avg_ccn,2.2698412698412698,2.2205882352941178,-0.04925303454715202,-2.1698889345948094,1,1,1,True
808419207,468,agentic,function_count,63.0,68.0,5.0,7.936507936507937,1,1,1,True
812496927,146,agentic,nloc,64.0,68.0,4.0,6.25,1,1,1,True
812496927,146,agentic,avg_ccn,2.0,2.0,0.0,0.0,1,1,1,True
812496927,146,agentic,function_count,1.0,1.0,0.0,0.0,1,1,1,True
812496927,190,agentic,nloc,90.0,90.0,0.0,0.0,1,1,1,True
812496927,190,agentic,avg_ccn,6.0,6.0,0.0,0.0,1,1,1,True
812496927,190,agentic,function_count,1.0,1.0,0.0,0.0,1,1,1,True
812496927,191,agentic,nloc,141.0,141.0,0.0,0.0,1,1,1,True
812496927,191,agentic,avg_ccn,17.0,17.0,0.0,0.0,1,1,1,True
812496927,191,agentic,function_count,1.0,1.0,0.0,0.0,1,1,1,True
812496927,192,agentic,nloc,489.0,489.0,0.0,0.0,1,1,1,True
812496927,192,agentic,avg_ccn,2.1363636363636362,2.1363636363636362,0.0,0.0,1,1,1,True
812496927,192,agentic,function_count,22.0,22.0,0.0,0.0,1,1,1,True
814684486,2400,agentic,nloc,1547.0,1603.5,56.5,3.652230122818358,2,2,2,True
814684486,2400,agentic,avg_ccn,4.135697399527187,4.118888888888889,-0.016808510638298024,-0.40642506002058215,2,2,2,True
814684486,2400,agentic,function_count,46.0,47.5,1.5,3.260869565217391,2,2,2,True
816422401,1243,agentic,nloc,415.5,402.0,-13.5,-3.2490974729241877,2,2,2,True
816422401,1243,agentic,avg_ccn,5.746376811594203,5.94927536231884,0.2028985507246368,3.5308953341740072,2,2,2,True
816422401,1243,agentic,function_count,13.0,13.0,0.0,0.0,2,2,2,True
820087727,982,agentic,nloc,97.25,94.0,-3.25,-3.341902313624679,4,4,4,True
820087727,982,agentic,avg_ccn,2.430654761904762,2.3473214285714286,-0.08333333333333348,-3.428431492592145,4,4,4,True
820087727,982,agentic,function_count,7.0,7.0,0.0,0.0,4,4,4,True
820087727,1630,agentic,nloc,171.0,189.0,18.0,10.526315789473685,1,1,1,True
820087727,1630,agentic,avg_ccn,1.8823529411764706,2.5,0.6176470588235294,32.8125,1,1,1,True
820087727,1630,agentic,function_count,17.0,16.0,-1.0,-5.882352941176471,1,1,1,True
820087727,2132,agentic,nloc,170.0,174.0,4.0,2.3529411764705883,1,1,1,True
820087727,2132,agentic,avg_ccn,2.7777777777777777,2.7777777777777777,0.0,0.0,1,1,1,True
820087727,2132,agentic,function_count,9.0,9.0,0.0,0.0,1,1,1,True
821360765,1967,human_candidate,nloc,72.0,101.0,29.0,40.27777777777778,1,1,1,True
821360765,1967,human_candidate,avg_ccn,2.142857142857143,2.625,0.4821428571428572,22.500000000000004,1,1,1,True
821360765,1967,human_candidate,function_count,7.0,8.0,1.0,14.285714285714286,1,1,1,True
821360765,2081,human_candidate,nloc,166.0,162.0,-4.0,-2.4096385542168677,1,1,1,True
821360765,2081,human_candidate,avg_ccn,1.25,1.2857142857142858,0.03571428571428581,2.8571428571428648,1,1,1,True
821360765,2081,human_candidate,function_count,8.0,7.0,-1.0,-12.5,1,1,1,True
821360765,2718,human_candidate,nloc,140.07692307692307,141.53846153846155,1.4615384615384812,1.0433827567270872,13,13,13,True
821360765,2718,human_candidate,avg_ccn,1.6895322591846658,1.7267791032496915,0.037246844065025764,2.20456542706088,13,13,11,True
821360765,2718,human_candidate,function_count,7.461538461538462,7.615384615384615,0.1538461538461533,2.0618556701030855,13,13,13,True
826111692,473,agentic,nloc,370.0,391.5,21.5,5.8108108108108105,4,4,4,True
826111692,473,agentic,avg_ccn,8.180672268907562,8.741666666666667,0.5609943977591048,6.857558637219668,4,4,3,True
826111692,473,agentic,function_count,9.75,9.5,-0.25,-2.5641025641025643,4,4,4,True
828119367,1155,agentic,nloc,123.5,108.625,-14.875,-12.044534412955466,8,8,8,True
828119367,1155,agentic,avg_ccn,3.741071428571429,3.5099228896103893,-0.23114853896103948,-6.17867216315905,8,8,8,True
828119367,1155,agentic,function_count,12.5,11.25,-1.25,-10.0,8,8,8,True
828285248,2251,agentic,nloc,1205.0,1208.0,3.0,0.24896265560165975,1,1,1,True
828285248,2251,agentic,avg_ccn,2.7254901960784315,2.7254901960784315,0.0,0.0,1,1,1,True
828285248,2251,agentic,function_count,51.0,51.0,0.0,0.0,1,1,1,True
828285248,2252,agentic,nloc,884.7857142857143,886.0,1.2142857142856656,0.1372406555259491,14,14,14,True
828285248,2252,agentic,avg_ccn,2.546085184827668,2.5522709924840643,0.006185807656396314,0.24295368015406762,14,14,14,True
828285248,2252,agentic,function_count,45.142857142857146,45.142857142857146,0.0,0.0,14,14,14,True
828285248,2410,human_candidate,nloc,678.0,697.0,19.0,2.8023598820059,3,3,3,True
828285248,2410,human_candidate,avg_ccn,1.6562435500515997,1.6490323402088107,-0.0072112098427890015,-0.43539549739314237,3,3,3,True
828285248,2410,human_candidate,function_count,31.333333333333332,31.666666666666668,0.3333333333333357,1.06382978723405,3,3,3,True
828285248,2504,human_candidate,nloc,209.5,210.5,1.0,0.477326968973747,2,2,2,True
828285248,2504,human_candidate,avg_ccn,2.291666666666667,2.291666666666667,0.0,0.0,2,2,2,True
828285248,2504,human_candidate,function_count,8.5,8.5,0.0,0.0,2,2,2,True
828285248,2632,human_candidate,nloc,171.66666666666666,207.0,35.33333333333334,20.58252427184467,3,3,3,True
828285248,2632,human_candidate,avg_ccn,2.5185185185185186,2.4444444444444446,-0.07407407407407396,-2.9411764705882306,3,3,1,True
828285248,2632,human_candidate,function_count,9.0,9.0,0.0,0.0,3,3,3,True
828285248,3200,agentic,nloc,718.0,741.25,23.25,3.2381615598885793,4,4,4,True
828285248,3200,agentic,avg_ccn,1.9834784010315925,2.0006184291898577,0.017140028158265208,0.8641398943064268,4,4,4,True
828285248,3200,agentic,function_count,39.25,41.0,1.75,4.45859872611465,4,4,4,True
828285248,3203,agentic,nloc,503.3333333333333,526.0,22.666666666666686,4.50331125827815,3,3,3,True
828285248,3203,agentic,avg_ccn,3.7891737891737893,3.888888888888889,0.09971509971509951,2.6315789473684155,3,3,3,True
828285248,3203,agentic,function_count,10.333333333333334,10.333333333333334,0.0,0.0,3,3,3,True
828285248,3221,human_candidate,nloc,94.5,119.0,24.5,25.925925925925927,2,2,2,True
828285248,3221,human_candidate,avg_ccn,4.25,3.375,-0.875,-20.58823529411765,2,2,2,True
828285248,3221,human_candidate,function_count,2.0,3.0,1.0,50.0,2,2,2,True
828285248,3471,human_candidate,nloc,1598.0,1613.857142857143,15.85714285714289,0.9923118183443611,7,7,7,True
828285248,3471,human_candidate,avg_ccn,2.7155396898482462,2.699423268596201,-0.016116421252045043,-0.5934887017963522,7,7,7,True
828285248,3471,human_candidate,function_count,78.28571428571429,80.14285714285714,1.857142857142847,2.3722627737226145,7,7,7,True
828285248,3486,agentic,nloc,277.625,340.75,63.125,22.73750562809545,8,8,8,True
828285248,3486,agentic,avg_ccn,2.62383209694134,2.60010725010725,-0.02372484683409004,-0.9042059841308683,8,8,7,True
828285248,3486,agentic,function_count,13.875,16.75,2.875,20.72072072072072,8,8,8,True
828285248,3496,agentic,nloc,737.0,735.0,-2.0,-0.27137042062415195,1,1,1,True
828285248,3496,agentic,avg_ccn,2.789473684210526,2.888888888888889,0.09941520467836273,3.5639412997903626,1,1,1,True
828285248,3496,agentic,function_count,38.0,36.0,-2.0,-5.2631578947368425,1,1,1,True
828285248,3539,human_candidate,nloc,1329.0,1333.0,4.0,0.3009781790820166,1,1,1,True
828285248,3539,human_candidate,avg_ccn,3.4285714285714284,3.5609756097560976,0.13240418118466923,3.861788617886186,1,1,1,True
828285248,3539,human_candidate,function_count,42.0,41.0,-1.0,-2.380952380952381,1,1,1,True
828285248,3571,human_candidate,nloc,1599.0,1738.0,139.0,8.692933083176985,1,1,1,True
828285248,3571,human_candidate,avg_ccn,3.30188679245283,3.272727272727273,-0.029159519725557193,-0.883116883116875,1,1,1,True
828285248,3571,human_candidate,function_count,53.0,55.0,2.0,3.7735849056603774,1,1,1,True
828285248,3641,human_candidate,nloc,1491.857142857143,1503.2857142857142,11.428571428571331,0.7660633917456604,7,7,7,True
828285248,3641,human_candidate,avg_ccn,3.2072197060642442,3.210077752031045,0.0028580459668008373,0.08911288370412586,7,7,7,True
828285248,3641,human_candidate,function_count,42.0,42.42857142857143,0.4285714285714306,1.020408163265311,7,7,7,True
828285248,3752,human_candidate,nloc,1583.2,1631.2,48.0,3.031834259727135,5,5,5,True
828285248,3752,human_candidate,avg_ccn,1.8163976623023246,1.806497352205317,-0.009900310097007647,-0.5450519069958933,5,5,5,True
828285248,3752,human_candidate,function_count,96.8,101.0,4.200000000000003,4.338842975206615,5,5,5,True
828285248,3760,human_candidate,nloc,622.75,628.6666666666666,5.916666666666629,0.9500869797939188,12,12,12,True
828285248,3760,human_candidate,avg_ccn,3.672791357635456,3.845463182366666,0.1726718247312098,4.701378540663305,12,12,12,True
828285248,3760,human_candidate,function_count,44.333333333333336,44.833333333333336,0.5,1.1278195488721805,12,12,12,True
828285248,3766,human_candidate,nloc,342.5,376.5,34.0,9.927007299270073,2,2,2,True
828285248,3766,human_candidate,avg_ccn,1.7610294117647058,1.6666666666666665,-0.09436274509803932,-5.358385525400146,2,2,2,True
828285248,3766,human_candidate,function_count,12.5,16.0,3.5,28.0,2,2,2,True
828285248,3858,human_candidate,nloc,1109.3333333333333,1108.2,-1.133333333333212,-0.10216346153845061,15,15,15,True
828285248,3858,human_candidate,avg_ccn,2.5008698681049455,2.505566630530846,0.004696762425900669,0.18780515075179338,15,15,15,True
828285248,3858,human_candidate,function_count,44.4,44.4,0.0,0.0,15,15,15,True
828285248,3870,human_candidate,nloc,614.0,797.5,183.5,29.88599348534202,2,2,2,True
828285248,3870,human_candidate,avg_ccn,1.6227272727272726,1.4657894736842105,-0.15693779904306204,-9.67123691581895,2,2,2,True
828285248,3870,human_candidate,function_count,52.5,72.5,20.0,38.095238095238095,2,2,2,True
829413452,680,agentic,nloc,33.54545454545455,34.90909090909091,1.3636363636363598,4.065040650406492,11,11,11,True
829413452,680,agentic,avg_ccn,1.22,1.22,0.0,0.0,11,11,10,True
829413452,680,agentic,function_count,2.8181818181818183,2.909090909090909,0.09090909090909083,3.2258064516129004,11,11,11,True
839216423,845,agentic,nloc,48.0,52.0,4.0,8.333333333333334,2,2,2,True
839216423,845,agentic,avg_ccn,5.0,5.0,0.0,0.0,2,2,2,True
839216423,845,agentic,function_count,1.5,2.0,0.5,33.333333333333336,2,2,2,True
839216423,847,agentic,nloc,35.333333333333336,40.333333333333336,5.0,14.150943396226413,3,3,3,True
839216423,847,agentic,avg_ccn,4.333333333333333,4.666666666666667,0.3333333333333339,7.692307692307707,3,3,3,True
839216423,847,agentic,function_count,1.3333333333333333,1.6666666666666667,0.3333333333333335,25.000000000000014,3,3,3,True
839216423,1985,agentic,nloc,51.0,32.5,-18.5,-36.27450980392157,2,2,2,True
839216423,1985,agentic,avg_ccn,1.6,1.0,-0.6000000000000001,-37.5,2,2,1,True
839216423,1985,agentic,function_count,2.5,1.5,-1.0,-40.0,2,2,2,True
839216423,2037,agentic,nloc,106.16666666666667,107.66666666666667,1.5,1.41287284144427,6,6,6,True
839216423,2037,agentic,avg_ccn,2.1259740259740263,2.5441558441558443,0.418181818181818,19.670128283445315,6,6,5,True
839216423,2037,agentic,function_count,5.333333333333333,5.333333333333333,0.0,0.0,6,6,6,True
839216423,2927,agentic,nloc,49.0,48.0,-1.0,-2.0408163265306123,1,1,1,True
839216423,2927,agentic,avg_ccn,1.25,1.25,0.0,0.0,1,1,1,True
839216423,2927,agentic,function_count,4.0,4.0,0.0,0.0,1,1,1,True
844305953,12,agentic,nloc,135.0,144.0,9.0,6.666666666666667,1,1,1,True
844305953,12,agentic,avg_ccn,1.2,1.5,0.30000000000000004,25.000000000000004,1,1,1,True
844305953,12,agentic,function_count,10.0,10.0,0.0,0.0,1,1,1,True
845317529,1796,agentic,nloc,361.0,383.0,22.0,6.094182825484765,1,1,1,True
845317529,1796,agentic,avg_ccn,3.142857142857143,2.5652173913043477,-0.5776397515527951,-18.379446640316207,1,1,1,True
845317529,1796,agentic,function_count,21.0,23.0,2.0,9.523809523809524,1,1,1,True
845317529,2471,agentic,nloc,184.0,178.0,-6.0,-3.260869565217391,1,1,1,True
845317529,2471,agentic,avg_ccn,2.0,2.0,0.0,0.0,1,1,1,True
845317529,2471,agentic,function_count,11.0,11.0,0.0,0.0,1,1,1,True
845380264,323,agentic,nloc,86.5,87.0,0.5,0.5780346820809249,2,2,2,True
845380264,323,agentic,avg_ccn,3.159090909090909,3.159090909090909,0.0,0.0,2,2,2,True
845380264,323,agentic,function_count,6.5,6.5,0.0,0.0,2,2,2,True
845380264,325,agentic,nloc,260.2,260.8,0.6000000000000227,0.2305918524212232,5,5,5,True
845380264,325,agentic,avg_ccn,2.5549840510366826,2.5549840510366826,0.0,0.0,5,5,5,True
845380264,325,agentic,function_count,15.2,15.2,0.0,0.0,5,5,5,True
846729675,357,agentic,nloc,280.0,284.0,4.0,1.4285714285714286,1,1,1,True
846729675,357,agentic,avg_ccn,2.269230769230769,2.4347826086956523,0.16555183946488317,7.295504789977903,1,1,1,True
846729675,357,agentic,function_count,26.0,23.0,-3.0,-11.538461538461538,1,1,1,True
846923721,226,agentic,nloc,873.5,877.5,4.0,0.4579278763594734,2,2,2,True
846923721,226,agentic,avg_ccn,6.207936507936508,6.215873015873016,0.007936507936507908,0.12784454103809723,2,2,2,True
846923721,226,agentic,function_count,34.0,34.0,0.0,0.0,2,2,2,True
846923721,236,agentic,nloc,521.0,549.25,28.25,5.422264875239923,4,4,4,True
846923721,236,agentic,avg_ccn,8.672348484848484,9.025757575757577,0.3534090909090928,4.075125573269294,4,4,4,True
846923721,236,agentic,function_count,19.0,21.25,2.25,11.842105263157896,4,4,4,True
846923721,256,agentic,nloc,165.0,168.0,3.0,1.8181818181818181,1,1,1,True
846923721,256,agentic,avg_ccn,15.0,15.0,0.0,0.0,1,1,1,True
846923721,256,agentic,function_count,3.0,3.0,0.0,0.0,1,1,1,True
846923721,277,agentic,nloc,164.0,199.0,35.0,21.341463414634145,1,1,1,True
846923721,277,agentic,avg_ccn,3.3076923076923075,3.1666666666666665,-0.14102564102564097,-4.263565891472867,1,1,1,True
846923721,277,agentic,function_count,13.0,18.0,5.0,38.46153846153846,1,1,1,True
846923721,496,human_candidate,nloc,584.0,584.0,0.0,0.0,1,1,1,True
846923721,496,human_candidate,avg_ccn,7.571428571428571,7.571428571428571,0.0,0.0,1,1,1,True
846923721,496,human_candidate,function_count,21.0,21.0,0.0,0.0,1,1,1,True
860100131,1308,human_candidate,nloc,435.5,439.5,4.0,0.9184845005740528,2,2,2,True
860100131,1308,human_candidate,avg_ccn,3.3878787878787877,3.43030303030303,0.042424242424242475,1.2522361359570677,2,2,2,True
860100131,1308,human_candidate,function_count,35.0,35.0,0.0,0.0,2,2,2,True
860100131,1823,human_candidate,nloc,585.0,600.0,15.0,2.5641025641025643,1,1,1,True
860100131,1823,human_candidate,avg_ccn,3.066666666666667,3.066666666666667,0.0,0.0,1,1,1,True
860100131,1823,human_candidate,function_count,60.0,60.0,0.0,0.0,1,1,1,True
860100131,2719,agentic,nloc,1328.0,1351.0,23.0,1.7319277108433735,2,2,2,True
860100131,2719,agentic,avg_ccn,4.664150943396226,4.517195767195767,-0.14695517620045884,-3.1507380010616175,2,2,2,True
860100131,2719,agentic,function_count,55.5,57.5,2.0,3.6036036036036037,2,2,2,True
860100131,2870,human_candidate,nloc,623.0,620.0,-3.0,-0.48154093097913325,1,1,1,True
860100131,2870,human_candidate,avg_ccn,10.8,10.733333333333333,-0.0666666666666682,-0.6172839506172981,1,1,1,True
860100131,2870,human_candidate,function_count,15.0,15.0,0.0,0.0,1,1,1,True
860100131,3115,human_candidate,nloc,81.0,95.0,14.0,17.28395061728395,1,1,1,True
860100131,3115,human_candidate,avg_ccn,6.333333333333333,7.0,0.666666666666667,10.52631578947369,1,1,1,True
860100131,3115,human_candidate,function_count,3.0,3.0,0.0,0.0,1,1,1,True
860100131,3275,human_candidate,nloc,26447.0,26447.0,0.0,0.0,1,1,1,True
860100131,3275,human_candidate,avg_ccn,5.7081395348837205,5.7108784176847,0.0027388828009797805,0.047982057625638855,1,1,1,True
860100131,3275,human_candidate,function_count,1720.0,1719.0,-1.0,-0.05813953488372093,1,1,1,True
860100131,3369,human_candidate,nloc,787.75,789.25,1.5,0.1904157410345922,4,4,4,True
860100131,3369,human_candidate,avg_ccn,3.90669187443381,3.805043522785458,-0.10164835164835218,-2.601903475253827,4,4,4,True
860100131,3369,human_candidate,function_count,59.0,59.25,0.25,0.423728813559322,4,4,4,True
860100131,3823,human_candidate,nloc,631.0952380952381,643.7142857142857,12.619047619047592,1.999547272315698,21,21,21,True
860100131,3823,human_candidate,avg_ccn,1.9193847235964823,1.9153138799460425,-0.004070843650439748,-0.21209107274814246,21,21,21,True
860100131,3823,human_candidate,function_count,28.19047619047619,28.714285714285715,0.5238095238095255,1.858108108108114,21,21,21,True
860100131,4024,human_candidate,nloc,1063.3333333333333,1069.0,5.6666666666667425,0.5329153605015745,3,3,3,True
860100131,4024,human_candidate,avg_ccn,2.1074491850120136,2.0981355306542535,-0.009313654357760104,-0.44193968822584023,3,3,3,True
860100131,4024,human_candidate,function_count,129.33333333333334,130.0,0.6666666666666572,0.5154639175257658,3,3,3,True
867014724,378,human_candidate,nloc,681.0,692.0,11.0,1.6152716593245227,5,5,5,True
867014724,378,human_candidate,avg_ccn,7.43578431372549,7.454015700483092,0.018231386757602053,0.24518444845084178,5,5,5,True
867014724,378,human_candidate,function_count,26.0,26.2,0.1999999999999993,0.7692307692307665,5,5,5,True
876327247,299,agentic,nloc,337.375,337.5,0.125,0.037050759540570584,8,8,8,True
876327247,299,agentic,avg_ccn,2.9807407407407407,2.9807407407407407,0.0,0.0,8,8,8,True
876327247,299,agentic,function_count,16.375,16.375,0.0,0.0,8,8,8,True
879168187,689,human_candidate,nloc,539.0,548.5,9.5,1.7625231910946197,2,2,2,True
879168187,689,human_candidate,avg_ccn,5.027027027027027,4.871710526315789,-0.15531650071123781,-3.0896293152235477,2,2,2,True
879168187,689,human_candidate,function_count,22.5,23.0,0.5,2.2222222222222223,2,2,2,True
881458615,2705,agentic,nloc,799.0,817.6,18.600000000000023,2.3279098873592017,5,5,5,True
881458615,2705,agentic,avg_ccn,4.884337754199824,4.955260831122901,0.07092307692307731,1.4520510352113494,5,5,5,True
881458615,2705,agentic,function_count,39.8,40.4,0.6000000000000014,1.5075376884422147,5,5,5,True
881458615,2727,agentic,nloc,1335.0,1335.0,0.0,0.0,1,1,1,True
881458615,2727,agentic,avg_ccn,9.578947368421053,9.578947368421053,0.0,0.0,1,1,1,True
881458615,2727,agentic,function_count,19.0,19.0,0.0,0.0,1,1,1,True
881458615,2958,agentic,nloc,314.6666666666667,311.6666666666667,-3.0,-0.9533898305084745,3,3,3,True
881458615,2958,agentic,avg_ccn,7.688888888888889,7.6991452991453,0.010256410256411108,0.13339261894176296,3,3,3,True
881458615,2958,agentic,function_count,10.333333333333334,10.333333333333334,0.0,0.0,3,3,3,True
881458615,2960,agentic,nloc,364.0,372.5,8.5,2.3351648351648353,4,4,4,True
881458615,2960,agentic,avg_ccn,7.600925925925925,7.850925925925925,0.25,3.2890729686928983,4,4,4,True
881458615,2960,agentic,function_count,14.75,14.75,0.0,0.0,4,4,4,True
881458615,3650,agentic,nloc,1261.0,1273.0,12.0,0.9516256938937351,1,1,1,True
881458615,3650,agentic,avg_ccn,5.914893617021277,5.9361702127659575,0.02127659574468055,0.3597122302158222,1,1,1,True
881458615,3650,agentic,function_count,47.0,47.0,0.0,0.0,1,1,1,True
883593929,116,agentic,nloc,418.0,439.0,21.0,5.023923444976076,1,1,1,True
883593929,116,agentic,avg_ccn,8.076923076923077,7.571428571428571,-0.5054945054945055,-6.258503401360544,1,1,1,True
883593929,116,agentic,function_count,13.0,14.0,1.0,7.6923076923076925,1,1,1,True
883593929,118,agentic,nloc,1614.0,1621.0,7.0,0.43370508054522927,1,1,1,True
883593929,118,agentic,avg_ccn,6.702127659574468,6.595744680851064,-0.10638297872340363,-1.587301587301578,1,1,1,True
883593929,118,agentic,function_count,47.0,47.0,0.0,0.0,1,1,1,True
883593929,121,agentic,nloc,1637.0,1591.0,-46.0,-2.810018326206475,1,1,1,True
883593929,121,agentic,avg_ccn,6.541666666666667,6.822222222222222,0.280555555555555,4.288747346072178,1,1,1,True
883593929,121,agentic,function_count,48.0,45.0,-3.0,-6.25,1,1,1,True
883829350,510,agentic,nloc,551.0,571.25,20.25,3.67513611615245,4,4,4,True
883829350,510,agentic,avg_ccn,4.764929149797571,4.640824915824917,-0.12410423397265458,-2.604534717539859,4,4,4,True
883829350,510,agentic,function_count,17.5,18.75,1.25,7.142857142857143,4,4,4,True
883829350,533,human_candidate,nloc,255.86363636363637,276.6363636363636,20.772727272727252,8.118671167170003,22,22,22,True
883829350,533,human_candidate,avg_ccn,3.192954409834109,3.572456109749343,0.37950169991523364,11.88559719945863,22,22,21,True
883829350,533,human_candidate,function_count,11.0,11.636363636363637,0.6363636363636367,5.785123966942152,22,22,22,True
884778513,82,agentic,nloc,82.75,98.5,15.75,19.033232628398792,20,20,20,True
884778513,82,agentic,avg_ccn,1.1338203463203462,1.2497693972693973,0.11594905094905106,10.226404149947328,20,20,20,True
884778513,82,agentic,function_count,7.4,9.85,2.4499999999999993,33.1081081081081,20,20,20,True
887571250,441,agentic,nloc,547.75,550.375,2.625,0.4792332268370607,16,16,16,True
887571250,441,agentic,avg_ccn,11.067107558139536,11.036177325581395,-0.030930232558141313,-0.279478918910416,16,16,10,True
887571250,441,agentic,function_count,12.0625,12.0625,0.0,0.0,16,16,16,True
887571250,488,agentic,nloc,142.66666666666666,141.26666666666668,-1.3999999999999773,-0.9813084112149374,15,15,15,True
887571250,488,agentic,avg_ccn,6.175925925925926,5.99320987654321,-0.1827160493827158,-2.958520739630181,15,15,9,True
887571250,488,agentic,function_count,2.8,2.8,0.0,0.0,15,15,15,True
887571250,490,agentic,nloc,361.0,390.8,29.80000000000001,8.254847645429365,5,5,5,True
887571250,490,agentic,avg_ccn,8.125,7.3273809523809526,-0.7976190476190474,-9.816849816849814,5,5,3,True
887571250,490,agentic,function_count,4.8,6.0,1.2000000000000002,25.000000000000004,5,5,5,True
887571250,500,agentic,nloc,1213.5,1217.5,4.0,0.3296250515039143,2,2,2,True
887571250,500,agentic,avg_ccn,10.604651162790697,10.651162790697674,0.04651162790697683,0.438596491228071,2,2,1,True
887571250,500,agentic,function_count,21.5,21.5,0.0,0.0,2,2,2,True
887571250,509,agentic,nloc,741.0,753.5,12.5,1.6869095816464237,4,4,4,True
887571250,509,agentic,avg_ccn,9.825581395348838,9.848837209302324,0.023255813953486637,0.2366863905325267,4,4,2,True
887571250,509,agentic,function_count,12.75,12.75,0.0,0.0,4,4,4,True
887571250,510,agentic,nloc,817.2,815.2,-2.0,-0.24473813020068524,5,5,5,True
887571250,510,agentic,avg_ccn,7.731531713295074,7.715936603299856,-0.015595109995217626,-0.20170789661769623,5,5,4,True
887571250,510,agentic,function_count,19.8,19.6,-0.1999999999999993,-1.0101010101010064,5,5,5,True
893798089,61,agentic,nloc,145.0,190.66666666666666,45.66666666666666,31.494252873563216,3,3,3,True
893798089,61,agentic,avg_ccn,4.133333333333334,5.708333333333333,1.5749999999999993,38.1048387096774,3,3,3,True
893798089,61,agentic,function_count,6.0,7.0,1.0,16.666666666666668,3,3,3,True
897595329,717,agentic,nloc,535.0,550.5,15.5,2.897196261682243,6,6,6,True
897595329,717,agentic,avg_ccn,2.81204039016539,2.8002229065737123,-0.011817483591677558,-0.4202458696186264,6,6,6,True
897595329,717,agentic,function_count,24.5,25.0,0.5,2.0408163265306123,6,6,6,True
897595329,726,human_candidate,nloc,422.93333333333334,440.2,17.26666666666665,4.08259773013871,15,15,15,True
897595329,726,human_candidate,avg_ccn,4.252934917572419,4.25534873819008,0.0024138206176615995,0.056756584910060456,15,15,15,True
897595329,726,human_candidate,function_count,17.0,17.8,0.8000000000000007,4.705882352941181,15,15,15,True
897595329,751,human_candidate,nloc,501.44444444444446,538.3333333333334,36.888888888888914,7.356525592732112,9,9,9,True
897595329,751,human_candidate,avg_ccn,3.1244642649815066,3.114820205337447,-0.009644059644059677,-0.3086628242847501,9,9,9,True
897595329,751,human_candidate,function_count,21.444444444444443,22.88888888888889,1.4444444444444464,6.735751295336796,9,9,9,True
897595329,828,agentic,nloc,112.5,122.5,10.0,8.88888888888889,2,2,2,True
897595329,828,agentic,avg_ccn,1.6785714285714286,1.6785714285714286,0.0,0.0,2,2,2,True
897595329,828,agentic,function_count,9.0,9.5,0.5,5.555555555555555,2,2,2,True
898949330,185,agentic,nloc,129.66666666666666,206.0,76.33333333333334,58.86889460154242,3,3,3,True
898949330,185,agentic,avg_ccn,3.0416666666666665,2.638888888888889,-0.4027777777777777,-13.24200913242009,3,3,2,True
898949330,185,agentic,function_count,6.666666666666667,12.0,5.333333333333333,79.99999999999999,3,3,3,True
901089955,794,human_candidate,nloc,373.8333333333333,372.5,-1.3333333333333144,-0.3566651805617426,6,6,6,True
901089955,794,human_candidate,avg_ccn,1.4433852095616801,1.4177441839206546,-0.02564102564102555,-1.7764506294762494,6,6,6,True
901089955,794,human_candidate,function_count,37.333333333333336,37.666666666666664,0.3333333333333286,0.8928571428571301,6,6,6,True
904510168,394,human_candidate,nloc,386.0,390.0,4.0,1.0362694300518134,2,2,2,True
904510168,394,human_candidate,avg_ccn,1.237631184407796,1.2318840579710144,-0.005747126436781658,-0.46436503129416906,2,2,2,True
904510168,394,human_candidate,function_count,26.0,26.5,0.5,1.9230769230769231,2,2,2,True
914048456,999,human_candidate,nloc,273.25,267.5,-5.75,-2.104300091491308,8,8,8,True
914048456,999,human_candidate,avg_ccn,2.8331101190476193,2.7795386904761905,-0.053571428571428825,-1.8909052708984513,8,8,8,True
914048456,999,human_candidate,function_count,11.5,11.5,0.0,0.0,8,8,8,True
914053359,1937,human_candidate,nloc,205.0,233.0,28.0,13.658536585365853,1,1,1,True
914053359,1937,human_candidate,avg_ccn,5.5,5.090909090909091,-0.40909090909090917,-7.438016528925622,1,1,1,True
914053359,1937,human_candidate,function_count,8.0,11.0,3.0,37.5,1,1,1,True
914053359,2209,human_candidate,nloc,103.0,112.0,9.0,8.737864077669903,1,1,1,True
914053359,2209,human_candidate,avg_ccn,3.0,3.0,0.0,0.0,1,1,1,True
914053359,2209,human_candidate,function_count,8.0,8.0,0.0,0.0,1,1,1,True
914796651,150,human_candidate,nloc,483.0,487.0,4.0,0.8281573498964804,1,1,1,True
914796651,150,human_candidate,avg_ccn,3.0,3.0,0.0,0.0,1,1,1,True
914796651,150,human_candidate,function_count,34.0,34.0,0.0,0.0,1,1,1,True
919569198,410,agentic,nloc,426.25,429.25,3.0,0.7038123167155426,8,8,8,True
919569198,410,agentic,avg_ccn,2.8735463203256555,2.8796869831356164,0.006140662809960951,0.21369632243356484,8,8,7,True
919569198,410,agentic,function_count,43.625,43.75,0.125,0.28653295128939826,8,8,8,True
921684538,549,human_candidate,nloc,3923.4,3923.8,0.40000000000009095,0.010195238823471758,5,5,5,True
921684538,549,human_candidate,avg_ccn,5.386826543599464,5.847692069340071,0.4608655257406067,8.55541796288576,5,5,5,True
921684538,549,human_candidate,function_count,152.6,150.0,-2.5999999999999943,-1.70380078636959,5,5,5,True
923332984,50,agentic,nloc,504.0,456.0,-48.0,-9.523809523809524,1,1,1,True
923332984,50,agentic,avg_ccn,4.444444444444445,2.0,-2.4444444444444446,-55.0,1,1,1,True
923332984,50,agentic,function_count,9.0,2.0,-7.0,-77.77777777777777,1,1,1,True
923332984,57,agentic,nloc,1608.0,1623.0,15.0,0.9328358208955224,1,1,1,True
923332984,57,agentic,avg_ccn,2.027027027027027,2.078014184397163,0.050987157370135705,2.515366430260028,1,1,1,True
923332984,57,agentic,function_count,148.0,141.0,-7.0,-4.72972972972973,1,1,1,True
923332984,94,agentic,nloc,617.0,615.1,-1.8999999999999773,-0.30794165316045014,10,10,10,True
923332984,94,agentic,avg_ccn,2.3831029914558717,2.3808302641831443,-0.002272727272727426,-0.09536840333279027,10,10,10,True
923332984,94,agentic,function_count,38.4,38.4,0.0,0.0,10,10,10,True
923332984,169,agentic,nloc,165.0,165.0,0.0,0.0,1,1,1,True
923332984,169,agentic,avg_ccn,1.9090909090909092,1.9090909090909092,0.0,0.0,1,1,1,True
923332984,169,agentic,function_count,11.0,11.0,0.0,0.0,1,1,1,True
923332984,359,agentic,nloc,698.0,688.0,-10.0,-1.4326647564469914,1,1,1,True
923332984,359,agentic,avg_ccn,3.883720930232558,3.86046511627907,-0.02325581395348797,-0.5988023952095705,1,1,1,True
923332984,359,agentic,function_count,43.0,43.0,0.0,0.0,1,1,1,True
923332984,360,agentic,nloc,978.25,966.5,-11.75,-1.2011244569384105,4,4,4,True
923332984,360,agentic,avg_ccn,2.4025507001448574,2.353404365904366,-0.049146334240491196,-2.0455898906744405,4,4,4,True
923332984,360,agentic,function_count,63.25,64.0,0.75,1.1857707509881423,4,4,4,True
923332984,570,agentic,nloc,482.6666666666667,552.0,69.33333333333331,14.364640883977895,3,3,3,True
923332984,570,agentic,avg_ccn,3.722486772486773,3.562772178673635,-0.15971459381313835,-4.290534891718164,3,3,3,True
923332984,570,agentic,function_count,27.666666666666668,32.0,4.333333333333332,15.662650602409633,3,3,3,True
923332984,699,agentic,nloc,106.5,129.5,23.0,21.5962441314554,2,2,2,True
923332984,699,agentic,avg_ccn,6.6875,6.3076923076923075,-0.3798076923076925,-5.679367361610356,2,2,2,True
923332984,699,agentic,function_count,5.5,8.0,2.5,45.45454545454545,2,2,2,True
923332984,704,agentic,nloc,229.57142857142858,235.14285714285714,5.571428571428555,2.4268823895457303,7,7,7,True
923332984,704,agentic,avg_ccn,7.0357142857142865,6.8257142857142865,-0.20999999999999996,-2.98477157360406,7,7,5,True
923332984,704,agentic,function_count,4.714285714285714,5.0,0.2857142857142856,6.060606060606058,7,7,7,True
923332984,749,agentic,nloc,480.6666666666667,507.6666666666667,27.0,5.617198335644938,3,3,3,True
923332984,749,agentic,avg_ccn,4.912054912054912,4.433001107419712,-0.47905380463519975,-9.752615009647604,3,3,3,True
923332984,749,agentic,function_count,23.0,26.666666666666668,3.666666666666668,15.942028985507251,3,3,3,True
923332984,772,agentic,nloc,302.75,313.5,10.75,3.550784475639967,4,4,4,True
923332984,772,agentic,avg_ccn,1.9633333333333334,1.9633333333333334,0.0,0.0,4,4,2,True
923332984,772,agentic,function_count,16.75,16.75,0.0,0.0,4,4,4,True
923332984,783,agentic,nloc,261.8,283.0,21.19999999999999,8.0977845683728,5,5,5,True
923332984,783,agentic,avg_ccn,2.6792207792207794,1.8412237596448122,-0.8379970195759672,-31.277639606083113,5,5,5,True
923332984,783,agentic,function_count,15.8,19.2,3.3999999999999986,21.518987341772142,5,5,5,True
923332984,794,agentic,nloc,897.1111111111111,902.4444444444445,5.333333333333371,0.5945008669804352,9,9,9,True
923332984,794,agentic,avg_ccn,2.7655512453939926,2.7908124441255495,0.025261198731556966,0.9134236356541694,9,9,9,True
923332984,794,agentic,function_count,57.111111111111114,57.55555555555556,0.44444444444444287,0.7782101167315147,9,9,9,True
923332984,852,agentic,nloc,1004.6,1015.8,11.199999999999932,1.1148715906828521,5,5,5,True
923332984,852,agentic,avg_ccn,3.0333588017407713,2.913724970883329,-0.11963383085744228,-3.943939331832005,5,5,5,True
923332984,852,agentic,function_count,67.6,69.0,1.4000000000000057,2.071005917159772,5,5,5,True
923332984,854,agentic,nloc,540.8,544.6,3.800000000000068,0.7026627218935038,5,5,5,True
923332984,854,agentic,avg_ccn,4.208603238866397,4.280668016194332,0.07206477732793459,1.712320531011745,5,5,5,True
923332984,854,agentic,function_count,20.6,20.6,0.0,0.0,5,5,5,True
923332984,855,agentic,nloc,2082.0,2308.0,226.0,10.85494716618636,1,1,1,True
923332984,855,agentic,avg_ccn,2.3767123287671232,2.3233532934131738,-0.05335903535394948,-2.24507756820652,1,1,1,True
923332984,855,agentic,function_count,146.0,167.0,21.0,14.383561643835616,1,1,1,True
923332984,890,agentic,nloc,467.5,551.25,83.75,17.914438502673796,4,4,4,True
923332984,890,agentic,avg_ccn,5.481596147230822,4.23015873015873,-1.2514374170720917,-22.829799632435332,4,4,3,True
923332984,890,agentic,function_count,16.75,22.0,5.25,31.34328358208955,4,4,4,True
923332984,952,agentic,nloc,1240.5,1251.0,10.5,0.8464328899637243,2,2,2,True
923332984,952,agentic,avg_ccn,2.677631578947368,2.677631578947368,0.0,0.0,2,2,2,True
923332984,952,agentic,function_count,25.0,25.0,0.0,0.0,2,2,2,True
923332984,1033,agentic,nloc,1201.6,1235.2,33.600000000000136,2.7962716378162566,5,5,5,True
923332984,1033,agentic,avg_ccn,2.836590743721474,2.7823379939209723,-0.054252749800501654,-1.9126040624853973,5,5,5,True
923332984,1033,agentic,function_count,49.2,50.4,1.1999999999999957,2.4390243902438935,5,5,5,True
923332984,1034,agentic,nloc,398.2,408.0,9.800000000000011,2.4610748367654476,5,5,5,True
923332984,1034,agentic,avg_ccn,3.950280112044818,5.913571428571428,1.9632913165266102,49.700053182059904,5,5,5,True
923332984,1034,agentic,function_count,19.0,20.2,1.1999999999999993,6.315789473684207,5,5,5,True
923332984,1038,agentic,nloc,1370.75,1389.0,18.25,1.3313879263177093,4,4,4,True
923332984,1038,agentic,avg_ccn,12.474071832122679,11.509063088512239,-0.96500874361044,-7.736116615309141,4,4,4,True
923332984,1038,agentic,function_count,43.25,45.0,1.75,4.046242774566474,4,4,4,True
923332984,1039,agentic,nloc,360.85714285714283,369.64285714285717,8.785714285714334,2.4346793349168783,14,14,14,True
923332984,1039,agentic,avg_ccn,5.746634286125517,5.63949142898266,-0.10714285714285765,-1.8644453746002212,14,14,14,True
923332984,1039,agentic,function_count,12.857142857142858,13.285714285714286,0.4285714285714288,3.3333333333333353,14,14,14,True
923332984,1040,agentic,nloc,403.6666666666667,404.5,0.8333333333333144,0.2064409578860399,6,6,6,True
923332984,1040,agentic,avg_ccn,5.676247771836007,5.676247771836007,0.0,0.0,6,6,6,True
923332984,1040,agentic,function_count,11.5,11.5,0.0,0.0,6,6,6,True
923332984,1041,agentic,nloc,409.14285714285717,415.2857142857143,6.14285714285711,1.5013966480446848,7,7,7,True
923332984,1041,agentic,avg_ccn,5.676247771836007,5.6213235294117645,-0.05492424242424221,-0.967615309126591,7,7,6,True
923332984,1041,agentic,function_count,9.857142857142858,10.142857142857142,0.2857142857142847,2.8985507246376705,7,7,7,True
923332984,1046,agentic,nloc,687.25,684.5,-2.75,-0.4001455074572572,4,4,4,True
923332984,1046,agentic,avg_ccn,11.084886128364388,10.312257751937985,-0.7726283764264039,-6.970106571048807,4,4,4,True
923332984,1046,agentic,function_count,24.25,25.25,1.0,4.123711340206185,4,4,4,True
923332984,1062,agentic,nloc,231.75,225.5,-6.25,-2.696871628910464,4,4,4,True
923332984,1062,agentic,avg_ccn,3.889705882352941,3.4061624649859947,-0.4835434173669464,-12.431361958772156,4,4,4,True
923332984,1062,agentic,function_count,24.25,25.25,1.0,4.123711340206185,4,4,4,True
923332984,1066,agentic,nloc,537.5,555.0,17.5,3.255813953488372,4,4,4,True
923332984,1066,agentic,avg_ccn,2.547630718954249,2.658496732026144,0.11086601307189525,4.351730109354448,4,4,4,True
923332984,1066,agentic,function_count,37.25,38.0,0.75,2.0134228187919465,4,4,4,True
923332984,1069,agentic,nloc,551.5,551.8333333333334,0.33333333333337123,0.060441220912669305,6,6,6,True
923332984,1069,agentic,avg_ccn,2.387159847938227,2.642988615415086,0.2558287674768587,10.716867900480821,6,6,6,True
923332984,1069,agentic,function_count,40.0,37.666666666666664,-2.3333333333333357,-5.833333333333339,6,6,6,True
923332984,1092,agentic,nloc,584.5,596.3333333333334,11.833333333333371,2.0245223838038275,6,6,6,True
923332984,1092,agentic,avg_ccn,3.238508567455936,3.2690556884635833,0.030547121007647338,0.9432465708016988,6,6,6,True
923332984,1092,agentic,function_count,22.333333333333332,22.666666666666668,0.3333333333333357,1.4925373134328466,6,6,6,True
923332984,1172,agentic,nloc,1093.2222222222222,1102.6666666666667,9.44444444444457,0.8639089338347509,9,9,9,True
923332984,1172,agentic,avg_ccn,3.0626541620928918,3.0448213468440866,-0.0178328152488052,-0.5822666976090761,9,9,9,True
923332984,1172,agentic,function_count,59.44444444444444,60.22222222222222,0.7777777777777786,1.3084112149532723,9,9,9,True
923332984,1217,agentic,nloc,844.4666666666667,848.0,3.533333333333303,0.41841004184100056,15,15,15,True
923332984,1217,agentic,avg_ccn,4.236008670490984,4.240426543041847,0.004417872550863677,0.10429328395004475,15,15,15,True
923332984,1217,agentic,function_count,38.53333333333333,38.6,0.06666666666666998,0.173010380622846,15,15,15,True
923332984,1249,agentic,nloc,1132.5555555555557,1138.3333333333333,5.777777777777601,0.5101540272736035,9,9,9,True
923332984,1249,agentic,avg_ccn,3.126647011513853,3.213233745188888,0.086586733675035,2.7693159271315255,9,9,9,True
923332984,1249,agentic,function_count,68.11111111111111,68.77777777777777,0.6666666666666572,0.9787928221859566,9,9,9,True
923332984,1250,agentic,nloc,496.05263157894734,505.0,8.947368421052659,1.8037135278514644,19,19,19,True
923332984,1250,agentic,avg_ccn,2.6673046622215,2.8060201785217505,0.13871551630025047,5.200587629338128,19,19,19,True
923332984,1250,agentic,function_count,32.78947368421053,33.526315789473685,0.7368421052631575,2.247191011235954,19,19,19,True
923332984,1304,agentic,nloc,968.7,992.1,23.399999999999977,2.415608547537935,10,10,10,True
923332984,1304,agentic,avg_ccn,2.8938428267940695,3.0195225590833132,0.12567973228924378,4.343004779857982,10,10,8,True
923332984,1304,agentic,function_count,66.5,55.2,-11.299999999999997,-16.992481203007515,10,10,10,True
923332984,1348,agentic,nloc,294.1666666666667,296.5,2.3333333333333144,0.7932011331444694,6,6,6,True
923332984,1348,agentic,avg_ccn,2.639792065016712,2.6725609672978092,0.0327689022810973,1.241344070821345,6,6,6,True
923332984,1348,agentic,function_count,16.5,17.333333333333332,0.8333333333333321,5.050505050505043,6,6,6,True
923332984,1355,agentic,nloc,149.5,153.5,4.0,2.6755852842809364,4,4,4,True
923332984,1355,agentic,avg_ccn,5.5,7.833333333333333,2.333333333333333,42.42424242424242,4,4,3,True
923332984,1355,agentic,function_count,1.5,1.5,0.0,0.0,4,4,4,True
926252103,1968,agentic,nloc,686.6666666666666,707.0,20.33333333333337,2.961165048543695,3,3,3,True
926252103,1968,agentic,avg_ccn,1.9404543799198812,1.9450205899655433,0.004566210045662045,0.2353165368335316,3,3,3,True
926252103,1968,agentic,function_count,80.33333333333333,80.33333333333333,0.0,0.0,3,3,3,True
927421008,91,agentic,nloc,476.5,469.5,-7.0,-1.4690451206715636,2,2,2,True
927421008,91,agentic,avg_ccn,5.519230769230769,5.461538461538462,-0.05769230769230749,-1.045296167247383,2,2,2,True
927421008,91,agentic,function_count,15.0,15.0,0.0,0.0,2,2,2,True
929338255,404,agentic,nloc,26.75,33.25,6.5,24.299065420560748,4,4,4,True
929338255,404,agentic,avg_ccn,6.0,5.0,-1.0,-16.666666666666668,4,4,1,True
929338255,404,agentic,function_count,0.75,0.75,0.0,0.0,4,4,4,True
929338255,442,human_candidate,nloc,159.5,215.0,55.5,34.79623824451411,2,2,2,True
929338255,442,human_candidate,avg_ccn,5.07051282051282,5.28695652173913,0.21644370122630985,4.268674765019512,2,2,2,True
929338255,442,human_candidate,function_count,9.5,14.0,4.5,47.36842105263158,2,2,2,True
934959044,104,human_candidate,nloc,306.75,370.375,63.625,20.741646291768543,8,8,8,True
934959044,104,human_candidate,avg_ccn,9.732334332334332,10.909340659340659,1.1770063270063265,12.093772026469395,8,8,7,True
934959044,104,human_candidate,function_count,5.125,6.0,0.875,17.073170731707318,8,8,8,True
934959044,1165,human_candidate,nloc,2078.0,2078.0,0.0,0.0,1,1,1,True
934959044,1165,human_candidate,avg_ccn,20.25,20.25,0.0,0.0,1,1,1,True
934959044,1165,human_candidate,function_count,32.0,32.0,0.0,0.0,1,1,1,True
934959044,1272,human_candidate,nloc,174.75,173.25,-1.5,-0.8583690987124464,4,4,4,True
934959044,1272,human_candidate,avg_ccn,3.4313725490196076,3.4313725490196076,0.0,0.0,4,4,3,True
934959044,1272,human_candidate,function_count,4.75,4.75,0.0,0.0,4,4,4,True
939393745,1385,agentic,nloc,635.0,636.0,1.0,0.15748031496062992,2,2,2,True
939393745,1385,agentic,avg_ccn,1.233009708737864,1.233009708737864,0.0,0.0,2,2,2,True
939393745,1385,agentic,function_count,56.0,56.0,0.0,0.0,2,2,2,True
939393745,2352,agentic,nloc,95.66666666666667,94.0,-1.6666666666666714,-1.7421602787456494,3,3,3,True
939393745,2352,agentic,avg_ccn,3.1875,2.3333333333333335,-0.8541666666666665,-26.79738562091503,3,3,3,True
939393745,2352,agentic,function_count,6.333333333333333,6.333333333333333,0.0,0.0,3,3,3,True
939393745,2353,agentic,nloc,398.5,397.0,-1.5,-0.37641154328732745,2,2,2,True
939393745,2353,agentic,avg_ccn,3.6435185185185186,3.583333333333333,-0.060185185185185563,-1.6518424396442288,2,2,2,True
939393745,2353,agentic,function_count,19.5,19.5,0.0,0.0,2,2,2,True
942771284,1403,human_candidate,nloc,1335.5714285714287,1366.4285714285713,30.857142857142662,2.310407530217121,7,7,7,True
942771284,1403,human_candidate,avg_ccn,3.385943455396343,3.176207362377575,-0.20973609301876817,-6.194317648290952,7,7,7,True
942771284,1403,human_candidate,function_count,30.285714285714285,31.142857142857142,0.8571428571428577,2.8301886792452846,7,7,7,True
942771284,1535,agentic,nloc,1100.1666666666667,1038.1666666666667,-62.0,-5.63550977124678,6,6,6,True
942771284,1535,agentic,avg_ccn,2.973561623561624,2.5485255485255487,-0.4250360750360751,-14.293837789276497,6,6,6,True
942771284,1535,agentic,function_count,35.333333333333336,37.0,1.6666666666666643,4.716981132075465,6,6,6,True
942771284,2017,human_candidate,nloc,1696.0,1732.0,36.0,2.1226415094339623,3,3,3,True
942771284,2017,human_candidate,avg_ccn,3.834656084656085,4.355631141345427,0.5209750566893416,13.585965603902801,3,3,3,True
942771284,2017,human_candidate,function_count,38.666666666666664,39.333333333333336,0.6666666666666714,1.724137931034495,3,3,3,True
945896114,741,agentic,nloc,420.0,421.5,1.5,0.35714285714285715,2,2,2,True
945896114,741,agentic,avg_ccn,2.7785714285714285,2.7785714285714285,0.0,0.0,2,2,2,True
945896114,741,agentic,function_count,21.5,21.5,0.0,0.0,2,2,2,True
945896114,1040,human_candidate,nloc,341.0,512.0,171.0,50.146627565982406,2,2,2,True
945896114,1040,human_candidate,avg_ccn,1.4115384615384614,1.5671052631578948,0.15556680161943337,11.021081313638332,2,2,2,True
945896114,1040,human_candidate,function_count,40.5,48.0,7.5,18.51851851851852,2,2,2,True
945896114,1955,human_candidate,nloc,979.5,1074.0,94.5,9.647779479326188,2,2,2,True
945896114,1955,human_candidate,avg_ccn,2.580357142857143,2.633928571428571,0.05357142857142838,2.076124567474041,2,2,2,True
945896114,1955,human_candidate,function_count,22.0,22.0,0.0,0.0,2,2,2,True
945896114,2100,agentic,nloc,262.0,338.0,76.0,29.00763358778626,1,1,1,True
945896114,2100,agentic,avg_ccn,17.333333333333332,17.5,0.16666666666666785,0.9615384615384684,1,1,1,True
945896114,2100,agentic,function_count,3.0,4.0,1.0,33.333333333333336,1,1,1,True
945896114,2101,agentic,nloc,338.0,354.0,16.0,4.733727810650888,1,1,1,True
945896114,2101,agentic,avg_ccn,17.5,17.75,0.25,1.4285714285714286,1,1,1,True
945896114,2101,agentic,function_count,4.0,4.0,0.0,0.0,1,1,1,True
946087422,3887,human_candidate,nloc,257.14285714285717,256.14285714285717,-1.0,-0.38888888888888884,7,7,7,True
946087422,3887,human_candidate,avg_ccn,1.7041666666666666,1.6208333333333333,-0.08333333333333326,-4.889975550122244,7,7,6,True
946087422,3887,human_candidate,function_count,9.857142857142858,9.857142857142858,0.0,0.0,7,7,7,True
946087422,8721,human_candidate,nloc,134.0,135.0,1.0,0.746268656716418,1,1,1,True
946087422,8721,human_candidate,avg_ccn,4.5,4.5,0.0,0.0,1,1,1,True
946087422,8721,human_candidate,function_count,10.0,10.0,0.0,0.0,1,1,1,True
946087422,9442,human_candidate,nloc,229.5,231.0,1.5,0.6535947712418301,2,2,2,True
946087422,9442,human_candidate,avg_ccn,1.6706349206349205,1.6706349206349205,0.0,0.0,2,2,2,True
946087422,9442,human_candidate,function_count,33.5,33.5,0.0,0.0,2,2,2,True
946174307,1070,agentic,nloc,282.77777777777777,286.6296296296296,3.8518518518518476,1.3621480026195139,27,27,27,True
946174307,1070,agentic,avg_ccn,3.1816937678343513,3.043076637837911,-0.13861712999644027,-4.356708725327493,27,27,26,True
946174307,1070,agentic,function_count,14.074074074074074,14.333333333333334,0.2592592592592595,1.8421052631578965,27,27,27,True
946174307,1138,agentic,nloc,79.0,143.0,64.0,81.0126582278481,1,1,1,True
946174307,1138,agentic,avg_ccn,6.0,9.0,3.0,50.0,1,1,1,True
946174307,1138,agentic,function_count,3.0,3.0,0.0,0.0,1,1,1,True
946174307,1274,agentic,nloc,218.0,228.66666666666666,10.666666666666657,4.892966360856264,6,6,6,True
946174307,1274,agentic,avg_ccn,3.5725559163059164,3.4442841880341883,-0.12827172827172806,-3.590475034589891,6,6,6,True
946174307,1274,agentic,function_count,9.833333333333334,10.5,0.6666666666666661,6.779661016949145,6,6,6,True
946174307,1319,agentic,nloc,95.57142857142857,101.14285714285714,5.571428571428569,5.829596412556051,7,7,7,True
946174307,1319,agentic,avg_ccn,3.5136054421768708,3.358843537414966,-0.15476190476190466,-4.404646660212969,7,7,7,True
946174307,1319,agentic,function_count,3.857142857142857,4.285714285714286,0.4285714285714284,11.111111111111107,7,7,7,True
946174307,1531,human_candidate,nloc,106.0,126.5,20.5,19.339622641509433,2,2,2,True
946174307,1531,human_candidate,avg_ccn,2.3269230769230766,2.0625,-0.26442307692307665,-11.363636363636353,2,2,2,True
946174307,1531,human_candidate,function_count,7.5,9.5,2.0,26.666666666666668,2,2,2,True
946945328,84,agentic,nloc,223.3846153846154,223.64102564102564,0.2564102564102484,0.114784205693293,39,39,39,True
946945328,84,agentic,avg_ccn,4.098796501989055,4.063082216274769,-0.03571428571428559,-0.87133590791722,39,39,35,True
946945328,84,agentic,function_count,11.384615384615385,11.41025641025641,0.02564102564102555,0.22522522522522442,39,39,39,True
948174507,97,agentic,nloc,164.0,203.5,39.5,24.085365853658537,4,4,4,True
948174507,97,agentic,avg_ccn,3.766666666666667,4.411111111111111,0.6444444444444444,17.10914454277286,4,4,3,True
948174507,97,agentic,function_count,5.0,5.5,0.5,10.0,4,4,4,True
952097046,628,human_candidate,nloc,1192.0,1213.0,21.0,1.761744966442953,2,2,2,True
952097046,628,human_candidate,avg_ccn,2.4273097826086953,2.4551630434782608,0.02785326086956541,1.14749510215506,2,2,2,True
952097046,628,human_candidate,function_count,66.5,66.5,0.0,0.0,2,2,2,True
952097046,648,human_candidate,nloc,99.0,111.0,12.0,12.121212121212121,1,1,1,True
952097046,648,human_candidate,avg_ccn,1.875,2.0,0.125,6.666666666666667,1,1,1,True
952097046,648,human_candidate,function_count,8.0,8.0,0.0,0.0,1,1,1,True
959682770,792,agentic,nloc,870.8,874.6,3.800000000000068,0.4363803399173253,5,5,5,True
959682770,792,agentic,avg_ccn,2.60685932264661,2.611678599755044,0.004819277108433884,0.18486909004131147,5,5,5,True
959682770,792,agentic,function_count,36.0,36.0,0.0,0.0,5,5,5,True
959682770,3739,human_candidate,nloc,614.1111111111111,627.1111111111111,13.0,2.116880767143116,9,9,9,True
959682770,3739,human_candidate,avg_ccn,1.7022513077200578,1.8138915193602694,0.11164021164021154,6.558386011154777,9,9,9,True
959682770,3739,human_candidate,function_count,46.333333333333336,46.77777777777778,0.44444444444444287,0.9592326139088695,9,9,9,True
959682770,3815,human_candidate,nloc,489.0,493.2,4.199999999999989,0.8588957055214701,5,5,5,True
959682770,3815,human_candidate,avg_ccn,2.0572240892265734,1.8449624418697514,-0.21226164735682196,-10.31786709422711,5,5,5,True
959682770,3815,human_candidate,function_count,41.6,42.4,0.7999999999999972,1.9230769230769162,5,5,5,True
959682770,3827,human_candidate,nloc,648.0,652.6666666666666,4.666666666666629,0.7201646090534921,3,3,3,True
959682770,3827,human_candidate,avg_ccn,2.1854884783850697,1.8521551450517364,-0.33333333333333326,-15.25212036714302,3,3,3,True
959682770,3827,human_candidate,function_count,49.666666666666664,49.666666666666664,0.0,0.0,3,3,3,True
964314175,201,agentic,nloc,4265.0,4282.0,17.0,0.39859320046893315,1,1,1,True
964314175,201,agentic,avg_ccn,5.75,5.766666666666667,0.016666666666666607,0.28985507246376707,1,1,1,True
964314175,201,agentic,function_count,120.0,120.0,0.0,0.0,1,1,1,True
985839104,669,human_candidate,nloc,241.5,252.0,10.5,4.3478260869565215,2,2,2,True
985839104,669,human_candidate,avg_ccn,5.171052631578947,3.958333333333333,-1.2127192982456139,-23.452078032230702,2,2,2,True
985839104,669,human_candidate,function_count,10.5,12.5,2.0,19.047619047619047,2,2,2,True
985839104,674,human_candidate,nloc,1116.0,1120.0,4.0,0.35842293906810035,1,1,1,True
985839104,674,human_candidate,avg_ccn,5.575,5.309523809523809,-0.26547619047619087,-4.761904761904769,1,1,1,True
985839104,674,human_candidate,function_count,40.0,42.0,2.0,5.0,1,1,1,True
987749923,21,agentic,nloc,200.0,196.66666666666666,-3.333333333333343,-1.6666666666666714,3,3,3,True
987749923,21,agentic,avg_ccn,1.7941176470588236,2.0163398692810457,0.2222222222222221,12.386156648451724,3,3,3,True
987749923,21,agentic,function_count,14.666666666666666,13.666666666666666,-1.0,-6.818181818181818,3,3,3,True
988834688,358,human_candidate,nloc,360.0,393.0,33.0,9.166666666666666,1,1,1,True
988834688,358,human_candidate,avg_ccn,18.666666666666668,20.0,1.3333333333333321,7.142857142857135,1,1,1,True
988834688,358,human_candidate,function_count,6.0,6.0,0.0,0.0,1,1,1,True
993521808,1027,human_candidate,nloc,563.5,571.75,8.25,1.4640638864241349,4,4,4,True
993521808,1027,human_candidate,avg_ccn,1.350433116774946,1.3629329763270857,0.012499859552139725,0.9256185587325808,4,4,4,True
993521808,1027,human_candidate,function_count,62.75,58.0,-4.75,-7.569721115537849,4,4,4,True
999285986,19,agentic,nloc,179.0,133.0,-46.0,-25.69832402234637,1,1,1,True
999285986,19,agentic,avg_ccn,4.5,3.6666666666666665,-0.8333333333333335,-18.51851851851852,1,1,1,True
999285986,19,agentic,function_count,4.0,3.0,-1.0,-25.0,1,1,1,True
999686447,2152,agentic,nloc,1152.0,1237.0,85.0,7.378472222222222,1,1,1,True
999686447,2152,agentic,avg_ccn,2.7962962962962963,2.8524590163934427,0.0561627200971464,2.0084681359244407,1,1,1,True
999686447,2152,agentic,function_count,54.0,61.0,7.0,12.962962962962964,1,1,1,True
999686447,3623,human_candidate,nloc,1871.0,1889.0,18.0,0.9620523784072689,1,1,1,True
999686447,3623,human_candidate,avg_ccn,2.495049504950495,2.4711538461538463,-0.02389565879664879,-0.9577228327228284,1,1,1,True
999686447,3623,human_candidate,function_count,101.0,104.0,3.0,2.9702970297029703,1,1,1,True
1001163434,7,agentic,nloc,137.0,142.5,5.5,4.014598540145985,2,2,2,True
1001163434,7,agentic,avg_ccn,7.125,7.25,0.125,1.7543859649122806,2,2,1,True
1001163434,7,agentic,function_count,4.0,4.0,0.0,0.0,2,2,2,True
1002552148,333,agentic,nloc,627.8571428571429,640.0,12.14285714285711,1.9340159271899833,7,7,7,True
1002552148,333,agentic,avg_ccn,4.266626984126984,4.308293650793651,0.04166666666666696,0.9765715826970187,7,7,6,True
1002552148,333,agentic,function_count,21.857142857142858,22.0,0.14285714285714235,0.6535947712418277,7,7,7,True
1002608585,7,agentic,nloc,326.5,381.0,54.5,16.69218989280245,4,4,4,True
1002608585,7,agentic,avg_ccn,1.8925096525096528,2.2568951930654055,0.3643855405557528,19.254091521939767,4,4,3,True
1002608585,7,agentic,function_count,19.0,23.0,4.0,21.05263157894737,4,4,4,True
1003222647,263,agentic,nloc,187.0,187.0,0.0,0.0,1,1,1,True
1003222647,263,agentic,avg_ccn,1.5454545454545454,1.5454545454545454,0.0,0.0,1,1,1,True
1003222647,263,agentic,function_count,11.0,11.0,0.0,0.0,1,1,1,True
1007555070,146,human_candidate,nloc,355.5,418.0,62.5,17.58087201125176,2,2,2,True
1007555070,146,human_candidate,avg_ccn,3.7467532467532463,3.75,0.0032467532467537197,0.08665511265165908,2,2,2,True
1007555070,146,human_candidate,function_count,16.0,19.5,3.5,21.875,2,2,2,True
1019432584,1149,human_candidate,nloc,679.6666666666666,1081.6666666666667,402.0000000000001,59.14664051005397,3,3,3,True
1019432584,1149,human_candidate,avg_ccn,3.7217592592592594,3.6199835280023955,-0.1017757312568639,-2.734613503107675,3,3,3,True
1019432584,1149,human_candidate,function_count,39.0,65.0,26.0,66.66666666666667,3,3,3,True
1020430400,9,agentic,nloc,99.25,132.0,32.75,32.99748110831234,4,4,4,True
1020430400,9,agentic,avg_ccn,4.857638888888889,4.222222222222222,-0.635416666666667,-13.080771979985709,4,4,4,True
1020430400,9,agentic,function_count,5.5,8.0,2.5,45.45454545454545,4,4,4,True
