repo_id,number,sample_arm,snapshot_at,outcome_observed,outcome,time_to_merge_hours,time_status,additions,deletions,changed_files,commits_count,lines_changed
122162,52,agentic,2026-08-27T22:00:14.356079+00:00,True,open,,not_merged,1177.0,16.0,11.0,3.0,1193.0
269027,3578,agentic,2026-08-27T22:00:14.356079+00:00,True,merged,21.903055555555557,valid,154.0,21.0,10.0,11.0,175.0
302662,74,agentic,2026-08-27T22:00:14.356079+00:00,True,open,,not_merged,92.0,26.0,4.0,3.0,118.0
509028,4756,human_candidate,2026-08-27T22:00:14.356079+00:00,True,merged,10.043888888888889,valid,2.0,2.0,1.0,1.0,4.0
509028,4815,agentic,2026-08-27T22:00:14.356079+00:00,True,closed_unmerged,,not_merged,139.0,6.0,2.0,6.0,145.0
509028,5245,agentic,2026-08-27T22:00:14.356079+00:00,True,closed_unmerged,,not_merged,143.0,12.0,5.0,4.0,155.0
509028,5478,agentic,2026-08-27T22:00:14.356079+00:00,True,merged,61.79055555555556,valid,49.0,8.0,2.0,4.0,57.0
509028,5537,agentic,2026-08-27T22:00:14.356079+00:00,True,merged,22.156944444444445,valid,26.0,18.0,1.0,3.0,44.0
1181927,33012,human_candidate,2026-08-27T22:00:14.356079+00:00,True,closed_unmerged,,not_merged,335.0,269.0,19.0,5.0,604.0
1181927,33264,human_candidate,2026-08-27T22:00:14.356079+00:00,True,merged,17.261388888888888,valid,5.0,3.0,1.0,1.0,8.0
1181927,33678,human_candidate,2026-08-27T22:00:14.356079+00:00,True,closed_unmerged,,not_merged,10.0,0.0,1.0,1.0,10.0
1181927,34384,human_candidate,2026-08-27T22:00:14.356079+00:00,True,merged,16.983055555555556,valid,9.0,131.0,4.0,2.0,140.0
1181927,34636,human_candidate,2026-08-27T22:00:14.356079+00:00,True,merged,2648.1691666666666,valid,16.0,5.0,1.0,2.0,21.0
1181927,35195,human_candidate,2026-08-27T22:00:14.356079+00:00,True,open,,not_merged,21.0,7.0,2.0,2.0,28.0
1223855,3990,human_candidate,2026-08-27T22:00:14.356079+00:00,True,merged,0.2797222222222222,valid,238.0,242.0,57.0,1.0,480.0
1416156,555,agentic,2026-08-27T22:00:14.356079+00:00,True,merged,0.3863888888888889,valid,117.0,246.0,14.0,1.0,363.0
1446467,13916,human_candidate,2026-08-27T22:00:14.356079+00:00,True,merged,46.71277777777778,valid,11.0,16.0,2.0,2.0,27.0
1446467,13986,human_candidate,2026-08-27T22:00:14.356079+00:00,True,closed_unmerged,,not_merged,49.0,0.0,3.0,1.0,49.0
1644196,59071,agentic,2026-08-27T22:00:14.356079+00:00,True,closed_unmerged,,not_merged,10.0,3.0,1.0,1.0,13.0
1644196,59691,human_candidate,2026-08-27T22:00:14.356079+00:00,True,merged,19.828055555555554,valid,139.0,96.0,5.0,1.0,235.0
1644196,59858,human_candidate,2026-08-27T22:00:14.356079+00:00,True,merged,1151.693611111111,valid,61.0,1.0,7.0,9.0,62.0
1644196,59914,human_candidate,2026-08-27T22:00:14.356079+00:00,True,closed_unmerged,,not_merged,20.0,14.0,1.0,1.0,34.0
1644196,59965,human_candidate,2026-08-27T22:00:14.356079+00:00,True,merged,558.6280555555555,valid,12.0,8.0,1.0,1.0,20.0
1644196,60338,agentic,2026-08-27T22:00:14.356079+00:00,True,closed_unmerged,,not_merged,1.0,1.0,1.0,1.0,2.0
1644196,60339,agentic,2026-08-27T22:00:14.356079+00:00,True,closed_unmerged,,not_merged,346.0,504.0,16.0,12.0,850.0
1644196,60839,human_candidate,2026-08-27T22:00:14.356079+00:00,True,merged,7.259444444444444,valid,1.0,8.0,3.0,1.0,9.0
1644196,60851,human_candidate,2026-08-27T22:00:14.356079+00:00,True,merged,9.914722222222222,valid,12.0,7.0,3.0,1.0,19.0
1644196,60852,agentic,2026-08-27T22:00:14.356079+00:00,True,merged,652.6322222222223,valid,38.0,30.0,2.0,5.0,68.0
1644196,60853,agentic,2026-08-27T22:00:14.356079+00:00,True,open,,not_merged,31.0,15.0,2.0,1.0,46.0
1644196,60867,human_candidate,2026-08-27T22:00:14.356079+00:00,True,merged,34.54277777777778,valid,9.0,9.0,1.0,2.0,18.0
1644196,61225,human_candidate,2026-08-27T22:00:14.356079+00:00,True,closed_unmerged,,not_merged,0.0,16.0,1.0,1.0,16.0
1644196,61474,agentic,2026-08-27T22:00:14.356079+00:00,True,merged,1199.161111111111,valid,114.0,68.0,11.0,5.0,182.0
1644196,61720,human_candidate,2026-08-27T22:00:14.356079+00:00,True,merged,2.852777777777778,valid,3.0,3.0,1.0,1.0,6.0
1644196,61753,human_candidate,2026-08-27T22:00:14.356079+00:00,True,open,,not_merged,240.0,43.0,2.0,14.0,283.0
1644196,61826,agentic,2026-08-27T22:00:14.356079+00:00,True,merged,468.7011111111111,valid,409.0,5.0,11.0,6.0,414.0
1644196,61919,human_candidate,2026-08-27T22:00:14.356079+00:00,True,closed_unmerged,,not_merged,7.0,0.0,1.0,1.0,7.0
1644196,61930,agentic,2026-08-27T22:00:14.356079+00:00,True,merged,121.04166666666667,valid,102.0,40.0,7.0,4.0,142.0
1644196,61943,agentic,2026-08-27T22:00:14.356079+00:00,True,merged,83.36944444444444,valid,37.0,3.0,1.0,2.0,40.0
1644196,61958,human_candidate,2026-08-27T22:00:14.356079+00:00,True,merged,481.2322222222222,valid,538.0,55.0,8.0,1.0,593.0
1663468,21202,human_candidate,2026-08-27T22:00:14.356079+00:00,True,closed_unmerged,,not_merged,5.0,2469.0,4.0,1.0,2474.0
2030681,20627,agentic,2026-08-27T22:00:14.356079+00:00,True,closed_unmerged,,not_merged,39.0,9.0,1.0,3.0,48.0
2327138,1473,agentic,2026-08-27T22:00:14.356079+00:00,True,closed_unmerged,,not_merged,8.0,4.0,1.0,2.0,12.0
2418592,2731,human_candidate,2026-08-27T22:00:14.356079+00:00,True,merged,16.989444444444445,valid,242.0,18.0,6.0,56.0,260.0
2751199,9478,human_candidate,2026-08-27T22:00:14.356079+00:00,True,merged,1.435,valid,121.0,59.0,7.0,4.0,180.0
2928944,50370,human_candidate,2026-08-27T22:00:14.356079+00:00,True,closed_unmerged,,not_merged,152.0,189.0,5.0,1.0,341.0
2928944,54006,agentic,2026-08-27T22:00:14.356079+00:00,True,merged,20.139722222222222,valid,91.0,135.0,3.0,6.0,226.0
2928944,56680,agentic,2026-08-27T22:00:14.356079+00:00,True,open,,not_merged,378.0,14.0,8.0,7.0,392.0
2928944,56872,human_candidate,2026-08-27T22:00:14.356079+00:00,True,merged,1911.8591666666666,valid,975.0,176.0,4.0,21.0,1151.0
2928948,45412,human_candidate,2026-08-27T22:00:14.356079+00:00,True,closed_unmerged,,not_merged,15.0,2.0,1.0,2.0,17.0
2928948,48617,human_candidate,2026-08-27T22:00:14.356079+00:00,True,closed_unmerged,,not_merged,2432.0,50.0,32.0,10.0,2482.0
2988101,5272,agentic,2026-08-27T22:00:14.356079+00:00,True,open,,not_merged,92.0,53.0,4.0,1.0,145.0
3194112,402,agentic,2026-08-27T22:00:14.356079+00:00,True,merged,2.401666666666667,valid,14.0,3.0,2.0,3.0,17.0
3292397,671,agentic,2026-08-27T22:00:14.356079+00:00,True,merged,5234.060277777778,valid,160.0,53.0,4.0,5.0,213.0
3328572,17229,agentic,2026-08-27T22:00:14.356079+00:00,True,closed_unmerged,,not_merged,71.0,2.0,2.0,1.0,73.0
3328572,19852,agentic,2026-08-27T22:00:14.356079+00:00,True,closed_unmerged,,not_merged,10.0,1.0,1.0,2.0,11.0
3368190,4016,human_candidate,2026-08-27T22:00:14.356079+00:00,True,merged,4.977222222222222,valid,70.0,37.0,6.0,26.0,107.0
3368190,4164,human_candidate,2026-08-27T22:00:14.356079+00:00,True,merged,259.0672222222222,valid,79.0,44.0,3.0,4.0,123.0
3368190,4504,human_candidate,2026-08-27T22:00:14.356079+00:00,True,merged,243.27694444444444,valid,68.0,2.0,3.0,8.0,70.0
3368190,4560,human_candidate,2026-08-27T22:00:14.356079+00:00,True,merged,342.3038888888889,valid,847.0,164.0,10.0,9.0,1011.0
4127088,42988,agentic,2026-08-27T22:00:14.356079+00:00,True,closed_unmerged,,not_merged,18.0,0.0,1.0,1.0,18.0
4127088,44080,human_candidate,2026-08-27T22:00:14.356079+00:00,True,merged,3288.1725,valid,8436.0,575.0,55.0,36.0,9011.0
4127088,45937,agentic,2026-08-27T22:00:14.356079+00:00,True,merged,180.98388888888888,valid,637.0,137.0,3.0,12.0,774.0
4127088,46572,human_candidate,2026-08-27T22:00:14.356079+00:00,True,closed_unmerged,,not_merged,31.0,9.0,1.0,2.0,40.0
4213474,1624,agentic,2026-08-27T22:00:14.356079+00:00,True,merged,107.80444444444444,valid,1117.0,277.0,58.0,35.0,1394.0
4213474,1635,agentic,2026-08-27T22:00:14.356079+00:00,True,merged,2.729722222222222,valid,185.0,51.0,9.0,8.0,236.0
4213474,1732,agentic,2026-08-27T22:00:14.356079+00:00,True,merged,49.17305555555556,valid,2235.0,205.0,59.0,17.0,2440.0
4454793,31435,human_candidate,2026-08-27T22:00:14.356079+00:00,True,merged,0.6319444444444444,valid,8.0,7.0,4.0,1.0,15.0
4743255,4697,human_candidate,2026-08-27T22:00:14.356079+00:00,True,merged,72.59194444444445,valid,10.0,2.0,2.0,1.0,12.0
4743255,5137,human_candidate,2026-08-27T22:00:14.356079+00:00,True,merged,335.4238888888889,valid,247.0,130.0,13.0,2.0,377.0
5108051,27755,human_candidate,2026-08-27T22:00:14.356079+00:00,True,merged,45.529444444444444,valid,63.0,8.0,1.0,8.0,71.0
5108051,27795,human_candidate,2026-08-27T22:00:14.356079+00:00,True,merged,121.53277777777778,valid,963.0,466.0,2.0,2.0,1429.0
5108051,28374,human_candidate,2026-08-27T22:00:14.356079+00:00,True,closed_unmerged,,not_merged,1.0,1.0,1.0,1.0,2.0
5108051,29058,human_candidate,2026-08-27T22:00:14.356079+00:00,True,merged,11.506944444444445,valid,89.0,0.0,1.0,3.0,89.0
5108051,29117,human_candidate,2026-08-27T22:00:14.356079+00:00,True,merged,424.47305555555556,valid,263.0,83.0,3.0,1.0,346.0
5108051,29187,human_candidate,2026-08-27T22:00:14.356079+00:00,True,merged,170.45833333333334,valid,3.0,2.0,1.0,1.0,5.0
5298790,26686,human_candidate,2026-08-27T22:00:14.356079+00:00,True,closed_unmerged,,not_merged,88.0,85.0,23.0,1.0,173.0
5298790,26927,human_candidate,2026-08-27T22:00:14.356079+00:00,True,closed_unmerged,,not_merged,575.0,1.0,4.0,2.0,576.0
6860771,3542,agentic,2026-08-27T22:00:14.356079+00:00,True,closed_unmerged,,not_merged,16.0,2.0,1.0,5.0,18.0
7243421,1977,agentic,2026-08-27T22:00:14.356079+00:00,True,merged,2.678888888888889,valid,29.0,14.0,4.0,3.0,43.0
7913195,3147,human_candidate,2026-08-27T22:00:14.356079+00:00,True,merged,0.3705555555555556,valid,48.0,53.0,1.0,1.0,101.0
8100370,5280,human_candidate,2026-08-27T22:00:14.356079+00:00,True,merged,89.60805555555555,valid,37.0,25.0,3.0,4.0,62.0
8162715,18585,human_candidate,2026-08-27T22:00:14.356079+00:00,True,merged,1577.0402777777779,valid,88.0,32.0,12.0,1.0,120.0
10458362,6070,agentic,2026-08-27T22:00:14.356079+00:00,True,merged,169.04666666666665,valid,49.0,13.0,2.0,1.0,62.0
10458362,6886,human_candidate,2026-08-27T22:00:14.356079+00:00,True,merged,2.9541666666666666,valid,224.0,2.0,9.0,3.0,226.0
10458362,7090,agentic,2026-08-27T22:00:14.356079+00:00,True,merged,17.868333333333332,valid,26.0,19.0,1.0,2.0,45.0
11061773,20764,human_candidate,2026-08-27T22:00:14.356079+00:00,True,closed_unmerged,,not_merged,1594.0,362.0,14.0,71.0,1956.0
11183126,912,agentic,2026-08-27T22:00:14.356079+00:00,True,merged,195.6586111111111,valid,972.0,339.0,19.0,6.0,1311.0
11183126,1061,human_candidate,2026-08-27T22:00:14.356079+00:00,True,merged,14.5325,valid,189.0,18.0,5.0,2.0,207.0
11183126,1393,agentic,2026-08-27T22:00:14.356079+00:00,True,merged,2.046388888888889,valid,4.0,11.0,1.0,1.0,15.0
11183126,1601,agentic,2026-08-27T22:00:14.356079+00:00,True,merged,3.453888888888889,valid,40.0,5.0,2.0,1.0,45.0
11183126,1623,human_candidate,2026-08-27T22:00:14.356079+00:00,True,merged,1.5383333333333333,valid,23.0,1.0,4.0,4.0,24.0
11183126,2004,human_candidate,2026-08-27T22:00:14.356079+00:00,True,merged,21.789722222222224,valid,66.0,125.0,1.0,1.0,191.0
11415199,727,human_candidate,2026-08-27T22:00:14.356079+00:00,True,merged,72.27944444444445,valid,81.0,31.0,2.0,3.0,112.0
11415199,821,agentic,2026-08-27T22:00:14.356079+00:00,True,merged,83.47611111111111,valid,639.0,513.0,12.0,3.0,1152.0
11415199,824,agentic,2026-08-27T22:00:14.356079+00:00,True,merged,2.6755555555555555,valid,7.0,1.0,1.0,1.0,8.0
11965691,1071,agentic,2026-08-27T22:00:14.356079+00:00,True,closed_unmerged,,not_merged,37.0,0.0,3.0,2.0,37.0
11965691,1073,agentic,2026-08-27T22:00:14.356079+00:00,True,closed_unmerged,,not_merged,189.0,47.0,3.0,6.0,236.0
11965691,1074,agentic,2026-08-27T22:00:14.356079+00:00,True,closed_unmerged,,not_merged,255.0,24.0,3.0,4.0,279.0
11965691,1219,agentic,2026-08-27T22:00:14.356079+00:00,True,closed_unmerged,,not_merged,786.0,19.0,8.0,4.0,805.0
11965691,1224,agentic,2026-08-27T22:00:14.356079+00:00,True,closed_unmerged,,not_merged,181.0,36.0,2.0,3.0,217.0
12204147,15788,human_candidate,2026-08-27T22:00:14.356079+00:00,True,closed_unmerged,,not_merged,25.0,17.0,3.0,1.0,42.0
12670630,127,agentic,2026-08-27T22:00:14.356079+00:00,True,merged,0.006111111111111111,valid,162.0,26.0,2.0,1.0,188.0
12670630,146,agentic,2026-08-27T22:00:14.356079+00:00,True,merged,0.006111111111111111,valid,77.0,0.0,2.0,1.0,77.0
12670630,194,agentic,2026-08-27T22:00:14.356079+00:00,True,merged,0.002777777777777778,valid,10.0,8.0,2.0,1.0,18.0
12670630,347,agentic,2026-08-27T22:00:14.356079+00:00,True,merged,0.005555555555555556,valid,20.0,14.0,4.0,1.0,34.0
13683952,1241,human_candidate,2026-08-27T22:00:14.356079+00:00,True,merged,22.81111111111111,valid,2.0,8.0,1.0,1.0,10.0
13683952,1286,agentic,2026-08-27T22:00:14.356079+00:00,True,closed_unmerged,,not_merged,61.0,3.0,3.0,1.0,64.0
13683952,1378,human_candidate,2026-08-27T22:00:14.356079+00:00,True,merged,72.99777777777778,valid,840.0,716.0,13.0,62.0,1556.0
13908616,3334,agentic,2026-08-27T22:00:14.356079+00:00,True,merged,1.8325,valid,18.0,0.0,2.0,3.0,18.0
13908616,3425,agentic,2026-08-27T22:00:14.356079+00:00,True,merged,1.2702777777777778,valid,12.0,3.0,1.0,2.0,15.0
13908616,3428,agentic,2026-08-27T22:00:14.356079+00:00,True,merged,141.59222222222223,valid,12.0,3.0,1.0,4.0,15.0
14268809,1986,agentic,2026-08-27T22:00:14.356079+00:00,True,closed_unmerged,,not_merged,31.0,11.0,10.0,5.0,42.0
14268809,1996,agentic,2026-08-27T22:00:14.356079+00:00,True,closed_unmerged,,not_merged,243.0,16.0,3.0,2.0,259.0
14268809,1998,agentic,2026-08-27T22:00:14.356079+00:00,True,closed_unmerged,,not_merged,106.0,14.0,3.0,1.0,120.0
14268809,2011,agentic,2026-08-27T22:00:14.356079+00:00,True,closed_unmerged,,not_merged,258.0,3.0,3.0,2.0,261.0
14268809,2012,agentic,2026-08-27T22:00:14.356079+00:00,True,closed_unmerged,,not_merged,513.0,379.0,6.0,9.0,892.0
14268809,2019,agentic,2026-08-27T22:00:14.356079+00:00,True,closed_unmerged,,not_merged,20.0,5.0,4.0,1.0,25.0
14268809,2025,agentic,2026-08-27T22:00:14.356079+00:00,True,closed_unmerged,,not_merged,2808.0,29.0,17.0,7.0,2837.0
14268809,2036,agentic,2026-08-27T22:00:14.356079+00:00,True,closed_unmerged,,not_merged,121.0,228.0,2.0,1.0,349.0
14268809,2213,agentic,2026-08-27T22:00:14.356079+00:00,True,merged,0.9052777777777777,valid,11.0,6.0,4.0,4.0,17.0
14964475,20969,human_candidate,2026-08-27T22:00:14.356079+00:00,True,merged,177.31555555555556,valid,11.0,19.0,3.0,8.0,30.0
15337142,18691,human_candidate,2026-08-27T22:00:14.356079+00:00,True,merged,286.3238888888889,valid,68.0,80.0,6.0,1.0,148.0
15337142,19094,human_candidate,2026-08-27T22:00:14.356079+00:00,True,merged,683.0447222222223,valid,44.0,0.0,4.0,2.0,44.0
15730865,50892,human_candidate,2026-08-27T22:00:14.356079+00:00,True,merged,17.220277777777778,valid,14.0,3.0,1.0,2.0,17.0
15730865,51685,human_candidate,2026-08-27T22:00:14.356079+00:00,True,merged,94.55361111111111,valid,98.0,112.0,2.0,3.0,210.0
15730865,52157,human_candidate,2026-08-27T22:00:14.356079+00:00,True,merged,111.82666666666667,valid,157.0,46.0,5.0,3.0,203.0
16157746,36648,agentic,2026-08-27T22:00:14.356079+00:00,True,merged,18.961388888888887,valid,2.0,2.0,2.0,2.0,4.0
16157746,38051,human_candidate,2026-08-27T22:00:14.356079+00:00,True,merged,73.14611111111111,valid,51.0,25.0,3.0,4.0,76.0
17496194,3341,agentic,2026-08-27T22:00:14.356079+00:00,True,merged,139.965,valid,300.0,0.0,3.0,7.0,300.0
17496194,3342,agentic,2026-08-27T22:00:14.356079+00:00,True,closed_unmerged,,not_merged,169.0,2.0,2.0,4.0,171.0
17620347,62056,agentic,2026-08-27T22:00:14.356079+00:00,True,merged,162.445,valid,21.0,16.0,1.0,5.0,37.0
17620347,62661,agentic,2026-08-27T22:00:14.356079+00:00,True,merged,1.5847222222222221,valid,1.0,1.0,1.0,2.0,2.0
17620347,63994,agentic,2026-08-27T22:00:14.356079+00:00,True,merged,73.15444444444445,valid,13.0,3.0,1.0,4.0,16.0
17620347,65900,agentic,2026-08-27T22:00:14.356079+00:00,True,closed_unmerged,,not_merged,51.0,8.0,3.0,3.0,59.0
17620347,65902,agentic,2026-08-27T22:00:14.356079+00:00,True,closed_unmerged,,not_merged,229.0,45.0,21.0,9.0,274.0
17652873,2493,agentic,2026-08-27T22:00:14.356079+00:00,True,closed_unmerged,,not_merged,136.0,10.0,6.0,1.0,146.0
18068542,5445,human_candidate,2026-08-27T22:00:14.356079+00:00,True,merged,0.18305555555555555,valid,15.0,14.0,3.0,2.0,29.0
18068542,5549,human_candidate,2026-08-27T22:00:14.356079+00:00,True,merged,0.6727777777777778,valid,116.0,117.0,5.0,2.0,233.0
18068542,5610,agentic,2026-08-27T22:00:14.356079+00:00,True,closed_unmerged,,not_merged,112.0,15.0,6.0,7.0,127.0
18068542,5864,human_candidate,2026-08-27T22:00:14.356079+00:00,True,merged,16.39388888888889,valid,458.0,41.0,14.0,13.0,499.0
18068542,5886,agentic,2026-08-27T22:00:14.356079+00:00,True,closed_unmerged,,not_merged,51.0,0.0,2.0,1.0,51.0
18068542,5944,agentic,2026-08-27T22:00:14.356079+00:00,True,merged,1.1783333333333332,valid,4.0,1.0,1.0,1.0,5.0
18068542,5945,agentic,2026-08-27T22:00:14.356079+00:00,True,merged,1.885,valid,6.0,2.0,1.0,2.0,8.0
18068542,5947,agentic,2026-08-27T22:00:14.356079+00:00,True,merged,1.9530555555555555,valid,4.0,7.0,1.0,1.0,11.0
18068542,5948,agentic,2026-08-27T22:00:14.356079+00:00,True,merged,1.8411111111111111,valid,3.0,2.0,1.0,2.0,5.0
18280236,3465,human_candidate,2026-08-27T22:00:14.356079+00:00,True,merged,96.88972222222222,valid,136.0,98.0,6.0,9.0,234.0
18280236,3813,human_candidate,2026-08-27T22:00:14.356079+00:00,True,merged,42.10666666666667,valid,16.0,63.0,3.0,2.0,79.0
18280236,4051,human_candidate,2026-08-27T22:00:14.356079+00:00,True,merged,4.9158333333333335,valid,3.0,2.0,1.0,1.0,5.0
18843954,1682,human_candidate,2026-08-27T22:00:14.356079+00:00,True,closed_unmerged,,not_merged,2751.0,25.0,22.0,3.0,2776.0
19330736,6945,agentic,2026-08-27T22:00:14.356079+00:00,True,closed_unmerged,,not_merged,136.0,15.0,2.0,5.0,151.0
19330736,7173,agentic,2026-08-27T22:00:14.356079+00:00,True,closed_unmerged,,not_merged,227.0,188.0,5.0,6.0,415.0
19330736,7416,human_candidate,2026-08-27T22:00:14.356079+00:00,True,closed_unmerged,,not_merged,23.0,38.0,1.0,1.0,61.0
19961085,16152,human_candidate,2026-08-27T22:00:14.356079+00:00,True,merged,15.256388888888889,valid,139.0,24.0,8.0,4.0,163.0
19961085,16289,human_candidate,2026-08-27T22:00:14.356079+00:00,True,closed_unmerged,,not_merged,1450.0,11.0,13.0,4.0,1461.0
19961085,16312,human_candidate,2026-08-27T22:00:14.356079+00:00,True,merged,48.76972222222222,valid,42.0,32.0,2.0,4.0,74.0
19961085,17342,human_candidate,2026-08-27T22:00:14.356079+00:00,True,merged,142.42694444444444,valid,333.0,296.0,2.0,4.0,629.0
19961085,17707,agentic,2026-08-27T22:00:14.356079+00:00,True,merged,102.94361111111111,valid,267.0,46.0,2.0,1.0,313.0
19961085,17868,human_candidate,2026-08-27T22:00:14.356079+00:00,True,merged,254.47694444444446,valid,377.0,24.0,4.0,3.0,401.0
19961085,17898,human_candidate,2026-08-27T22:00:14.356079+00:00,True,merged,50.99805555555555,valid,166.0,5.0,2.0,6.0,171.0
19961085,18189,agentic,2026-08-27T22:00:14.356079+00:00,True,merged,20.16722222222222,valid,1070.0,947.0,31.0,1.0,2017.0
19961085,18272,human_candidate,2026-08-27T22:00:14.356079+00:00,True,merged,133.47444444444446,valid,818.0,3.0,7.0,6.0,821.0
19961085,18324,agentic,2026-08-27T22:00:14.356079+00:00,True,closed_unmerged,,not_merged,15792.0,1721.0,131.0,40.0,17513.0
20046997,13317,agentic,2026-08-27T22:00:14.356079+00:00,True,merged,54.00361111111111,valid,11.0,11.0,1.0,4.0,22.0
20046997,13692,agentic,2026-08-27T22:00:14.356079+00:00,True,merged,20.07138888888889,valid,48.0,4.0,3.0,5.0,52.0
20128178,250,agentic,2026-08-27T22:00:14.356079+00:00,True,closed_unmerged,,not_merged,2829.0,6.0,3.0,4.0,2835.0
20532052,2041,human_candidate,2026-08-27T22:00:14.356079+00:00,True,merged,878.795,valid,17.0,7.0,1.0,1.0,24.0
20532052,2074,agentic,2026-08-27T22:00:14.356079+00:00,True,open,,not_merged,164.0,41.0,10.0,7.0,205.0
20849145,58,agentic,2026-08-27T22:00:14.356079+00:00,True,closed_unmerged,,not_merged,143.0,47.0,5.0,1.0,190.0
21134745,779,agentic,2026-08-27T22:00:14.356079+00:00,True,merged,205.36638888888888,valid,17.0,4.0,1.0,8.0,21.0
21764480,13695,agentic,2026-08-27T22:00:14.356079+00:00,True,merged,0.10472222222222222,valid,9.0,16.0,2.0,1.0,25.0
21764480,14069,agentic,2026-08-27T22:00:14.356079+00:00,True,merged,0.005833333333333334,valid,187.0,16.0,3.0,1.0,203.0
21764480,14186,agentic,2026-08-27T22:00:14.356079+00:00,True,merged,0.16972222222222222,valid,284.0,2.0,3.0,2.0,286.0
21764480,14205,agentic,2026-08-27T22:00:14.356079+00:00,True,closed_unmerged,,not_merged,15.0,10.0,1.0,1.0,25.0
21764480,14257,agentic,2026-08-27T22:00:14.356079+00:00,True,merged,0.005277777777777778,valid,436.0,0.0,5.0,1.0,436.0
21764480,14259,agentic,2026-08-27T22:00:14.356079+00:00,True,merged,0.006666666666666667,valid,772.0,6.0,6.0,1.0,778.0
21764480,17201,human_candidate,2026-08-27T22:00:14.356079+00:00,True,merged,0.8052777777777778,valid,6053.0,1541.0,86.0,129.0,7594.0
21764480,18418,agentic,2026-08-27T22:00:14.356079+00:00,True,merged,826.0975,valid,879.0,220.0,6.0,5.0,1099.0
21764480,18420,agentic,2026-08-27T22:00:14.356079+00:00,True,closed_unmerged,,not_merged,1013.0,9.0,6.0,2.0,1022.0
21764480,21089,agentic,2026-08-27T22:00:14.356079+00:00,True,merged,48.12444444444444,valid,428.0,197.0,9.0,6.0,625.0
22332649,240,agentic,2026-08-27T22:00:14.356079+00:00,True,merged,2.841388888888889,valid,627.0,633.0,113.0,4.0,1260.0
23022377,946,agentic,2026-08-27T22:00:14.356079+00:00,True,merged,0.16416666666666666,valid,10.0,7.0,1.0,2.0,17.0
23247808,2634,human_candidate,2026-08-27T22:00:14.356079+00:00,True,merged,0.33,valid,39.0,10.0,4.0,2.0,49.0
23496542,6529,human_candidate,2026-08-27T22:00:14.356079+00:00,True,closed_unmerged,,not_merged,1237.0,0.0,9.0,18.0,1237.0
23496542,6892,human_candidate,2026-08-27T22:00:14.356079+00:00,True,merged,66.06944444444444,valid,127.0,19.0,6.0,8.0,146.0
23496542,7073,human_candidate,2026-08-27T22:00:14.356079+00:00,True,merged,13.060833333333333,valid,13.0,6.0,1.0,1.0,19.0
23496542,7238,human_candidate,2026-08-27T22:00:14.356079+00:00,True,merged,131.3786111111111,valid,127.0,45.0,3.0,12.0,172.0
23496542,7261,human_candidate,2026-08-27T22:00:14.356079+00:00,True,closed_unmerged,,not_merged,5.0,9.0,1.0,1.0,14.0
23496542,7465,human_candidate,2026-08-27T22:00:14.356079+00:00,True,merged,21.177222222222223,valid,74.0,30.0,3.0,3.0,104.0
23496542,7496,human_candidate,2026-08-27T22:00:14.356079+00:00,True,merged,72.29611111111112,valid,98.0,0.0,3.0,3.0,98.0
23496542,7509,human_candidate,2026-08-27T22:00:14.356079+00:00,True,merged,19.539166666666667,valid,4.0,4.0,2.0,1.0,8.0
23496542,7569,human_candidate,2026-08-27T22:00:14.356079+00:00,True,merged,64.04888888888888,valid,2.0,0.0,1.0,2.0,2.0
23496542,7849,human_candidate,2026-08-27T22:00:14.356079+00:00,True,merged,21.874166666666667,valid,105.0,0.0,4.0,3.0,105.0
23496542,8046,human_candidate,2026-08-27T22:00:14.356079+00:00,True,merged,0.28,valid,19.0,0.0,1.0,1.0,19.0
23496542,8151,human_candidate,2026-08-27T22:00:14.356079+00:00,True,merged,3.9669444444444446,valid,4.0,2.0,1.0,2.0,6.0
23496542,8444,human_candidate,2026-08-27T22:00:14.356079+00:00,True,merged,21.95138888888889,valid,38.0,3.0,2.0,2.0,41.0
23496542,8559,human_candidate,2026-08-27T22:00:14.356079+00:00,True,merged,75.87472222222222,valid,2408.0,2965.0,12.0,4.0,5373.0
23496542,8699,human_candidate,2026-08-27T22:00:14.356079+00:00,True,merged,21.24888888888889,valid,2.0,1.0,1.0,4.0,3.0
23496542,9021,human_candidate,2026-08-27T22:00:14.356079+00:00,True,merged,22.509722222222223,valid,45.0,28.0,3.0,1.0,73.0
23496542,9138,human_candidate,2026-08-27T22:00:14.356079+00:00,True,closed_unmerged,,not_merged,122.0,12.0,3.0,4.0,134.0
23496542,9849,human_candidate,2026-08-27T22:00:14.356079+00:00,True,merged,1.3569444444444445,valid,4.0,1.0,1.0,1.0,5.0
23496542,10124,agentic,2026-08-27T22:00:14.356079+00:00,True,merged,92.28777777777778,valid,247.0,108.0,1.0,7.0,355.0
23496542,10150,agentic,2026-08-27T22:00:14.356079+00:00,True,merged,32.594722222222224,valid,412.0,6.0,3.0,5.0,418.0
23496542,10248,human_candidate,2026-08-27T22:00:14.356079+00:00,True,closed_unmerged,,not_merged,602.0,125.0,15.0,9.0,727.0
23496542,10414,human_candidate,2026-08-27T22:00:14.356079+00:00,True,merged,7.4475,valid,64.0,38.0,4.0,1.0,102.0
25501620,397,agentic,2026-08-27T22:00:14.356079+00:00,True,merged,0.13944444444444445,valid,88.0,71.0,2.0,1.0,159.0
25780780,2279,agentic,2026-08-27T22:00:14.356079+00:00,True,merged,7.072222222222222,valid,899.0,31.0,7.0,10.0,930.0
25780780,2281,agentic,2026-08-27T22:00:14.356079+00:00,True,merged,86.9075,valid,187.0,3.0,4.0,13.0,190.0
26328526,1207,agentic,2026-08-27T22:00:14.356079+00:00,True,merged,480.06333333333333,valid,538.0,102.0,4.0,5.0,640.0
26785339,5636,agentic,2026-08-27T22:00:14.356079+00:00,True,merged,0.06472222222222222,valid,66.0,10.0,1.0,2.0,76.0
26884725,18821,agentic,2026-08-27T22:00:14.356079+00:00,True,merged,17.72111111111111,valid,218.0,66.0,31.0,3.0,284.0
27085821,4952,human_candidate,2026-08-27T22:00:14.356079+00:00,True,merged,23.72361111111111,valid,69.0,23.0,6.0,1.0,92.0
27085821,4957,human_candidate,2026-08-27T22:00:14.356079+00:00,True,merged,4.211111111111111,valid,29.0,16.0,4.0,1.0,45.0
27085821,5284,human_candidate,2026-08-27T22:00:14.356079+00:00,True,merged,864.0983333333334,valid,50.0,12.0,2.0,1.0,62.0
27185284,6402,human_candidate,2026-08-27T22:00:14.356079+00:00,True,merged,17.76888888888889,valid,37.0,1.0,1.0,1.0,38.0
27185284,7259,human_candidate,2026-08-27T22:00:14.356079+00:00,True,merged,15.035,valid,26.0,17.0,6.0,2.0,43.0
28232663,9731,agentic,2026-08-27T22:00:14.356079+00:00,True,closed_unmerged,,not_merged,89.0,8.0,7.0,7.0,97.0
28232663,9892,agentic,2026-08-27T22:00:14.356079+00:00,True,merged,439.225,valid,227.0,27.0,43.0,4.0,254.0
28232663,10060,human_candidate,2026-08-27T22:00:14.356079+00:00,True,closed_unmerged,,not_merged,6.0,0.0,3.0,1.0,6.0
28232663,10062,human_candidate,2026-08-27T22:00:14.356079+00:00,True,open,,not_merged,365.0,19.0,3.0,9.0,384.0
28232663,10071,human_candidate,2026-08-27T22:00:14.356079+00:00,True,open,,not_merged,812.0,36.0,7.0,11.0,848.0
28232663,10116,human_candidate,2026-08-27T22:00:14.356079+00:00,True,open,,not_merged,671.0,1.0,4.0,5.0,672.0
28606501,892,agentic,2026-08-27T22:00:14.356079+00:00,True,closed_unmerged,,not_merged,6.0,6.0,2.0,1.0,12.0
28606501,893,agentic,2026-08-27T22:00:14.356079+00:00,True,closed_unmerged,,not_merged,61.0,1.0,3.0,1.0,62.0
28829926,2600,agentic,2026-08-27T22:00:14.356079+00:00,True,merged,1480.6997222222221,valid,74.0,32.0,2.0,11.0,106.0
29048891,18546,human_candidate,2026-08-27T22:00:14.356079+00:00,True,merged,352.5780555555556,valid,900.0,90.0,21.0,6.0,990.0
29048891,19072,agentic,2026-08-27T22:00:14.356079+00:00,True,merged,2402.114722222222,valid,1574.0,200.0,41.0,105.0,1774.0
29048891,19138,agentic,2026-08-27T22:00:14.356079+00:00,True,closed_unmerged,,not_merged,1971.0,68.0,27.0,24.0,2039.0
29048891,19189,agentic,2026-08-27T22:00:14.356079+00:00,True,merged,414.8522222222222,valid,365.0,7.0,7.0,20.0,372.0
29048891,19292,human_candidate,2026-08-27T22:00:14.356079+00:00,True,merged,382.7336111111111,valid,118.0,1.0,3.0,2.0,119.0
29078997,78866,human_candidate,2026-08-27T22:00:14.356079+00:00,True,merged,15.186666666666667,valid,33.0,0.0,1.0,2.0,33.0
29078997,78885,human_candidate,2026-08-27T22:00:14.356079+00:00,True,merged,12.875,valid,12.0,16.0,1.0,1.0,28.0
29078997,79626,human_candidate,2026-08-27T22:00:14.356079+00:00,True,merged,21.977777777777778,valid,2.0,2.0,1.0,1.0,4.0
29078997,79810,human_candidate,2026-08-27T22:00:14.356079+00:00,True,merged,819.5180555555555,valid,13.0,2.0,1.0,5.0,15.0
29078997,80635,agentic,2026-08-27T22:00:14.356079+00:00,True,open,,not_merged,287.0,1.0,7.0,7.0,288.0
29078997,80734,agentic,2026-08-27T22:00:14.356079+00:00,True,closed_unmerged,,not_merged,374.0,3.0,2.0,5.0,377.0
29078997,80744,agentic,2026-08-27T22:00:14.356079+00:00,True,closed_unmerged,,not_merged,384.0,7.0,3.0,4.0,391.0
29078997,80999,agentic,2026-08-27T22:00:14.356079+00:00,True,merged,50.7475,valid,396.0,274.0,2.0,12.0,670.0
29078997,81309,human_candidate,2026-08-27T22:00:14.356079+00:00,True,merged,16.670555555555556,valid,39.0,31.0,6.0,2.0,70.0
29078997,81948,human_candidate,2026-08-27T22:00:14.356079+00:00,True,merged,3.0480555555555555,valid,1.0,1.0,1.0,1.0,2.0
29078997,82165,human_candidate,2026-08-27T22:00:14.356079+00:00,True,merged,89.97,valid,271.0,415.0,41.0,11.0,686.0
29078997,82447,human_candidate,2026-08-27T22:00:14.356079+00:00,True,merged,144.50583333333333,valid,24.0,18.0,1.0,3.0,42.0
29078997,82819,human_candidate,2026-08-27T22:00:14.356079+00:00,True,merged,60.02444444444444,valid,79.0,12.0,1.0,4.0,91.0
29078997,82883,human_candidate,2026-08-27T22:00:14.356079+00:00,True,merged,72.28333333333333,valid,26.0,22.0,8.0,1.0,48.0
29078997,82948,agentic,2026-08-27T22:00:14.356079+00:00,True,open,,not_merged,151.0,82.0,7.0,11.0,233.0
29078997,83470,agentic,2026-08-27T22:00:14.356079+00:00,True,open,,not_merged,409.0,18.0,7.0,2.0,427.0
29078997,83708,human_candidate,2026-08-27T22:00:14.356079+00:00,True,merged,96.33888888888889,valid,355.0,34.0,2.0,11.0,389.0
30932325,7000,agentic,2026-08-27T22:00:14.356079+00:00,True,closed_unmerged,,not_merged,176.0,192.0,4.0,2.0,368.0
30932325,7027,agentic,2026-08-27T22:00:14.356079+00:00,True,merged,66.74277777777777,valid,18.0,23.0,1.0,6.0,41.0
30932325,7279,agentic,2026-08-27T22:00:14.356079+00:00,True,merged,168.535,valid,141.0,4.0,6.0,9.0,145.0
31261793,813,agentic,2026-08-27T22:00:14.356079+00:00,True,merged,0.0038888888888888888,valid,12.0,6.0,1.0,1.0,18.0
31261793,814,agentic,2026-08-27T22:00:14.356079+00:00,True,merged,0.0077777777777777776,valid,15.0,9.0,2.0,1.0,24.0
31625029,5390,human_candidate,2026-08-27T22:00:14.356079+00:00,True,merged,2.283888888888889,valid,1.0,9.0,1.0,1.0,10.0
32051890,11502,human_candidate,2026-08-27T22:00:14.356079+00:00,True,closed_unmerged,,not_merged,371.0,134.0,10.0,4.0,505.0
32051890,11918,human_candidate,2026-08-27T22:00:14.356079+00:00,True,merged,560.6861111111111,valid,92.0,91.0,2.0,6.0,183.0
32051890,11953,agentic,2026-08-27T22:00:14.356079+00:00,True,closed_unmerged,,not_merged,15.0,19.0,6.0,7.0,34.0
32051890,11959,human_candidate,2026-08-27T22:00:14.356079+00:00,True,merged,422.22833333333335,valid,4.0,3.0,1.0,1.0,7.0
32051890,12025,agentic,2026-08-27T22:00:14.356079+00:00,True,closed_unmerged,,not_merged,43.0,0.0,3.0,3.0,43.0
32051890,12030,agentic,2026-08-27T22:00:14.356079+00:00,True,merged,138.60583333333332,valid,48.0,0.0,2.0,7.0,48.0
32051890,12052,human_candidate,2026-08-27T22:00:14.356079+00:00,True,merged,663.31,valid,188.0,188.0,4.0,4.0,376.0
32051890,12065,human_candidate,2026-08-27T22:00:14.356079+00:00,True,merged,835.1402777777778,valid,3.0,1.0,1.0,1.0,4.0
32051890,12127,human_candidate,2026-08-27T22:00:14.356079+00:00,True,merged,1048.0252777777778,valid,84.0,95.0,2.0,4.0,179.0
32051890,12151,human_candidate,2026-08-27T22:00:14.356079+00:00,True,merged,997.6033333333334,valid,54.0,46.0,1.0,1.0,100.0
32051890,12260,agentic,2026-08-27T22:00:14.356079+00:00,True,merged,22.549444444444443,valid,47.0,22.0,34.0,12.0,69.0
32051890,12284,human_candidate,2026-08-27T22:00:14.356079+00:00,True,merged,463.49305555555554,valid,59.0,48.0,1.0,5.0,107.0
32051890,12288,agentic,2026-08-27T22:00:14.356079+00:00,True,closed_unmerged,,not_merged,601.0,447.0,21.0,18.0,1048.0
32051890,12367,human_candidate,2026-08-27T22:00:14.356079+00:00,True,merged,3.0413888888888887,valid,21.0,22.0,17.0,4.0,43.0
32051890,12401,agentic,2026-08-27T22:00:14.356079+00:00,True,merged,2150.4019444444443,valid,25.0,0.0,2.0,1.0,25.0
32051890,12591,agentic,2026-08-27T22:00:14.356079+00:00,True,closed_unmerged,,not_merged,41.0,2.0,2.0,2.0,43.0
32051890,12690,agentic,2026-08-27T22:00:14.356079+00:00,True,closed_unmerged,,not_merged,82.0,0.0,2.0,3.0,82.0
32051890,12773,agentic,2026-08-27T22:00:14.356079+00:00,True,closed_unmerged,,not_merged,108.0,1.0,2.0,2.0,109.0
32051890,12774,agentic,2026-08-27T22:00:14.356079+00:00,True,closed_unmerged,,not_merged,60.0,9.0,2.0,2.0,69.0
32051890,13018,agentic,2026-08-27T22:00:14.356079+00:00,True,closed_unmerged,,not_merged,3.0,71.0,2.0,3.0,74.0
32051890,13686,agentic,2026-08-27T22:00:14.356079+00:00,True,merged,76.01138888888889,valid,0.0,10.0,2.0,1.0,10.0
32051890,13825,human_candidate,2026-08-27T22:00:14.356079+00:00,True,merged,142.80277777777778,valid,265.0,51.0,17.0,3.0,316.0
32148604,11207,human_candidate,2026-08-27T22:00:14.356079+00:00,True,open,,not_merged,37.0,9.0,4.0,3.0,46.0
32944298,7710,agentic,2026-08-27T22:00:14.356079+00:00,True,closed_unmerged,,not_merged,11.0,3.0,2.0,3.0,14.0
32944298,7863,agentic,2026-08-27T22:00:14.356079+00:00,True,closed_unmerged,,not_merged,86.0,5.0,2.0,4.0,91.0
32944298,8189,agentic,2026-08-27T22:00:14.356079+00:00,True,merged,0.7994444444444444,valid,34.0,55.0,36.0,2.0,89.0
32944298,8416,agentic,2026-08-27T22:00:14.356079+00:00,True,merged,38.84111111111111,valid,47.0,18.0,2.0,3.0,65.0
32944298,8445,agentic,2026-08-27T22:00:14.356079+00:00,True,closed_unmerged,,not_merged,16.0,17.0,3.0,22.0,33.0
32944298,8518,agentic,2026-08-27T22:00:14.356079+00:00,True,merged,40.943888888888885,valid,4.0,10.0,2.0,2.0,14.0
32944298,8589,agentic,2026-08-27T22:00:14.356079+00:00,True,merged,2.4275,valid,34.0,34.0,11.0,3.0,68.0
32944298,8591,agentic,2026-08-27T22:00:14.356079+00:00,True,merged,38.99666666666667,valid,12.0,14.0,9.0,15.0,26.0
32944298,8877,agentic,2026-08-27T22:00:14.356079+00:00,True,closed_unmerged,,not_merged,102.0,32.0,1.0,7.0,134.0
32944298,8943,agentic,2026-08-27T22:00:14.356079+00:00,True,merged,9.191666666666666,valid,54.0,55.0,2.0,3.0,109.0
32944298,9029,agentic,2026-08-27T22:00:14.356079+00:00,True,merged,6.117222222222222,valid,15.0,11.0,1.0,3.0,26.0
32944298,9194,agentic,2026-08-27T22:00:14.356079+00:00,True,closed_unmerged,,not_merged,3.0,2.0,1.0,2.0,5.0
32944298,9195,agentic,2026-08-27T22:00:14.356079+00:00,True,closed_unmerged,,not_merged,6.0,4.0,1.0,2.0,10.0
32944298,9215,agentic,2026-08-27T22:00:14.356079+00:00,True,merged,2.4719444444444445,valid,1.0,1.0,1.0,2.0,2.0
33373292,2616,agentic,2026-08-27T22:00:14.356079+00:00,True,merged,2.8830555555555555,valid,36.0,36.0,9.0,5.0,72.0
34526884,54455,human_candidate,2026-08-27T22:00:14.356079+00:00,True,merged,6.692222222222222,valid,667.0,951.0,5.0,4.0,1618.0
34526884,55611,agentic,2026-08-27T22:00:14.356079+00:00,True,closed_unmerged,,not_merged,79.0,32.0,3.0,7.0,111.0
34526884,56516,human_candidate,2026-08-27T22:00:14.356079+00:00,True,merged,12.906666666666666,valid,11.0,11.0,6.0,3.0,22.0
35030133,5480,human_candidate,2026-08-27T22:00:14.356079+00:00,True,merged,1124.4288888888889,valid,53.0,23.0,4.0,1.0,76.0
35030133,5525,agentic,2026-08-27T22:00:14.356079+00:00,True,closed_unmerged,,not_merged,44.0,15.0,2.0,3.0,59.0
35164952,5867,human_candidate,2026-08-27T22:00:14.356079+00:00,True,merged,19.212222222222223,valid,24.0,6.0,2.0,2.0,30.0
36385798,9894,human_candidate,2026-08-27T22:00:14.356079+00:00,True,closed_unmerged,,not_merged,0.0,0.0,0.0,0.0,0.0
36385798,10120,human_candidate,2026-08-27T22:00:14.356079+00:00,True,merged,172.50416666666666,valid,86.0,2.0,4.0,2.0,88.0
36385798,10157,human_candidate,2026-08-27T22:00:14.356079+00:00,True,merged,25.513333333333332,valid,171.0,131.0,6.0,9.0,302.0
36438823,271,agentic,2026-08-27T22:00:14.356079+00:00,True,merged,50.08222222222222,valid,92.0,55.0,1.0,1.0,147.0
36759907,1641,human_candidate,2026-08-27T22:00:14.356079+00:00,True,merged,50.85916666666667,valid,114.0,38.0,3.0,6.0,152.0
37448451,33607,human_candidate,2026-08-27T22:00:14.356079+00:00,True,merged,570.3891666666667,valid,144.0,19.0,3.0,7.0,163.0
39321023,13460,agentic,2026-08-27T22:00:14.356079+00:00,True,merged,236.97611111111112,valid,1.0,5.0,1.0,3.0,6.0
39321023,13468,agentic,2026-08-27T22:00:14.356079+00:00,True,merged,42.7025,valid,74.0,9.0,4.0,9.0,83.0
39321023,14193,agentic,2026-08-27T22:00:14.356079+00:00,True,merged,308.6958333333333,valid,28.0,26.0,9.0,11.0,54.0
39321023,14769,agentic,2026-08-27T22:00:14.356079+00:00,True,merged,8.655555555555555,valid,10.0,2.0,1.0,1.0,12.0
41870517,905,human_candidate,2026-08-27T22:00:14.356079+00:00,True,closed_unmerged,,not_merged,14.0,9.0,1.0,1.0,23.0
41870517,916,human_candidate,2026-08-27T22:00:14.356079+00:00,True,closed_unmerged,,not_merged,1.0,1.0,1.0,1.0,2.0
42009758,38237,human_candidate,2026-08-27T22:00:14.356079+00:00,True,closed_unmerged,,not_merged,77.0,80.0,6.0,6.0,157.0
42009758,39214,agentic,2026-08-27T22:00:14.356079+00:00,True,closed_unmerged,,not_merged,193.0,86.0,3.0,3.0,279.0
42009758,39309,agentic,2026-08-27T22:00:14.356079+00:00,True,merged,1303.925,valid,467.0,136.0,2.0,9.0,603.0
42009758,39310,agentic,2026-08-27T22:00:14.356079+00:00,True,merged,439.94555555555553,valid,773.0,381.0,187.0,29.0,1154.0
42009758,39314,agentic,2026-08-27T22:00:14.356079+00:00,True,merged,246.84583333333333,valid,4.0,255.0,12.0,6.0,259.0
42009758,39315,agentic,2026-08-27T22:00:14.356079+00:00,True,closed_unmerged,,not_merged,49.0,33.0,3.0,2.0,82.0
42009758,42493,agentic,2026-08-27T22:00:14.356079+00:00,True,merged,124.16388888888889,valid,176.0,46.0,5.0,9.0,222.0
42009758,42685,agentic,2026-08-27T22:00:14.356079+00:00,True,merged,4.976388888888889,valid,102.0,111.0,2.0,4.0,213.0
42009758,42686,agentic,2026-08-27T22:00:14.356079+00:00,True,merged,4.993888888888889,valid,18.0,6.0,1.0,3.0,24.0
42009758,42687,agentic,2026-08-27T22:00:14.356079+00:00,True,merged,336.6325,valid,239.0,115.0,21.0,12.0,354.0
42009758,42688,agentic,2026-08-27T22:00:14.356079+00:00,True,merged,8.322222222222223,valid,140.0,3.0,3.0,6.0,143.0
42009758,42795,agentic,2026-08-27T22:00:14.356079+00:00,True,open,,not_merged,308.0,22.0,3.0,13.0,330.0
42009758,42862,agentic,2026-08-27T22:00:14.356079+00:00,True,open,,not_merged,218.0,26.0,7.0,7.0,244.0
42009758,42869,agentic,2026-08-27T22:00:14.356079+00:00,True,open,,not_merged,150.0,2.0,2.0,9.0,152.0
42032884,6722,agentic,2026-08-27T22:00:14.356079+00:00,True,open,,not_merged,110.0,13.0,3.0,2.0,123.0
42541957,2810,agentic,2026-08-27T22:00:14.356079+00:00,True,merged,1.6961111111111111,valid,16.0,13.0,5.0,5.0,29.0
43441403,26270,human_candidate,2026-08-27T22:00:14.356079+00:00,True,merged,443.93833333333333,valid,32.0,12.0,4.0,3.0,44.0
46398090,16241,human_candidate,2026-08-27T22:00:14.356079+00:00,True,merged,542.1188888888889,valid,640.0,6.0,8.0,6.0,646.0
46398090,16938,human_candidate,2026-08-27T22:00:14.356079+00:00,True,open,,not_merged,2030.0,17.0,7.0,11.0,2047.0
46398090,17283,human_candidate,2026-08-27T22:00:14.356079+00:00,True,open,,not_merged,24.0,25.0,7.0,3.0,49.0
46892512,119,human_candidate,2026-08-27T22:00:14.356079+00:00,True,merged,0.06,valid,133.0,51.0,2.0,1.0,184.0
46892512,120,human_candidate,2026-08-27T22:00:14.356079+00:00,True,merged,0.002777777777777778,valid,5.0,1.0,1.0,1.0,6.0
48009214,14756,agentic,2026-08-27T22:00:14.356079+00:00,True,merged,4525.324722222223,valid,23.0,13.0,2.0,6.0,36.0
48009214,15961,human_candidate,2026-08-27T22:00:14.356079+00:00,True,open,,not_merged,10.0,0.0,2.0,2.0,10.0
48009214,15993,human_candidate,2026-08-27T22:00:14.356079+00:00,True,merged,23.928055555555556,valid,1984.0,53.0,56.0,6.0,2037.0
49122742,3615,human_candidate,2026-08-27T22:00:14.356079+00:00,True,merged,0.8916666666666667,valid,4.0,2.0,1.0,1.0,6.0
49122742,3648,agentic,2026-08-27T22:00:14.356079+00:00,True,merged,362.08444444444444,valid,391.0,20.0,7.0,4.0,411.0
50448254,1562,agentic,2026-08-27T22:00:14.356079+00:00,True,merged,5.736944444444444,valid,30.0,35.0,3.0,1.0,65.0
50448254,1613,agentic,2026-08-27T22:00:14.356079+00:00,True,merged,789.3255555555555,valid,93.0,93.0,2.0,8.0,186.0
50613991,23283,human_candidate,2026-08-27T22:00:14.356079+00:00,True,merged,166.93305555555557,valid,7.0,13.0,1.0,1.0,20.0
50623416,2920,agentic,2026-08-27T22:00:14.356079+00:00,True,merged,25.728055555555557,valid,149.0,1.0,6.0,11.0,150.0
50724711,650,human_candidate,2026-08-27T22:00:14.356079+00:00,True,closed_unmerged,,not_merged,963.0,860.0,1.0,3.0,1823.0
53971519,3942,agentic,2026-08-27T22:00:14.356079+00:00,True,closed_unmerged,,not_merged,238.0,44.0,8.0,2.0,282.0
54928587,3421,human_candidate,2026-08-27T22:00:14.356079+00:00,True,merged,47.835277777777776,valid,4.0,0.0,1.0,1.0,4.0
56710511,23439,human_candidate,2026-08-27T22:00:14.356079+00:00,True,merged,19.837777777777777,valid,85.0,26.0,10.0,2.0,111.0
56710511,24775,human_candidate,2026-08-27T22:00:14.356079+00:00,True,merged,23.070555555555554,valid,22.0,12.0,9.0,1.0,34.0
59370571,8522,agentic,2026-08-27T22:00:14.356079+00:00,True,merged,86.2161111111111,valid,11.0,6.0,1.0,6.0,17.0
59370571,8648,agentic,2026-08-27T22:00:14.356079+00:00,True,closed_unmerged,,not_merged,1.0,52115.0,1.0,3.0,52116.0
61973853,22096,human_candidate,2026-08-27T22:00:14.356079+00:00,True,merged,2.705277777777778,valid,146.0,51.0,1.0,2.0,197.0
62162299,611,agentic,2026-08-27T22:00:14.356079+00:00,True,merged,0.043333333333333335,valid,20.0,8.0,2.0,2.0,28.0
62162299,634,agentic,2026-08-27T22:00:14.356079+00:00,True,merged,0.02388888888888889,valid,14.0,36.0,2.0,2.0,50.0
62774726,15502,human_candidate,2026-08-27T22:00:14.356079+00:00,True,merged,29.5425,valid,16.0,0.0,2.0,1.0,16.0
63882194,11854,human_candidate,2026-08-27T22:00:14.356079+00:00,True,merged,236.0713888888889,valid,259.0,5.0,3.0,3.0,264.0
63882194,11994,human_candidate,2026-08-27T22:00:14.356079+00:00,True,merged,23.9175,valid,74.0,200.0,22.0,6.0,274.0
63882194,12626,human_candidate,2026-08-27T22:00:14.356079+00:00,True,merged,84.4811111111111,valid,20.0,3.0,1.0,1.0,23.0
63984307,49424,agentic,2026-08-27T22:00:14.356079+00:00,True,closed_unmerged,,not_merged,247.0,1.0,4.0,2.0,248.0
63984307,49459,agentic,2026-08-27T22:00:14.356079+00:00,True,merged,219.79611111111112,valid,256.0,5.0,5.0,18.0,261.0
63984307,51220,human_candidate,2026-08-27T22:00:14.356079+00:00,True,merged,11.075,valid,21.0,1.0,2.0,2.0,22.0
63984307,53607,agentic,2026-08-27T22:00:14.356079+00:00,True,merged,190.40666666666667,valid,5.0,1.0,3.0,3.0,6.0
65080725,5654,agentic,2026-08-27T22:00:14.356079+00:00,True,closed_unmerged,,not_merged,153.0,2.0,2.0,3.0,155.0
65080725,5655,agentic,2026-08-27T22:00:14.356079+00:00,True,merged,7897.079444444445,valid,211.0,25.0,2.0,23.0,236.0
65080725,6060,agentic,2026-08-27T22:00:14.356079+00:00,True,merged,22.960555555555555,valid,70.0,80.0,18.0,10.0,150.0
65080725,6162,agentic,2026-08-27T22:00:14.356079+00:00,True,closed_unmerged,,not_merged,166.0,0.0,2.0,4.0,166.0
65080725,7055,human_candidate,2026-08-27T22:00:14.356079+00:00,True,merged,2.5172222222222222,valid,14.0,11.0,2.0,1.0,25.0
65080725,7836,human_candidate,2026-08-27T22:00:14.356079+00:00,True,merged,35.1475,valid,19.0,38.0,2.0,3.0,57.0
65080725,7837,agentic,2026-08-27T22:00:14.356079+00:00,True,merged,35.861666666666665,valid,21.0,5.0,3.0,3.0,26.0
65080725,7917,human_candidate,2026-08-27T22:00:14.356079+00:00,True,merged,4.421944444444445,valid,58.0,2.0,2.0,3.0,60.0
65080725,7923,agentic,2026-08-27T22:00:14.356079+00:00,True,merged,4.010555555555555,valid,1.0,1.0,1.0,2.0,2.0
65080725,8683,human_candidate,2026-08-27T22:00:14.356079+00:00,True,merged,39.98305555555555,valid,27.0,22.0,1.0,2.0,49.0
65711522,72272,human_candidate,2026-08-27T22:00:14.356079+00:00,True,merged,51.086666666666666,valid,218.0,81.0,11.0,11.0,299.0
65711522,73054,human_candidate,2026-08-27T22:00:14.356079+00:00,True,merged,174.4813888888889,valid,4.0,0.0,1.0,4.0,4.0
65711522,73862,human_candidate,2026-08-27T22:00:14.356079+00:00,True,merged,6.022222222222222,valid,5.0,0.0,1.0,1.0,5.0
65711522,73910,human_candidate,2026-08-27T22:00:14.356079+00:00,True,merged,139.8636111111111,valid,2653.0,85.0,12.0,9.0,2738.0
65711522,74684,human_candidate,2026-08-27T22:00:14.356079+00:00,True,merged,102.30194444444444,valid,936.0,102.0,13.0,17.0,1038.0
65711522,75719,human_candidate,2026-08-27T22:00:14.356079+00:00,True,merged,74.20277777777778,valid,343.0,8.0,4.0,10.0,351.0
65711522,75898,human_candidate,2026-08-27T22:00:14.356079+00:00,True,merged,21.9125,valid,32.0,19.0,2.0,2.0,51.0
65711522,75984,human_candidate,2026-08-27T22:00:14.356079+00:00,True,merged,37.92861111111111,valid,113.0,76.0,3.0,7.0,189.0
65711522,76003,human_candidate,2026-08-27T22:00:14.356079+00:00,True,merged,21.887777777777778,valid,27.0,3.0,2.0,2.0,30.0
65711522,76360,human_candidate,2026-08-27T22:00:14.356079+00:00,True,merged,218.36,valid,3469.0,0.0,26.0,7.0,3469.0
65711522,76742,human_candidate,2026-08-27T22:00:14.356079+00:00,True,merged,15.041944444444445,valid,23.0,18.0,3.0,1.0,41.0
65711522,77066,human_candidate,2026-08-27T22:00:14.356079+00:00,True,merged,8.766944444444444,valid,5.0,0.0,1.0,2.0,5.0
65711522,77197,human_candidate,2026-08-27T22:00:14.356079+00:00,True,merged,29.936666666666667,valid,88.0,92.0,33.0,2.0,180.0
65711522,77203,human_candidate,2026-08-27T22:00:14.356079+00:00,True,merged,27.485,valid,117.0,130.0,48.0,1.0,247.0
65711522,77222,human_candidate,2026-08-27T22:00:14.356079+00:00,True,merged,16.894166666666667,valid,43.0,46.0,21.0,1.0,89.0
65711522,77237,human_candidate,2026-08-27T22:00:14.356079+00:00,True,merged,115.55305555555556,valid,192.0,207.0,22.0,2.0,399.0
65711522,77245,human_candidate,2026-08-27T22:00:14.356079+00:00,True,merged,109.58444444444444,valid,72.0,73.0,25.0,1.0,145.0
65711522,77365,human_candidate,2026-08-27T22:00:14.356079+00:00,True,merged,114.89055555555555,valid,2989.0,373.0,11.0,1.0,3362.0
65711522,77403,human_candidate,2026-08-27T22:00:14.356079+00:00,True,merged,471.3052777777778,valid,53.0,53.0,11.0,5.0,106.0
65711522,77711,human_candidate,2026-08-27T22:00:14.356079+00:00,True,merged,978.5422222222222,valid,52.0,57.0,20.0,1.0,109.0
65711522,78218,human_candidate,2026-08-27T22:00:14.356079+00:00,True,merged,43.798611111111114,valid,1054.0,1086.0,67.0,3.0,2140.0
65711522,78267,human_candidate,2026-08-27T22:00:14.356079+00:00,True,open,,not_merged,132.0,79.0,2.0,5.0,211.0
65711522,78306,human_candidate,2026-08-27T22:00:14.356079+00:00,True,open,,not_merged,748.0,576.0,5.0,1.0,1324.0
65711522,78403,human_candidate,2026-08-27T22:00:14.356079+00:00,True,merged,68.25583333333333,valid,141.0,141.0,26.0,1.0,282.0
65711522,78733,human_candidate,2026-08-27T22:00:14.356079+00:00,True,open,,not_merged,13.0,4.0,1.0,1.0,17.0
65711522,78953,human_candidate,2026-08-27T22:00:14.356079+00:00,True,merged,13.565,valid,57.0,8.0,1.0,1.0,65.0
65711522,78972,human_candidate,2026-08-27T22:00:14.356079+00:00,True,merged,157.99277777777777,valid,580.0,80.0,15.0,9.0,660.0
65711522,79011,human_candidate,2026-08-27T22:00:14.356079+00:00,True,merged,305.47027777777777,valid,25.0,2.0,2.0,1.0,27.0
65711522,79043,agentic,2026-08-27T22:00:14.356079+00:00,True,closed_unmerged,,not_merged,1766.0,32.0,14.0,1.0,1798.0
65711522,79095,human_candidate,2026-08-27T22:00:14.356079+00:00,True,open,,not_merged,29.0,5.0,8.0,2.0,34.0
66497320,4833,human_candidate,2026-08-27T22:00:14.356079+00:00,True,merged,144.44916666666666,valid,249.0,128.0,20.0,12.0,377.0
66841911,2320,human_candidate,2026-08-27T22:00:14.356079+00:00,True,merged,221.8325,valid,43.0,27.0,3.0,2.0,70.0
67680905,4701,human_candidate,2026-08-27T22:00:14.356079+00:00,True,merged,2.2075,valid,756.0,75.0,3.0,2.0,831.0
67680905,4789,human_candidate,2026-08-27T22:00:14.356079+00:00,True,closed_unmerged,,not_merged,516.0,0.0,5.0,1.0,516.0
67753070,15080,human_candidate,2026-08-27T22:00:14.356079+00:00,True,merged,51.34972222222222,valid,1069.0,723.0,11.0,38.0,1792.0
67753070,15760,human_candidate,2026-08-27T22:00:14.356079+00:00,True,merged,52.84583333333333,valid,15.0,3.0,2.0,7.0,18.0
67753070,16263,human_candidate,2026-08-27T22:00:14.356079+00:00,True,open,,not_merged,142.0,29.0,4.0,1.0,171.0
70107786,79987,human_candidate,2026-08-27T22:00:14.356079+00:00,True,closed_unmerged,,not_merged,65.0,94.0,2.0,12.0,159.0
70107786,79991,human_candidate,2026-08-27T22:00:14.356079+00:00,True,merged,75.77833333333334,valid,51.0,17.0,6.0,5.0,68.0
70107786,79997,human_candidate,2026-08-27T22:00:14.356079+00:00,True,closed_unmerged,,not_merged,64.0,8.0,3.0,1.0,72.0
70107786,80326,human_candidate,2026-08-27T22:00:14.356079+00:00,True,merged,17.686944444444446,valid,28.0,17.0,1.0,2.0,45.0
70107786,80415,human_candidate,2026-08-27T22:00:14.356079+00:00,True,merged,58.61638888888889,valid,47.0,12.0,9.0,8.0,59.0
70107786,80551,human_candidate,2026-08-27T22:00:14.356079+00:00,True,closed_unmerged,,not_merged,87.0,74.0,3.0,3.0,161.0
70107786,81411,human_candidate,2026-08-27T22:00:14.356079+00:00,True,merged,1.7816666666666667,valid,5.0,14.0,1.0,1.0,19.0
70107786,81459,human_candidate,2026-08-27T22:00:14.356079+00:00,True,merged,7.941388888888889,valid,10.0,9.0,1.0,1.0,19.0
70107786,81994,human_candidate,2026-08-27T22:00:14.356079+00:00,True,merged,43.27777777777778,valid,195.0,59.0,3.0,9.0,254.0
70107786,82654,human_candidate,2026-08-27T22:00:14.356079+00:00,True,merged,141.19611111111112,valid,128.0,64.0,8.0,4.0,192.0
70107786,84225,human_candidate,2026-08-27T22:00:14.356079+00:00,True,merged,19.714166666666667,valid,119.0,49.0,2.0,3.0,168.0
70107786,84270,human_candidate,2026-08-27T22:00:14.356079+00:00,True,merged,909.8119444444444,valid,129.0,2.0,4.0,1.0,131.0
70107786,86338,human_candidate,2026-08-27T22:00:14.356079+00:00,True,merged,358.21444444444444,valid,598.0,621.0,28.0,1.0,1219.0
70107786,86589,human_candidate,2026-08-27T22:00:14.356079+00:00,True,closed_unmerged,,not_merged,394.0,211.0,3.0,7.0,605.0
70107786,87945,human_candidate,2026-08-27T22:00:14.356079+00:00,True,merged,163.95277777777778,valid,3291.0,1079.0,13.0,6.0,4370.0
70107786,88336,human_candidate,2026-08-27T22:00:14.356079+00:00,True,merged,72.705,valid,138.0,3.0,2.0,3.0,141.0
70107786,88708,human_candidate,2026-08-27T22:00:14.356079+00:00,True,open,,not_merged,43.0,2.0,3.0,2.0,45.0
70107786,89555,human_candidate,2026-08-27T22:00:14.356079+00:00,True,closed_unmerged,,not_merged,1776.0,218.0,14.0,2.0,1994.0
70107786,90868,human_candidate,2026-08-27T22:00:14.356079+00:00,True,merged,244.55333333333334,valid,568.0,465.0,24.0,14.0,1033.0
70107786,92023,human_candidate,2026-08-27T22:00:14.356079+00:00,True,merged,88.85388888888889,valid,190.0,107.0,15.0,2.0,297.0
70107786,92628,human_candidate,2026-08-27T22:00:14.356079+00:00,True,merged,102.30444444444444,valid,386.0,324.0,12.0,3.0,710.0
70107786,94192,human_candidate,2026-08-27T22:00:14.356079+00:00,True,merged,2.2777777777777777,valid,19.0,18.0,2.0,1.0,37.0
70107786,94201,human_candidate,2026-08-27T22:00:14.356079+00:00,True,merged,30.171944444444446,valid,61.0,29.0,1.0,1.0,90.0
71932349,53305,human_candidate,2026-08-27T22:00:14.356079+00:00,True,merged,185.29166666666666,valid,17.0,25.0,2.0,5.0,42.0
71932349,53939,human_candidate,2026-08-27T22:00:14.356079+00:00,True,merged,19.191666666666666,valid,8.0,2.0,4.0,2.0,10.0
71932349,54734,human_candidate,2026-08-27T22:00:14.356079+00:00,True,merged,74.29083333333334,valid,2.0,4.0,1.0,1.0,6.0
71932349,55547,human_candidate,2026-08-27T22:00:14.356079+00:00,True,open,,not_merged,202.0,24.0,3.0,1.0,226.0
71932349,56763,human_candidate,2026-08-27T22:00:14.356079+00:00,True,merged,64.74027777777778,valid,11.0,10.0,1.0,1.0,21.0
71932349,59190,human_candidate,2026-08-27T22:00:14.356079+00:00,True,merged,765.3658333333333,valid,8.0,8.0,1.0,3.0,16.0
71932349,60842,human_candidate,2026-08-27T22:00:14.356079+00:00,True,merged,39.405277777777776,valid,65.0,12.0,2.0,3.0,77.0
71932349,61379,human_candidate,2026-08-27T22:00:14.356079+00:00,True,open,,not_merged,10.0,3.0,1.0,2.0,13.0
71932349,61437,human_candidate,2026-08-27T22:00:14.356079+00:00,True,merged,23.703333333333333,valid,57.0,41.0,1.0,2.0,98.0
71932349,61555,human_candidate,2026-08-27T22:00:14.356079+00:00,True,closed_unmerged,,not_merged,1606.0,81.0,30.0,7.0,1687.0
71932349,61996,human_candidate,2026-08-27T22:00:14.356079+00:00,True,merged,73.53111111111112,valid,33.0,83.0,4.0,8.0,116.0
71932349,62587,human_candidate,2026-08-27T22:00:14.356079+00:00,True,merged,1.7866666666666666,valid,14.0,4.0,1.0,1.0,18.0
71932349,62720,human_candidate,2026-08-27T22:00:14.356079+00:00,True,merged,126.00027777777778,valid,29.0,20.0,2.0,12.0,49.0
71932349,62726,human_candidate,2026-08-27T22:00:14.356079+00:00,True,merged,287.4411111111111,valid,35.0,6.0,6.0,8.0,41.0
71932349,63075,agentic,2026-08-27T22:00:14.356079+00:00,True,closed_unmerged,,not_merged,142.0,18.0,4.0,9.0,160.0
72041948,366,agentic,2026-08-27T22:00:14.356079+00:00,True,merged,0.7741666666666667,valid,3.0,3.0,1.0,3.0,6.0
72477752,22373,agentic,2026-08-27T22:00:14.356079+00:00,True,merged,118.12083333333334,valid,345.0,17.0,3.0,4.0,362.0
72477752,22422,human_candidate,2026-08-27T22:00:14.356079+00:00,True,merged,20.189722222222223,valid,65.0,22.0,3.0,1.0,87.0
74627617,35369,human_candidate,2026-08-27T22:00:14.356079+00:00,True,merged,46.19444444444444,valid,232.0,191.0,1.0,5.0,423.0
74627617,35897,human_candidate,2026-08-27T22:00:14.356079+00:00,True,merged,0.6813888888888889,valid,0.0,5.0,1.0,6.0,5.0
74627617,36838,human_candidate,2026-08-27T22:00:14.356079+00:00,True,closed_unmerged,,not_merged,15.0,4.0,1.0,1.0,19.0
74627617,37279,human_candidate,2026-08-27T22:00:14.356079+00:00,True,merged,0.15083333333333335,valid,60.0,33.0,3.0,2.0,93.0
74627617,37601,human_candidate,2026-08-27T22:00:14.356079+00:00,True,closed_unmerged,,not_merged,12.0,16.0,2.0,6.0,28.0
74627617,37904,human_candidate,2026-08-27T22:00:14.356079+00:00,True,merged,0.4175,valid,380.0,356.0,4.0,8.0,736.0
74627617,38031,human_candidate,2026-08-27T22:00:14.356079+00:00,True,merged,0.4011111111111111,valid,12.0,0.0,4.0,5.0,12.0
74627617,38075,human_candidate,2026-08-27T22:00:14.356079+00:00,True,closed_unmerged,,not_merged,8.0,4.0,2.0,4.0,12.0
75750830,4601,human_candidate,2026-08-27T22:00:14.356079+00:00,True,merged,24.10333333333333,valid,73.0,41.0,3.0,2.0,114.0
76990209,5519,agentic,2026-08-27T22:00:14.356079+00:00,True,closed_unmerged,,not_merged,54.0,26.0,3.0,5.0,80.0
77726177,4468,human_candidate,2026-08-27T22:00:14.356079+00:00,True,merged,15.668888888888889,valid,8.0,7.0,1.0,1.0,15.0
77873947,10889,human_candidate,2026-08-27T22:00:14.356079+00:00,True,merged,222.9713888888889,valid,36.0,31.0,9.0,6.0,67.0
77873947,11312,human_candidate,2026-08-27T22:00:14.356079+00:00,True,merged,289.5236111111111,valid,288.0,286.0,14.0,3.0,574.0
77873947,11453,human_candidate,2026-08-27T22:00:14.356079+00:00,True,merged,91.69,valid,199.0,1137.0,41.0,2.0,1336.0
77873947,11806,human_candidate,2026-08-27T22:00:14.356079+00:00,True,merged,71.2025,valid,18.0,9.0,8.0,2.0,27.0
77873947,12128,human_candidate,2026-08-27T22:00:14.356079+00:00,True,merged,0.065,valid,147.0,30.0,6.0,1.0,177.0
79375056,12246,human_candidate,2026-08-27T22:00:14.356079+00:00,True,merged,10.245277777777778,valid,23.0,12.0,1.0,1.0,35.0
79375056,12338,human_candidate,2026-08-27T22:00:14.356079+00:00,True,closed_unmerged,,not_merged,91.0,110.0,1.0,2.0,201.0
80874333,1856,human_candidate,2026-08-27T22:00:14.356079+00:00,True,merged,259.77222222222224,valid,217.0,16.0,3.0,4.0,233.0
82341193,4304,agentic,2026-08-27T22:00:14.356079+00:00,True,merged,11.266944444444444,valid,59.0,29.0,1.0,1.0,88.0
82341193,4684,human_candidate,2026-08-27T22:00:14.356079+00:00,True,merged,10.637222222222222,valid,43.0,33.0,2.0,2.0,76.0
85005919,496,agentic,2026-08-27T22:00:14.356079+00:00,True,closed_unmerged,,not_merged,3209.0,1.0,17.0,10.0,3210.0
85005919,498,agentic,2026-08-27T22:00:14.356079+00:00,True,closed_unmerged,,not_merged,1332.0,1.0,7.0,4.0,1333.0
87490037,2255,human_candidate,2026-08-27T22:00:14.356079+00:00,True,merged,0.059166666666666666,valid,3.0,2.0,1.0,1.0,5.0
88064357,1902,agentic,2026-08-27T22:00:14.356079+00:00,True,closed_unmerged,,not_merged,88.0,3.0,3.0,2.0,91.0
89221572,9969,human_candidate,2026-08-27T22:00:14.356079+00:00,True,merged,93.57888888888888,valid,5.0,4.0,1.0,1.0,9.0
89221572,10138,human_candidate,2026-08-27T22:00:14.356079+00:00,True,merged,25.38111111111111,valid,1.0,1.0,1.0,3.0,2.0
89221572,10471,human_candidate,2026-08-27T22:00:14.356079+00:00,True,merged,23.673333333333332,valid,50.0,17.0,1.0,3.0,67.0
89221572,10630,human_candidate,2026-08-27T22:00:14.356079+00:00,True,closed_unmerged,,not_merged,47.0,4.0,2.0,1.0,51.0
89221572,11351,human_candidate,2026-08-27T22:00:14.356079+00:00,True,merged,21.603055555555557,valid,47.0,8.0,6.0,1.0,55.0
89221572,11423,human_candidate,2026-08-27T22:00:14.356079+00:00,True,closed_unmerged,,not_merged,80.0,103.0,3.0,2.0,183.0
92864511,246,agentic,2026-08-27T22:00:14.356079+00:00,True,closed_unmerged,,not_merged,1282.0,66.0,13.0,3.0,1348.0
92864511,247,agentic,2026-08-27T22:00:14.356079+00:00,True,merged,5496.511944444444,valid,389.0,396.0,1.0,2.0,785.0
92912604,3212,agentic,2026-08-27T22:00:14.356079+00:00,True,closed_unmerged,,not_merged,32.0,24.0,2.0,1.0,56.0
92912604,3367,human_candidate,2026-08-27T22:00:14.356079+00:00,True,closed_unmerged,,not_merged,32.0,25.0,1.0,1.0,57.0
92912604,3393,human_candidate,2026-08-27T22:00:14.356079+00:00,True,closed_unmerged,,not_merged,192.0,81.0,13.0,2.0,273.0
92974124,8595,human_candidate,2026-08-27T22:00:14.356079+00:00,True,merged,11.080833333333333,valid,1169.0,113.0,21.0,6.0,1282.0
92974124,8605,human_candidate,2026-08-27T22:00:14.356079+00:00,True,merged,5.866666666666666,valid,14.0,7.0,1.0,1.0,21.0
93882897,7714,agentic,2026-08-27T22:00:14.356079+00:00,True,merged,107.6361111111111,valid,175.0,53.0,18.0,11.0,228.0
93882897,10803,agentic,2026-08-27T22:00:14.356079+00:00,True,merged,59.0825,valid,246.0,118.0,3.0,2.0,364.0
98913726,3147,human_candidate,2026-08-27T22:00:14.356079+00:00,True,merged,1.7927777777777778,valid,186.0,9.0,4.0,79.0,195.0
99262683,7348,agentic,2026-08-27T22:00:14.356079+00:00,True,merged,145.14444444444445,valid,98.0,49.0,2.0,1.0,147.0
99705100,9446,human_candidate,2026-08-27T22:00:14.356079+00:00,True,merged,0.7233333333333334,valid,67.0,34.0,15.0,1.0,101.0
100061716,33753,human_candidate,2026-08-27T22:00:14.356079+00:00,True,closed_unmerged,,not_merged,79.0,6.0,2.0,1.0,85.0
100061716,33775,human_candidate,2026-08-27T22:00:14.356079+00:00,True,closed_unmerged,,not_merged,184.0,34.0,6.0,1.0,218.0
100061716,33814,human_candidate,2026-08-27T22:00:14.356079+00:00,True,closed_unmerged,,not_merged,27.0,10.0,1.0,1.0,37.0
100061716,35561,human_candidate,2026-08-27T22:00:14.356079+00:00,True,merged,432.90833333333336,valid,1178.0,458.0,16.0,9.0,1636.0
101194285,8661,human_candidate,2026-08-27T22:00:14.356079+00:00,True,merged,3.3713888888888888,valid,139.0,34.0,3.0,2.0,173.0
101194285,8736,human_candidate,2026-08-27T22:00:14.356079+00:00,True,merged,1.8186111111111112,valid,3.0,3.0,1.0,2.0,6.0
101194285,8825,human_candidate,2026-08-27T22:00:14.356079+00:00,True,merged,21.820833333333333,valid,41.0,34.0,4.0,4.0,75.0
101194285,9054,human_candidate,2026-08-27T22:00:14.356079+00:00,True,merged,3.581111111111111,valid,27.0,54.0,7.0,1.0,81.0
101194285,9208,agentic,2026-08-27T22:00:14.356079+00:00,True,merged,921.4144444444445,valid,599.0,807.0,4.0,17.0,1406.0
101194285,9581,human_candidate,2026-08-27T22:00:14.356079+00:00,True,merged,163.5088888888889,valid,73.0,24.0,3.0,2.0,97.0
101194285,9627,human_candidate,2026-08-27T22:00:14.356079+00:00,True,merged,9.649444444444445,valid,20.0,16.0,3.0,1.0,36.0
101194285,9834,human_candidate,2026-08-27T22:00:14.356079+00:00,True,closed_unmerged,,not_merged,4.0,4.0,3.0,1.0,8.0
101194285,9943,agentic,2026-08-27T22:00:14.356079+00:00,True,merged,1.2141666666666666,valid,55.0,102.0,1.0,9.0,157.0
101194285,10065,human_candidate,2026-08-27T22:00:14.356079+00:00,True,merged,10.2175,valid,6.0,1.0,2.0,1.0,7.0
101194285,10172,agentic,2026-08-27T22:00:14.356079+00:00,True,merged,3.0211111111111113,valid,13.0,12.0,8.0,3.0,25.0
101194285,10232,agentic,2026-08-27T22:00:14.356079+00:00,True,closed_unmerged,,not_merged,204.0,2.0,3.0,5.0,206.0
101194285,10520,human_candidate,2026-08-27T22:00:14.356079+00:00,True,closed_unmerged,,not_merged,13.0,26.0,3.0,4.0,39.0
101194285,10590,agentic,2026-08-27T22:00:14.356079+00:00,True,merged,3195.718888888889,valid,86.0,32.0,11.0,3.0,118.0
101194285,10777,agentic,2026-08-27T22:00:14.356079+00:00,True,merged,1.3063888888888888,valid,175.0,164.0,13.0,2.0,339.0
101194285,10858,agentic,2026-08-27T22:00:14.356079+00:00,True,merged,0.39944444444444444,valid,160.0,158.0,13.0,2.0,318.0
101194285,10985,agentic,2026-08-27T22:00:14.356079+00:00,True,closed_unmerged,,not_merged,597.0,23.0,14.0,2.0,620.0
101194285,11007,human_candidate,2026-08-27T22:00:14.356079+00:00,True,merged,1.011111111111111,valid,51.0,45.0,5.0,3.0,96.0
101194285,11241,agentic,2026-08-27T22:00:14.356079+00:00,True,merged,25.828333333333333,valid,494.0,183.0,5.0,14.0,677.0
101194285,11297,human_candidate,2026-08-27T22:00:14.356079+00:00,True,merged,4.320555555555556,valid,131.0,38.0,6.0,5.0,169.0
101194285,11323,human_candidate,2026-08-27T22:00:14.356079+00:00,True,closed_unmerged,,not_merged,830.0,418.0,27.0,18.0,1248.0
101194285,11349,human_candidate,2026-08-27T22:00:14.356079+00:00,True,merged,86.69222222222223,valid,10.0,30.0,2.0,4.0,40.0
101194285,11495,human_candidate,2026-08-27T22:00:14.356079+00:00,True,merged,24.914166666666667,valid,396.0,160.0,23.0,5.0,556.0
101194285,11618,human_candidate,2026-08-27T22:00:14.356079+00:00,False,unobserved,,unobserved,,,,,
101194285,11673,human_candidate,2026-08-27T22:00:14.356079+00:00,True,closed_unmerged,,not_merged,121.0,43.0,2.0,2.0,164.0
101194285,11675,human_candidate,2026-08-27T22:00:14.356079+00:00,True,closed_unmerged,,not_merged,4.0,1.0,1.0,2.0,5.0
101194285,11693,human_candidate,2026-08-27T22:00:14.356079+00:00,True,merged,85.85694444444445,valid,2065.0,141.0,32.0,37.0,2206.0
101194285,11848,human_candidate,2026-08-27T22:00:14.356079+00:00,True,merged,61.110277777777775,valid,506.0,257.0,13.0,2.0,763.0
102692863,7057,agentic,2026-08-27T22:00:14.356079+00:00,True,closed_unmerged,,not_merged,184.0,25.0,1.0,10.0,209.0
102692863,7820,agentic,2026-08-27T22:00:14.356079+00:00,True,open,,not_merged,127.0,10.0,1.0,3.0,137.0
102692863,7920,human_candidate,2026-08-27T22:00:14.356079+00:00,True,merged,124.375,valid,192.0,10.0,1.0,7.0,202.0
104670293,545,agentic,2026-08-27T22:00:14.356079+00:00,True,merged,0.015,valid,20.0,0.0,2.0,1.0,20.0
105363726,2664,agentic,2026-08-27T22:00:14.356079+00:00,True,merged,5.366666666666666,valid,9.0,9.0,2.0,5.0,18.0
105363726,2688,agentic,2026-08-27T22:00:14.356079+00:00,True,merged,23.935555555555556,valid,138.0,111.0,8.0,11.0,249.0
105997676,8143,human_candidate,2026-08-27T22:00:14.356079+00:00,True,merged,76.78722222222223,valid,9.0,2.0,1.0,1.0,11.0
111333972,51,agentic,2026-08-27T22:00:14.356079+00:00,True,closed_unmerged,,not_merged,44.0,32.0,5.0,2.0,76.0
114581326,17514,human_candidate,2026-08-27T22:00:14.356079+00:00,True,merged,90.53083333333333,valid,35.0,13.0,1.0,5.0,48.0
114798676,3288,agentic,2026-08-27T22:00:14.356079+00:00,True,open,,not_merged,2.0,1.0,1.0,8.0,3.0
115110181,10196,human_candidate,2026-08-27T22:00:14.356079+00:00,True,merged,17.635833333333334,valid,83.0,94.0,16.0,8.0,177.0
115110181,10380,human_candidate,2026-08-27T22:00:14.356079+00:00,True,merged,13.060833333333333,valid,248.0,284.0,6.0,3.0,532.0
115110181,10514,human_candidate,2026-08-27T22:00:14.356079+00:00,True,merged,12.606111111111112,valid,187.0,141.0,8.0,4.0,328.0
115110181,10606,human_candidate,2026-08-27T22:00:14.356079+00:00,True,merged,0.38722222222222225,valid,34.0,13.0,2.0,2.0,47.0
115110181,10664,human_candidate,2026-08-27T22:00:14.356079+00:00,True,closed_unmerged,,not_merged,42.0,6.0,1.0,2.0,48.0
115110181,10676,human_candidate,2026-08-27T22:00:14.356079+00:00,True,merged,195.79833333333335,valid,237.0,59.0,17.0,2.0,296.0
115110181,10772,human_candidate,2026-08-27T22:00:14.356079+00:00,True,merged,0.3541666666666667,valid,6.0,105.0,3.0,2.0,111.0
115110181,10805,human_candidate,2026-08-27T22:00:14.356079+00:00,True,closed_unmerged,,not_merged,56.0,39.0,3.0,1.0,95.0
115110181,10817,human_candidate,2026-08-27T22:00:14.356079+00:00,True,merged,3.6869444444444444,valid,2.0,2.0,1.0,1.0,4.0
115110181,10833,human_candidate,2026-08-27T22:00:14.356079+00:00,True,merged,1.443888888888889,valid,1.0,1.0,1.0,1.0,2.0
115110181,10862,human_candidate,2026-08-27T22:00:14.356079+00:00,True,merged,1.4969444444444444,valid,5.0,4.0,1.0,1.0,9.0
115110181,11310,human_candidate,2026-08-27T22:00:14.356079+00:00,True,merged,135.62527777777777,valid,691.0,271.0,27.0,41.0,962.0
115110181,11673,agentic,2026-08-27T22:00:14.356079+00:00,True,merged,0.5458333333333333,valid,379.0,243.0,3.0,1.0,622.0
115110181,11852,agentic,2026-08-27T22:00:14.356079+00:00,True,merged,19.17,valid,856.0,500.0,14.0,67.0,1356.0
115110181,11853,agentic,2026-08-27T22:00:14.356079+00:00,True,merged,12.539722222222222,valid,1027.0,498.0,20.0,32.0,1525.0
115110181,11855,agentic,2026-08-27T22:00:14.356079+00:00,True,closed_unmerged,,not_merged,64.0,273.0,3.0,3.0,337.0
115110181,11856,agentic,2026-08-27T22:00:14.356079+00:00,True,merged,20.926666666666666,valid,714.0,242.0,41.0,13.0,956.0
115110181,11859,agentic,2026-08-27T22:00:14.356079+00:00,True,open,,not_merged,400.0,172.0,11.0,7.0,572.0
115110181,11870,agentic,2026-08-27T22:00:14.356079+00:00,True,open,,not_merged,49.0,24.0,1.0,5.0,73.0
115110181,11874,human_candidate,2026-08-27T22:00:14.356079+00:00,True,closed_unmerged,,not_merged,76.0,58.0,7.0,5.0,134.0
115110181,11879,agentic,2026-08-27T22:00:14.356079+00:00,True,merged,44.68138888888889,valid,198.0,29.0,3.0,5.0,227.0
115110181,11894,agentic,2026-08-27T22:00:14.356079+00:00,True,closed_unmerged,,not_merged,57.0,5.0,5.0,2.0,62.0
115110181,11895,agentic,2026-08-27T22:00:14.356079+00:00,True,closed_unmerged,,not_merged,57.0,5.0,5.0,3.0,62.0
116150224,1069,agentic,2026-08-27T22:00:14.356079+00:00,True,merged,6726.493333333333,valid,15.0,11.0,1.0,5.0,26.0
116150224,1140,agentic,2026-08-27T22:00:14.356079+00:00,True,merged,0.7377777777777778,valid,64.0,7.0,2.0,2.0,71.0
117757315,5062,agentic,2026-08-27T22:00:14.356079+00:00,True,closed_unmerged,,not_merged,232.0,10.0,3.0,1.0,242.0
117757315,5826,human_candidate,2026-08-27T22:00:14.356079+00:00,True,merged,19.101944444444445,valid,20.0,21.0,3.0,1.0,41.0
119536149,21,agentic,2026-08-27T22:00:14.356079+00:00,True,merged,0.1438888888888889,valid,331.0,56.0,9.0,10.0,387.0
119536149,22,agentic,2026-08-27T22:00:14.356079+00:00,True,closed_unmerged,,not_merged,636.0,49.0,5.0,15.0,685.0
121814210,7249,agentic,2026-08-27T22:00:14.356079+00:00,True,closed_unmerged,,not_merged,75.0,42.0,2.0,11.0,117.0
121814210,7309,agentic,2026-08-27T22:00:14.356079+00:00,True,closed_unmerged,,not_merged,277.0,24.0,4.0,2.0,301.0
121814210,7367,agentic,2026-08-27T22:00:14.356079+00:00,True,closed_unmerged,,not_merged,49.0,4.0,5.0,4.0,53.0
121814210,7369,agentic,2026-08-27T22:00:14.356079+00:00,True,merged,1.4702777777777778,valid,89.0,89.0,3.0,5.0,178.0
121814210,7372,agentic,2026-08-27T22:00:14.356079+00:00,True,closed_unmerged,,not_merged,41.0,13.0,1.0,3.0,54.0
121814210,7373,agentic,2026-08-27T22:00:14.356079+00:00,True,closed_unmerged,,not_merged,47.0,16.0,2.0,3.0,63.0
121814210,7374,agentic,2026-08-27T22:00:14.356079+00:00,True,merged,76.72083333333333,valid,5.0,7.0,2.0,2.0,12.0
121814210,7375,agentic,2026-08-27T22:00:14.356079+00:00,True,merged,72.60861111111112,valid,37.0,116.0,2.0,2.0,153.0
121814210,7386,agentic,2026-08-27T22:00:14.356079+00:00,True,merged,0.32944444444444443,valid,30.0,8.0,2.0,2.0,38.0
121814210,7393,agentic,2026-08-27T22:00:14.356079+00:00,True,merged,6.55,valid,277.0,32.0,6.0,7.0,309.0
121814210,7402,agentic,2026-08-27T22:00:14.356079+00:00,True,closed_unmerged,,not_merged,25.0,8.0,3.0,2.0,33.0
121814210,7409,agentic,2026-08-27T22:00:14.356079+00:00,True,closed_unmerged,,not_merged,21.0,8.0,2.0,4.0,29.0
121814210,7410,agentic,2026-08-27T22:00:14.356079+00:00,True,closed_unmerged,,not_merged,12.0,2.0,2.0,3.0,14.0
121814210,7411,agentic,2026-08-27T22:00:14.356079+00:00,True,closed_unmerged,,not_merged,159.0,110.0,2.0,7.0,269.0
121814210,7414,agentic,2026-08-27T22:00:14.356079+00:00,True,merged,0.7736111111111111,valid,131.0,97.0,1.0,3.0,228.0
121814210,7424,agentic,2026-08-27T22:00:14.356079+00:00,True,closed_unmerged,,not_merged,78.0,1.0,5.0,6.0,79.0
121814210,7555,human_candidate,2026-08-27T22:00:14.356079+00:00,True,merged,124.17388888888888,valid,306.0,45.0,3.0,11.0,351.0
121814210,7600,human_candidate,2026-08-27T22:00:14.356079+00:00,True,merged,341.7988888888889,valid,39.0,5.0,2.0,3.0,44.0
121814210,7633,agentic,2026-08-27T22:00:14.356079+00:00,True,merged,629.7275,valid,27.0,379.0,7.0,12.0,406.0
121814210,7847,agentic,2026-08-27T22:00:14.356079+00:00,True,closed_unmerged,,not_merged,124.0,69.0,3.0,4.0,193.0
121814210,7848,agentic,2026-08-27T22:00:14.356079+00:00,True,closed_unmerged,,not_merged,120.0,203.0,5.0,5.0,323.0
124948838,5152,agentic,2026-08-27T22:00:14.356079+00:00,True,merged,7.301944444444445,valid,44.0,0.0,1.0,3.0,44.0
126178683,7644,agentic,2026-08-27T22:00:14.356079+00:00,True,closed_unmerged,,not_merged,205.0,1.0,7.0,2.0,206.0
126178683,7836,human_candidate,2026-08-27T22:00:14.356079+00:00,True,merged,12.018888888888888,valid,3.0,3.0,1.0,1.0,6.0
126178683,7930,human_candidate,2026-08-27T22:00:14.356079+00:00,True,merged,1.685,valid,78.0,54.0,19.0,1.0,132.0
126178683,9856,agentic,2026-08-27T22:00:14.356079+00:00,True,closed_unmerged,,not_merged,568.0,15.0,5.0,4.0,583.0
126178683,10022,agentic,2026-08-27T22:00:14.356079+00:00,True,closed_unmerged,,not_merged,341.0,87.0,6.0,4.0,428.0
126178683,10024,agentic,2026-08-27T22:00:14.356079+00:00,True,closed_unmerged,,not_merged,621.0,14.0,6.0,3.0,635.0
126257942,5533,human_candidate,2026-08-27T22:00:14.356079+00:00,True,merged,5.448055555555555,valid,33.0,21.0,1.0,1.0,54.0
126257942,5821,human_candidate,2026-08-27T22:00:14.356079+00:00,True,merged,10.680833333333334,valid,538.0,382.0,5.0,10.0,920.0
126849511,361,agentic,2026-08-27T22:00:14.356079+00:00,True,closed_unmerged,,not_merged,157.0,108.0,7.0,6.0,265.0
126897385,3099,human_candidate,2026-08-27T22:00:14.356079+00:00,True,merged,89.72222222222223,valid,19.0,20.0,1.0,1.0,39.0
126897385,3117,human_candidate,2026-08-27T22:00:14.356079+00:00,True,merged,356.36694444444447,valid,269.0,93.0,1.0,6.0,362.0
128479644,9001,human_candidate,2026-08-27T22:00:14.356079+00:00,True,merged,139.88416666666666,valid,12.0,9.0,1.0,3.0,21.0
128479644,9042,human_candidate,2026-08-27T22:00:14.356079+00:00,True,merged,8.536666666666667,valid,125.0,10.0,23.0,1.0,135.0
128479644,9089,human_candidate,2026-08-27T22:00:14.356079+00:00,True,merged,78.51,valid,646.0,29.0,28.0,37.0,675.0
128479644,9338,human_candidate,2026-08-27T22:00:14.356079+00:00,True,merged,2.761111111111111,valid,22.0,13.0,4.0,1.0,35.0
128479644,9363,human_candidate,2026-08-27T22:00:14.356079+00:00,True,merged,3.7291666666666665,valid,280.0,231.0,6.0,2.0,511.0
128479644,9453,human_candidate,2026-08-27T22:00:14.356079+00:00,True,merged,0.6358333333333334,valid,12.0,28.0,1.0,2.0,40.0
128479644,9923,human_candidate,2026-08-27T22:00:14.356079+00:00,True,merged,0.8830555555555556,valid,8.0,9.0,2.0,4.0,17.0
128479644,10035,human_candidate,2026-08-27T22:00:14.356079+00:00,True,merged,27.883055555555554,valid,43.0,5.0,1.0,4.0,48.0
128479644,10062,human_candidate,2026-08-27T22:00:14.356079+00:00,True,merged,17.293333333333333,valid,12.0,6.0,1.0,1.0,18.0
128479644,10129,human_candidate,2026-08-27T22:00:14.356079+00:00,True,merged,4.588888888888889,valid,9.0,0.0,3.0,1.0,9.0
128479644,10174,human_candidate,2026-08-27T22:00:14.356079+00:00,True,merged,16.189166666666665,valid,124.0,70.0,10.0,8.0,194.0
128479644,10260,human_candidate,2026-08-27T22:00:14.356079+00:00,True,merged,84.8275,valid,32.0,9.0,3.0,2.0,41.0
128479644,10272,human_candidate,2026-08-27T22:00:14.356079+00:00,True,merged,51.985,valid,13.0,5.0,1.0,2.0,18.0
128479644,10276,human_candidate,2026-08-27T22:00:14.356079+00:00,True,merged,18.70277777777778,valid,141.0,141.0,2.0,1.0,282.0
128479644,10295,human_candidate,2026-08-27T22:00:14.356079+00:00,True,merged,27.101111111111113,valid,17.0,7.0,2.0,5.0,24.0
128479644,10710,human_candidate,2026-08-27T22:00:14.356079+00:00,True,merged,6.771388888888889,valid,3.0,2.0,1.0,6.0,5.0
128479644,10938,human_candidate,2026-08-27T22:00:14.356079+00:00,True,merged,10.764166666666666,valid,34.0,6.0,1.0,1.0,40.0
128479644,10977,human_candidate,2026-08-27T22:00:14.356079+00:00,True,merged,94.48944444444444,valid,13.0,7.0,2.0,3.0,20.0
128479644,11277,human_candidate,2026-08-27T22:00:14.356079+00:00,True,merged,1.1613888888888888,valid,44.0,9.0,2.0,4.0,53.0
128479644,11307,human_candidate,2026-08-27T22:00:14.356079+00:00,True,merged,21.19638888888889,valid,12.0,7.0,1.0,1.0,19.0
128479644,11407,human_candidate,2026-08-27T22:00:14.356079+00:00,True,merged,10.890833333333333,valid,59.0,49.0,3.0,13.0,108.0
128479644,11445,human_candidate,2026-08-27T22:00:14.356079+00:00,True,merged,0.9791666666666666,valid,30.0,14.0,1.0,1.0,44.0
128479644,11569,human_candidate,2026-08-27T22:00:14.356079+00:00,True,merged,15.546666666666667,valid,27.0,16.0,7.0,1.0,43.0
128479644,11650,human_candidate,2026-08-27T22:00:14.356079+00:00,True,merged,85.45111111111112,valid,73.0,19.0,2.0,11.0,92.0
128479644,11677,human_candidate,2026-08-27T22:00:14.356079+00:00,True,merged,1.3286111111111112,valid,8.0,0.0,1.0,1.0,8.0
128479644,11695,human_candidate,2026-08-27T22:00:14.356079+00:00,True,merged,7.582777777777777,valid,14.0,3.0,2.0,2.0,17.0
128479644,11726,human_candidate,2026-08-27T22:00:14.356079+00:00,True,merged,113.90722222222222,valid,12.0,11.0,1.0,3.0,23.0
128479644,11731,human_candidate,2026-08-27T22:00:14.356079+00:00,True,merged,1.7838888888888889,valid,81.0,52.0,15.0,5.0,133.0
128479644,11794,human_candidate,2026-08-27T22:00:14.356079+00:00,True,merged,18.010555555555555,valid,22.0,14.0,2.0,5.0,36.0
128479644,12090,human_candidate,2026-08-27T22:00:14.356079+00:00,True,merged,6.653611111111111,valid,15.0,11.0,5.0,2.0,26.0
128479644,12137,human_candidate,2026-08-27T22:00:14.356079+00:00,True,merged,23.852777777777778,valid,3.0,4.0,1.0,3.0,7.0
128479644,12628,human_candidate,2026-08-27T22:00:14.356079+00:00,True,merged,2.105,valid,31.0,37.0,3.0,2.0,68.0
128479644,12685,human_candidate,2026-08-27T22:00:14.356079+00:00,True,merged,144.20138888888889,valid,5.0,2.0,1.0,1.0,7.0
128479644,12796,human_candidate,2026-08-27T22:00:14.356079+00:00,True,merged,42.613055555555555,valid,7.0,1.0,1.0,5.0,8.0
128479644,12816,human_candidate,2026-08-27T22:00:14.356079+00:00,True,merged,8.885555555555555,valid,13.0,13.0,3.0,11.0,26.0
128479644,12845,human_candidate,2026-08-27T22:00:14.356079+00:00,True,merged,1.7752777777777777,valid,4.0,2.0,1.0,1.0,6.0
128479644,12850,human_candidate,2026-08-27T22:00:14.356079+00:00,True,merged,1.7430555555555556,valid,4.0,2.0,1.0,1.0,6.0
128479644,12868,human_candidate,2026-08-27T22:00:14.356079+00:00,True,merged,0.8902777777777777,valid,3.0,3.0,1.0,1.0,6.0
128479644,12879,human_candidate,2026-08-27T22:00:14.356079+00:00,True,merged,1.8691666666666666,valid,4.0,2.0,1.0,1.0,6.0
128479644,12881,human_candidate,2026-08-27T22:00:14.356079+00:00,True,merged,0.6663888888888889,valid,9.0,8.0,1.0,1.0,17.0
128479644,12882,human_candidate,2026-08-27T22:00:14.356079+00:00,True,merged,16.291944444444443,valid,5.0,3.0,1.0,1.0,8.0
128479644,12955,human_candidate,2026-08-27T22:00:14.356079+00:00,True,merged,2.9338888888888888,valid,4.0,2.0,1.0,1.0,6.0
128479644,13221,human_candidate,2026-08-27T22:00:14.356079+00:00,True,merged,74.16944444444445,valid,23.0,8.0,2.0,7.0,31.0
128479644,13286,human_candidate,2026-08-27T22:00:14.356079+00:00,True,merged,54.94138888888889,valid,9.0,11.0,1.0,2.0,20.0
128479644,13370,human_candidate,2026-08-27T22:00:14.356079+00:00,True,merged,8.673333333333334,valid,5.0,5.0,1.0,1.0,10.0
128479644,13401,human_candidate,2026-08-27T22:00:14.356079+00:00,True,merged,4.725833333333333,valid,12.0,9.0,2.0,1.0,21.0
128479644,13546,human_candidate,2026-08-27T22:00:14.356079+00:00,True,merged,18.40222222222222,valid,13.0,11.0,2.0,3.0,24.0
128479644,13700,human_candidate,2026-08-27T22:00:14.356079+00:00,True,merged,0.26666666666666666,valid,13.0,13.0,2.0,1.0,26.0
128479644,13794,human_candidate,2026-08-27T22:00:14.356079+00:00,True,merged,2.047222222222222,valid,48.0,155.0,5.0,2.0,203.0
128479644,13816,human_candidate,2026-08-27T22:00:14.356079+00:00,True,closed_unmerged,,not_merged,13.0,16.0,1.0,1.0,29.0
128479644,13825,human_candidate,2026-08-27T22:00:14.356079+00:00,True,merged,67.16388888888889,valid,39.0,18.0,3.0,5.0,57.0
128479644,13902,human_candidate,2026-08-27T22:00:14.356079+00:00,True,merged,62.49583333333333,valid,68.0,55.0,2.0,12.0,123.0
128479644,13917,human_candidate,2026-08-27T22:00:14.356079+00:00,True,merged,4.3125,valid,38.0,9.0,3.0,1.0,47.0
128479644,13968,human_candidate,2026-08-27T22:00:14.356079+00:00,True,merged,2.2047222222222222,valid,2.0,1.0,1.0,1.0,3.0
128479644,14029,human_candidate,2026-08-27T22:00:14.356079+00:00,True,merged,59.38777777777778,valid,23.0,23.0,1.0,1.0,46.0
128479644,14215,human_candidate,2026-08-27T22:00:14.356079+00:00,True,merged,4.125555555555556,valid,24.0,0.0,6.0,1.0,24.0
128479644,14290,human_candidate,2026-08-27T22:00:14.356079+00:00,True,merged,8.105,valid,1.0,1.0,1.0,1.0,2.0
128479644,14339,human_candidate,2026-08-27T22:00:14.356079+00:00,True,merged,9.091111111111111,valid,66.0,27.0,12.0,6.0,93.0
128479644,14354,human_candidate,2026-08-27T22:00:14.356079+00:00,True,merged,0.8966666666666666,valid,5.0,5.0,1.0,2.0,10.0
128479644,14475,human_candidate,2026-08-27T22:00:14.356079+00:00,True,closed_unmerged,,not_merged,7.0,11.0,1.0,2.0,18.0
128479644,14598,human_candidate,2026-08-27T22:00:14.356079+00:00,True,closed_unmerged,,not_merged,1.0,1.0,1.0,3.0,2.0
128479644,14693,human_candidate,2026-08-27T22:00:14.356079+00:00,True,merged,33.102777777777774,valid,43.0,2.0,4.0,4.0,45.0
128479644,14833,human_candidate,2026-08-27T22:00:14.356079+00:00,True,merged,5.354722222222223,valid,14.0,14.0,12.0,1.0,28.0
128479644,14853,human_candidate,2026-08-27T22:00:14.356079+00:00,True,merged,68.31888888888889,valid,319.0,385.0,85.0,13.0,704.0
128479644,14875,human_candidate,2026-08-27T22:00:14.356079+00:00,True,merged,20.706944444444446,valid,9.0,13.0,4.0,2.0,22.0
128479644,15209,human_candidate,2026-08-27T22:00:14.356079+00:00,True,merged,311.3097222222222,valid,297.0,32.0,15.0,24.0,329.0
128479644,15368,human_candidate,2026-08-27T22:00:14.356079+00:00,True,merged,9.426944444444445,valid,144.0,28.0,2.0,6.0,172.0
128479644,15403,human_candidate,2026-08-27T22:00:14.356079+00:00,True,merged,18.685277777777777,valid,8.0,9.0,2.0,1.0,17.0
128479644,15424,human_candidate,2026-08-27T22:00:14.356079+00:00,True,merged,53.665,valid,68.0,14.0,4.0,8.0,82.0
128479644,15432,human_candidate,2026-08-27T22:00:14.356079+00:00,True,merged,7.3244444444444445,valid,55.0,20.0,2.0,1.0,75.0
128479644,15512,human_candidate,2026-08-27T22:00:14.356079+00:00,True,closed_unmerged,,not_merged,2.0,2.0,1.0,2.0,4.0
128479644,15594,human_candidate,2026-08-27T22:00:14.356079+00:00,True,merged,131.7225,valid,133.0,10.0,3.0,8.0,143.0
128479644,15599,human_candidate,2026-08-27T22:00:14.356079+00:00,True,merged,18.445555555555554,valid,304.0,46.0,6.0,9.0,350.0
128479644,15690,human_candidate,2026-08-27T22:00:14.356079+00:00,True,closed_unmerged,,not_merged,18.0,6.0,4.0,1.0,24.0
128479644,15728,human_candidate,2026-08-27T22:00:14.356079+00:00,True,merged,194.1027777777778,valid,117.0,65.0,3.0,11.0,182.0
128479644,16009,agentic,2026-08-27T22:00:14.356079+00:00,True,closed_unmerged,,not_merged,1891.0,112.0,17.0,17.0,2003.0
128479644,16010,agentic,2026-08-27T22:00:14.356079+00:00,True,closed_unmerged,,not_merged,238.0,9.0,2.0,5.0,247.0
130688011,5930,human_candidate,2026-08-27T22:00:14.356079+00:00,True,merged,31.431944444444444,valid,22.0,3.0,3.0,2.0,25.0
130688011,6080,human_candidate,2026-08-27T22:00:14.356079+00:00,True,merged,206.50333333333333,valid,729.0,451.0,24.0,18.0,1180.0
130688011,6229,human_candidate,2026-08-27T22:00:14.356079+00:00,True,merged,95.42722222222223,valid,63.0,30.0,6.0,5.0,93.0
130688011,6325,human_candidate,2026-08-27T22:00:14.356079+00:00,True,merged,261.84027777777777,valid,51.0,19.0,2.0,1.0,70.0
131619646,30656,human_candidate,2026-08-27T22:00:14.356079+00:00,True,merged,314.4725,valid,61.0,13.0,3.0,1.0,74.0
131619646,31065,human_candidate,2026-08-27T22:00:14.356079+00:00,True,merged,25.083055555555557,valid,81.0,414.0,10.0,3.0,495.0
131619646,31515,human_candidate,2026-08-27T22:00:14.356079+00:00,True,merged,68.25333333333333,valid,49.0,98.0,1.0,1.0,147.0
131619646,32952,human_candidate,2026-08-27T22:00:14.356079+00:00,True,merged,10.073333333333334,valid,3.0,2.0,1.0,1.0,5.0
131619646,33378,human_candidate,2026-08-27T22:00:14.356079+00:00,True,closed_unmerged,,not_merged,37.0,33.0,2.0,1.0,70.0
131995661,17134,agentic,2026-08-27T22:00:14.356079+00:00,True,merged,1342.1630555555555,valid,2320.0,930.0,99.0,32.0,3250.0
132021166,7580,agentic,2026-08-27T22:00:14.356079+00:00,True,merged,43.45583333333333,valid,246.0,1.0,3.0,16.0,247.0
133374092,4697,human_candidate,2026-08-27T22:00:14.356079+00:00,True,merged,3969.793888888889,valid,202.0,17.0,8.0,16.0,219.0
133968906,13172,human_candidate,2026-08-27T22:00:14.356079+00:00,True,closed_unmerged,,not_merged,4.0,0.0,1.0,2.0,4.0
134777298,7654,human_candidate,2026-08-27T22:00:14.356079+00:00,True,merged,20.2925,valid,25.0,4.0,1.0,1.0,29.0
134777298,8597,agentic,2026-08-27T22:00:14.356079+00:00,True,merged,192.55972222222223,valid,63.0,15.0,4.0,6.0,78.0
136202695,16039,agentic,2026-08-27T22:00:14.356079+00:00,True,merged,6.065833333333333,valid,92.0,20.0,1.0,4.0,112.0
136202695,17697,agentic,2026-08-27T22:00:14.356079+00:00,True,merged,12.92361111111111,valid,52.0,25.0,1.0,7.0,77.0
136202695,17726,agentic,2026-08-27T22:00:14.356079+00:00,True,merged,3.476111111111111,valid,12.0,8.0,1.0,5.0,20.0
136202695,17730,agentic,2026-08-27T22:00:14.356079+00:00,True,closed_unmerged,,not_merged,11.0,3.0,1.0,4.0,14.0
136202695,17732,agentic,2026-08-27T22:00:14.356079+00:00,True,merged,1.1319444444444444,valid,4.0,0.0,1.0,3.0,4.0
136202695,17769,agentic,2026-08-27T22:00:14.356079+00:00,True,merged,1.2869444444444444,valid,15.0,4.0,1.0,3.0,19.0
136202695,17860,agentic,2026-08-27T22:00:14.356079+00:00,True,merged,11.835833333333333,valid,5.0,0.0,15.0,3.0,5.0
136202695,17939,agentic,2026-08-27T22:00:14.356079+00:00,True,merged,4.811388888888889,valid,100.0,0.0,4.0,11.0,100.0
136202695,18882,agentic,2026-08-27T22:00:14.356079+00:00,True,merged,1.9583333333333333,valid,16.0,12.0,5.0,6.0,28.0
136202695,18980,agentic,2026-08-27T22:00:14.356079+00:00,True,merged,13.735555555555555,valid,7.0,6.0,6.0,2.0,13.0
136202695,18983,agentic,2026-08-27T22:00:14.356079+00:00,True,merged,4.512222222222222,valid,3.0,2.0,3.0,3.0,5.0
136202695,19078,agentic,2026-08-27T22:00:14.356079+00:00,True,merged,1.4080555555555556,valid,295.0,346.0,48.0,2.0,641.0
136202695,19163,agentic,2026-08-27T22:00:14.356079+00:00,True,merged,0.8941666666666667,valid,11.0,5.0,1.0,2.0,16.0
136202695,19190,agentic,2026-08-27T22:00:14.356079+00:00,True,merged,1.3736111111111111,valid,29.0,6.0,1.0,3.0,35.0
136202695,19194,agentic,2026-08-27T22:00:14.356079+00:00,True,merged,1.2025,valid,23.0,139.0,11.0,5.0,162.0
136202695,19196,agentic,2026-08-27T22:00:14.356079+00:00,True,merged,1.165,valid,13.0,13.0,1.0,4.0,26.0
136202695,19197,agentic,2026-08-27T22:00:14.356079+00:00,True,merged,8.73,valid,13.0,0.0,1.0,3.0,13.0
136202695,19204,agentic,2026-08-27T22:00:14.356079+00:00,True,merged,0.8916666666666667,valid,6.0,4.0,1.0,3.0,10.0
136202695,19212,agentic,2026-08-27T22:00:14.356079+00:00,True,merged,0.9061111111111111,valid,11.0,0.0,1.0,3.0,11.0
136202695,19242,agentic,2026-08-27T22:00:14.356079+00:00,True,merged,0.7925,valid,7.0,0.0,1.0,2.0,7.0
136202695,19258,agentic,2026-08-27T22:00:14.356079+00:00,True,merged,17.775555555555556,valid,16.0,12.0,2.0,5.0,28.0
136202695,19272,agentic,2026-08-27T22:00:14.356079+00:00,True,merged,0.9344444444444444,valid,16.0,4.0,1.0,3.0,20.0
136202695,19302,agentic,2026-08-27T22:00:14.356079+00:00,True,merged,1.7875,valid,42.0,47.0,3.0,5.0,89.0
136202695,19366,agentic,2026-08-27T22:00:14.356079+00:00,True,merged,0.8911111111111111,valid,25.0,3.0,1.0,2.0,28.0
136202695,19368,agentic,2026-08-27T22:00:14.356079+00:00,True,merged,1.1058333333333332,valid,43.0,39.0,2.0,4.0,82.0
136202695,19369,agentic,2026-08-27T22:00:14.356079+00:00,True,merged,0.7897222222222222,valid,2.0,6.0,1.0,3.0,8.0
136202695,19371,agentic,2026-08-27T22:00:14.356079+00:00,True,closed_unmerged,,not_merged,16.0,6.0,1.0,3.0,22.0
136202695,20070,agentic,2026-08-27T22:00:14.356079+00:00,True,merged,0.9905555555555555,valid,2.0,8.0,2.0,4.0,10.0
136202695,20186,agentic,2026-08-27T22:00:14.356079+00:00,True,merged,0.7422222222222222,valid,14.0,6.0,2.0,2.0,20.0
136202695,20227,agentic,2026-08-27T22:00:14.356079+00:00,True,merged,0.5130555555555556,valid,54.0,12.0,1.0,4.0,66.0
136202695,20268,agentic,2026-08-27T22:00:14.356079+00:00,True,merged,0.7341666666666666,valid,1.0,3.0,1.0,2.0,4.0
136202695,20498,agentic,2026-08-27T22:00:14.356079+00:00,True,merged,0.8247222222222222,valid,2.0,4.0,1.0,2.0,6.0
136202695,20880,agentic,2026-08-27T22:00:14.356079+00:00,True,merged,0.9069444444444444,valid,1.0,0.0,1.0,2.0,1.0
136202695,21789,human_candidate,2026-08-27T22:00:14.356079+00:00,True,merged,344.7125,valid,1106.0,381.0,20.0,73.0,1487.0
136202695,22337,agentic,2026-08-27T22:00:14.356079+00:00,True,merged,6.761388888888889,valid,12.0,13.0,1.0,4.0,25.0
136202695,22403,agentic,2026-08-27T22:00:14.356079+00:00,True,merged,1.8158333333333334,valid,2.0,9.0,1.0,3.0,11.0
136202695,22468,agentic,2026-08-27T22:00:14.356079+00:00,True,merged,1.3602777777777777,valid,0.0,1.0,1.0,2.0,1.0
136202695,22526,agentic,2026-08-27T22:00:14.356079+00:00,True,merged,1.2072222222222222,valid,10.0,3.0,1.0,3.0,13.0
136202695,22668,agentic,2026-08-27T22:00:14.356079+00:00,True,merged,0.5466666666666666,valid,459.0,393.0,58.0,4.0,852.0
136202695,22669,agentic,2026-08-27T22:00:14.356079+00:00,True,merged,1.4391666666666667,valid,54.0,49.0,3.0,11.0,103.0
136202695,22670,agentic,2026-08-27T22:00:14.356079+00:00,True,merged,0.41555555555555557,valid,8.0,0.0,1.0,3.0,8.0
136202695,22755,agentic,2026-08-27T22:00:14.356079+00:00,True,merged,0.8375,valid,4.0,2.0,1.0,2.0,6.0
136202695,22758,agentic,2026-08-27T22:00:14.356079+00:00,True,merged,12.257777777777777,valid,8.0,3.0,1.0,2.0,11.0
136202695,22789,agentic,2026-08-27T22:00:14.356079+00:00,True,merged,1.0486111111111112,valid,7.0,3.0,1.0,2.0,10.0
136202695,23148,human_candidate,2026-08-27T22:00:14.356079+00:00,True,merged,0.1836111111111111,valid,65.0,112.0,2.0,2.0,177.0
136202695,23149,human_candidate,2026-08-27T22:00:14.356079+00:00,True,merged,0.7266666666666667,valid,32.0,39.0,1.0,1.0,71.0
139199684,20048,agentic,2026-08-27T22:00:14.356079+00:00,True,merged,0.2836111111111111,valid,36.0,11.0,5.0,2.0,47.0
139199684,20095,agentic,2026-08-27T22:00:14.356079+00:00,True,merged,0.29833333333333334,valid,85.0,457.0,22.0,4.0,542.0
139199684,20096,agentic,2026-08-27T22:00:14.356079+00:00,True,merged,25.086388888888887,valid,66.0,40.0,13.0,4.0,106.0
139199684,20450,agentic,2026-08-27T22:00:14.356079+00:00,True,merged,0.27416666666666667,valid,5.0,10.0,1.0,2.0,15.0
139199684,20453,agentic,2026-08-27T22:00:14.356079+00:00,True,merged,0.13305555555555557,valid,75.0,76.0,1.0,1.0,151.0
139199684,20454,agentic,2026-08-27T22:00:14.356079+00:00,True,closed_unmerged,,not_merged,4.0,163.0,1.0,1.0,167.0
139199684,20487,agentic,2026-08-27T22:00:14.356079+00:00,True,merged,14.945,valid,12.0,2.0,2.0,1.0,14.0
139199684,20491,agentic,2026-08-27T22:00:14.356079+00:00,True,merged,0.39805555555555555,valid,5.0,0.0,1.0,1.0,5.0
139199684,20539,agentic,2026-08-27T22:00:14.356079+00:00,True,merged,5.643611111111111,valid,183.0,94.0,8.0,7.0,277.0
139199684,20864,human_candidate,2026-08-27T22:00:14.356079+00:00,True,merged,12.426666666666666,valid,551.0,9.0,8.0,3.0,560.0
139199684,20900,human_candidate,2026-08-27T22:00:14.356079+00:00,True,merged,20.453333333333333,valid,6.0,4.0,2.0,2.0,10.0
139199684,20925,agentic,2026-08-27T22:00:14.356079+00:00,True,merged,0.47,valid,6.0,1.0,1.0,1.0,7.0
139199684,20930,agentic,2026-08-27T22:00:14.356079+00:00,True,merged,21.87527777777778,valid,120.0,166.0,2.0,5.0,286.0
139199684,20966,agentic,2026-08-27T22:00:14.356079+00:00,True,closed_unmerged,,not_merged,76.0,35.0,1.0,1.0,111.0
139199684,20972,agentic,2026-08-27T22:00:14.356079+00:00,True,merged,1.6266666666666667,valid,73.0,7.0,2.0,2.0,80.0
139199684,21977,human_candidate,2026-08-27T22:00:14.356079+00:00,True,merged,97.46333333333334,valid,242.0,3.0,3.0,1.0,245.0
139199684,22060,agentic,2026-08-27T22:00:14.356079+00:00,True,merged,2.2936111111111113,valid,99.0,37.0,2.0,2.0,136.0
139199684,22065,agentic,2026-08-27T22:00:14.356079+00:00,True,merged,4.179722222222222,valid,161.0,78.0,2.0,2.0,239.0
139199684,22111,human_candidate,2026-08-27T22:00:14.356079+00:00,True,merged,0.6513888888888889,valid,41.0,2.0,2.0,1.0,43.0
139199684,22122,agentic,2026-08-27T22:00:14.356079+00:00,True,merged,0.5055555555555555,valid,138.0,47.0,3.0,2.0,185.0
141846986,3157,human_candidate,2026-08-27T22:00:14.356079+00:00,True,merged,1.205,valid,133.0,107.0,5.0,2.0,240.0
142308181,913,agentic,2026-08-27T22:00:14.356079+00:00,True,merged,1.323888888888889,valid,389.0,289.0,11.0,5.0,678.0
142308181,938,agentic,2026-08-27T22:00:14.356079+00:00,True,merged,0.0077777777777777776,valid,12.0,0.0,1.0,1.0,12.0
143040428,21305,human_candidate,2026-08-27T22:00:14.356079+00:00,True,merged,19.468333333333334,valid,37.0,28.0,2.0,2.0,65.0
143040428,21453,human_candidate,2026-08-27T22:00:14.356079+00:00,True,closed_unmerged,,not_merged,34.0,28.0,9.0,6.0,62.0
143040428,21816,human_candidate,2026-08-27T22:00:14.356079+00:00,True,merged,68.06388888888888,valid,62.0,71.0,3.0,2.0,133.0
143808059,4090,agentic,2026-08-27T22:00:14.356079+00:00,True,merged,66.33555555555556,valid,97.0,16.0,2.0,2.0,113.0
143808059,4091,agentic,2026-08-27T22:00:14.356079+00:00,True,closed_unmerged,,not_merged,102.0,16.0,7.0,2.0,118.0
144407057,42,agentic,2026-08-27T22:00:14.356079+00:00,True,merged,0.15833333333333333,valid,123.0,44.0,4.0,1.0,167.0
144407057,43,agentic,2026-08-27T22:00:14.356079+00:00,True,merged,18.218611111111112,valid,200.0,112.0,5.0,1.0,312.0
147887472,1709,human_candidate,2026-08-27T22:00:14.356079+00:00,True,merged,20.385,valid,13.0,25.0,10.0,7.0,38.0
151148482,7167,agentic,2026-08-27T22:00:14.356079+00:00,True,merged,0.20194444444444445,valid,3.0,1.0,1.0,3.0,4.0
151148482,7196,agentic,2026-08-27T22:00:14.356079+00:00,True,merged,12.639444444444445,valid,495.0,45.0,15.0,6.0,540.0
151148482,7227,agentic,2026-08-27T22:00:14.356079+00:00,True,merged,11.631944444444445,valid,181.0,1.0,2.0,5.0,182.0
151148482,7245,agentic,2026-08-27T22:00:14.356079+00:00,True,closed_unmerged,,not_merged,4435.0,75.0,69.0,20.0,4510.0
151148482,7250,agentic,2026-08-27T22:00:14.356079+00:00,True,merged,0.8838888888888888,valid,174.0,6.0,6.0,3.0,180.0
151148482,7538,human_candidate,2026-08-27T22:00:14.356079+00:00,True,merged,100.09861111111111,valid,267.0,43.0,3.0,7.0,310.0
151331938,13727,human_candidate,2026-08-27T22:00:14.356079+00:00,True,merged,29.015833333333333,valid,3.0,2.0,3.0,1.0,5.0
151331938,13971,human_candidate,2026-08-27T22:00:14.356079+00:00,True,merged,73.16444444444444,valid,145.0,70.0,9.0,3.0,215.0
151331938,13982,human_candidate,2026-08-27T22:00:14.356079+00:00,True,closed_unmerged,,not_merged,16.0,2.0,1.0,3.0,18.0
151331938,14631,human_candidate,2026-08-27T22:00:14.356079+00:00,True,merged,25.08111111111111,valid,129.0,43.0,14.0,11.0,172.0
151331938,14748,human_candidate,2026-08-27T22:00:14.356079+00:00,True,merged,192.715,valid,9.0,5.0,4.0,10.0,14.0
156260788,5413,human_candidate,2026-08-27T22:00:14.356079+00:00,True,open,,not_merged,45.0,49.0,4.0,11.0,94.0
156260788,5483,human_candidate,2026-08-27T22:00:14.356079+00:00,True,closed_unmerged,,not_merged,63.0,10.0,8.0,12.0,73.0
156260788,5638,agentic,2026-08-27T22:00:14.356079+00:00,True,merged,0.6697222222222222,valid,9.0,9.0,1.0,2.0,18.0
156939672,24809,human_candidate,2026-08-27T22:00:14.356079+00:00,True,merged,219.55055555555555,valid,431.0,1.0,6.0,5.0,432.0
156939672,24818,human_candidate,2026-08-27T22:00:14.356079+00:00,True,merged,1211.1905555555556,valid,645.0,38.0,9.0,11.0,683.0
156939672,25003,human_candidate,2026-08-27T22:00:14.356079+00:00,True,open,,not_merged,298.0,0.0,6.0,1.0,298.0
156939672,25061,agentic,2026-08-27T22:00:14.356079+00:00,True,closed_unmerged,,not_merged,559.0,57.0,4.0,3.0,616.0
156939672,25066,agentic,2026-08-27T22:00:14.356079+00:00,True,open,,not_merged,23.0,6.0,1.0,2.0,29.0
156939672,25395,human_candidate,2026-08-27T22:00:14.356079+00:00,True,merged,350.6988888888889,valid,33.0,8.0,3.0,2.0,41.0
156939672,25564,human_candidate,2026-08-27T22:00:14.356079+00:00,True,closed_unmerged,,not_merged,78.0,101.0,5.0,5.0,179.0
156939672,25764,human_candidate,2026-08-27T22:00:14.356079+00:00,True,merged,2252.258611111111,valid,2859.0,3898.0,89.0,33.0,6757.0
156939672,26433,human_candidate,2026-08-27T22:00:14.356079+00:00,True,merged,2153.2616666666668,valid,631.0,40.0,12.0,17.0,671.0
156939672,26893,human_candidate,2026-08-27T22:00:14.356079+00:00,True,closed_unmerged,,not_merged,2385.0,805.0,25.0,5.0,3190.0
156939672,27071,human_candidate,2026-08-27T22:00:14.356079+00:00,True,closed_unmerged,,not_merged,124.0,106.0,3.0,1.0,230.0
156939672,27824,human_candidate,2026-08-27T22:00:14.356079+00:00,True,merged,396.30805555555554,valid,1379.0,490.0,6.0,54.0,1869.0
156939672,28503,human_candidate,2026-08-27T22:00:14.356079+00:00,True,merged,443.30944444444447,valid,86.0,24.0,6.0,1.0,110.0
156939672,28519,human_candidate,2026-08-27T22:00:14.356079+00:00,True,merged,182.29638888888888,valid,25.0,18.0,2.0,6.0,43.0
156939672,28534,agentic,2026-08-27T22:00:14.356079+00:00,True,open,,not_merged,48.0,1.0,5.0,1.0,49.0
156939672,28588,agentic,2026-08-27T22:00:14.356079+00:00,True,merged,38.797777777777775,valid,138.0,93.0,1.0,3.0,231.0
156939672,28589,agentic,2026-08-27T22:00:14.356079+00:00,True,merged,126.40638888888888,valid,502.0,43.0,4.0,6.0,545.0
159564733,11945,human_candidate,2026-08-27T22:00:14.356079+00:00,True,merged,34.138333333333335,valid,38.0,45.0,2.0,2.0,83.0
159564733,12368,agentic,2026-08-27T22:00:14.356079+00:00,True,closed_unmerged,,not_merged,41.0,36.0,6.0,7.0,77.0
159564733,12444,human_candidate,2026-08-27T22:00:14.356079+00:00,True,merged,44.14972222222222,valid,12930.0,21929.0,49.0,9.0,34859.0
162690887,4087,agentic,2026-08-27T22:00:14.356079+00:00,True,merged,14.296388888888888,valid,6446.0,0.0,2.0,2.0,6446.0
163654595,3704,agentic,2026-08-27T22:00:14.356079+00:00,True,merged,1.7002777777777778,valid,150.0,36.0,2.0,4.0,186.0
163654595,3731,agentic,2026-08-27T22:00:14.356079+00:00,True,merged,0.19111111111111112,valid,14.0,4.0,2.0,2.0,18.0
164374484,795,agentic,2026-08-27T22:00:14.356079+00:00,True,closed_unmerged,,not_merged,175.0,28.0,5.0,8.0,203.0
164374484,796,agentic,2026-08-27T22:00:14.356079+00:00,True,closed_unmerged,,not_merged,76.0,36.0,1.0,1.0,112.0
164374484,797,agentic,2026-08-27T22:00:14.356079+00:00,True,closed_unmerged,,not_merged,56.0,16.0,1.0,1.0,72.0
164374484,798,agentic,2026-08-27T22:00:14.356079+00:00,True,closed_unmerged,,not_merged,27.0,2.0,1.0,1.0,29.0
164374484,800,agentic,2026-08-27T22:00:14.356079+00:00,True,closed_unmerged,,not_merged,14.0,8.0,1.0,1.0,22.0
164374484,964,agentic,2026-08-27T22:00:14.356079+00:00,True,closed_unmerged,,not_merged,0.0,17.0,2.0,1.0,17.0
164374484,1069,agentic,2026-08-27T22:00:14.356079+00:00,True,closed_unmerged,,not_merged,77.0,135.0,1.0,3.0,212.0
166515022,26168,human_candidate,2026-08-27T22:00:14.356079+00:00,True,merged,810.6072222222223,valid,16.0,9.0,1.0,1.0,25.0
166515022,26531,human_candidate,2026-08-27T22:00:14.356079+00:00,True,merged,10.007222222222222,valid,66.0,64.0,3.0,1.0,130.0
166515022,27849,human_candidate,2026-08-27T22:00:14.356079+00:00,True,merged,389.5027777777778,valid,143.0,56.0,2.0,2.0,199.0
166515022,28127,human_candidate,2026-08-27T22:00:14.356079+00:00,True,merged,2.142777777777778,valid,2.0,2.0,2.0,1.0,4.0
166515022,28512,human_candidate,2026-08-27T22:00:14.356079+00:00,True,closed_unmerged,,not_merged,287.0,62.0,3.0,1.0,349.0
166515022,28893,human_candidate,2026-08-27T22:00:14.356079+00:00,True,closed_unmerged,,not_merged,3.0,3.0,2.0,1.0,6.0
166515022,29144,human_candidate,2026-08-27T22:00:14.356079+00:00,True,merged,659.0297222222222,valid,34.0,26.0,6.0,1.0,60.0
166902415,203,human_candidate,2026-08-27T22:00:14.356079+00:00,True,merged,27.974722222222223,valid,118.0,0.0,2.0,1.0,118.0
167828165,1206,human_candidate,2026-08-27T22:00:14.356079+00:00,True,merged,0.9033333333333333,valid,95.0,58.0,4.0,1.0,153.0
167828165,1271,human_candidate,2026-08-27T22:00:14.356079+00:00,True,merged,56.55972222222222,valid,172.0,94.0,16.0,7.0,266.0
170592186,11379,human_candidate,2026-08-27T22:00:14.356079+00:00,True,closed_unmerged,,not_merged,44282.0,89021.0,346.0,3.0,133303.0
170592186,11382,human_candidate,2026-08-27T22:00:14.356079+00:00,True,merged,69.18777777777778,valid,512.0,1.0,9.0,6.0,513.0
170592186,13012,human_candidate,2026-08-27T22:00:14.356079+00:00,True,merged,0.11916666666666667,valid,13.0,6.0,1.0,1.0,19.0
170592186,13031,agentic,2026-08-27T22:00:14.356079+00:00,True,merged,78.09083333333334,valid,60.0,36.0,1.0,14.0,96.0
170592186,15150,agentic,2026-08-27T22:00:14.356079+00:00,True,merged,25.976666666666667,valid,131.0,57.0,6.0,15.0,188.0
170592186,15250,human_candidate,2026-08-27T22:00:14.356079+00:00,True,merged,2.0033333333333334,valid,74.0,13.0,4.0,2.0,87.0
172370867,5288,human_candidate,2026-08-27T22:00:14.356079+00:00,True,merged,10.620277777777778,valid,72.0,59.0,2.0,2.0,131.0
172370867,6918,human_candidate,2026-08-27T22:00:14.356079+00:00,True,merged,0.0019444444444444444,valid,517.0,265.0,24.0,2.0,782.0
172370867,6961,human_candidate,2026-08-27T22:00:14.356079+00:00,True,merged,0.0016666666666666668,valid,164.0,83.0,2.0,1.0,247.0
172370867,7331,human_candidate,2026-08-27T22:00:14.356079+00:00,True,merged,0.006944444444444444,valid,284.0,81.0,3.0,1.0,365.0
172370867,7788,human_candidate,2026-08-27T22:00:14.356079+00:00,True,merged,19.260277777777777,valid,296.0,232.0,1.0,14.0,528.0
172370867,7808,human_candidate,2026-08-27T22:00:14.356079+00:00,True,merged,0.0016666666666666668,valid,77.0,30.0,1.0,1.0,107.0
172404626,47,agentic,2026-08-27T22:00:14.356079+00:00,True,closed_unmerged,,not_merged,50.0,8.0,2.0,1.0,58.0
172404626,54,agentic,2026-08-27T22:00:14.356079+00:00,True,open,,not_merged,79.0,22.0,4.0,1.0,101.0
172811550,2672,agentic,2026-08-27T22:00:14.356079+00:00,True,merged,2.7819444444444446,valid,777.0,454.0,14.0,17.0,1231.0
172811550,2673,agentic,2026-08-27T22:00:14.356079+00:00,True,merged,2.265,valid,349.0,20.0,4.0,5.0,369.0
172811550,2697,agentic,2026-08-27T22:00:14.356079+00:00,True,merged,40.12694444444445,valid,408.0,88.0,13.0,8.0,496.0
172811550,2698,agentic,2026-08-27T22:00:14.356079+00:00,True,merged,20.63388888888889,valid,323.0,10.0,4.0,4.0,333.0
172811550,2700,agentic,2026-08-27T22:00:14.356079+00:00,True,merged,28.75611111111111,valid,632.0,27.0,9.0,10.0,659.0
172811550,2706,agentic,2026-08-27T22:00:14.356079+00:00,True,merged,94.55444444444444,valid,1493.0,128.0,11.0,14.0,1621.0
172811550,2712,agentic,2026-08-27T22:00:14.356079+00:00,True,merged,9.266388888888889,valid,103.0,65.0,2.0,1.0,168.0
173170791,4000,human_candidate,2026-08-27T22:00:14.356079+00:00,True,merged,499.77694444444444,valid,30.0,56.0,5.0,1.0,86.0
173170791,4012,human_candidate,2026-08-27T22:00:14.356079+00:00,True,merged,781.8691666666666,valid,2.0,2.0,1.0,1.0,4.0
173170791,4157,human_candidate,2026-08-27T22:00:14.356079+00:00,True,merged,870.8236111111111,valid,11.0,1.0,1.0,4.0,12.0
175391102,4877,human_candidate,2026-08-27T22:00:14.356079+00:00,True,merged,2.053611111111111,valid,1.0,1.0,1.0,2.0,2.0
175405157,7422,human_candidate,2026-08-27T22:00:14.356079+00:00,True,merged,827.7961111111111,valid,54.0,19.0,1.0,1.0,73.0
176015789,2596,agentic,2026-08-27T22:00:14.356079+00:00,True,merged,1013.2627777777777,valid,314.0,62.0,3.0,13.0,376.0
184456251,42273,human_candidate,2026-08-27T22:00:14.356079+00:00,True,merged,3527.8405555555555,valid,898.0,62.0,10.0,33.0,960.0
184456251,47368,agentic,2026-08-27T22:00:14.356079+00:00,True,closed_unmerged,,not_merged,66.0,1.0,1.0,3.0,67.0
185841694,1689,agentic,2026-08-27T22:00:14.356079+00:00,True,merged,535.3211111111111,valid,149.0,80.0,4.0,3.0,229.0
186939154,856,agentic,2026-08-27T22:00:14.356079+00:00,True,merged,0.7938888888888889,valid,11.0,12.0,1.0,2.0,23.0
192332885,694,human_candidate,2026-08-27T22:00:14.356079+00:00,True,merged,53.00611111111111,valid,31.0,2.0,1.0,1.0,33.0
196414933,37946,human_candidate,2026-08-27T22:00:14.356079+00:00,True,merged,12.38111111111111,valid,141.0,143.0,7.0,1.0,284.0
196414933,40344,human_candidate,2026-08-27T22:00:14.356079+00:00,True,closed_unmerged,,not_merged,86.0,36.0,3.0,2.0,122.0
196414933,47183,human_candidate,2026-08-27T22:00:14.356079+00:00,True,merged,13.415,valid,33.0,1.0,2.0,3.0,34.0
196414933,48257,human_candidate,2026-08-27T22:00:14.356079+00:00,True,merged,4.1002777777777775,valid,79.0,90.0,4.0,1.0,169.0
196414933,48742,human_candidate,2026-08-27T22:00:14.356079+00:00,True,closed_unmerged,,not_merged,103.0,23.0,4.0,6.0,126.0
196414933,48785,human_candidate,2026-08-27T22:00:14.356079+00:00,True,open,,not_merged,416.0,125.0,15.0,37.0,541.0
197033610,8343,human_candidate,2026-08-27T22:00:14.356079+00:00,True,merged,413.8808333333333,valid,2338.0,633.0,28.0,21.0,2971.0
197033610,8504,agentic,2026-08-27T22:00:14.356079+00:00,True,merged,19.02611111111111,valid,6.0,1.0,2.0,1.0,7.0
197153676,19630,human_candidate,2026-08-27T22:00:14.356079+00:00,True,merged,413.78583333333336,valid,21.0,26.0,2.0,13.0,47.0
197153676,19811,human_candidate,2026-08-27T22:00:14.356079+00:00,True,merged,409.3127777777778,valid,128.0,177.0,7.0,7.0,305.0
197153676,20394,human_candidate,2026-08-27T22:00:14.356079+00:00,True,open,,not_merged,258.0,44.0,3.0,1.0,302.0
197153676,20663,agentic,2026-08-27T22:00:14.356079+00:00,True,closed_unmerged,,not_merged,177.0,0.0,1.0,1.0,177.0
197336679,629,agentic,2026-08-27T22:00:14.356079+00:00,True,merged,0.1175,valid,6.0,2.0,1.0,1.0,8.0
197336679,634,agentic,2026-08-27T22:00:14.356079+00:00,True,merged,0.041666666666666664,valid,12.0,2.0,1.0,1.0,14.0
197336679,647,agentic,2026-08-27T22:00:14.356079+00:00,True,merged,3.4077777777777776,valid,63.0,0.0,1.0,1.0,63.0
197336679,662,agentic,2026-08-27T22:00:14.356079+00:00,True,open,,not_merged,96.0,17.0,1.0,1.0,113.0
197336679,685,agentic,2026-08-27T22:00:14.356079+00:00,True,merged,638.2897222222222,valid,80.0,93.0,4.0,8.0,173.0
203843667,26749,human_candidate,2026-08-27T22:00:14.356079+00:00,True,merged,88.42777777777778,valid,424.0,43.0,6.0,9.0,467.0
203843667,27249,human_candidate,2026-08-27T22:00:14.356079+00:00,True,merged,0.6808333333333333,valid,13.0,24.0,1.0,3.0,37.0
203843667,27423,human_candidate,2026-08-27T22:00:14.356079+00:00,True,closed_unmerged,,not_merged,152.0,69.0,1.0,1.0,221.0
203843667,27424,human_candidate,2026-08-27T22:00:14.356079+00:00,True,closed_unmerged,,not_merged,56.0,6.0,2.0,1.0,62.0
204086862,13099,human_candidate,2026-08-27T22:00:14.356079+00:00,True,merged,44.30861111111111,valid,810.0,225.0,46.0,7.0,1035.0
204086862,13876,human_candidate,2026-08-27T22:00:14.356079+00:00,True,open,,not_merged,404.0,28.0,13.0,1.0,432.0
208102250,4256,agentic,2026-08-27T22:00:14.356079+00:00,True,merged,0.29583333333333334,valid,44.0,27.0,2.0,1.0,71.0
208102250,4295,agentic,2026-08-27T22:00:14.356079+00:00,True,merged,2.0205555555555557,valid,5.0,8.0,2.0,1.0,13.0
208102250,4470,human_candidate,2026-08-27T22:00:14.356079+00:00,True,merged,11.563888888888888,valid,526.0,24.0,12.0,5.0,550.0
209120637,2629,agentic,2026-08-27T22:00:14.356079+00:00,True,closed_unmerged,,not_merged,7.0,2.0,1.0,2.0,9.0
209120637,3148,human_candidate,2026-08-27T22:00:14.356079+00:00,True,open,,not_merged,651.0,41.0,6.0,24.0,692.0
210716005,114736,human_candidate,2026-08-27T22:00:14.356079+00:00,True,merged,334.2752777777778,valid,95.0,34.0,9.0,2.0,129.0
210716005,116123,human_candidate,2026-08-27T22:00:14.356079+00:00,True,merged,21.09027777777778,valid,110.0,53.0,4.0,2.0,163.0
210716005,116175,human_candidate,2026-08-27T22:00:14.356079+00:00,True,merged,59.26888888888889,valid,33.0,23.0,1.0,3.0,56.0
210716005,116419,human_candidate,2026-08-27T22:00:14.356079+00:00,True,open,,not_merged,174.0,50.0,4.0,6.0,224.0
210716005,116752,human_candidate,2026-08-27T22:00:14.356079+00:00,True,closed_unmerged,,not_merged,1.0,0.0,1.0,1.0,1.0
210716005,116895,human_candidate,2026-08-27T22:00:14.356079+00:00,True,merged,4.7225,valid,24.0,4.0,1.0,2.0,28.0
210716005,116945,human_candidate,2026-08-27T22:00:14.356079+00:00,True,merged,24.235277777777778,valid,61.0,54.0,4.0,3.0,115.0
210716005,117381,human_candidate,2026-08-27T22:00:14.356079+00:00,True,closed_unmerged,,not_merged,34.0,2.0,1.0,3.0,36.0
210716005,117531,human_candidate,2026-08-27T22:00:14.356079+00:00,True,merged,93.08472222222223,valid,3.0,3.0,1.0,1.0,6.0
210716005,117989,human_candidate,2026-08-27T22:00:14.356079+00:00,True,merged,17.90861111111111,valid,169.0,112.0,5.0,4.0,281.0
210716005,118029,human_candidate,2026-08-27T22:00:14.356079+00:00,True,closed_unmerged,,not_merged,138.0,157.0,7.0,6.0,295.0
210716005,118108,human_candidate,2026-08-27T22:00:14.356079+00:00,True,merged,86.1361111111111,valid,529.0,35.0,7.0,5.0,564.0
210716005,118207,agentic,2026-08-27T22:00:14.356079+00:00,True,merged,5546.680555555556,valid,48.0,25.0,2.0,23.0,73.0
210716005,118640,human_candidate,2026-08-27T22:00:14.356079+00:00,True,merged,31.20277777777778,valid,83.0,37.0,10.0,2.0,120.0
210716005,119095,agentic,2026-08-27T22:00:14.356079+00:00,True,merged,2.714166666666667,valid,5.0,0.0,1.0,2.0,5.0
210716005,120627,agentic,2026-08-27T22:00:14.356079+00:00,True,merged,90.83777777777777,valid,19.0,82.0,1.0,3.0,101.0
210716005,120628,agentic,2026-08-27T22:00:14.356079+00:00,True,closed_unmerged,,not_merged,362.0,6.0,2.0,2.0,368.0
210716005,120630,agentic,2026-08-27T22:00:14.356079+00:00,True,merged,22.752222222222223,valid,38.0,38.0,14.0,11.0,76.0
210716005,120633,agentic,2026-08-27T22:00:14.356079+00:00,True,closed_unmerged,,not_merged,185.0,52.0,7.0,21.0,237.0
210716005,120886,agentic,2026-08-27T22:00:14.356079+00:00,True,closed_unmerged,,not_merged,90.0,25.0,4.0,4.0,115.0
210716005,120916,agentic,2026-08-27T22:00:14.356079+00:00,True,merged,70.74888888888889,valid,67.0,0.0,3.0,6.0,67.0
210716005,121077,human_candidate,2026-08-27T22:00:14.356079+00:00,True,closed_unmerged,,not_merged,1237.0,1216.0,18.0,1.0,2453.0
210716005,121139,human_candidate,2026-08-27T22:00:14.356079+00:00,True,merged,9.480555555555556,valid,7.0,7.0,5.0,2.0,14.0
210716005,121223,human_candidate,2026-08-27T22:00:14.356079+00:00,True,merged,3431.8380555555555,valid,112.0,9.0,2.0,9.0,121.0
210716005,121580,human_candidate,2026-08-27T22:00:14.356079+00:00,True,merged,790.9905555555556,valid,11.0,0.0,2.0,1.0,11.0
210716005,121641,agentic,2026-08-27T22:00:14.356079+00:00,True,closed_unmerged,,not_merged,10.0,4.0,1.0,2.0,14.0
210716005,121851,agentic,2026-08-27T22:00:14.356079+00:00,True,merged,10.873888888888889,valid,7.0,1.0,1.0,5.0,8.0
210716005,122040,human_candidate,2026-08-27T22:00:14.356079+00:00,True,merged,26.00111111111111,valid,78.0,48.0,2.0,4.0,126.0
210716005,122090,human_candidate,2026-08-27T22:00:14.356079+00:00,True,open,,not_merged,538.0,32.0,4.0,10.0,570.0
210716005,122107,human_candidate,2026-08-27T22:00:14.356079+00:00,True,closed_unmerged,,not_merged,57.0,24.0,1.0,1.0,81.0
210716005,122167,human_candidate,2026-08-27T22:00:14.356079+00:00,True,merged,832.6377777777777,valid,195.0,27.0,6.0,20.0,222.0
210716005,122184,human_candidate,2026-08-27T22:00:14.356079+00:00,True,merged,16.09722222222222,valid,1.0,1.0,1.0,1.0,2.0
210716005,122389,agentic,2026-08-27T22:00:14.356079+00:00,True,merged,862.8944444444444,valid,1074.0,41.0,9.0,9.0,1115.0
210716005,122530,agentic,2026-08-27T22:00:14.356079+00:00,True,merged,71.9375,valid,15.0,5.0,2.0,4.0,20.0
210716005,122749,agentic,2026-08-27T22:00:14.356079+00:00,True,closed_unmerged,,not_merged,732.0,22.0,6.0,15.0,754.0
210716005,122822,agentic,2026-08-27T22:00:14.356079+00:00,True,merged,468.07972222222224,valid,44.0,162.0,3.0,8.0,206.0
210716005,122947,agentic,2026-08-27T22:00:14.356079+00:00,True,merged,475.6508333333333,valid,1130.0,21.0,6.0,11.0,1151.0
210716005,122952,agentic,2026-08-27T22:00:14.356079+00:00,True,merged,134.04305555555555,valid,52.0,0.0,2.0,4.0,52.0
210716005,122956,agentic,2026-08-27T22:00:14.356079+00:00,True,closed_unmerged,,not_merged,155.0,267.0,1.0,3.0,422.0
210716005,122959,agentic,2026-08-27T22:00:14.356079+00:00,True,merged,479.0261111111111,valid,337.0,77.0,4.0,4.0,414.0
210716005,123034,agentic,2026-08-27T22:00:14.356079+00:00,True,merged,2.3325,valid,1.0,1.0,1.0,2.0,2.0
210716005,123041,agentic,2026-08-27T22:00:14.356079+00:00,True,closed_unmerged,,not_merged,416.0,23.0,4.0,16.0,439.0
210716005,123158,agentic,2026-08-27T22:00:14.356079+00:00,True,closed_unmerged,,not_merged,38.0,4.0,1.0,3.0,42.0
210716005,123397,agentic,2026-08-27T22:00:14.356079+00:00,True,closed_unmerged,,not_merged,256.0,0.0,7.0,15.0,256.0
210716005,123674,agentic,2026-08-27T22:00:14.356079+00:00,True,closed_unmerged,,not_merged,540.0,19.0,3.0,2.0,559.0
210716005,123754,agentic,2026-08-27T22:00:14.356079+00:00,True,merged,181.17805555555555,valid,210.0,2.0,2.0,6.0,212.0
210716005,123776,agentic,2026-08-27T22:00:14.356079+00:00,True,merged,21.08138888888889,valid,3.0,3.0,3.0,2.0,6.0
210716005,124077,agentic,2026-08-27T22:00:14.356079+00:00,True,merged,77.88861111111112,valid,832.0,109.0,10.0,26.0,941.0
210716005,124172,agentic,2026-08-27T22:00:14.356079+00:00,True,closed_unmerged,,not_merged,2.0,8.0,1.0,3.0,10.0
210716005,124252,human_candidate,2026-08-27T22:00:14.356079+00:00,True,closed_unmerged,,not_merged,48.0,15.0,2.0,4.0,63.0
210716005,124450,agentic,2026-08-27T22:00:14.356079+00:00,True,closed_unmerged,,not_merged,219.0,6.0,3.0,5.0,225.0
210716005,124577,agentic,2026-08-27T22:00:14.356079+00:00,True,closed_unmerged,,not_merged,816.0,4.0,6.0,2.0,820.0
210716005,124647,agentic,2026-08-27T22:00:14.356079+00:00,True,closed_unmerged,,not_merged,74.0,28.0,3.0,4.0,102.0
210716005,124667,agentic,2026-08-27T22:00:14.356079+00:00,True,closed_unmerged,,not_merged,63.0,5.0,1.0,3.0,68.0
210716005,124705,agentic,2026-08-27T22:00:14.356079+00:00,True,merged,45.1875,valid,119.0,8.0,3.0,5.0,127.0
210716005,124706,agentic,2026-08-27T22:00:14.356079+00:00,True,closed_unmerged,,not_merged,90.0,0.0,3.0,2.0,90.0
210716005,124834,human_candidate,2026-08-27T22:00:14.356079+00:00,True,merged,136.6761111111111,valid,350.0,481.0,17.0,19.0,831.0
210716005,124878,human_candidate,2026-08-27T22:00:14.356079+00:00,True,merged,64.08333333333333,valid,15.0,22.0,3.0,2.0,37.0
210716005,124963,human_candidate,2026-08-27T22:00:14.356079+00:00,True,merged,237.73694444444445,valid,23.0,33.0,1.0,5.0,56.0
210716005,124997,agentic,2026-08-27T22:00:14.356079+00:00,True,merged,39.8725,valid,28.0,12.0,1.0,5.0,40.0
210716005,125001,agentic,2026-08-27T22:00:14.356079+00:00,True,merged,21.045833333333334,valid,34.0,105.0,2.0,4.0,139.0
210716005,125028,agentic,2026-08-27T22:00:14.356079+00:00,True,merged,65.47194444444445,valid,2.0,2.0,1.0,2.0,4.0
210716005,125643,agentic,2026-08-27T22:00:14.356079+00:00,True,merged,35.27611111111111,valid,68.0,6.0,3.0,7.0,74.0
210716005,125650,agentic,2026-08-27T22:00:14.356079+00:00,True,closed_unmerged,,not_merged,156.0,8.0,3.0,7.0,164.0
210716005,125722,agentic,2026-08-27T22:00:14.356079+00:00,True,closed_unmerged,,not_merged,36.0,0.0,1.0,2.0,36.0
210716005,125799,human_candidate,2026-08-27T22:00:14.356079+00:00,True,merged,174.71055555555554,valid,5221.0,3141.0,29.0,31.0,8362.0
210716005,126063,agentic,2026-08-27T22:00:14.356079+00:00,True,merged,82.27472222222222,valid,160.0,14.0,2.0,52.0,174.0
210716005,126169,human_candidate,2026-08-27T22:00:14.356079+00:00,True,merged,85.29777777777778,valid,25.0,6.0,2.0,1.0,31.0
210716005,126201,agentic,2026-08-27T22:00:14.356079+00:00,True,merged,22.80361111111111,valid,88.0,57.0,2.0,14.0,145.0
210716005,126338,agentic,2026-08-27T22:00:14.356079+00:00,True,merged,97.11916666666667,valid,241.0,354.0,15.0,59.0,595.0
210716005,126353,agentic,2026-08-27T22:00:14.356079+00:00,True,closed_unmerged,,not_merged,37.0,103.0,5.0,3.0,140.0
210716005,126534,agentic,2026-08-27T22:00:14.356079+00:00,True,merged,136.70583333333335,valid,39.0,19.0,3.0,11.0,58.0
210716005,126658,human_candidate,2026-08-27T22:00:14.356079+00:00,True,closed_unmerged,,not_merged,44.0,22.0,1.0,1.0,66.0
210716005,126671,agentic,2026-08-27T22:00:14.356079+00:00,True,closed_unmerged,,not_merged,111.0,9.0,4.0,11.0,120.0
210716005,126801,agentic,2026-08-27T22:00:14.356079+00:00,True,closed_unmerged,,not_merged,148.0,0.0,3.0,5.0,148.0
210716005,126841,agentic,2026-08-27T22:00:14.356079+00:00,True,closed_unmerged,,not_merged,43.0,60.0,3.0,11.0,103.0
210716005,127014,agentic,2026-08-27T22:00:14.356079+00:00,True,closed_unmerged,,not_merged,16.0,0.0,1.0,2.0,16.0
210716005,127123,agentic,2026-08-27T22:00:14.356079+00:00,True,merged,3.128888888888889,valid,2.0,3.0,1.0,2.0,5.0
210716005,127178,agentic,2026-08-27T22:00:14.356079+00:00,True,merged,356.58805555555557,valid,130.0,55.0,9.0,14.0,185.0
210716005,127329,agentic,2026-08-27T22:00:14.356079+00:00,True,merged,31.489166666666666,valid,110.0,67.0,1.0,9.0,177.0
210716005,127764,agentic,2026-08-27T22:00:14.356079+00:00,True,closed_unmerged,,not_merged,22.0,21.0,1.0,3.0,43.0
210716005,127779,agentic,2026-08-27T22:00:14.356079+00:00,True,merged,20.674722222222222,valid,9.0,15.0,1.0,2.0,24.0
210716005,127845,human_candidate,2026-08-27T22:00:14.356079+00:00,True,merged,35.905,valid,110.0,54.0,4.0,2.0,164.0
210716005,127930,human_candidate,2026-08-27T22:00:14.356079+00:00,True,closed_unmerged,,not_merged,7.0,0.0,4.0,1.0,7.0
210716005,128228,agentic,2026-08-27T22:00:14.356079+00:00,True,closed_unmerged,,not_merged,22.0,0.0,4.0,1.0,22.0
210716005,128232,agentic,2026-08-27T22:00:14.356079+00:00,True,merged,136.09944444444446,valid,8.0,1.0,1.0,10.0,9.0
210716005,128470,human_candidate,2026-08-27T22:00:14.356079+00:00,True,closed_unmerged,,not_merged,47.0,5.0,1.0,1.0,52.0
210716005,128504,agentic,2026-08-27T22:00:14.356079+00:00,True,merged,2009.4594444444444,valid,319.0,48.0,3.0,5.0,367.0
210716005,128505,agentic,2026-08-27T22:00:14.356079+00:00,True,open,,not_merged,106.0,1.0,7.0,3.0,107.0
210716005,128559,human_candidate,2026-08-27T22:00:14.356079+00:00,True,merged,26.6225,valid,432.0,21.0,5.0,4.0,453.0
210716005,128630,agentic,2026-08-27T22:00:14.356079+00:00,True,closed_unmerged,,not_merged,80.0,1.0,3.0,4.0,81.0
212382406,9721,human_candidate,2026-08-27T22:00:14.356079+00:00,True,merged,264.5469444444444,valid,133.0,62.0,2.0,9.0,195.0
212382406,9944,human_candidate,2026-08-27T22:00:14.356079+00:00,True,merged,37.79666666666667,valid,16.0,64.0,6.0,1.0,80.0
212465715,4062,human_candidate,2026-08-27T22:00:14.356079+00:00,True,merged,24.8925,valid,3.0,3.0,2.0,1.0,6.0
212465715,4499,human_candidate,2026-08-27T22:00:14.356079+00:00,True,merged,22.11111111111111,valid,50.0,31.0,1.0,2.0,81.0
212465715,4505,human_candidate,2026-08-27T22:00:14.356079+00:00,True,merged,91.24444444444444,valid,70.0,7.0,5.0,3.0,77.0
213728552,469,agentic,2026-08-27T22:00:14.356079+00:00,True,merged,1.9144444444444444,valid,198.0,60.0,1.0,1.0,258.0
213728552,522,agentic,2026-08-27T22:00:14.356079+00:00,True,merged,0.04,valid,88.0,61.0,4.0,2.0,149.0
214771811,79,agentic,2026-08-27T22:00:14.356079+00:00,True,closed_unmerged,,not_merged,3046.0,4779.0,3.0,1.0,7825.0
215654064,7896,agentic,2026-08-27T22:00:14.356079+00:00,True,closed_unmerged,,not_merged,551.0,4.0,49.0,3.0,555.0
215654064,8290,human_candidate,2026-08-27T22:00:14.356079+00:00,True,merged,1.0619444444444444,valid,4.0,14.0,1.0,1.0,18.0
215654064,9112,human_candidate,2026-08-27T22:00:14.356079+00:00,True,merged,4.96,valid,9.0,4.0,3.0,3.0,13.0
215654064,9168,human_candidate,2026-08-27T22:00:14.356079+00:00,True,merged,12.913333333333334,valid,969.0,25.0,13.0,4.0,994.0
215654064,9292,human_candidate,2026-08-27T22:00:14.356079+00:00,True,merged,166.01833333333335,valid,644.0,37.0,22.0,1.0,681.0
219012610,12434,agentic,2026-08-27T22:00:14.356079+00:00,True,closed_unmerged,,not_merged,9.0,6.0,3.0,1.0,15.0
219012610,12540,agentic,2026-08-27T22:00:14.356079+00:00,True,merged,1195.0797222222222,valid,1397.0,363.0,18.0,7.0,1760.0
219035799,1782,agentic,2026-08-27T22:00:14.356079+00:00,True,closed_unmerged,,not_merged,194.0,34.0,5.0,20.0,228.0
219035799,1891,agentic,2026-08-27T22:00:14.356079+00:00,True,merged,6.21,valid,117.0,25.0,6.0,36.0,142.0
219782401,436,agentic,2026-08-27T22:00:14.356079+00:00,True,merged,0.43472222222222223,valid,42.0,30.0,2.0,2.0,72.0
220517730,4992,agentic,2026-08-27T22:00:14.356079+00:00,True,open,,not_merged,9.0,2.0,1.0,1.0,11.0
220517730,4999,agentic,2026-08-27T22:00:14.356079+00:00,True,merged,788.7769444444444,valid,170.0,8.0,5.0,1.0,178.0
220546758,5320,human_candidate,2026-08-27T22:00:14.356079+00:00,True,merged,70.14527777777778,valid,413.0,409.0,2.0,3.0,822.0
224208127,263,agentic,2026-08-27T22:00:14.356079+00:00,True,merged,10.59388888888889,valid,108.0,22.0,2.0,2.0,130.0
224980941,300,agentic,2026-08-27T22:00:14.356079+00:00,True,merged,0.2619444444444444,valid,9.0,5.0,4.0,3.0,14.0
224980941,301,agentic,2026-08-27T22:00:14.356079+00:00,True,merged,1.4255555555555555,valid,681.0,465.0,12.0,8.0,1146.0
234231371,3652,agentic,2026-08-27T22:00:14.356079+00:00,True,merged,0.5044444444444445,valid,2.0,2.0,2.0,2.0,4.0
234231371,3687,agentic,2026-08-27T22:00:14.356079+00:00,True,merged,0.23527777777777778,valid,15.0,14.0,1.0,1.0,29.0
234231371,3789,human_candidate,2026-08-27T22:00:14.356079+00:00,True,merged,6.739166666666667,valid,13.0,13.0,1.0,1.0,26.0
234231371,3996,agentic,2026-08-27T22:00:14.356079+00:00,True,merged,1.7225,valid,13.0,13.0,1.0,4.0,26.0
234231371,4368,agentic,2026-08-27T22:00:14.356079+00:00,True,merged,1.1655555555555555,valid,21.0,5.0,2.0,2.0,26.0
234231371,4373,agentic,2026-08-27T22:00:14.356079+00:00,True,closed_unmerged,,not_merged,959.0,54.0,9.0,10.0,1013.0
234231371,4375,agentic,2026-08-27T22:00:14.356079+00:00,True,merged,32.844166666666666,valid,117.0,6.0,2.0,4.0,123.0
234231371,4379,agentic,2026-08-27T22:00:14.356079+00:00,True,merged,82.85333333333334,valid,60.0,18.0,6.0,13.0,78.0
236095576,30498,human_candidate,2026-08-27T22:00:14.356079+00:00,True,merged,455.7388888888889,valid,211.0,25.0,8.0,3.0,236.0
237222619,2810,human_candidate,2026-08-27T22:00:14.356079+00:00,True,merged,0.7108333333333333,valid,2.0,0.0,1.0,1.0,2.0
237392204,9369,agentic,2026-08-27T22:00:14.356079+00:00,True,merged,0.21444444444444444,valid,6.0,6.0,1.0,1.0,12.0
237392204,9382,agentic,2026-08-27T22:00:14.356079+00:00,True,merged,1.0430555555555556,valid,272.0,91.0,3.0,7.0,363.0
237392204,9383,agentic,2026-08-27T22:00:14.356079+00:00,True,merged,42.93194444444445,valid,283.0,110.0,3.0,3.0,393.0
237392204,9384,agentic,2026-08-27T22:00:14.356079+00:00,True,merged,44.1325,valid,283.0,143.0,3.0,3.0,426.0
237392204,9385,agentic,2026-08-27T22:00:14.356079+00:00,True,merged,45.5225,valid,293.0,117.0,3.0,4.0,410.0
237392204,9386,agentic,2026-08-27T22:00:14.356079+00:00,True,merged,67.68388888888889,valid,211.0,163.0,4.0,7.0,374.0
237392204,9387,agentic,2026-08-27T22:00:14.356079+00:00,True,merged,227.58972222222224,valid,367.0,284.0,5.0,11.0,651.0
237392204,9388,agentic,2026-08-27T22:00:14.356079+00:00,True,merged,44.73361111111111,valid,405.0,204.0,3.0,5.0,609.0
237392204,9389,agentic,2026-08-27T22:00:14.356079+00:00,True,merged,131.47472222222223,valid,209.0,165.0,4.0,7.0,374.0
237392204,9390,agentic,2026-08-27T22:00:14.356079+00:00,True,merged,0.9888888888888889,valid,275.0,92.0,3.0,5.0,367.0
237392204,9391,agentic,2026-08-27T22:00:14.356079+00:00,True,merged,179.50416666666666,valid,399.0,300.0,4.0,11.0,699.0
237392204,9393,agentic,2026-08-27T22:00:14.356079+00:00,True,closed_unmerged,,not_merged,156.0,115.0,3.0,1.0,271.0
237392204,9396,agentic,2026-08-27T22:00:14.356079+00:00,True,merged,17.939444444444444,valid,173.0,127.0,3.0,1.0,300.0
237392204,9406,agentic,2026-08-27T22:00:14.356079+00:00,True,merged,212.8527777777778,valid,2.0,0.0,2.0,1.0,2.0
237392204,9422,agentic,2026-08-27T22:00:14.356079+00:00,True,closed_unmerged,,not_merged,5.0,5.0,5.0,1.0,10.0
237392204,9442,agentic,2026-08-27T22:00:14.356079+00:00,True,merged,140.455,valid,5.0,2.0,1.0,2.0,7.0
237392204,9536,agentic,2026-08-27T22:00:14.356079+00:00,True,merged,373.34777777777776,valid,207.0,195.0,24.0,7.0,402.0
237392204,9601,human_candidate,2026-08-27T22:00:14.356079+00:00,True,closed_unmerged,,not_merged,42.0,21.0,21.0,1.0,63.0
237392204,9655,agentic,2026-08-27T22:00:14.356079+00:00,True,closed_unmerged,,not_merged,13.0,32.0,1.0,6.0,45.0
237392204,9656,agentic,2026-08-27T22:00:14.356079+00:00,True,closed_unmerged,,not_merged,68.0,47.0,1.0,2.0,115.0
237647258,10411,agentic,2026-08-27T22:00:14.356079+00:00,True,merged,0.31416666666666665,valid,15.0,0.0,2.0,3.0,15.0
238797860,16276,human_candidate,2026-08-27T22:00:14.356079+00:00,True,merged,144.2175,valid,406.0,40.0,5.0,17.0,446.0
238797860,16420,human_candidate,2026-08-27T22:00:14.356079+00:00,True,closed_unmerged,,not_merged,16.0,19.0,7.0,13.0,35.0
238797860,17901,human_candidate,2026-08-27T22:00:14.356079+00:00,True,closed_unmerged,,not_merged,20.0,1.0,1.0,3.0,21.0
238797860,19993,human_candidate,2026-08-27T22:00:14.356079+00:00,True,closed_unmerged,,not_merged,294.0,64.0,7.0,2.0,358.0
238797860,20801,agentic,2026-08-27T22:00:14.356079+00:00,True,closed_unmerged,,not_merged,1.0,1.0,1.0,1.0,2.0
239957242,874,agentic,2026-08-27T22:00:14.356079+00:00,True,merged,115.99166666666666,valid,283.0,256.0,3.0,8.0,539.0
240583093,8644,human_candidate,2026-08-27T22:00:14.356079+00:00,True,closed_unmerged,,not_merged,15.0,13.0,1.0,1.0,28.0
240583093,9580,human_candidate,2026-08-27T22:00:14.356079+00:00,True,merged,0.35583333333333333,valid,8.0,4.0,1.0,2.0,12.0
240583093,9629,human_candidate,2026-08-27T22:00:14.356079+00:00,True,closed_unmerged,,not_merged,1.0,1.0,1.0,1.0,2.0
240583093,9659,human_candidate,2026-08-27T22:00:14.356079+00:00,True,closed_unmerged,,not_merged,0.0,3393.0,1.0,1.0,3393.0
240583093,9849,human_candidate,2026-08-27T22:00:14.356079+00:00,True,merged,2.1663888888888887,valid,5.0,4.0,1.0,1.0,9.0
240583093,10083,human_candidate,2026-08-27T22:00:14.356079+00:00,True,merged,1.5302777777777778,valid,7.0,7.0,2.0,2.0,14.0
240583093,10344,human_candidate,2026-08-27T22:00:14.356079+00:00,True,merged,16.599444444444444,valid,1.0,148.0,3.0,2.0,149.0
240583093,11319,human_candidate,2026-08-27T22:00:14.356079+00:00,True,merged,0.2475,valid,14.0,1.0,2.0,1.0,15.0
240583093,11747,human_candidate,2026-08-27T22:00:14.356079+00:00,True,merged,213.355,valid,16.0,132.0,2.0,2.0,148.0
240583093,11898,human_candidate,2026-08-27T22:00:14.356079+00:00,True,closed_unmerged,,not_merged,27.0,2.0,2.0,1.0,29.0
240583093,12128,human_candidate,2026-08-27T22:00:14.356079+00:00,True,merged,5.402222222222222,valid,58.0,22.0,7.0,1.0,80.0
240583093,12182,human_candidate,2026-08-27T22:00:14.356079+00:00,True,merged,2.232222222222222,valid,32.0,3.0,3.0,3.0,35.0
241248985,3409,agentic,2026-08-27T22:00:14.356079+00:00,True,closed_unmerged,,not_merged,71.0,16.0,5.0,3.0,87.0
241248985,3490,agentic,2026-08-27T22:00:14.356079+00:00,True,closed_unmerged,,not_merged,176.0,12.0,10.0,4.0,188.0
241248985,3495,agentic,2026-08-27T22:00:14.356079+00:00,True,merged,145.77027777777778,valid,187.0,59.0,13.0,10.0,246.0
241248985,3823,human_candidate,2026-08-27T22:00:14.356079+00:00,True,merged,17.211388888888887,valid,124.0,6.0,6.0,2.0,130.0
245704608,4556,human_candidate,2026-08-27T22:00:14.356079+00:00,True,merged,0.3863888888888889,valid,611.0,2300.0,17.0,6.0,2911.0
247710440,1835,human_candidate,2026-08-27T22:00:14.356079+00:00,True,merged,1.7502777777777778,valid,92.0,103.0,7.0,4.0,195.0
249027166,12979,agentic,2026-08-27T22:00:14.356079+00:00,True,closed_unmerged,,not_merged,171.0,111.0,4.0,1.0,282.0
249337717,171,human_candidate,2026-08-27T22:00:14.356079+00:00,True,merged,0.8725,valid,1438.0,134.0,4.0,7.0,1572.0
254328371,6150,human_candidate,2026-08-27T22:00:14.356079+00:00,True,merged,0.9263888888888889,valid,59.0,16.0,4.0,1.0,75.0
255027515,978,human_candidate,2026-08-27T22:00:14.356079+00:00,True,merged,0.3011111111111111,valid,167.0,37.0,4.0,4.0,204.0
255027515,1055,human_candidate,2026-08-27T22:00:14.356079+00:00,True,merged,0.16194444444444445,valid,217.0,49.0,2.0,2.0,266.0
257089738,590,agentic,2026-08-27T22:00:14.356079+00:00,True,merged,0.0022222222222222222,valid,47.0,2.0,2.0,1.0,49.0
257098489,809,agentic,2026-08-27T22:00:14.356079+00:00,True,merged,0.08277777777777778,valid,5.0,8.0,1.0,1.0,13.0
257098489,823,agentic,2026-08-27T22:00:14.356079+00:00,True,merged,0.36,valid,14.0,4.0,3.0,1.0,18.0
257098489,1106,human_candidate,2026-08-27T22:00:14.356079+00:00,True,merged,12.765277777777778,valid,32.0,5.0,3.0,1.0,37.0
257098489,1108,human_candidate,2026-08-27T22:00:14.356079+00:00,True,merged,12.693055555555556,valid,17.0,16.0,11.0,2.0,33.0
257098489,1109,human_candidate,2026-08-27T22:00:14.356079+00:00,True,merged,0.23194444444444445,valid,33.0,42.0,4.0,8.0,75.0
257098489,1951,human_candidate,2026-08-27T22:00:14.356079+00:00,True,merged,0.0325,valid,107.0,13.0,4.0,1.0,120.0
257098489,2081,human_candidate,2026-08-27T22:00:14.356079+00:00,True,merged,0.051111111111111114,valid,238.0,14.0,17.0,1.0,252.0
257098489,2108,human_candidate,2026-08-27T22:00:14.356079+00:00,True,merged,0.12944444444444445,valid,314.0,17.0,12.0,2.0,331.0
257098489,2109,human_candidate,2026-08-27T22:00:14.356079+00:00,True,merged,0.11805555555555555,valid,283.0,23.0,10.0,2.0,306.0
257098489,2145,human_candidate,2026-08-27T22:00:14.356079+00:00,True,merged,0.07472222222222222,valid,9.0,7.0,8.0,1.0,16.0
257098489,2152,human_candidate,2026-08-27T22:00:14.356079+00:00,True,merged,0.065,valid,163.0,0.0,4.0,1.0,163.0
257098489,2171,human_candidate,2026-08-27T22:00:14.356079+00:00,True,merged,0.05138888888888889,valid,112.0,0.0,4.0,1.0,112.0
257485422,20513,agentic,2026-08-27T22:00:14.356079+00:00,True,closed_unmerged,,not_merged,63.0,3.0,3.0,2.0,66.0
257485422,22151,agentic,2026-08-27T22:00:14.356079+00:00,True,merged,25.0225,valid,13.0,9.0,1.0,1.0,22.0
262395224,31015,agentic,2026-08-27T22:00:14.356079+00:00,True,closed_unmerged,,not_merged,149.0,0.0,4.0,4.0,149.0
262395224,31391,human_candidate,2026-08-27T22:00:14.356079+00:00,True,merged,119.87611111111111,valid,8.0,1.0,1.0,1.0,9.0
262395224,31877,human_candidate,2026-08-27T22:00:14.356079+00:00,True,merged,578.7422222222223,valid,1719.0,866.0,63.0,5.0,2585.0
262395224,32382,human_candidate,2026-08-27T22:00:14.356079+00:00,True,open,,not_merged,2558.0,1151.0,29.0,15.0,3709.0
262395224,32420,agentic,2026-08-27T22:00:14.356079+00:00,True,merged,30.094444444444445,valid,778.0,385.0,7.0,14.0,1163.0
262395224,32447,agentic,2026-08-27T22:00:14.356079+00:00,True,closed_unmerged,,not_merged,9.0,45.0,1.0,2.0,54.0
262395224,32474,agentic,2026-08-27T22:00:14.356079+00:00,True,merged,359.4794444444444,valid,366.0,69.0,9.0,16.0,435.0
262395224,35475,human_candidate,2026-08-27T22:00:14.356079+00:00,True,merged,148.51111111111112,valid,541.0,49.0,8.0,2.0,590.0
262862475,9794,agentic,2026-08-27T22:00:14.356079+00:00,True,closed_unmerged,,not_merged,182.0,45.0,4.0,1.0,227.0
263364731,883,agentic,2026-08-27T22:00:14.356079+00:00,True,open,,not_merged,541.0,30.0,8.0,8.0,571.0
265001214,3393,agentic,2026-08-27T22:00:14.356079+00:00,True,closed_unmerged,,not_merged,59193.0,2601.0,9.0,11.0,61794.0
265001214,3401,agentic,2026-08-27T22:00:14.356079+00:00,True,closed_unmerged,,not_merged,41.0,30.0,13.0,4.0,71.0
265001214,3412,agentic,2026-08-27T22:00:14.356079+00:00,True,closed_unmerged,,not_merged,309.0,31.0,3.0,3.0,340.0
265001214,3422,agentic,2026-08-27T22:00:14.356079+00:00,True,closed_unmerged,,not_merged,692.0,13.0,7.0,4.0,705.0
265001214,3484,agentic,2026-08-27T22:00:14.356079+00:00,True,closed_unmerged,,not_merged,74.0,32.0,5.0,3.0,106.0
265001214,3532,agentic,2026-08-27T22:00:14.356079+00:00,True,closed_unmerged,,not_merged,161.0,31.0,14.0,3.0,192.0
265001214,3655,agentic,2026-08-27T22:00:14.356079+00:00,True,closed_unmerged,,not_merged,864.0,36.0,19.0,7.0,900.0
265001214,3657,agentic,2026-08-27T22:00:14.356079+00:00,True,closed_unmerged,,not_merged,4110.0,33.0,15.0,5.0,4143.0
267563398,846,agentic,2026-08-27T22:00:14.356079+00:00,True,closed_unmerged,,not_merged,142.0,746.0,75.0,9.0,888.0
267563398,940,agentic,2026-08-27T22:00:14.356079+00:00,True,merged,6.45,valid,15.0,26.0,2.0,3.0,41.0
270441630,125,agentic,2026-08-27T22:00:14.356079+00:00,True,closed_unmerged,,not_merged,10.0,10.0,3.0,3.0,20.0
270441630,136,agentic,2026-08-27T22:00:14.356079+00:00,True,closed_unmerged,,not_merged,201.0,115.0,34.0,1.0,316.0
274495425,5228,human_candidate,2026-08-27T22:00:14.356079+00:00,True,merged,0.7216666666666667,valid,188.0,53.0,15.0,1.0,241.0
274495425,7126,agentic,2026-08-27T22:00:14.356079+00:00,True,closed_unmerged,,not_merged,35.0,1.0,1.0,2.0,36.0
280159108,1833,agentic,2026-08-27T22:00:14.356079+00:00,True,closed_unmerged,,not_merged,1.0,3.0,1.0,1.0,4.0
281765424,17406,human_candidate,2026-08-27T22:00:14.356079+00:00,True,open,,not_merged,75.0,3.0,3.0,1.0,78.0
284805743,3876,human_candidate,2026-08-27T22:00:14.356079+00:00,True,closed_unmerged,,not_merged,22.0,5.0,3.0,1.0,27.0
284805743,3950,agentic,2026-08-27T22:00:14.356079+00:00,True,merged,77.73,valid,12.0,4.0,2.0,5.0,16.0
284805743,3952,agentic,2026-08-27T22:00:14.356079+00:00,True,merged,76.0525,valid,59.0,69.0,2.0,4.0,128.0
292427680,2201,agentic,2026-08-27T22:00:14.356079+00:00,True,merged,215.42361111111111,valid,2923.0,122.0,36.0,40.0,3045.0
294371636,979,agentic,2026-08-27T22:00:14.356079+00:00,True,merged,726.3261111111111,valid,1117.0,333.0,19.0,3.0,1450.0
294371636,1011,agentic,2026-08-27T22:00:14.356079+00:00,True,closed_unmerged,,not_merged,9296.0,1548.0,132.0,4.0,10844.0
294371636,1015,agentic,2026-08-27T22:00:14.356079+00:00,True,closed_unmerged,,not_merged,1448.0,426.0,49.0,1.0,1874.0
294371636,1016,agentic,2026-08-27T22:00:14.356079+00:00,True,closed_unmerged,,not_merged,3662.0,623.0,55.0,1.0,4285.0
294371636,1017,agentic,2026-08-27T22:00:14.356079+00:00,True,closed_unmerged,,not_merged,4190.0,536.0,27.0,1.0,4726.0
295810364,3864,human_candidate,2026-08-27T22:00:14.356079+00:00,True,merged,171.17916666666667,valid,299.0,18.0,7.0,16.0,317.0
297778512,8147,human_candidate,2026-08-27T22:00:14.356079+00:00,True,merged,142.68805555555556,valid,89.0,22.0,14.0,7.0,111.0
298620687,11344,agentic,2026-08-27T22:00:14.356079+00:00,True,closed_unmerged,,not_merged,8.0,6.0,1.0,2.0,14.0
298620687,11573,agentic,2026-08-27T22:00:14.356079+00:00,True,closed_unmerged,,not_merged,88.0,0.0,3.0,3.0,88.0
302982238,300,agentic,2026-08-27T22:00:14.356079+00:00,True,closed_unmerged,,not_merged,59.0,32.0,3.0,3.0,91.0
305144746,10761,human_candidate,2026-08-27T22:00:14.356079+00:00,True,closed_unmerged,,not_merged,1.0,0.0,1.0,1.0,1.0
305144746,10805,human_candidate,2026-08-27T22:00:14.356079+00:00,True,closed_unmerged,,not_merged,12.0,26.0,1.0,1.0,38.0
305144746,11149,human_candidate,2026-08-27T22:00:14.356079+00:00,True,merged,0.9747222222222223,valid,13.0,11.0,4.0,3.0,24.0
305144746,11155,human_candidate,2026-08-27T22:00:14.356079+00:00,True,merged,0.3838888888888889,valid,3.0,3.0,2.0,3.0,6.0
305144746,11437,human_candidate,2026-08-27T22:00:14.356079+00:00,True,merged,0.20777777777777778,valid,1.0,1.0,1.0,1.0,2.0
305144746,11596,human_candidate,2026-08-27T22:00:14.356079+00:00,True,merged,0.2361111111111111,valid,2.0,3.0,1.0,1.0,5.0
305144746,12558,human_candidate,2026-08-27T22:00:14.356079+00:00,True,merged,0.3925,valid,1.0,1.0,1.0,1.0,2.0
305144746,14033,human_candidate,2026-08-27T22:00:14.356079+00:00,True,merged,0.29583333333333334,valid,25.0,22.0,1.0,1.0,47.0
305144746,14119,human_candidate,2026-08-27T22:00:14.356079+00:00,True,closed_unmerged,,not_merged,751.0,34.0,18.0,14.0,785.0
305144746,14244,human_candidate,2026-08-27T22:00:14.356079+00:00,True,merged,0.9761111111111112,valid,39.0,35.0,5.0,4.0,74.0
305144746,14595,human_candidate,2026-08-27T22:00:14.356079+00:00,True,closed_unmerged,,not_merged,302.0,10.0,5.0,7.0,312.0
305144746,14679,human_candidate,2026-08-27T22:00:14.356079+00:00,True,merged,0.3125,valid,71.0,15.0,3.0,1.0,86.0
305144746,14823,human_candidate,2026-08-27T22:00:14.356079+00:00,True,merged,73.43194444444444,valid,182.0,90.0,19.0,105.0,272.0
305144746,14856,human_candidate,2026-08-27T22:00:14.356079+00:00,True,closed_unmerged,,not_merged,4.0,5.0,1.0,2.0,9.0
305144746,15162,human_candidate,2026-08-27T22:00:14.356079+00:00,True,merged,1.8627777777777779,valid,28.0,15.0,2.0,1.0,43.0
305144746,15214,human_candidate,2026-08-27T22:00:14.356079+00:00,True,merged,0.30777777777777776,valid,10.0,0.0,2.0,1.0,10.0
305144746,15409,human_candidate,2026-08-27T22:00:14.356079+00:00,True,closed_unmerged,,not_merged,9.0,1.0,1.0,3.0,10.0
305144746,15490,human_candidate,2026-08-27T22:00:14.356079+00:00,True,closed_unmerged,,not_merged,46.0,18.0,4.0,1.0,64.0
305144746,15737,human_candidate,2026-08-27T22:00:14.356079+00:00,True,merged,0.5061111111111111,valid,3.0,3.0,3.0,1.0,6.0
305144746,15953,human_candidate,2026-08-27T22:00:14.356079+00:00,True,merged,8.984444444444444,valid,84.0,68.0,16.0,10.0,152.0
305144746,16039,human_candidate,2026-08-27T22:00:14.356079+00:00,True,merged,1.943888888888889,valid,7.0,4.0,2.0,4.0,11.0
305144746,16059,human_candidate,2026-08-27T22:00:14.356079+00:00,True,merged,39.34861111111111,valid,2.0,2.0,1.0,1.0,4.0
305144746,16104,human_candidate,2026-08-27T22:00:14.356079+00:00,True,closed_unmerged,,not_merged,78.0,14.0,3.0,6.0,92.0
305144746,16137,agentic,2026-08-27T22:00:14.356079+00:00,True,closed_unmerged,,not_merged,10.0,3.0,1.0,1.0,13.0
305144746,16183,agentic,2026-08-27T22:00:14.356079+00:00,True,closed_unmerged,,not_merged,3.0,1.0,1.0,1.0,4.0
305144746,16236,human_candidate,2026-08-27T22:00:14.356079+00:00,True,merged,0.2847222222222222,valid,165.0,273.0,2.0,7.0,438.0
305144746,16359,human_candidate,2026-08-27T22:00:14.356079+00:00,True,merged,54.63666666666666,valid,11.0,18.0,2.0,2.0,29.0
305438235,156,agentic,2026-08-27T22:00:14.356079+00:00,True,closed_unmerged,,not_merged,1094.0,0.0,6.0,3.0,1094.0
305438235,199,agentic,2026-08-27T22:00:14.356079+00:00,True,closed_unmerged,,not_merged,31.0,19.0,4.0,4.0,50.0
305438235,201,agentic,2026-08-27T22:00:14.356079+00:00,True,merged,3.6458333333333335,valid,114.0,124.0,8.0,5.0,238.0
305438235,228,agentic,2026-08-27T22:00:14.356079+00:00,True,closed_unmerged,,not_merged,42.0,19.0,3.0,3.0,61.0
305438235,252,agentic,2026-08-27T22:00:14.356079+00:00,True,merged,10.905277777777778,valid,53.0,11.0,2.0,4.0,64.0
305438235,286,agentic,2026-08-27T22:00:14.356079+00:00,True,closed_unmerged,,not_merged,22.0,8.0,2.0,4.0,30.0
305438235,319,agentic,2026-08-27T22:00:14.356079+00:00,True,merged,27.869444444444444,valid,415.0,174.0,16.0,10.0,589.0
305438235,321,agentic,2026-08-27T22:00:14.356079+00:00,True,merged,3.8094444444444444,valid,202.0,11.0,11.0,6.0,213.0
305438235,346,agentic,2026-08-27T22:00:14.356079+00:00,True,merged,7.364722222222222,valid,107.0,57.0,3.0,6.0,164.0
305438235,369,agentic,2026-08-27T22:00:14.356079+00:00,True,merged,8.151111111111112,valid,63.0,62.0,2.0,6.0,125.0
305438235,400,agentic,2026-08-27T22:00:14.356079+00:00,True,closed_unmerged,,not_merged,25.0,5.0,1.0,3.0,30.0
305438235,409,agentic,2026-08-27T22:00:14.356079+00:00,True,merged,23.495555555555555,valid,551.0,234.0,35.0,14.0,785.0
305438235,460,agentic,2026-08-27T22:00:14.356079+00:00,True,merged,1.01,valid,70.0,28.0,7.0,5.0,98.0
305438235,504,agentic,2026-08-27T22:00:14.356079+00:00,True,merged,0.4713888888888889,valid,9.0,42.0,5.0,3.0,51.0
305438235,523,agentic,2026-08-27T22:00:14.356079+00:00,True,merged,5.017777777777778,valid,62.0,47.0,1.0,2.0,109.0
305438235,537,agentic,2026-08-27T22:00:14.356079+00:00,True,closed_unmerged,,not_merged,2.0,2.0,1.0,2.0,4.0
305438235,657,agentic,2026-08-27T22:00:14.356079+00:00,True,merged,1.3733333333333333,valid,281.0,285.0,1.0,2.0,566.0
305438235,679,agentic,2026-08-27T22:00:14.356079+00:00,True,merged,1.0508333333333333,valid,25.0,1.0,1.0,2.0,26.0
307616074,7,agentic,2026-08-27T22:00:14.356079+00:00,True,merged,0.014722222222222222,valid,90.0,56.0,4.0,1.0,146.0
312271526,4462,human_candidate,2026-08-27T22:00:14.356079+00:00,True,merged,27.73111111111111,valid,297.0,0.0,1.0,3.0,297.0
312271526,4590,human_candidate,2026-08-27T22:00:14.356079+00:00,True,merged,20.769444444444446,valid,93.0,21.0,1.0,6.0,114.0
312271526,5200,human_candidate,2026-08-27T22:00:14.356079+00:00,True,merged,151.1911111111111,valid,61.0,8.0,3.0,1.0,69.0
312271526,5443,human_candidate,2026-08-27T22:00:14.356079+00:00,True,merged,2.046111111111111,valid,4.0,2.0,1.0,2.0,6.0
312271526,5505,human_candidate,2026-08-27T22:00:14.356079+00:00,True,merged,93.41083333333333,valid,9.0,6.0,2.0,1.0,15.0
312271526,5736,human_candidate,2026-08-27T22:00:14.356079+00:00,True,merged,38.64361111111111,valid,43.0,7.0,2.0,5.0,50.0
312271526,5762,human_candidate,2026-08-27T22:00:14.356079+00:00,True,merged,129.63861111111112,valid,8.0,2.0,2.0,3.0,10.0
312271526,5863,human_candidate,2026-08-27T22:00:14.356079+00:00,True,merged,2529.6394444444445,valid,333.0,234.0,18.0,3.0,567.0
312271526,6054,human_candidate,2026-08-27T22:00:14.356079+00:00,True,closed_unmerged,,not_merged,18.0,4.0,1.0,1.0,22.0
314197645,3375,agentic,2026-08-27T22:00:14.356079+00:00,True,closed_unmerged,,not_merged,638.0,42.0,6.0,7.0,680.0
314197645,3684,human_candidate,2026-08-27T22:00:14.356079+00:00,True,merged,22.56277777777778,valid,21.0,8.0,2.0,1.0,29.0
314230339,84,agentic,2026-08-27T22:00:14.356079+00:00,True,closed_unmerged,,not_merged,1595.0,31.0,7.0,1.0,1626.0
314553426,4177,human_candidate,2026-08-27T22:00:14.356079+00:00,True,merged,28.831944444444446,valid,8.0,0.0,1.0,1.0,8.0
320393623,594,agentic,2026-08-27T22:00:14.356079+00:00,True,merged,0.5738888888888889,valid,41.0,15.0,3.0,4.0,56.0
320393623,681,agentic,2026-08-27T22:00:14.356079+00:00,True,closed_unmerged,,not_merged,123.0,14.0,2.0,1.0,137.0
320393623,683,agentic,2026-08-27T22:00:14.356079+00:00,True,merged,1.613611111111111,valid,290.0,132.0,7.0,4.0,422.0
320393623,694,agentic,2026-08-27T22:00:14.356079+00:00,True,merged,1.5597222222222222,valid,303.0,32.0,9.0,6.0,335.0
320393623,712,agentic,2026-08-27T22:00:14.356079+00:00,True,merged,0.26166666666666666,valid,1.0,1.0,1.0,2.0,2.0
323665366,6671,agentic,2026-08-27T22:00:14.356079+00:00,True,merged,25.050833333333333,valid,171.0,2.0,3.0,5.0,173.0
327696712,5483,human_candidate,2026-08-27T22:00:14.356079+00:00,True,closed_unmerged,,not_merged,1.0,1.0,1.0,1.0,2.0
327696712,6134,human_candidate,2026-08-27T22:00:14.356079+00:00,True,closed_unmerged,,not_merged,4.0,3.0,1.0,1.0,7.0
327696712,7075,agentic,2026-08-27T22:00:14.356079+00:00,True,merged,1.5919444444444444,valid,59.0,9.0,2.0,1.0,68.0
327696712,7213,human_candidate,2026-08-27T22:00:14.356079+00:00,True,merged,0.4761111111111111,valid,101.0,35.0,3.0,1.0,136.0
329185461,93,agentic,2026-08-27T22:00:14.356079+00:00,True,merged,0.01611111111111111,valid,8.0,6.0,1.0,1.0,14.0
329185461,107,agentic,2026-08-27T22:00:14.356079+00:00,True,merged,0.004722222222222222,valid,24.0,0.0,1.0,1.0,24.0
336102115,6308,human_candidate,2026-08-27T22:00:14.356079+00:00,True,closed_unmerged,,not_merged,13.0,3.0,1.0,1.0,16.0
336102115,6310,agentic,2026-08-27T22:00:14.356079+00:00,True,merged,19.494444444444444,valid,241.0,21.0,14.0,11.0,262.0
336102115,6340,human_candidate,2026-08-27T22:00:14.356079+00:00,True,merged,171.9475,valid,2000.0,94.0,34.0,16.0,2094.0
336102115,7387,human_candidate,2026-08-27T22:00:14.356079+00:00,True,closed_unmerged,,not_merged,131.0,31.0,5.0,2.0,162.0
338529997,393,agentic,2026-08-27T22:00:14.356079+00:00,True,merged,0.06861111111111111,valid,205.0,5.0,9.0,1.0,210.0
348132133,4536,agentic,2026-08-27T22:00:14.356079+00:00,True,merged,0.3,valid,2.0,2.0,1.0,4.0,4.0
348132133,4537,agentic,2026-08-27T22:00:14.356079+00:00,True,merged,0.40444444444444444,valid,17.0,0.0,1.0,4.0,17.0
348132133,4552,agentic,2026-08-27T22:00:14.356079+00:00,True,merged,0.3502777777777778,valid,17.0,8.0,3.0,3.0,25.0
348491018,326,agentic,2026-08-27T22:00:14.356079+00:00,True,merged,3234.1916666666666,valid,42.0,45.0,1.0,5.0,87.0
348491018,367,human_candidate,2026-08-27T22:00:14.356079+00:00,True,merged,0.24583333333333332,valid,344.0,14.0,7.0,5.0,358.0
349372179,20288,human_candidate,2026-08-27T22:00:14.356079+00:00,True,merged,76.28472222222223,valid,10.0,8.0,2.0,1.0,18.0
349372179,21313,human_candidate,2026-08-27T22:00:14.356079+00:00,True,merged,18.7575,valid,224.0,185.0,1.0,1.0,409.0
349372179,21547,human_candidate,2026-08-27T22:00:14.356079+00:00,True,merged,1732.3691666666666,valid,17.0,2.0,2.0,1.0,19.0
349372179,21551,human_candidate,2026-08-27T22:00:14.356079+00:00,True,merged,1754.7077777777777,valid,32.0,3.0,4.0,2.0,35.0
349372179,21627,human_candidate,2026-08-27T22:00:14.356079+00:00,True,merged,3.104722222222222,valid,1121.0,1086.0,1.0,1.0,2207.0
349372179,21743,agentic,2026-08-27T22:00:14.356079+00:00,True,closed_unmerged,,not_merged,464.0,185.0,9.0,3.0,649.0
349372179,21745,agentic,2026-08-27T22:00:14.356079+00:00,True,closed_unmerged,,not_merged,234.0,130.0,2.0,1.0,364.0
349372179,21746,agentic,2026-08-27T22:00:14.356079+00:00,True,closed_unmerged,,not_merged,61.0,31.0,4.0,1.0,92.0
351806852,11990,human_candidate,2026-08-27T22:00:14.356079+00:00,True,merged,2.0236111111111112,valid,135.0,22.0,1.0,5.0,157.0
351806852,12118,human_candidate,2026-08-27T22:00:14.356079+00:00,True,merged,837.4772222222222,valid,144.0,72.0,8.0,171.0,216.0
351806852,12660,human_candidate,2026-08-27T22:00:14.356079+00:00,True,merged,87.85138888888889,valid,274.0,225.0,12.0,12.0,499.0
352933140,13543,human_candidate,2026-08-27T22:00:14.356079+00:00,True,closed_unmerged,,not_merged,10.0,8.0,3.0,2.0,18.0
360211540,141,agentic,2026-08-27T22:00:14.356079+00:00,True,merged,0.008333333333333333,valid,83.0,44.0,2.0,1.0,127.0
360238600,6650,human_candidate,2026-08-27T22:00:14.356079+00:00,True,merged,317.60083333333336,valid,51.0,1.0,2.0,3.0,52.0
360238600,7965,human_candidate,2026-08-27T22:00:14.356079+00:00,True,merged,333.7341666666667,valid,461.0,33.0,6.0,5.0,494.0
360238600,8574,human_candidate,2026-08-27T22:00:14.356079+00:00,True,merged,1.42,valid,20.0,2.0,2.0,2.0,22.0
360238600,8767,human_candidate,2026-08-27T22:00:14.356079+00:00,True,merged,51.713055555555556,valid,4.0,4.0,1.0,3.0,8.0
365250183,5653,human_candidate,2026-08-27T22:00:14.356079+00:00,True,merged,425.2080555555556,valid,52.0,17.0,5.0,11.0,69.0
365739812,6100,human_candidate,2026-08-27T22:00:14.356079+00:00,True,merged,67.27638888888889,valid,376.0,88.0,6.0,7.0,464.0
365739812,6175,human_candidate,2026-08-27T22:00:14.356079+00:00,True,merged,22.488055555555555,valid,622.0,44.0,3.0,4.0,666.0
365739812,6252,human_candidate,2026-08-27T22:00:14.356079+00:00,True,merged,0.22111111111111112,valid,10.0,5.0,1.0,1.0,15.0
365739812,7433,human_candidate,2026-08-27T22:00:14.356079+00:00,True,merged,171.57583333333332,valid,18.0,7.0,1.0,1.0,25.0
365739812,8778,human_candidate,2026-08-27T22:00:14.356079+00:00,True,closed_unmerged,,not_merged,244.0,21.0,5.0,1.0,265.0
368236463,714,human_candidate,2026-08-27T22:00:14.356079+00:00,True,merged,44.69416666666667,valid,370.0,247.0,23.0,12.0,617.0
374381865,349,agentic,2026-08-27T22:00:14.356079+00:00,True,closed_unmerged,,not_merged,3.0,9.0,3.0,1.0,12.0
376974418,171,agentic,2026-08-27T22:00:14.356079+00:00,True,merged,4.108055555555556,valid,2836.0,7048.0,78.0,4.0,9884.0
380002519,696,agentic,2026-08-27T22:00:14.356079+00:00,True,closed_unmerged,,not_merged,8.0,6.0,1.0,1.0,14.0
381857226,8169,agentic,2026-08-27T22:00:14.356079+00:00,True,merged,408.1947222222222,valid,259.0,380.0,92.0,14.0,639.0
381857226,9184,agentic,2026-08-27T22:00:14.356079+00:00,True,merged,306.4086111111111,valid,611.0,41.0,24.0,20.0,652.0
381857226,9551,agentic,2026-08-27T22:00:14.356079+00:00,True,merged,38.3675,valid,27.0,9.0,2.0,4.0,36.0
381857226,9760,human_candidate,2026-08-27T22:00:14.356079+00:00,True,merged,241.56944444444446,valid,68.0,29.0,2.0,8.0,97.0
381857226,10446,agentic,2026-08-27T22:00:14.356079+00:00,True,closed_unmerged,,not_merged,67.0,120.0,27.0,4.0,187.0
381857226,10718,agentic,2026-08-27T22:00:14.356079+00:00,True,merged,384.64166666666665,valid,527.0,13.0,14.0,18.0,540.0
385265509,439,agentic,2026-08-27T22:00:14.356079+00:00,True,merged,6316.876388888889,valid,515.0,101.0,28.0,20.0,616.0
386644013,2234,human_candidate,2026-08-27T22:00:14.356079+00:00,True,merged,1.486388888888889,valid,1869.0,7.0,5.0,5.0,1876.0
388547709,450,human_candidate,2026-08-27T22:00:14.356079+00:00,True,merged,1.1633333333333333,valid,620.0,87.0,1.0,2.0,707.0
388872173,4725,agentic,2026-08-27T22:00:14.356079+00:00,True,closed_unmerged,,not_merged,129.0,9.0,3.0,1.0,138.0
388872173,5024,agentic,2026-08-27T22:00:14.356079+00:00,True,closed_unmerged,,not_merged,25.0,19.0,3.0,2.0,44.0
391740664,21376,human_candidate,2026-08-27T22:00:14.356079+00:00,True,merged,620.635,valid,528.0,658.0,33.0,28.0,1186.0
391740664,22140,human_candidate,2026-08-27T22:00:14.356079+00:00,True,closed_unmerged,,not_merged,9.0,2.0,3.0,3.0,11.0
391740664,24709,agentic,2026-08-27T22:00:14.356079+00:00,True,merged,1.0016666666666667,valid,55.0,50.0,1.0,3.0,105.0
391740664,26022,human_candidate,2026-08-27T22:00:14.356079+00:00,True,closed_unmerged,,not_merged,31.0,40.0,4.0,5.0,71.0
391740664,26485,agentic,2026-08-27T22:00:14.356079+00:00,True,merged,65.30666666666667,valid,0.0,136.0,8.0,4.0,136.0
391740664,28544,human_candidate,2026-08-27T22:00:14.356079+00:00,True,closed_unmerged,,not_merged,2.0,2.0,1.0,6.0,4.0
395140743,4802,human_candidate,2026-08-27T22:00:14.356079+00:00,True,merged,688.2244444444444,valid,416.0,127.0,44.0,15.0,543.0
395140743,6347,human_candidate,2026-08-27T22:00:14.356079+00:00,True,closed_unmerged,,not_merged,591.0,209.0,2.0,11.0,800.0
395140743,6879,human_candidate,2026-08-27T22:00:14.356079+00:00,True,closed_unmerged,,not_merged,14.0,4.0,1.0,1.0,18.0
395140743,6883,human_candidate,2026-08-27T22:00:14.356079+00:00,True,merged,0.8788888888888889,valid,84.0,73.0,19.0,3.0,157.0
395140743,6948,human_candidate,2026-08-27T22:00:14.356079+00:00,True,merged,0.8030555555555555,valid,13.0,5.0,1.0,1.0,18.0
395140743,7690,human_candidate,2026-08-27T22:00:14.356079+00:00,True,merged,8.108333333333333,valid,4.0,0.0,1.0,1.0,4.0
395140743,8342,human_candidate,2026-08-27T22:00:14.356079+00:00,True,closed_unmerged,,not_merged,6.0,1.0,1.0,1.0,7.0
395140743,9320,human_candidate,2026-08-27T22:00:14.356079+00:00,True,closed_unmerged,,not_merged,11.0,0.0,2.0,1.0,11.0
395140743,9636,agentic,2026-08-27T22:00:14.356079+00:00,True,merged,19.547777777777778,valid,759.0,24.0,9.0,3.0,783.0
395140743,9695,human_candidate,2026-08-27T22:00:14.356079+00:00,True,open,,not_merged,56.0,43.0,1.0,1.0,99.0
398753576,711,agentic,2026-08-27T22:00:14.356079+00:00,True,closed_unmerged,,not_merged,46.0,15.0,3.0,3.0,61.0
398753576,1225,agentic,2026-08-27T22:00:14.356079+00:00,True,closed_unmerged,,not_merged,1102.0,19.0,10.0,6.0,1121.0
398753576,1462,agentic,2026-08-27T22:00:14.356079+00:00,True,merged,0.7844444444444445,valid,407.0,122.0,6.0,7.0,529.0
400215964,9138,human_candidate,2026-08-27T22:00:14.356079+00:00,True,merged,3.0819444444444444,valid,779.0,1974.0,16.0,11.0,2753.0
400215964,9424,agentic,2026-08-27T22:00:14.356079+00:00,True,closed_unmerged,,not_merged,106.0,13.0,2.0,1.0,119.0
400215964,9771,agentic,2026-08-27T22:00:14.356079+00:00,True,merged,3.9480555555555554,valid,1.0,1.0,1.0,2.0,2.0
400215964,9774,agentic,2026-08-27T22:00:14.356079+00:00,True,closed_unmerged,,not_merged,71.0,40.0,1.0,1.0,111.0
400215964,9818,agentic,2026-08-27T22:00:14.356079+00:00,True,closed_unmerged,,not_merged,80.0,0.0,2.0,1.0,80.0
400215964,9888,agentic,2026-08-27T22:00:14.356079+00:00,True,merged,21.144166666666667,valid,81.0,73.0,1.0,1.0,154.0
400215964,10049,human_candidate,2026-08-27T22:00:14.356079+00:00,True,merged,0.18805555555555556,valid,45.0,35.0,1.0,2.0,80.0
400215964,10309,agentic,2026-08-27T22:00:14.356079+00:00,True,closed_unmerged,,not_merged,469.0,66.0,2.0,3.0,535.0
400215964,10647,agentic,2026-08-27T22:00:14.356079+00:00,True,closed_unmerged,,not_merged,111.0,19.0,4.0,2.0,130.0
400215964,10657,agentic,2026-08-27T22:00:14.356079+00:00,True,closed_unmerged,,not_merged,41.0,7.0,4.0,1.0,48.0
400215964,10665,agentic,2026-08-27T22:00:14.356079+00:00,True,closed_unmerged,,not_merged,53.0,16.0,4.0,1.0,69.0
400215964,10674,agentic,2026-08-27T22:00:14.356079+00:00,True,closed_unmerged,,not_merged,27.0,11.0,3.0,1.0,38.0
400215964,10698,agentic,2026-08-27T22:00:14.356079+00:00,True,closed_unmerged,,not_merged,1.0,1.0,1.0,1.0,2.0
400215964,11153,agentic,2026-08-27T22:00:14.356079+00:00,True,merged,21.244722222222222,valid,198.0,30.0,7.0,2.0,228.0
400215964,11284,agentic,2026-08-27T22:00:14.356079+00:00,True,closed_unmerged,,not_merged,226.0,114.0,4.0,4.0,340.0
400215964,11360,agentic,2026-08-27T22:00:14.356079+00:00,True,merged,48.75111111111111,valid,265.0,8.0,6.0,2.0,273.0
401807767,2631,human_candidate,2026-08-27T22:00:14.356079+00:00,True,merged,283.2783333333333,valid,868.0,93.0,11.0,15.0,961.0
408858330,26218,human_candidate,2026-08-27T22:00:14.356079+00:00,True,closed_unmerged,,not_merged,294.0,177.0,9.0,3.0,471.0
410897288,3413,human_candidate,2026-08-27T22:00:14.356079+00:00,True,merged,129.64416666666668,valid,321.0,491.0,11.0,4.0,812.0
410897288,3500,human_candidate,2026-08-27T22:00:14.356079+00:00,True,closed_unmerged,,not_merged,3.0,4.0,1.0,2.0,7.0
410897288,4079,human_candidate,2026-08-27T22:00:14.356079+00:00,True,closed_unmerged,,not_merged,3.0,2.0,1.0,1.0,5.0
410897288,4474,human_candidate,2026-08-27T22:00:14.356079+00:00,True,closed_unmerged,,not_merged,2675.0,1.0,8.0,1.0,2676.0
410897288,4482,human_candidate,2026-08-27T22:00:14.356079+00:00,True,merged,14.871666666666666,valid,15.0,9.0,2.0,2.0,24.0
410897288,4605,agentic,2026-08-27T22:00:14.356079+00:00,True,merged,60.15361111111111,valid,25.0,19.0,14.0,2.0,44.0
412511427,197,agentic,2026-08-27T22:00:14.356079+00:00,True,merged,0.7683333333333333,valid,347.0,26.0,5.0,6.0,373.0
412759104,408,human_candidate,2026-08-27T22:00:14.356079+00:00,True,merged,0.16277777777777777,valid,185.0,81.0,12.0,6.0,266.0
413794983,2221,human_candidate,2026-08-27T22:00:14.356079+00:00,True,merged,165.86083333333335,valid,228.0,9.0,8.0,6.0,237.0
413918947,10623,agentic,2026-08-27T22:00:14.356079+00:00,True,closed_unmerged,,not_merged,18.0,9.0,1.0,5.0,27.0
413918947,11887,human_candidate,2026-08-27T22:00:14.356079+00:00,True,merged,0.5711111111111111,valid,373.0,17.0,8.0,2.0,390.0
413918947,11915,human_candidate,2026-08-27T22:00:14.356079+00:00,True,closed_unmerged,,not_merged,1128.0,16.0,5.0,1.0,1144.0
413918947,11929,human_candidate,2026-08-27T22:00:14.356079+00:00,True,merged,0.36666666666666664,valid,20.0,6.0,9.0,1.0,26.0
413918947,11965,human_candidate,2026-08-27T22:00:14.356079+00:00,True,merged,0.4672222222222222,valid,80.0,36.0,6.0,15.0,116.0
413918947,11988,human_candidate,2026-08-27T22:00:14.356079+00:00,True,closed_unmerged,,not_merged,56.0,16.0,1.0,1.0,72.0
413918947,12569,human_candidate,2026-08-27T22:00:14.356079+00:00,True,merged,0.2658333333333333,valid,1007.0,200.0,8.0,1.0,1207.0
422711680,2146,agentic,2026-08-27T22:00:14.356079+00:00,True,closed_unmerged,,not_merged,17.0,2.0,1.0,1.0,19.0
422711680,5232,human_candidate,2026-08-27T22:00:14.356079+00:00,True,closed_unmerged,,not_merged,84.0,30.0,8.0,2.0,114.0
422711680,5269,human_candidate,2026-08-27T22:00:14.356079+00:00,True,closed_unmerged,,not_merged,230.0,171.0,8.0,4.0,401.0
422711680,5574,human_candidate,2026-08-27T22:00:14.356079+00:00,True,closed_unmerged,,not_merged,21.0,2.0,3.0,3.0,23.0
426970395,60,agentic,2026-08-27T22:00:14.356079+00:00,True,merged,0.07666666666666666,valid,62.0,14.0,3.0,1.0,76.0
429221032,208,agentic,2026-08-27T22:00:14.356079+00:00,True,merged,93.675,valid,667.0,1.0,5.0,5.0,668.0
430749584,11267,human_candidate,2026-08-27T22:00:14.356079+00:00,True,closed_unmerged,,not_merged,25.0,299.0,1.0,1.0,324.0
430749584,11798,agentic,2026-08-27T22:00:14.356079+00:00,True,merged,21.795,valid,5760.0,470.0,69.0,15.0,6230.0
433321004,3615,agentic,2026-08-27T22:00:14.356079+00:00,True,open,,not_merged,184.0,47.0,1.0,1.0,231.0
433321004,3616,agentic,2026-08-27T22:00:14.356079+00:00,True,merged,1.3441666666666667,valid,208.0,24.0,2.0,3.0,232.0
434366539,388,agentic,2026-08-27T22:00:14.356079+00:00,True,merged,1.5883333333333334,valid,88.0,0.0,2.0,6.0,88.0
436466520,9067,agentic,2026-08-27T22:00:14.356079+00:00,True,open,,not_merged,138.0,122.0,3.0,1.0,260.0
436658287,5745,human_candidate,2026-08-27T22:00:14.356079+00:00,True,merged,22.813055555555554,valid,123.0,58.0,8.0,7.0,181.0
436658287,6700,human_candidate,2026-08-27T22:00:14.356079+00:00,True,closed_unmerged,,not_merged,282.0,98.0,9.0,3.0,380.0
436658287,6824,human_candidate,2026-08-27T22:00:14.356079+00:00,True,open,,not_merged,1992.0,1980.0,177.0,4.0,3972.0
436658287,7081,human_candidate,2026-08-27T22:00:14.356079+00:00,True,merged,28.350277777777777,valid,2204.0,130.0,23.0,42.0,2334.0
440017777,218,agentic,2026-08-27T22:00:14.356079+00:00,True,closed_unmerged,,not_merged,48.0,15.0,2.0,1.0,63.0
440017777,677,agentic,2026-08-27T22:00:14.356079+00:00,True,merged,0.11694444444444445,valid,506.0,9.0,2.0,1.0,515.0
440017777,678,agentic,2026-08-27T22:00:14.356079+00:00,True,merged,0.43666666666666665,valid,516.0,7.0,3.0,2.0,523.0
440017777,680,agentic,2026-08-27T22:00:14.356079+00:00,True,merged,0.3233333333333333,valid,427.0,66.0,2.0,2.0,493.0
440017777,682,agentic,2026-08-27T22:00:14.356079+00:00,True,merged,0.13305555555555557,valid,428.0,14.0,3.0,1.0,442.0
440017777,683,agentic,2026-08-27T22:00:14.356079+00:00,True,merged,0.26916666666666667,valid,417.0,3.0,5.0,1.0,420.0
440017777,684,agentic,2026-08-27T22:00:14.356079+00:00,True,merged,0.23416666666666666,valid,643.0,45.0,5.0,2.0,688.0
440017777,691,agentic,2026-08-27T22:00:14.356079+00:00,True,merged,0.35194444444444445,valid,617.0,53.0,6.0,2.0,670.0
440017777,693,agentic,2026-08-27T22:00:14.356079+00:00,True,merged,0.6436111111111111,valid,285.0,6.0,3.0,4.0,291.0
442321089,1066,agentic,2026-08-27T22:00:14.356079+00:00,True,closed_unmerged,,not_merged,51.0,9.0,2.0,1.0,60.0
442321089,1108,agentic,2026-08-27T22:00:14.356079+00:00,True,closed_unmerged,,not_merged,154.0,0.0,1.0,1.0,154.0
442321089,1868,agentic,2026-08-27T22:00:14.356079+00:00,True,merged,0.4822222222222222,valid,7.0,70.0,2.0,1.0,77.0
442321089,1908,agentic,2026-08-27T22:00:14.356079+00:00,True,closed_unmerged,,not_merged,328.0,44.0,8.0,4.0,372.0
442321089,2042,agentic,2026-08-27T22:00:14.356079+00:00,True,merged,0.5127777777777778,valid,49.0,16.0,1.0,2.0,65.0
442321089,2044,agentic,2026-08-27T22:00:14.356079+00:00,True,merged,0.7041666666666667,valid,397.0,71.0,11.0,4.0,468.0
442321089,2073,agentic,2026-08-27T22:00:14.356079+00:00,True,merged,0.9183333333333333,valid,204.0,31.0,2.0,3.0,235.0
442321089,2076,agentic,2026-08-27T22:00:14.356079+00:00,True,merged,2.591111111111111,valid,255.0,52.0,12.0,1.0,307.0
442321089,2264,agentic,2026-08-27T22:00:14.356079+00:00,True,merged,3.516111111111111,valid,72.0,55.0,6.0,1.0,127.0
442321089,2273,agentic,2026-08-27T22:00:14.356079+00:00,True,merged,0.6063888888888889,valid,4.0,0.0,1.0,1.0,4.0
442321089,2337,agentic,2026-08-27T22:00:14.356079+00:00,True,merged,48.42333333333333,valid,3.0,7.0,2.0,1.0,10.0
445862991,181,agentic,2026-08-27T22:00:14.356079+00:00,True,closed_unmerged,,not_merged,71.0,18.0,2.0,7.0,89.0
446093093,961,agentic,2026-08-27T22:00:14.356079+00:00,True,closed_unmerged,,not_merged,420.0,3.0,3.0,5.0,423.0
448599559,11637,human_candidate,2026-08-27T22:00:14.356079+00:00,True,merged,0.059722222222222225,valid,2.0,2.0,2.0,1.0,4.0
449656810,2166,agentic,2026-08-27T22:00:14.356079+00:00,True,closed_unmerged,,not_merged,32.0,35.0,5.0,1.0,67.0
452221115,2691,agentic,2026-08-27T22:00:14.356079+00:00,True,closed_unmerged,,not_merged,138.0,98.0,1.0,2.0,236.0
453068084,22069,human_candidate,2026-08-27T22:00:14.356079+00:00,True,closed_unmerged,,not_merged,42.0,90.0,4.0,4.0,132.0
453068084,23987,human_candidate,2026-08-27T22:00:14.356079+00:00,True,merged,2.7827777777777776,valid,9.0,55.0,7.0,2.0,64.0
453068084,25764,human_candidate,2026-08-27T22:00:14.356079+00:00,True,closed_unmerged,,not_merged,125.0,4.0,1.0,1.0,129.0
456470362,3129,agentic,2026-08-27T22:00:14.356079+00:00,True,merged,0.48527777777777775,valid,11.0,10.0,2.0,2.0,21.0
456470362,3321,agentic,2026-08-27T22:00:14.356079+00:00,True,merged,0.20944444444444443,valid,3.0,3.0,2.0,2.0,6.0
458648791,10748,agentic,2026-08-27T22:00:14.356079+00:00,True,closed_unmerged,,not_merged,146.0,48.0,2.0,4.0,194.0
460125865,3058,agentic,2026-08-27T22:00:14.356079+00:00,True,merged,8.040277777777778,valid,35.0,16.0,6.0,8.0,51.0
460609164,902,agentic,2026-08-27T22:00:14.356079+00:00,True,merged,14.883611111111112,valid,2.0,2.0,1.0,1.0,4.0
464577591,2441,human_candidate,2026-08-27T22:00:14.356079+00:00,True,merged,0.9905555555555555,valid,38.0,5.0,2.0,2.0,43.0
464630029,5140,human_candidate,2026-08-27T22:00:14.356079+00:00,True,merged,48.40361111111111,valid,243.0,15.0,7.0,11.0,258.0
464630029,5455,human_candidate,2026-08-27T22:00:14.356079+00:00,True,merged,43.666111111111114,valid,31.0,7.0,3.0,1.0,38.0
464630029,5593,human_candidate,2026-08-27T22:00:14.356079+00:00,True,merged,0.5127777777777778,valid,1.0,1.0,1.0,1.0,2.0
466513703,705,human_candidate,2026-08-27T22:00:14.356079+00:00,True,merged,147.62555555555556,valid,6.0,8.0,1.0,2.0,14.0
475909036,308,human_candidate,2026-08-27T22:00:14.356079+00:00,True,merged,13.544722222222223,valid,5.0,3.0,1.0,1.0,8.0
476642602,10648,human_candidate,2026-08-27T22:00:14.356079+00:00,True,merged,25.471944444444443,valid,55.0,4.0,8.0,3.0,59.0
476642602,10677,agentic,2026-08-27T22:00:14.356079+00:00,True,closed_unmerged,,not_merged,94.0,78.0,40.0,1.0,172.0
476642602,10727,human_candidate,2026-08-27T22:00:14.356079+00:00,True,merged,3.2130555555555556,valid,23.0,20.0,5.0,2.0,43.0
476642602,11179,human_candidate,2026-08-27T22:00:14.356079+00:00,True,merged,68.81388888888888,valid,219.0,132.0,4.0,2.0,351.0
476642602,11286,human_candidate,2026-08-27T22:00:14.356079+00:00,True,merged,1.4697222222222222,valid,141.0,75.0,2.0,1.0,216.0
476642602,11320,agentic,2026-08-27T22:00:14.356079+00:00,True,closed_unmerged,,not_merged,1273.0,946.0,39.0,16.0,2219.0
476642602,12058,agentic,2026-08-27T22:00:14.356079+00:00,True,closed_unmerged,,not_merged,11.0,15.0,3.0,2.0,26.0
476642602,12560,agentic,2026-08-27T22:00:14.356079+00:00,True,merged,2.2319444444444443,valid,218.0,33.0,3.0,3.0,251.0
476642602,13010,agentic,2026-08-27T22:00:14.356079+00:00,True,closed_unmerged,,not_merged,26.0,67.0,1.0,1.0,93.0
476642602,13011,agentic,2026-08-27T22:00:14.356079+00:00,True,closed_unmerged,,not_merged,96.0,85.0,30.0,2.0,181.0
476642602,13020,agentic,2026-08-27T22:00:14.356079+00:00,True,closed_unmerged,,not_merged,1.0,2.0,2.0,1.0,3.0
476642602,13024,agentic,2026-08-27T22:00:14.356079+00:00,True,merged,8.446666666666667,valid,142.0,38.0,13.0,12.0,180.0
476642602,13068,human_candidate,2026-08-27T22:00:14.356079+00:00,True,closed_unmerged,,not_merged,12.0,1.0,1.0,2.0,13.0
476642602,13069,agentic,2026-08-27T22:00:14.356079+00:00,True,merged,10.715277777777779,valid,116.0,99.0,30.0,1.0,215.0
476642602,13130,agentic,2026-08-27T22:00:14.356079+00:00,True,merged,0.6725,valid,45.0,29.0,5.0,2.0,74.0
476642602,13131,agentic,2026-08-27T22:00:14.356079+00:00,True,closed_unmerged,,not_merged,34.0,26.0,1.0,1.0,60.0
476642602,13133,agentic,2026-08-27T22:00:14.356079+00:00,True,closed_unmerged,,not_merged,28.0,12.0,1.0,1.0,40.0
476642602,13142,agentic,2026-08-27T22:00:14.356079+00:00,True,closed_unmerged,,not_merged,89.0,39.0,5.0,4.0,128.0
476642602,13143,agentic,2026-08-27T22:00:14.356079+00:00,True,merged,14.884166666666667,valid,2.0,91.0,2.0,2.0,93.0
476642602,13158,agentic,2026-08-27T22:00:14.356079+00:00,True,closed_unmerged,,not_merged,62.0,44.0,5.0,2.0,106.0
476642602,13191,human_candidate,2026-08-27T22:00:14.356079+00:00,True,closed_unmerged,,not_merged,842.0,242.0,7.0,1.0,1084.0
476642602,13227,agentic,2026-08-27T22:00:14.356079+00:00,True,merged,0.6172222222222222,valid,92.0,59.0,10.0,1.0,151.0
476642602,13228,agentic,2026-08-27T22:00:14.356079+00:00,True,closed_unmerged,,not_merged,216.0,34.0,13.0,3.0,250.0
476642602,13229,human_candidate,2026-08-27T22:00:14.356079+00:00,True,closed_unmerged,,not_merged,476.0,254.0,8.0,8.0,730.0
476642602,13243,agentic,2026-08-27T22:00:14.356079+00:00,True,closed_unmerged,,not_merged,92.0,69.0,5.0,4.0,161.0
476642602,13272,agentic,2026-08-27T22:00:14.356079+00:00,True,closed_unmerged,,not_merged,477.0,114.0,14.0,1.0,591.0
476642602,13306,agentic,2026-08-27T22:00:14.356079+00:00,True,closed_unmerged,,not_merged,182.0,75.0,6.0,4.0,257.0
476642602,13309,human_candidate,2026-08-27T22:00:14.356079+00:00,True,merged,18.1525,valid,422.0,426.0,77.0,4.0,848.0
476642602,13338,agentic,2026-08-27T22:00:14.356079+00:00,True,merged,0.9594444444444444,valid,66.0,71.0,13.0,3.0,137.0
476642602,13478,agentic,2026-08-27T22:00:14.356079+00:00,True,closed_unmerged,,not_merged,456.0,107.0,2.0,1.0,563.0
476642602,13490,agentic,2026-08-27T22:00:14.356079+00:00,True,closed_unmerged,,not_merged,327.0,108.0,1.0,4.0,435.0
476642602,13493,agentic,2026-08-27T22:00:14.356079+00:00,True,closed_unmerged,,not_merged,245.0,44.0,1.0,2.0,289.0
476642602,13495,agentic,2026-08-27T22:00:14.356079+00:00,True,closed_unmerged,,not_merged,8.0,7.0,1.0,1.0,15.0
476642602,13501,agentic,2026-08-27T22:00:14.356079+00:00,True,closed_unmerged,,not_merged,28.0,13.0,1.0,1.0,41.0
476642602,13509,agentic,2026-08-27T22:00:14.356079+00:00,True,closed_unmerged,,not_merged,100.0,41.0,1.0,2.0,141.0
476642602,13513,agentic,2026-08-27T22:00:14.356079+00:00,True,merged,21.133333333333333,valid,29.0,33.0,7.0,1.0,62.0
476642602,13535,agentic,2026-08-27T22:00:14.356079+00:00,True,closed_unmerged,,not_merged,281.0,37.0,2.0,1.0,318.0
476642602,13536,agentic,2026-08-27T22:00:14.356079+00:00,True,closed_unmerged,,not_merged,231.0,13.0,2.0,2.0,244.0
476642602,13545,agentic,2026-08-27T22:00:14.356079+00:00,True,merged,5.5472222222222225,valid,19.0,25.0,1.0,7.0,44.0
476642602,13556,agentic,2026-08-27T22:00:14.356079+00:00,True,closed_unmerged,,not_merged,183.0,0.0,1.0,8.0,183.0
476642602,13564,agentic,2026-08-27T22:00:14.356079+00:00,True,closed_unmerged,,not_merged,467.0,210.0,4.0,1.0,677.0
476642602,13566,agentic,2026-08-27T22:00:14.356079+00:00,True,closed_unmerged,,not_merged,13.0,6.0,1.0,1.0,19.0
476642602,13578,agentic,2026-08-27T22:00:14.356079+00:00,True,closed_unmerged,,not_merged,77.0,0.0,1.0,1.0,77.0
476642602,13579,agentic,2026-08-27T22:00:14.356079+00:00,True,closed_unmerged,,not_merged,641.0,320.0,2.0,9.0,961.0
476642602,13581,agentic,2026-08-27T22:00:14.356079+00:00,True,closed_unmerged,,not_merged,120.0,12.0,1.0,1.0,132.0
476642602,13609,agentic,2026-08-27T22:00:14.356079+00:00,True,closed_unmerged,,not_merged,528.0,439.0,4.0,9.0,967.0
476642602,13617,agentic,2026-08-27T22:00:14.356079+00:00,True,closed_unmerged,,not_merged,270.0,19.0,2.0,1.0,289.0
476642602,13631,agentic,2026-08-27T22:00:14.356079+00:00,True,closed_unmerged,,not_merged,0.0,88.0,1.0,1.0,88.0
476642602,13634,agentic,2026-08-27T22:00:14.356079+00:00,True,closed_unmerged,,not_merged,80.0,8.0,1.0,1.0,88.0
476642602,13646,agentic,2026-08-27T22:00:14.356079+00:00,True,closed_unmerged,,not_merged,329.0,54.0,13.0,1.0,383.0
476642602,13647,agentic,2026-08-27T22:00:14.356079+00:00,True,closed_unmerged,,not_merged,260.0,89.0,2.0,1.0,349.0
476642602,13649,agentic,2026-08-27T22:00:14.356079+00:00,True,closed_unmerged,,not_merged,486.0,265.0,2.0,1.0,751.0
476642602,13662,agentic,2026-08-27T22:00:14.356079+00:00,True,closed_unmerged,,not_merged,513.0,144.0,9.0,4.0,657.0
476642602,13668,agentic,2026-08-27T22:00:14.356079+00:00,True,merged,25.090555555555557,valid,76.0,22.0,3.0,4.0,98.0
476642602,13674,agentic,2026-08-27T22:00:14.356079+00:00,True,closed_unmerged,,not_merged,140.0,49.0,1.0,1.0,189.0
476642602,13714,agentic,2026-08-27T22:00:14.356079+00:00,True,closed_unmerged,,not_merged,638.0,293.0,1.0,2.0,931.0
476642602,13759,agentic,2026-08-27T22:00:14.356079+00:00,True,merged,54.27,valid,156.0,321.0,9.0,4.0,477.0
476642602,13774,agentic,2026-08-27T22:00:14.356079+00:00,True,merged,0.8819444444444444,valid,54.0,22.0,2.0,1.0,76.0
476642602,13781,agentic,2026-08-27T22:00:14.356079+00:00,True,closed_unmerged,,not_merged,152.0,77.0,4.0,3.0,229.0
476642602,13787,agentic,2026-08-27T22:00:14.356079+00:00,True,closed_unmerged,,not_merged,57.0,51.0,2.0,6.0,108.0
476642602,13788,agentic,2026-08-27T22:00:14.356079+00:00,True,merged,20.9175,valid,615.0,194.0,13.0,12.0,809.0
476642602,13806,agentic,2026-08-27T22:00:14.356079+00:00,True,closed_unmerged,,not_merged,146.0,56.0,4.0,2.0,202.0
476642602,13808,agentic,2026-08-27T22:00:14.356079+00:00,True,merged,2.6130555555555555,valid,54.0,60.0,9.0,4.0,114.0
476642602,13821,agentic,2026-08-27T22:00:14.356079+00:00,True,closed_unmerged,,not_merged,225.0,193.0,4.0,16.0,418.0
476642602,13841,agentic,2026-08-27T22:00:14.356079+00:00,True,closed_unmerged,,not_merged,109.0,83.0,18.0,1.0,192.0
476642602,13842,agentic,2026-08-27T22:00:14.356079+00:00,True,merged,4.429166666666666,valid,204.0,62.0,6.0,5.0,266.0
476642602,13851,agentic,2026-08-27T22:00:14.356079+00:00,True,closed_unmerged,,not_merged,12.0,13.0,2.0,2.0,25.0
476642602,13854,agentic,2026-08-27T22:00:14.356079+00:00,True,merged,18.24277777777778,valid,73.0,36.0,3.0,1.0,109.0
476642602,13858,agentic,2026-08-27T22:00:14.356079+00:00,True,closed_unmerged,,not_merged,98.0,10.0,6.0,1.0,108.0
476642602,13859,agentic,2026-08-27T22:00:14.356079+00:00,True,merged,22.825555555555557,valid,90.0,20.0,2.0,2.0,110.0
476642602,13873,agentic,2026-08-27T22:00:14.356079+00:00,True,merged,1.1997222222222221,valid,53.0,63.0,4.0,1.0,116.0
476642602,13876,agentic,2026-08-27T22:00:14.356079+00:00,True,closed_unmerged,,not_merged,150.0,14.0,6.0,22.0,164.0
476642602,13926,agentic,2026-08-27T22:00:14.356079+00:00,True,merged,23.794444444444444,valid,987.0,329.0,18.0,11.0,1316.0
476642602,13932,agentic,2026-08-27T22:00:14.356079+00:00,True,merged,3.008888888888889,valid,55.0,25.0,11.0,1.0,80.0
476642602,13935,agentic,2026-08-27T22:00:14.356079+00:00,True,closed_unmerged,,not_merged,183.0,99.0,39.0,1.0,282.0
476642602,13936,agentic,2026-08-27T22:00:14.356079+00:00,True,merged,22.684722222222224,valid,420.0,185.0,14.0,18.0,605.0
476642602,13951,agentic,2026-08-27T22:00:14.356079+00:00,True,closed_unmerged,,not_merged,278.0,133.0,7.0,10.0,411.0
476642602,13955,agentic,2026-08-27T22:00:14.356079+00:00,True,closed_unmerged,,not_merged,174.0,52.0,2.0,4.0,226.0
476642602,13968,agentic,2026-08-27T22:00:14.356079+00:00,True,merged,50.678333333333335,valid,377.0,278.0,3.0,14.0,655.0
476642602,13973,agentic,2026-08-27T22:00:14.356079+00:00,True,closed_unmerged,,not_merged,157.0,28.0,4.0,1.0,185.0
476642602,13975,agentic,2026-08-27T22:00:14.356079+00:00,True,closed_unmerged,,not_merged,142.0,28.0,8.0,4.0,170.0
476642602,13990,agentic,2026-08-27T22:00:14.356079+00:00,True,closed_unmerged,,not_merged,230.0,203.0,36.0,1.0,433.0
476642602,14013,agentic,2026-08-27T22:00:14.356079+00:00,True,closed_unmerged,,not_merged,223.0,10.0,1.0,5.0,233.0
476642602,14014,agentic,2026-08-27T22:00:14.356079+00:00,True,merged,2.4819444444444443,valid,39.0,20.0,4.0,1.0,59.0
476642602,14019,agentic,2026-08-27T22:00:14.356079+00:00,True,closed_unmerged,,not_merged,57.0,16.0,1.0,1.0,73.0
476642602,14020,agentic,2026-08-27T22:00:14.356079+00:00,True,closed_unmerged,,not_merged,293.0,96.0,9.0,3.0,389.0
476642602,14041,agentic,2026-08-27T22:00:14.356079+00:00,True,merged,129.26666666666668,valid,14.0,21.0,11.0,4.0,35.0
476642602,14042,agentic,2026-08-27T22:00:14.356079+00:00,True,closed_unmerged,,not_merged,71.0,36.0,2.0,2.0,107.0
476642602,14075,agentic,2026-08-27T22:00:14.356079+00:00,True,merged,22.453611111111112,valid,158.0,51.0,2.0,7.0,209.0
476642602,14097,agentic,2026-08-27T22:00:14.356079+00:00,True,closed_unmerged,,not_merged,132.0,41.0,2.0,1.0,173.0
476642602,14101,agentic,2026-08-27T22:00:14.356079+00:00,True,merged,15.154166666666667,valid,0.0,8.0,1.0,1.0,8.0
476642602,14103,human_candidate,2026-08-27T22:00:14.356079+00:00,True,merged,3.3625,valid,1.0,0.0,1.0,1.0,1.0
476642602,14148,agentic,2026-08-27T22:00:14.356079+00:00,True,merged,2.3975,valid,179.0,3.0,3.0,4.0,182.0
476642602,14149,agentic,2026-08-27T22:00:14.356079+00:00,True,closed_unmerged,,not_merged,81.0,27.0,2.0,3.0,108.0
476642602,14164,agentic,2026-08-27T22:00:14.356079+00:00,True,closed_unmerged,,not_merged,57.0,22.0,2.0,1.0,79.0
476642602,14172,agentic,2026-08-27T22:00:14.356079+00:00,True,closed_unmerged,,not_merged,188.0,127.0,5.0,1.0,315.0
476642602,14186,human_candidate,2026-08-27T22:00:14.356079+00:00,True,merged,17.88888888888889,valid,89.0,60.0,8.0,4.0,149.0
476642602,14196,agentic,2026-08-27T22:00:14.356079+00:00,True,closed_unmerged,,not_merged,44.0,44.0,1.0,7.0,88.0
476642602,14205,agentic,2026-08-27T22:00:14.356079+00:00,True,closed_unmerged,,not_merged,104.0,70.0,16.0,1.0,174.0
476642602,14209,human_candidate,2026-08-27T22:00:14.356079+00:00,True,merged,100.64361111111111,valid,90.0,21.0,2.0,5.0,111.0
476642602,14227,agentic,2026-08-27T22:00:14.356079+00:00,True,closed_unmerged,,not_merged,139.0,58.0,3.0,1.0,197.0
476642602,14229,agentic,2026-08-27T22:00:14.356079+00:00,True,closed_unmerged,,not_merged,62.0,43.0,1.0,1.0,105.0
476642602,14242,agentic,2026-08-27T22:00:14.356079+00:00,True,closed_unmerged,,not_merged,588.0,287.0,27.0,6.0,875.0
478037973,3131,human_candidate,2026-08-27T22:00:14.356079+00:00,True,closed_unmerged,,not_merged,493.0,104.0,13.0,12.0,597.0
478037973,4467,human_candidate,2026-08-27T22:00:14.356079+00:00,True,merged,117.56694444444445,valid,532.0,69.0,8.0,12.0,601.0
481206475,1005,human_candidate,2026-08-27T22:00:14.356079+00:00,True,closed_unmerged,,not_merged,63.0,55.0,1.0,1.0,118.0
486815039,5899,agentic,2026-08-27T22:00:14.356079+00:00,True,merged,38.11222222222222,valid,30.0,18.0,2.0,9.0,48.0
486815039,5904,agentic,2026-08-27T22:00:14.356079+00:00,True,merged,54.325833333333335,valid,30.0,22.0,2.0,7.0,52.0
486815039,5921,agentic,2026-08-27T22:00:14.356079+00:00,True,merged,215.28722222222223,valid,78.0,58.0,2.0,6.0,136.0
490854123,1381,human_candidate,2026-08-27T22:00:14.356079+00:00,True,merged,0.0022222222222222222,valid,59.0,13.0,16.0,1.0,72.0
501095512,3389,human_candidate,2026-08-27T22:00:14.356079+00:00,True,merged,1.0163888888888888,valid,605.0,90.0,4.0,2.0,695.0
501095512,3595,human_candidate,2026-08-27T22:00:14.356079+00:00,True,merged,188.06194444444444,valid,166.0,205.0,17.0,6.0,371.0
501095512,4388,human_candidate,2026-08-27T22:00:14.356079+00:00,True,merged,0.115,valid,13.0,36.0,3.0,1.0,49.0
501372599,2492,human_candidate,2026-08-27T22:00:14.356079+00:00,True,merged,44.01777777777778,valid,332.0,291.0,8.0,19.0,623.0
509436902,933,human_candidate,2026-08-27T22:00:14.356079+00:00,True,merged,1.7255555555555555,valid,6.0,2.0,2.0,2.0,8.0
510889311,6418,agentic,2026-08-27T22:00:14.356079+00:00,True,merged,484.7811111111111,valid,508.0,30.0,8.0,7.0,538.0
510889311,6963,human_candidate,2026-08-27T22:00:14.356079+00:00,True,merged,26.0325,valid,45.0,21.0,1.0,1.0,66.0
510889311,7332,agentic,2026-08-27T22:00:14.356079+00:00,True,merged,95.88416666666667,valid,203.0,91.0,2.0,5.0,294.0
510889311,7600,human_candidate,2026-08-27T22:00:14.356079+00:00,True,merged,161.32361111111112,valid,1689.0,101.0,23.0,12.0,1790.0
510889311,8458,agentic,2026-08-27T22:00:14.356079+00:00,True,merged,161.4272222222222,valid,342.0,10.0,5.0,4.0,352.0
511003180,2051,human_candidate,2026-08-27T22:00:14.356079+00:00,True,merged,23.183888888888887,valid,480.0,240.0,18.0,18.0,720.0
512270340,911,human_candidate,2026-08-27T22:00:14.356079+00:00,True,merged,0.03944444444444444,valid,2.0,1.0,1.0,1.0,3.0
512270340,1091,human_candidate,2026-08-27T22:00:14.356079+00:00,True,merged,1.4183333333333332,valid,92.0,17.0,9.0,2.0,109.0
513328880,1322,agentic,2026-08-27T22:00:14.356079+00:00,True,merged,84.46138888888889,valid,65.0,39.0,1.0,4.0,104.0
513328880,1338,agentic,2026-08-27T22:00:14.356079+00:00,True,merged,0.11277777777777778,valid,21.0,14.0,1.0,1.0,35.0
517126881,534,agentic,2026-08-27T22:00:14.356079+00:00,True,closed_unmerged,,not_merged,4.0,2.0,1.0,2.0,6.0
520315548,134,agentic,2026-08-27T22:00:14.356079+00:00,True,merged,0.5686111111111111,valid,393.0,35.0,8.0,1.0,428.0
520315548,138,agentic,2026-08-27T22:00:14.356079+00:00,True,merged,0.10583333333333333,valid,759.0,474.0,51.0,1.0,1233.0
523043277,20030,human_candidate,2026-08-27T22:00:14.356079+00:00,True,merged,45.910555555555554,valid,497.0,231.0,10.0,9.0,728.0
523043277,20128,human_candidate,2026-08-27T22:00:14.356079+00:00,True,merged,5.273888888888889,valid,21.0,83.0,6.0,1.0,104.0
523043277,22195,human_candidate,2026-08-27T22:00:14.356079+00:00,True,merged,20.399166666666666,valid,146.0,99.0,7.0,1.0,245.0
523043277,22337,human_candidate,2026-08-27T22:00:14.356079+00:00,True,merged,125.97361111111111,valid,24.0,25.0,1.0,3.0,49.0
523043277,24057,human_candidate,2026-08-27T22:00:14.356079+00:00,True,merged,954.4244444444445,valid,290.0,201.0,5.0,12.0,491.0
523043277,24311,human_candidate,2026-08-27T22:00:14.356079+00:00,True,closed_unmerged,,not_merged,61.0,51.0,3.0,1.0,112.0
523043277,24622,agentic,2026-08-27T22:00:14.356079+00:00,True,closed_unmerged,,not_merged,10.0,6.0,1.0,1.0,16.0
523043277,24623,agentic,2026-08-27T22:00:14.356079+00:00,True,closed_unmerged,,not_merged,26.0,21.0,1.0,1.0,47.0
523043277,24624,agentic,2026-08-27T22:00:14.356079+00:00,True,closed_unmerged,,not_merged,71.0,38.0,2.0,1.0,109.0
523043277,24625,agentic,2026-08-27T22:00:14.356079+00:00,True,closed_unmerged,,not_merged,69.0,32.0,4.0,1.0,101.0
523043277,24626,agentic,2026-08-27T22:00:14.356079+00:00,True,closed_unmerged,,not_merged,84.0,58.0,1.0,1.0,142.0
523043277,24842,human_candidate,2026-08-27T22:00:14.356079+00:00,True,merged,1.5097222222222222,valid,31.0,14.0,4.0,1.0,45.0
523043277,25227,human_candidate,2026-08-27T22:00:14.356079+00:00,True,closed_unmerged,,not_merged,25.0,20.0,3.0,1.0,45.0
523043277,25244,human_candidate,2026-08-27T22:00:14.356079+00:00,True,closed_unmerged,,not_merged,24.0,9.0,1.0,1.0,33.0
523043277,25266,human_candidate,2026-08-27T22:00:14.356079+00:00,True,merged,5.292777777777777,valid,22.0,8.0,3.0,2.0,30.0
523043277,25293,human_candidate,2026-08-27T22:00:14.356079+00:00,True,closed_unmerged,,not_merged,27.0,12.0,2.0,1.0,39.0
523043277,25351,human_candidate,2026-08-27T22:00:14.356079+00:00,True,closed_unmerged,,not_merged,11.0,0.0,1.0,1.0,11.0
525592995,8197,human_candidate,2026-08-27T22:00:14.356079+00:00,True,merged,1.9530555555555555,valid,38.0,20.0,3.0,1.0,58.0
526156868,966,human_candidate,2026-08-27T22:00:14.356079+00:00,True,merged,0.5247222222222222,valid,74.0,32.0,1.0,1.0,106.0
528799794,6580,human_candidate,2026-08-27T22:00:14.356079+00:00,True,merged,50.12361111111111,valid,67.0,40.0,2.0,2.0,107.0
530343316,1077,human_candidate,2026-08-27T22:00:14.356079+00:00,True,merged,45.910833333333336,valid,658.0,1232.0,45.0,17.0,1890.0
533537084,812,human_candidate,2026-08-27T22:00:14.356079+00:00,True,merged,0.015,valid,159.0,124.0,1.0,1.0,283.0
537085161,4452,human_candidate,2026-08-27T22:00:14.356079+00:00,True,closed_unmerged,,not_merged,37.0,24.0,6.0,3.0,61.0
537085161,4472,human_candidate,2026-08-27T22:00:14.356079+00:00,True,closed_unmerged,,not_merged,160.0,88.0,4.0,12.0,248.0
537085161,5544,human_candidate,2026-08-27T22:00:14.356079+00:00,True,merged,40.4825,valid,51.0,56.0,10.0,1.0,107.0
537085161,5554,human_candidate,2026-08-27T22:00:14.356079+00:00,True,merged,145.8711111111111,valid,83.0,0.0,4.0,1.0,83.0
537085161,6183,human_candidate,2026-08-27T22:00:14.356079+00:00,True,merged,1.2808333333333333,valid,22.0,13.0,2.0,1.0,35.0
537233603,16242,human_candidate,2026-08-27T22:00:14.356079+00:00,True,closed_unmerged,,not_merged,113.0,91.0,3.0,9.0,204.0
537233603,16836,human_candidate,2026-08-27T22:00:14.356079+00:00,True,merged,2.7358333333333333,valid,203.0,36.0,6.0,2.0,239.0
537233603,16894,human_candidate,2026-08-27T22:00:14.356079+00:00,True,merged,23.908333333333335,valid,474.0,14.0,1.0,17.0,488.0
537233603,17388,human_candidate,2026-08-27T22:00:14.356079+00:00,True,merged,1.2075,valid,12.0,6.0,1.0,1.0,18.0
537233603,17651,human_candidate,2026-08-27T22:00:14.356079+00:00,True,merged,1.0163888888888888,valid,3.0,1.0,1.0,1.0,4.0
537233603,18072,agentic,2026-08-27T22:00:14.356079+00:00,True,merged,353.3486111111111,valid,111.0,3.0,4.0,3.0,114.0
537233603,19427,human_candidate,2026-08-27T22:00:14.356079+00:00,True,merged,2.5019444444444443,valid,18.0,18.0,2.0,2.0,36.0
537233603,20488,human_candidate,2026-08-27T22:00:14.356079+00:00,True,closed_unmerged,,not_merged,22.0,34.0,1.0,1.0,56.0
537233603,20659,human_candidate,2026-08-27T22:00:14.356079+00:00,True,merged,6.556666666666667,valid,129.0,147.0,8.0,1.0,276.0
537233603,20720,human_candidate,2026-08-27T22:00:14.356079+00:00,True,merged,55.99944444444444,valid,2.0,1.0,1.0,2.0,3.0
537233603,20732,human_candidate,2026-08-27T22:00:14.356079+00:00,True,closed_unmerged,,not_merged,4.0,2.0,1.0,1.0,6.0
537233603,20863,human_candidate,2026-08-27T22:00:14.356079+00:00,True,merged,13.29888888888889,valid,34.0,31.0,1.0,1.0,65.0
537233603,20873,human_candidate,2026-08-27T22:00:14.356079+00:00,True,merged,271.25416666666666,valid,30.0,21.0,1.0,5.0,51.0
537233603,20954,human_candidate,2026-08-27T22:00:14.356079+00:00,True,closed_unmerged,,not_merged,3.0,7.0,1.0,1.0,10.0
537233603,21010,human_candidate,2026-08-27T22:00:14.356079+00:00,True,merged,70.89222222222222,valid,12.0,12.0,3.0,2.0,24.0
537233603,21105,human_candidate,2026-08-27T22:00:14.356079+00:00,True,closed_unmerged,,not_merged,300.0,4.0,5.0,1.0,304.0
537233603,21168,human_candidate,2026-08-27T22:00:14.356079+00:00,True,closed_unmerged,,not_merged,28.0,19.0,4.0,2.0,47.0
537233603,21408,human_candidate,2026-08-27T22:00:14.356079+00:00,True,closed_unmerged,,not_merged,2.0,2.0,1.0,1.0,4.0
537233603,21645,human_candidate,2026-08-27T22:00:14.356079+00:00,True,merged,1.0075,valid,8.0,1.0,1.0,2.0,9.0
537233603,21684,human_candidate,2026-08-27T22:00:14.356079+00:00,True,merged,11.845555555555556,valid,7.0,1.0,1.0,1.0,8.0
537233603,21687,human_candidate,2026-08-27T22:00:14.356079+00:00,True,closed_unmerged,,not_merged,653.0,3.0,6.0,3.0,656.0
537233603,21780,human_candidate,2026-08-27T22:00:14.356079+00:00,True,merged,1.4319444444444445,valid,94.0,83.0,1.0,1.0,177.0
537233603,21835,human_candidate,2026-08-27T22:00:14.356079+00:00,True,closed_unmerged,,not_merged,12.0,1.0,1.0,1.0,13.0
537233603,21920,human_candidate,2026-08-27T22:00:14.356079+00:00,True,closed_unmerged,,not_merged,2.0,2.0,1.0,1.0,4.0
537233603,21982,human_candidate,2026-08-27T22:00:14.356079+00:00,True,closed_unmerged,,not_merged,94.0,18.0,16.0,1.0,112.0
537233603,22121,human_candidate,2026-08-27T22:00:14.356079+00:00,True,closed_unmerged,,not_merged,66.0,38.0,10.0,4.0,104.0
537233603,22127,human_candidate,2026-08-27T22:00:14.356079+00:00,True,closed_unmerged,,not_merged,88.0,10.0,5.0,1.0,98.0
537233603,22147,human_candidate,2026-08-27T22:00:14.356079+00:00,True,merged,1.3683333333333334,valid,9.0,0.0,1.0,1.0,9.0
537233603,22188,human_candidate,2026-08-27T22:00:14.356079+00:00,True,closed_unmerged,,not_merged,3.0,2.0,1.0,1.0,5.0
537233603,22206,human_candidate,2026-08-27T22:00:14.356079+00:00,True,merged,1.0438888888888889,valid,15.0,17.0,4.0,1.0,32.0
537233603,22348,agentic,2026-08-27T22:00:14.356079+00:00,True,closed_unmerged,,not_merged,361.0,193.0,9.0,4.0,554.0
537233603,22350,agentic,2026-08-27T22:00:14.356079+00:00,True,closed_unmerged,,not_merged,393.0,121.0,9.0,4.0,514.0
537233603,22351,agentic,2026-08-27T22:00:14.356079+00:00,True,closed_unmerged,,not_merged,221.0,102.0,8.0,4.0,323.0
537233603,22353,agentic,2026-08-27T22:00:14.356079+00:00,True,closed_unmerged,,not_merged,134.0,101.0,7.0,4.0,235.0
537233603,22354,agentic,2026-08-27T22:00:14.356079+00:00,True,closed_unmerged,,not_merged,110.0,94.0,6.0,2.0,204.0
537233603,22398,agentic,2026-08-27T22:00:14.356079+00:00,True,closed_unmerged,,not_merged,15.0,8.0,1.0,1.0,23.0
537233603,22399,agentic,2026-08-27T22:00:14.356079+00:00,True,closed_unmerged,,not_merged,174.0,108.0,1.0,1.0,282.0
537233603,22400,agentic,2026-08-27T22:00:14.356079+00:00,True,closed_unmerged,,not_merged,139.0,0.0,2.0,1.0,139.0
537233603,22401,human_candidate,2026-08-27T22:00:14.356079+00:00,True,closed_unmerged,,not_merged,139.0,0.0,2.0,1.0,139.0
537233603,22407,agentic,2026-08-27T22:00:14.356079+00:00,True,closed_unmerged,,not_merged,38.0,44.0,2.0,1.0,82.0
537233603,22409,agentic,2026-08-27T22:00:14.356079+00:00,True,closed_unmerged,,not_merged,8285.0,9074.0,283.0,83.0,17359.0
537233603,22411,agentic,2026-08-27T22:00:14.356079+00:00,True,closed_unmerged,,not_merged,188.0,31.0,3.0,1.0,219.0
537233603,22448,human_candidate,2026-08-27T22:00:14.356079+00:00,True,closed_unmerged,,not_merged,19.0,22.0,3.0,2.0,41.0
537233603,22486,agentic,2026-08-27T22:00:14.356079+00:00,True,closed_unmerged,,not_merged,100.0,3.0,1.0,5.0,103.0
537233603,22487,agentic,2026-08-27T22:00:14.356079+00:00,True,closed_unmerged,,not_merged,166.0,14.0,5.0,6.0,180.0
537233603,22510,human_candidate,2026-08-27T22:00:14.356079+00:00,True,closed_unmerged,,not_merged,17.0,39.0,2.0,2.0,56.0
537233603,22527,human_candidate,2026-08-27T22:00:14.356079+00:00,True,merged,5.035555555555556,valid,9.0,74.0,6.0,9.0,83.0
537233603,22547,human_candidate,2026-08-27T22:00:14.356079+00:00,True,merged,65.99583333333334,valid,63.0,15.0,1.0,1.0,78.0
537233603,22567,human_candidate,2026-08-27T22:00:14.356079+00:00,True,closed_unmerged,,not_merged,7.0,2.0,1.0,1.0,9.0
537233603,22647,human_candidate,2026-08-27T22:00:14.356079+00:00,True,merged,5.250277777777778,valid,42.0,4.0,3.0,2.0,46.0
537233603,22711,human_candidate,2026-08-27T22:00:14.356079+00:00,True,closed_unmerged,,not_merged,47.0,23.0,1.0,6.0,70.0
537233603,22724,human_candidate,2026-08-27T22:00:14.356079+00:00,True,merged,52.77611111111111,valid,63.0,15.0,2.0,8.0,78.0
537233603,22747,human_candidate,2026-08-27T22:00:14.356079+00:00,True,merged,12.285833333333333,valid,24.0,27.0,4.0,5.0,51.0
537233603,22786,human_candidate,2026-08-27T22:00:14.356079+00:00,True,closed_unmerged,,not_merged,7.0,0.0,1.0,1.0,7.0
537233603,22812,human_candidate,2026-08-27T22:00:14.356079+00:00,True,merged,6.758333333333334,valid,6.0,1.0,1.0,1.0,7.0
537233603,22917,human_candidate,2026-08-27T22:00:14.356079+00:00,True,closed_unmerged,,not_merged,1.0,1.0,1.0,1.0,2.0
537233603,23181,human_candidate,2026-08-27T22:00:14.356079+00:00,True,closed_unmerged,,not_merged,52.0,6.0,5.0,6.0,58.0
537233603,23199,agentic,2026-08-27T22:00:14.356079+00:00,True,closed_unmerged,,not_merged,133.0,439.0,14.0,2.0,572.0
537233603,23283,human_candidate,2026-08-27T22:00:14.356079+00:00,True,closed_unmerged,,not_merged,350.0,48.0,4.0,4.0,398.0
537233603,23287,human_candidate,2026-08-27T22:00:14.356079+00:00,True,closed_unmerged,,not_merged,88.0,54.0,5.0,2.0,142.0
537233603,23295,agentic,2026-08-27T22:00:14.356079+00:00,True,closed_unmerged,,not_merged,120.0,29.0,3.0,4.0,149.0
537233603,23300,human_candidate,2026-08-27T22:00:14.356079+00:00,True,closed_unmerged,,not_merged,34.0,19.0,3.0,1.0,53.0
537233603,23334,human_candidate,2026-08-27T22:00:14.356079+00:00,True,merged,18.77638888888889,valid,10.0,5.0,1.0,2.0,15.0
537233603,23386,agentic,2026-08-27T22:00:14.356079+00:00,True,merged,24.246111111111112,valid,2.0,2.0,2.0,2.0,4.0
537233603,23423,human_candidate,2026-08-27T22:00:14.356079+00:00,True,merged,19.387777777777778,valid,287.0,617.0,4.0,9.0,904.0
537233603,23492,human_candidate,2026-08-27T22:00:14.356079+00:00,True,closed_unmerged,,not_merged,413.0,210.0,9.0,6.0,623.0
537233603,23498,human_candidate,2026-08-27T22:00:14.356079+00:00,True,closed_unmerged,,not_merged,26.0,14.0,1.0,1.0,40.0
537233603,23507,human_candidate,2026-08-27T22:00:14.356079+00:00,True,closed_unmerged,,not_merged,58.0,18.0,2.0,1.0,76.0
537233603,23543,human_candidate,2026-08-27T22:00:14.356079+00:00,True,closed_unmerged,,not_merged,36.0,33.0,1.0,1.0,69.0
537233603,23617,human_candidate,2026-08-27T22:00:14.356079+00:00,True,merged,66.50916666666667,valid,2.0,2.0,1.0,1.0,4.0
537233603,23620,human_candidate,2026-08-27T22:00:14.356079+00:00,True,closed_unmerged,,not_merged,109.0,25.0,2.0,1.0,134.0
537233603,23647,human_candidate,2026-08-27T22:00:14.356079+00:00,True,closed_unmerged,,not_merged,2.0,18.0,1.0,1.0,20.0
537233603,23651,human_candidate,2026-08-27T22:00:14.356079+00:00,True,closed_unmerged,,not_merged,633.0,47.0,10.0,10.0,680.0
537233603,23653,human_candidate,2026-08-27T22:00:14.356079+00:00,True,closed_unmerged,,not_merged,67.0,1.0,1.0,1.0,68.0
537233603,23657,human_candidate,2026-08-27T22:00:14.356079+00:00,True,merged,166.69833333333332,valid,559.0,305.0,13.0,22.0,864.0
537233603,23660,human_candidate,2026-08-27T22:00:14.356079+00:00,True,closed_unmerged,,not_merged,39.0,15.0,1.0,1.0,54.0
537233603,23696,human_candidate,2026-08-27T22:00:14.356079+00:00,True,closed_unmerged,,not_merged,818.0,82.0,7.0,6.0,900.0
537233603,23761,agentic,2026-08-27T22:00:14.356079+00:00,True,merged,0.39944444444444444,valid,38.0,32.0,1.0,1.0,70.0
537233603,23792,human_candidate,2026-08-27T22:00:14.356079+00:00,True,closed_unmerged,,not_merged,12.0,12.0,1.0,1.0,24.0
537233603,23793,human_candidate,2026-08-27T22:00:14.356079+00:00,True,closed_unmerged,,not_merged,52.0,23.0,1.0,1.0,75.0
537233603,23813,human_candidate,2026-08-27T22:00:14.356079+00:00,True,closed_unmerged,,not_merged,53.0,4.0,1.0,1.0,57.0
537233603,23830,human_candidate,2026-08-27T22:00:14.356079+00:00,True,merged,1.3475,valid,112.0,56.0,1.0,1.0,168.0
537233603,23889,human_candidate,2026-08-27T22:00:14.356079+00:00,True,closed_unmerged,,not_merged,26.0,6.0,1.0,1.0,32.0
537233603,23892,human_candidate,2026-08-27T22:00:14.356079+00:00,True,closed_unmerged,,not_merged,66.0,9.0,1.0,1.0,75.0
537233603,23926,human_candidate,2026-08-27T22:00:14.356079+00:00,True,closed_unmerged,,not_merged,17.0,11.0,1.0,1.0,28.0
537233603,23934,human_candidate,2026-08-27T22:00:14.356079+00:00,True,closed_unmerged,,not_merged,91.0,14.0,2.0,1.0,105.0
537233603,23948,human_candidate,2026-08-27T22:00:14.356079+00:00,True,closed_unmerged,,not_merged,5.0,8.0,1.0,1.0,13.0
537233603,23957,human_candidate,2026-08-27T22:00:14.356079+00:00,True,closed_unmerged,,not_merged,114.0,61.0,4.0,1.0,175.0
537233603,23967,human_candidate,2026-08-27T22:00:14.356079+00:00,True,closed_unmerged,,not_merged,41.0,14.0,1.0,1.0,55.0
537233603,24134,agentic,2026-08-27T22:00:14.356079+00:00,True,closed_unmerged,,not_merged,900.0,69.0,9.0,6.0,969.0
537233603,24237,human_candidate,2026-08-27T22:00:14.356079+00:00,True,closed_unmerged,,not_merged,84.0,57.0,9.0,3.0,141.0
550054675,9105,agentic,2026-08-27T22:00:14.356079+00:00,True,merged,7.049444444444444,valid,14.0,1.0,1.0,5.0,15.0
550054675,9701,agentic,2026-08-27T22:00:14.356079+00:00,True,merged,0.06,valid,3.0,1.0,1.0,2.0,4.0
550902717,6008,agentic,2026-08-27T22:00:14.356079+00:00,True,merged,308.89472222222224,valid,5.0,9.0,1.0,3.0,14.0
552661142,31659,human_candidate,2026-08-27T22:00:14.356079+00:00,True,merged,169.52694444444444,valid,123.0,2.0,4.0,10.0,125.0
552661142,36375,human_candidate,2026-08-27T22:00:14.356079+00:00,True,merged,0.08027777777777778,valid,18.0,9.0,1.0,2.0,27.0
552661142,36649,human_candidate,2026-08-27T22:00:14.356079+00:00,True,merged,0.8327777777777777,valid,8.0,1.0,1.0,3.0,9.0
552661142,37101,human_candidate,2026-08-27T22:00:14.356079+00:00,True,closed_unmerged,,not_merged,680.0,551.0,8.0,14.0,1231.0
565750987,12,agentic,2026-08-27T22:00:14.356079+00:00,True,merged,26.948055555555555,valid,138.0,28.0,4.0,9.0,166.0
569233100,975,human_candidate,2026-08-27T22:00:14.356079+00:00,True,merged,0.115,valid,919.0,1751.0,18.0,1.0,2670.0
571475096,108,agentic,2026-08-27T22:00:14.356079+00:00,True,closed_unmerged,,not_merged,160.0,101.0,9.0,2.0,261.0
571475096,112,agentic,2026-08-27T22:00:14.356079+00:00,True,closed_unmerged,,not_merged,143.0,61.0,9.0,2.0,204.0
571475096,118,agentic,2026-08-27T22:00:14.356079+00:00,True,closed_unmerged,,not_merged,409.0,0.0,2.0,2.0,409.0
571475096,234,agentic,2026-08-27T22:00:14.356079+00:00,True,merged,396.21,valid,7312.0,3491.0,32.0,158.0,10803.0
571475096,261,agentic,2026-08-27T22:00:14.356079+00:00,True,closed_unmerged,,not_merged,351.0,4.0,6.0,4.0,355.0
572570113,2229,human_candidate,2026-08-27T22:00:14.356079+00:00,True,merged,0.42333333333333334,valid,36.0,5.0,2.0,1.0,41.0
572570113,3395,agentic,2026-08-27T22:00:14.356079+00:00,True,merged,4.205277777777778,valid,94.0,31.0,3.0,3.0,125.0
572570113,3525,human_candidate,2026-08-27T22:00:14.356079+00:00,True,merged,1.5944444444444446,valid,43.0,9.0,4.0,1.0,52.0
572570113,3625,human_candidate,2026-08-27T22:00:14.356079+00:00,True,merged,5.190833333333333,valid,1127.0,115.0,10.0,7.0,1242.0
572984571,12652,human_candidate,2026-08-27T22:00:14.356079+00:00,True,merged,0.3186111111111111,valid,1.0,1.0,1.0,1.0,2.0
572984571,13704,human_candidate,2026-08-27T22:00:14.356079+00:00,True,merged,6.049722222222222,valid,261.0,177.0,5.0,13.0,438.0
572984571,19253,human_candidate,2026-08-27T22:00:14.356079+00:00,True,merged,0.5794444444444444,valid,20.0,0.0,2.0,2.0,20.0
572984571,19933,human_candidate,2026-08-27T22:00:14.356079+00:00,True,merged,3.9180555555555556,valid,1.0,0.0,1.0,1.0,1.0
573411360,957,agentic,2026-08-27T22:00:14.356079+00:00,True,closed_unmerged,,not_merged,82.0,72.0,3.0,5.0,154.0
573661753,9982,agentic,2026-08-27T22:00:14.356079+00:00,True,closed_unmerged,,not_merged,149.0,14.0,4.0,3.0,163.0
573661753,12733,human_candidate,2026-08-27T22:00:14.356079+00:00,True,merged,335.2775,valid,99.0,18.0,6.0,4.0,117.0
575321313,1898,agentic,2026-08-27T22:00:14.356079+00:00,True,merged,15.402777777777779,valid,90.0,47.0,4.0,4.0,137.0
575321313,2013,human_candidate,2026-08-27T22:00:14.356079+00:00,True,merged,0.3322222222222222,valid,380.0,331.0,13.0,3.0,711.0
575865240,3246,agentic,2026-08-27T22:00:14.356079+00:00,True,merged,10.689166666666667,valid,151.0,117.0,18.0,4.0,268.0
575865240,3825,human_candidate,2026-08-27T22:00:14.356079+00:00,True,merged,7.048055555555556,valid,4.0,2.0,2.0,1.0,6.0
575865240,4240,human_candidate,2026-08-27T22:00:14.356079+00:00,True,merged,19.20777777777778,valid,483.0,291.0,13.0,7.0,774.0
575865240,4259,agentic,2026-08-27T22:00:14.356079+00:00,True,merged,0.085,valid,13.0,3.0,3.0,1.0,16.0
575865240,4939,agentic,2026-08-27T22:00:14.356079+00:00,True,closed_unmerged,,not_merged,59.0,65.0,2.0,4.0,124.0
575865240,6532,human_candidate,2026-08-27T22:00:14.356079+00:00,True,merged,17.091666666666665,valid,1914.0,27.0,9.0,5.0,1941.0
577975610,1323,agentic,2026-08-27T22:00:14.356079+00:00,True,closed_unmerged,,not_merged,1.0,1.0,1.0,1.0,2.0
581186630,89,agentic,2026-08-27T22:00:14.356079+00:00,True,closed_unmerged,,not_merged,125.0,2.0,3.0,1.0,127.0
583528771,574,agentic,2026-08-27T22:00:14.356079+00:00,True,merged,28.88222222222222,valid,68.0,41.0,8.0,8.0,109.0
586920414,9575,agentic,2026-08-27T22:00:14.356079+00:00,True,closed_unmerged,,not_merged,9.0,2.0,1.0,1.0,11.0
586920414,9833,agentic,2026-08-27T22:00:14.356079+00:00,True,merged,29.96611111111111,valid,498.0,166.0,24.0,5.0,664.0
586920414,10068,agentic,2026-08-27T22:00:14.356079+00:00,True,merged,0.5805555555555556,valid,60.0,41.0,8.0,1.0,101.0
587050620,8596,human_candidate,2026-08-27T22:00:14.356079+00:00,True,merged,119.53888888888889,valid,7.0,2.0,1.0,3.0,9.0
587937846,7997,human_candidate,2026-08-27T22:00:14.356079+00:00,True,merged,4.060833333333333,valid,25.0,17.0,2.0,3.0,42.0
593184777,268,agentic,2026-08-27T22:00:14.356079+00:00,True,closed_unmerged,,not_merged,341.0,34.0,5.0,4.0,375.0
593184777,422,agentic,2026-08-27T22:00:14.356079+00:00,True,closed_unmerged,,not_merged,24.0,3.0,1.0,1.0,27.0
593184777,458,agentic,2026-08-27T22:00:14.356079+00:00,True,merged,0.2111111111111111,valid,27.0,11.0,3.0,3.0,38.0
593184777,551,agentic,2026-08-27T22:00:14.356079+00:00,True,merged,2.702777777777778,valid,239.0,81.0,1.0,3.0,320.0
593184777,553,agentic,2026-08-27T22:00:14.356079+00:00,True,merged,8.291666666666666,valid,190.0,53.0,1.0,9.0,243.0
593184777,568,agentic,2026-08-27T22:00:14.356079+00:00,True,merged,0.018333333333333333,valid,11.0,3.0,1.0,1.0,14.0
594155488,3992,agentic,2026-08-27T22:00:14.356079+00:00,True,closed_unmerged,,not_merged,438.0,75.0,11.0,5.0,513.0
595526110,2885,human_candidate,2026-08-27T22:00:14.356079+00:00,True,merged,0.011944444444444445,valid,207.0,146.0,9.0,1.0,353.0
595526110,2893,human_candidate,2026-08-27T22:00:14.356079+00:00,True,merged,29.959444444444443,valid,222.0,167.0,3.0,1.0,389.0
595526110,3951,human_candidate,2026-08-27T22:00:14.356079+00:00,True,merged,0.014166666666666666,valid,10.0,0.0,2.0,1.0,10.0
595526110,3971,human_candidate,2026-08-27T22:00:14.356079+00:00,True,open,,not_merged,155.0,63.0,4.0,1.0,218.0
595526110,4470,human_candidate,2026-08-27T22:00:14.356079+00:00,True,merged,0.0033333333333333335,valid,1.0,1.0,1.0,4.0,2.0
595832198,4201,agentic,2026-08-27T22:00:14.356079+00:00,True,closed_unmerged,,not_merged,51.0,36.0,2.0,4.0,87.0
595832198,5456,human_candidate,2026-08-27T22:00:14.356079+00:00,True,merged,0.9294444444444444,valid,88.0,48.0,6.0,6.0,136.0
598401026,1461,human_candidate,2026-08-27T22:00:14.356079+00:00,True,merged,98.34694444444445,valid,111.0,11.0,4.0,6.0,122.0
598846021,913,agentic,2026-08-27T22:00:14.356079+00:00,True,closed_unmerged,,not_merged,160.0,202.0,9.0,3.0,362.0
598846021,937,agentic,2026-08-27T22:00:14.356079+00:00,True,merged,6.845555555555555,valid,78.0,65.0,9.0,4.0,143.0
598998398,4411,agentic,2026-08-27T22:00:14.356079+00:00,True,open,,not_merged,69.0,50.0,4.0,1.0,119.0
599320067,10993,agentic,2026-08-27T22:00:14.356079+00:00,True,merged,0.4075,valid,2.0,2.0,1.0,2.0,4.0
599431918,10242,human_candidate,2026-08-27T22:00:14.356079+00:00,True,merged,62.02305555555556,valid,8.0,18.0,1.0,1.0,26.0
599431918,10452,human_candidate,2026-08-27T22:00:14.356079+00:00,True,merged,0.5036111111111111,valid,20.0,21.0,1.0,1.0,41.0
599431918,11323,human_candidate,2026-08-27T22:00:14.356079+00:00,True,merged,2.8008333333333333,valid,20.0,34.0,2.0,1.0,54.0
599431918,11423,human_candidate,2026-08-27T22:00:14.356079+00:00,True,merged,0.2288888888888889,valid,352.0,244.0,8.0,1.0,596.0
599431918,11698,human_candidate,2026-08-27T22:00:14.356079+00:00,True,merged,0.24444444444444444,valid,13.0,19.0,1.0,1.0,32.0
599431918,11776,human_candidate,2026-08-27T22:00:14.356079+00:00,True,merged,0.6025,valid,231.0,231.0,3.0,1.0,462.0
599431918,12056,human_candidate,2026-08-27T22:00:14.356079+00:00,True,merged,1.8566666666666667,valid,5.0,4.0,1.0,1.0,9.0
599431918,12080,human_candidate,2026-08-27T22:00:14.356079+00:00,True,merged,0.47583333333333333,valid,55.0,53.0,1.0,1.0,108.0
599431918,12093,human_candidate,2026-08-27T22:00:14.356079+00:00,True,merged,1.0833333333333333,valid,9.0,2.0,1.0,1.0,11.0
599431918,12138,human_candidate,2026-08-27T22:00:14.356079+00:00,True,merged,6.139444444444444,valid,10.0,6.0,1.0,1.0,16.0
599431918,12218,human_candidate,2026-08-27T22:00:14.356079+00:00,True,merged,4.250277777777778,valid,9.0,8.0,1.0,1.0,17.0
599431918,12277,human_candidate,2026-08-27T22:00:14.356079+00:00,True,merged,0.27361111111111114,valid,9.0,8.0,6.0,1.0,17.0
599431918,12329,human_candidate,2026-08-27T22:00:14.356079+00:00,True,merged,329.28777777777776,valid,4.0,1.0,1.0,1.0,5.0
599431918,12521,human_candidate,2026-08-27T22:00:14.356079+00:00,True,merged,373.50666666666666,valid,36.0,14.0,5.0,1.0,50.0
599431918,12599,agentic,2026-08-27T22:00:14.356079+00:00,True,closed_unmerged,,not_merged,166.0,1380.0,2.0,10.0,1546.0
599431918,12673,agentic,2026-08-27T22:00:14.356079+00:00,True,closed_unmerged,,not_merged,86.0,86.0,28.0,4.0,172.0
599431918,12676,human_candidate,2026-08-27T22:00:14.356079+00:00,True,merged,20.560833333333335,valid,19.0,16.0,2.0,1.0,35.0
599431918,12682,human_candidate,2026-08-27T22:00:14.356079+00:00,True,merged,0.6161111111111112,valid,1.0,1.0,1.0,1.0,2.0
599431918,12684,agentic,2026-08-27T22:00:14.356079+00:00,True,closed_unmerged,,not_merged,70.0,8.0,8.0,4.0,78.0
599431918,12685,agentic,2026-08-27T22:00:14.356079+00:00,True,closed_unmerged,,not_merged,776.0,132.0,9.0,5.0,908.0
599431918,12694,agentic,2026-08-27T22:00:14.356079+00:00,True,closed_unmerged,,not_merged,188.0,66.0,1.0,3.0,254.0
599431918,12709,agentic,2026-08-27T22:00:14.356079+00:00,True,closed_unmerged,,not_merged,59843.0,5.0,17.0,4.0,59848.0
599431918,12727,agentic,2026-08-27T22:00:14.356079+00:00,True,closed_unmerged,,not_merged,30.0,17.0,1.0,3.0,47.0
599431918,12735,agentic,2026-08-27T22:00:14.356079+00:00,True,closed_unmerged,,not_merged,75.0,53.0,6.0,4.0,128.0
599431918,12765,agentic,2026-08-27T22:00:14.356079+00:00,True,closed_unmerged,,not_merged,162.0,78.0,3.0,4.0,240.0
599431918,12768,agentic,2026-08-27T22:00:14.356079+00:00,True,merged,67.72166666666666,valid,47.0,18.0,3.0,1.0,65.0
599431918,12775,agentic,2026-08-27T22:00:14.356079+00:00,True,closed_unmerged,,not_merged,144.0,16.0,7.0,4.0,160.0
599431918,12776,agentic,2026-08-27T22:00:14.356079+00:00,True,merged,1.9258333333333333,valid,6.0,8.0,2.0,2.0,14.0
599431918,12778,human_candidate,2026-08-27T22:00:14.356079+00:00,True,merged,1.3352777777777778,valid,3.0,1.0,1.0,1.0,4.0
599431918,12821,agentic,2026-08-27T22:00:14.356079+00:00,True,merged,26.690277777777776,valid,65.0,43.0,9.0,2.0,108.0
599431918,12847,agentic,2026-08-27T22:00:14.356079+00:00,True,merged,28.934444444444445,valid,69.0,37.0,3.0,10.0,106.0
599431918,12852,agentic,2026-08-27T22:00:14.356079+00:00,True,closed_unmerged,,not_merged,82.0,11.0,2.0,3.0,93.0
599431918,12883,human_candidate,2026-08-27T22:00:14.356079+00:00,True,merged,0.24944444444444444,valid,12.0,7.0,1.0,1.0,19.0
599431918,12884,agentic,2026-08-27T22:00:14.356079+00:00,True,closed_unmerged,,not_merged,263.0,9.0,5.0,4.0,272.0
599431918,12997,agentic,2026-08-27T22:00:14.356079+00:00,True,closed_unmerged,,not_merged,82.0,17.0,6.0,3.0,99.0
599431918,13097,agentic,2026-08-27T22:00:14.356079+00:00,True,closed_unmerged,,not_merged,3324.0,6.0,8.0,5.0,3330.0
599431918,13098,agentic,2026-08-27T22:00:14.356079+00:00,True,merged,15.098333333333333,valid,122.0,82.0,1.0,1.0,204.0
599431918,13419,human_candidate,2026-08-27T22:00:14.356079+00:00,True,merged,2.393611111111111,valid,113.0,9.0,5.0,1.0,122.0
599431918,13593,agentic,2026-08-27T22:00:14.356079+00:00,True,closed_unmerged,,not_merged,142.0,40.0,2.0,3.0,182.0
599431918,14397,agentic,2026-08-27T22:00:14.356079+00:00,True,merged,1.0930555555555554,valid,91.0,45.0,1.0,1.0,136.0
599431918,14519,human_candidate,2026-08-27T22:00:14.356079+00:00,True,merged,7.484166666666667,valid,190.0,140.0,7.0,1.0,330.0
599431918,14630,human_candidate,2026-08-27T22:00:14.356079+00:00,True,merged,5.591388888888889,valid,16.0,13.0,2.0,1.0,29.0
599431918,14695,human_candidate,2026-08-27T22:00:14.356079+00:00,True,merged,8.073611111111111,valid,18.0,9.0,2.0,1.0,27.0
599431918,14737,human_candidate,2026-08-27T22:00:14.356079+00:00,True,merged,0.6122222222222222,valid,18.0,27.0,3.0,1.0,45.0
599431918,14802,agentic,2026-08-27T22:00:14.356079+00:00,True,closed_unmerged,,not_merged,156.0,23.0,1.0,1.0,179.0
599431918,15464,human_candidate,2026-08-27T22:00:14.356079+00:00,True,merged,45.147222222222226,valid,65.0,65.0,1.0,1.0,130.0
599431918,16188,human_candidate,2026-08-27T22:00:14.356079+00:00,True,merged,14.198611111111111,valid,208.0,187.0,1.0,7.0,395.0
599431918,16400,agentic,2026-08-27T22:00:14.356079+00:00,True,merged,8.07638888888889,valid,54.0,46.0,6.0,8.0,100.0
599431918,16630,human_candidate,2026-08-27T22:00:14.356079+00:00,True,merged,3.4027777777777777,valid,9.0,7.0,1.0,1.0,16.0
599431918,16835,human_candidate,2026-08-27T22:00:14.356079+00:00,True,merged,1.0175,valid,78.0,54.0,2.0,1.0,132.0
599431918,17379,human_candidate,2026-08-27T22:00:14.356079+00:00,True,merged,8.004444444444445,valid,30.0,12.0,2.0,1.0,42.0
599431918,17399,human_candidate,2026-08-27T22:00:14.356079+00:00,True,merged,0.24055555555555555,valid,9.0,3.0,1.0,1.0,12.0
599431918,17797,human_candidate,2026-08-27T22:00:14.356079+00:00,True,merged,28.95277777777778,valid,13.0,6.0,1.0,1.0,19.0
599431918,18034,human_candidate,2026-08-27T22:00:14.356079+00:00,True,merged,1.0275,valid,1.0,0.0,1.0,1.0,1.0
599431918,18175,agentic,2026-08-27T22:00:14.356079+00:00,True,merged,0.4225,valid,6.0,4.0,1.0,1.0,10.0
599431918,18454,agentic,2026-08-27T22:00:14.356079+00:00,True,closed_unmerged,,not_merged,87.0,7.0,6.0,1.0,94.0
599431918,18476,agentic,2026-08-27T22:00:14.356079+00:00,True,closed_unmerged,,not_merged,204.0,140.0,33.0,1.0,344.0
599431918,18584,agentic,2026-08-27T22:00:14.356079+00:00,True,merged,0.4905555555555556,valid,58.0,15.0,2.0,5.0,73.0
599431918,18921,agentic,2026-08-27T22:00:14.356079+00:00,True,merged,3.137777777777778,valid,20.0,16.0,5.0,1.0,36.0
599431918,19028,human_candidate,2026-08-27T22:00:14.356079+00:00,True,merged,1.4280555555555556,valid,45.0,30.0,2.0,1.0,75.0
599431918,19543,human_candidate,2026-08-27T22:00:14.356079+00:00,True,merged,122.86444444444444,valid,15.0,1.0,1.0,1.0,16.0
599431918,19851,human_candidate,2026-08-27T22:00:14.356079+00:00,True,merged,2.0588888888888888,valid,49.0,13.0,2.0,1.0,62.0
599431918,20136,agentic,2026-08-27T22:00:14.356079+00:00,True,closed_unmerged,,not_merged,38.0,29.0,2.0,2.0,67.0
599431918,20189,human_candidate,2026-08-27T22:00:14.356079+00:00,True,merged,1.238611111111111,valid,15.0,13.0,1.0,1.0,28.0
599431918,20249,human_candidate,2026-08-27T22:00:14.356079+00:00,True,merged,0.3811111111111111,valid,4.0,2.0,1.0,1.0,6.0
599431918,20312,human_candidate,2026-08-27T22:00:14.356079+00:00,True,merged,0.5605555555555556,valid,259.0,1.0,3.0,1.0,260.0
599431918,20314,human_candidate,2026-08-27T22:00:14.356079+00:00,True,closed_unmerged,,not_merged,12.0,22.0,1.0,1.0,34.0
599431918,20318,human_candidate,2026-08-27T22:00:14.356079+00:00,True,merged,1.7222222222222223,valid,85.0,65.0,1.0,1.0,150.0
599431918,20381,human_candidate,2026-08-27T22:00:14.356079+00:00,True,closed_unmerged,,not_merged,59.0,37.0,2.0,1.0,96.0
599431918,20509,human_candidate,2026-08-27T22:00:14.356079+00:00,True,merged,60.971944444444446,valid,14.0,8.0,4.0,1.0,22.0
599431918,20826,human_candidate,2026-08-27T22:00:14.356079+00:00,True,merged,24.153055555555557,valid,9.0,1.0,1.0,1.0,10.0
599431918,20910,human_candidate,2026-08-27T22:00:14.356079+00:00,True,closed_unmerged,,not_merged,14.0,2.0,1.0,2.0,16.0
599431918,21020,human_candidate,2026-08-27T22:00:14.356079+00:00,True,merged,2.604722222222222,valid,27.0,11.0,10.0,1.0,38.0
599431918,21339,human_candidate,2026-08-27T22:00:14.356079+00:00,True,merged,0.9147222222222222,valid,3.0,3.0,1.0,1.0,6.0
599431918,21622,human_candidate,2026-08-27T22:00:14.356079+00:00,True,merged,0.925,valid,25.0,5.0,1.0,1.0,30.0
599431918,21709,human_candidate,2026-08-27T22:00:14.356079+00:00,True,merged,0.4766666666666667,valid,111.0,44.0,23.0,1.0,155.0
599431918,21811,human_candidate,2026-08-27T22:00:14.356079+00:00,True,merged,0.31166666666666665,valid,25.0,11.0,4.0,1.0,36.0
599431918,22081,agentic,2026-08-27T22:00:14.356079+00:00,True,merged,0.18888888888888888,valid,20.0,11.0,3.0,1.0,31.0
599431918,22212,agentic,2026-08-27T22:00:14.356079+00:00,True,merged,0.12305555555555556,valid,2.0,1.0,1.0,1.0,3.0
599431918,22438,human_candidate,2026-08-27T22:00:14.356079+00:00,True,closed_unmerged,,not_merged,1438.0,7.0,88.0,1.0,1445.0
599431918,22509,agentic,2026-08-27T22:00:14.356079+00:00,True,closed_unmerged,,not_merged,47.0,11.0,1.0,1.0,58.0
599431918,22562,agentic,2026-08-27T22:00:14.356079+00:00,True,closed_unmerged,,not_merged,407.0,4.0,9.0,2.0,411.0
599431918,22578,agentic,2026-08-27T22:00:14.356079+00:00,True,merged,0.17416666666666666,valid,270.0,254.0,2.0,1.0,524.0
599431918,22588,agentic,2026-08-27T22:00:14.356079+00:00,True,merged,2.1277777777777778,valid,46.0,36.0,2.0,1.0,82.0
599431918,22598,agentic,2026-08-27T22:00:14.356079+00:00,True,merged,0.29638888888888887,valid,15.0,9.0,1.0,1.0,24.0
599431918,22600,agentic,2026-08-27T22:00:14.356079+00:00,True,merged,0.2038888888888889,valid,119.0,121.0,2.0,1.0,240.0
599431918,22601,agentic,2026-08-27T22:00:14.356079+00:00,True,merged,0.7813888888888889,valid,7.0,10.0,3.0,1.0,17.0
599431918,22602,agentic,2026-08-27T22:00:14.356079+00:00,True,merged,0.20527777777777778,valid,54.0,34.0,4.0,1.0,88.0
599431918,22610,human_candidate,2026-08-27T22:00:14.356079+00:00,True,closed_unmerged,,not_merged,30.0,10.0,3.0,1.0,40.0
599431918,22669,agentic,2026-08-27T22:00:14.356079+00:00,True,closed_unmerged,,not_merged,28.0,9.0,2.0,3.0,37.0
599431918,22694,agentic,2026-08-27T22:00:14.356079+00:00,True,closed_unmerged,,not_merged,152.0,23.0,5.0,1.0,175.0
600113513,2088,agentic,2026-08-27T22:00:14.356079+00:00,True,merged,0.5475,valid,48.0,16.0,1.0,2.0,64.0
601303277,1749,agentic,2026-08-27T22:00:14.356079+00:00,True,closed_unmerged,,not_merged,366.0,392.0,107.0,2.0,758.0
601388007,158,human_candidate,2026-08-27T22:00:14.356079+00:00,True,merged,0.02638888888888889,valid,589.0,10.0,7.0,5.0,599.0
601388007,220,human_candidate,2026-08-27T22:00:14.356079+00:00,True,merged,0.9544444444444444,valid,790.0,692.0,10.0,6.0,1482.0
603860295,1402,human_candidate,2026-08-27T22:00:14.356079+00:00,True,merged,138.09777777777776,valid,618.0,571.0,10.0,1.0,1189.0
603860295,2286,human_candidate,2026-08-27T22:00:14.356079+00:00,True,merged,2.575,valid,11.0,5.0,1.0,1.0,16.0
605995490,2051,human_candidate,2026-08-27T22:00:14.356079+00:00,True,merged,22.989166666666666,valid,318.0,198.0,139.0,15.0,516.0
612354784,13806,human_candidate,2026-08-27T22:00:14.356079+00:00,True,merged,5.560277777777777,valid,2.0,2.0,1.0,2.0,4.0
612354784,14317,human_candidate,2026-08-27T22:00:14.356079+00:00,True,merged,104.62777777777778,valid,996.0,853.0,29.0,92.0,1849.0
612354784,14918,human_candidate,2026-08-27T22:00:14.356079+00:00,True,open,,not_merged,1402.0,988.0,4.0,3.0,2390.0
612354784,14978,human_candidate,2026-08-27T22:00:14.356079+00:00,True,merged,113.5025,valid,501.0,441.0,2.0,9.0,942.0
612354784,15385,human_candidate,2026-08-27T22:00:14.356079+00:00,True,merged,25.638055555555557,valid,66.0,1.0,2.0,3.0,67.0
612354784,15434,human_candidate,2026-08-27T22:00:14.356079+00:00,True,merged,256.795,valid,235.0,72.0,19.0,8.0,307.0
612354784,15719,human_candidate,2026-08-27T22:00:14.356079+00:00,True,open,,not_merged,939.0,19.0,5.0,7.0,958.0
612354784,16056,human_candidate,2026-08-27T22:00:14.356079+00:00,True,merged,64.14416666666666,valid,187.0,199.0,4.0,2.0,386.0
612354784,16265,human_candidate,2026-08-27T22:00:14.356079+00:00,True,merged,156.00805555555556,valid,2.0,6.0,3.0,1.0,8.0
612354784,16636,human_candidate,2026-08-27T22:00:14.356079+00:00,True,merged,520.5983333333334,valid,31.0,2.0,1.0,1.0,33.0
612354784,16810,human_candidate,2026-08-27T22:00:14.356079+00:00,True,merged,202.275,valid,103.0,30.0,2.0,9.0,133.0
612354784,17427,human_candidate,2026-08-27T22:00:14.356079+00:00,True,merged,215.4188888888889,valid,13.0,6.0,1.0,1.0,19.0
612354784,17892,human_candidate,2026-08-27T22:00:14.356079+00:00,True,merged,83.85833333333333,valid,331.0,2.0,7.0,1.0,333.0
612354784,18096,human_candidate,2026-08-27T22:00:14.356079+00:00,True,merged,21.997222222222224,valid,605.0,0.0,4.0,9.0,605.0
612354784,18666,human_candidate,2026-08-27T22:00:14.356079+00:00,True,merged,75.33583333333333,valid,10.0,7.0,1.0,1.0,17.0
612354784,19780,human_candidate,2026-08-27T22:00:14.356079+00:00,True,closed_unmerged,,not_merged,102.0,36.0,2.0,11.0,138.0
612354784,19840,human_candidate,2026-08-27T22:00:14.356079+00:00,True,merged,174.225,valid,879.0,4.0,7.0,9.0,883.0
612354784,20020,agentic,2026-08-27T22:00:14.356079+00:00,True,closed_unmerged,,not_merged,4.0,4.0,1.0,1.0,8.0
612354784,20250,agentic,2026-08-27T22:00:14.356079+00:00,True,merged,19.38138888888889,valid,20.0,0.0,2.0,1.0,20.0
612354784,20282,human_candidate,2026-08-27T22:00:14.356079+00:00,True,closed_unmerged,,not_merged,59.0,29.0,1.0,3.0,88.0
612354784,20525,human_candidate,2026-08-27T22:00:14.356079+00:00,True,merged,205.64694444444444,valid,197.0,25.0,21.0,5.0,222.0
612354784,20551,human_candidate,2026-08-27T22:00:14.356079+00:00,True,merged,15.035,valid,5.0,5.0,1.0,2.0,10.0
612354784,20640,human_candidate,2026-08-27T22:00:14.356079+00:00,True,merged,1.5094444444444444,valid,2.0,2.0,2.0,1.0,4.0
612354784,20943,human_candidate,2026-08-27T22:00:14.356079+00:00,True,merged,5.651944444444444,valid,26.0,26.0,8.0,2.0,52.0
612354784,21344,human_candidate,2026-08-27T22:00:14.356079+00:00,True,closed_unmerged,,not_merged,51.0,9.0,2.0,6.0,60.0
612354784,21443,human_candidate,2026-08-27T22:00:14.356079+00:00,True,open,,not_merged,96.0,83.0,5.0,3.0,179.0
612354784,22008,human_candidate,2026-08-27T22:00:14.356079+00:00,True,closed_unmerged,,not_merged,1029.0,198.0,17.0,5.0,1227.0
612354784,22330,human_candidate,2026-08-27T22:00:14.356079+00:00,True,merged,36.028055555555554,valid,62.0,79.0,1.0,1.0,141.0
612354784,22768,human_candidate,2026-08-27T22:00:14.356079+00:00,True,merged,21.329722222222223,valid,98.0,1.0,2.0,1.0,99.0
612354784,22812,human_candidate,2026-08-27T22:00:14.356079+00:00,True,merged,33.9375,valid,105.0,10.0,14.0,5.0,115.0
612354784,22821,human_candidate,2026-08-27T22:00:14.356079+00:00,True,closed_unmerged,,not_merged,421.0,38.0,5.0,10.0,459.0
612354784,23083,human_candidate,2026-08-27T22:00:14.356079+00:00,True,closed_unmerged,,not_merged,5.0,3.0,1.0,1.0,8.0
612354784,23198,human_candidate,2026-08-27T22:00:14.356079+00:00,True,merged,5.131666666666667,valid,91.0,27.0,10.0,3.0,118.0
612354784,23309,agentic,2026-08-27T22:00:14.356079+00:00,True,open,,not_merged,138.0,198.0,1.0,2.0,336.0
612354784,23339,human_candidate,2026-08-27T22:00:14.356079+00:00,True,closed_unmerged,,not_merged,15.0,15.0,3.0,1.0,30.0
612354784,23349,human_candidate,2026-08-27T22:00:14.356079+00:00,True,merged,9.551388888888889,valid,2.0,0.0,1.0,3.0,2.0
612354784,23402,human_candidate,2026-08-27T22:00:14.356079+00:00,True,open,,not_merged,198.0,2.0,2.0,1.0,200.0
612354784,23411,human_candidate,2026-08-27T22:00:14.356079+00:00,True,merged,23.09138888888889,valid,113.0,42.0,3.0,5.0,155.0
612354784,23492,human_candidate,2026-08-27T22:00:14.356079+00:00,True,open,,not_merged,762.0,0.0,4.0,7.0,762.0
612354784,23510,human_candidate,2026-08-27T22:00:14.356079+00:00,True,open,,not_merged,27.0,3.0,3.0,1.0,30.0
612354784,23696,human_candidate,2026-08-27T22:00:14.356079+00:00,True,closed_unmerged,,not_merged,21035.0,86.0,13.0,5.0,21121.0
612354784,23807,human_candidate,2026-08-27T22:00:14.356079+00:00,True,closed_unmerged,,not_merged,2.0,2.0,1.0,1.0,4.0
612354784,23915,agentic,2026-08-27T22:00:14.356079+00:00,True,open,,not_merged,2.0,2.0,1.0,1.0,4.0
612354784,23940,human_candidate,2026-08-27T22:00:14.356079+00:00,True,merged,786.955,valid,135.0,27.0,3.0,2.0,162.0
614765452,13047,human_candidate,2026-08-27T22:00:14.356079+00:00,True,merged,15.481944444444444,valid,1026.0,216.0,15.0,35.0,1242.0
615684995,666,human_candidate,2026-08-27T22:00:14.356079+00:00,True,merged,0.01361111111111111,valid,17.0,2.0,2.0,1.0,19.0
620004347,1676,human_candidate,2026-08-27T22:00:14.356079+00:00,True,open,,not_merged,19.0,2.0,1.0,1.0,21.0
622646426,686,agentic,2026-08-27T22:00:14.356079+00:00,True,merged,743.7797222222222,valid,476.0,39.0,5.0,9.0,515.0
622903599,734,human_candidate,2026-08-27T22:00:14.356079+00:00,True,closed_unmerged,,not_merged,134393.0,65788.0,620.0,880.0,200181.0
631840812,309,agentic,2026-08-27T22:00:14.356079+00:00,True,merged,15.886666666666667,valid,19.0,30.0,5.0,4.0,49.0
633262635,5985,human_candidate,2026-08-27T22:00:14.356079+00:00,True,merged,0.7597222222222222,valid,46.0,58.0,6.0,6.0,104.0
633927609,3046,agentic,2026-08-27T22:00:14.356079+00:00,True,closed_unmerged,,not_merged,34.0,12.0,3.0,1.0,46.0
633927609,3047,agentic,2026-08-27T22:00:14.356079+00:00,True,closed_unmerged,,not_merged,37.0,10.0,4.0,3.0,47.0
633927609,5117,human_candidate,2026-08-27T22:00:14.356079+00:00,True,closed_unmerged,,not_merged,128.0,0.0,3.0,1.0,128.0
634043200,4645,human_candidate,2026-08-27T22:00:14.356079+00:00,True,closed_unmerged,,not_merged,80.0,1.0,4.0,4.0,81.0
634043200,5985,human_candidate,2026-08-27T22:00:14.356079+00:00,True,closed_unmerged,,not_merged,0.0,11.0,1.0,4.0,11.0
634043200,6110,human_candidate,2026-08-27T22:00:14.356079+00:00,True,closed_unmerged,,not_merged,40.0,3.0,2.0,3.0,43.0
634043200,6210,agentic,2026-08-27T22:00:14.356079+00:00,True,closed_unmerged,,not_merged,28.0,9.0,2.0,1.0,37.0
634043200,6212,agentic,2026-08-27T22:00:14.356079+00:00,True,closed_unmerged,,not_merged,11.0,0.0,1.0,1.0,11.0
634043200,6213,agentic,2026-08-27T22:00:14.356079+00:00,True,closed_unmerged,,not_merged,10.0,2.0,1.0,1.0,12.0
634043200,6218,human_candidate,2026-08-27T22:00:14.356079+00:00,True,closed_unmerged,,not_merged,15.0,5.0,1.0,1.0,20.0
634043200,6221,agentic,2026-08-27T22:00:14.356079+00:00,True,closed_unmerged,,not_merged,60.0,38.0,1.0,1.0,98.0
634043200,6225,human_candidate,2026-08-27T22:00:14.356079+00:00,True,closed_unmerged,,not_merged,27.0,0.0,2.0,1.0,27.0
634043200,6228,agentic,2026-08-27T22:00:14.356079+00:00,True,closed_unmerged,,not_merged,85.0,38.0,2.0,1.0,123.0
634043200,6229,agentic,2026-08-27T22:00:14.356079+00:00,True,closed_unmerged,,not_merged,35.0,2.0,2.0,1.0,37.0
634043200,6230,agentic,2026-08-27T22:00:14.356079+00:00,True,closed_unmerged,,not_merged,53.0,9.0,3.0,1.0,62.0
634043200,6233,agentic,2026-08-27T22:00:14.356079+00:00,True,closed_unmerged,,not_merged,36.0,0.0,2.0,1.0,36.0
634043200,6243,agentic,2026-08-27T22:00:14.356079+00:00,True,closed_unmerged,,not_merged,30.0,2.0,2.0,1.0,32.0
634043200,6244,agentic,2026-08-27T22:00:14.356079+00:00,True,closed_unmerged,,not_merged,27.0,2.0,2.0,1.0,29.0
634043200,6245,agentic,2026-08-27T22:00:14.356079+00:00,True,closed_unmerged,,not_merged,31.0,8.0,3.0,1.0,39.0
634043200,6319,agentic,2026-08-27T22:00:14.356079+00:00,True,closed_unmerged,,not_merged,268.0,20.0,3.0,2.0,288.0
634043200,6523,human_candidate,2026-08-27T22:00:14.356079+00:00,True,closed_unmerged,,not_merged,42.0,24.0,3.0,4.0,66.0
634043200,6633,agentic,2026-08-27T22:00:14.356079+00:00,True,open,,not_merged,2247.0,1586.0,7.0,19.0,3833.0
638951438,3549,human_candidate,2026-08-27T22:00:14.356079+00:00,True,merged,0.5172222222222222,valid,115.0,12.0,3.0,1.0,127.0
638951438,4098,agentic,2026-08-27T22:00:14.356079+00:00,True,closed_unmerged,,not_merged,1.0,0.0,1.0,1.0,1.0
638951438,5151,human_candidate,2026-08-27T22:00:14.356079+00:00,True,merged,16.861944444444443,valid,125.0,41.0,2.0,3.0,166.0
638951438,5599,human_candidate,2026-08-27T22:00:14.356079+00:00,True,merged,20.182777777777776,valid,55.0,29.0,5.0,9.0,84.0
638951438,6713,human_candidate,2026-08-27T22:00:14.356079+00:00,True,merged,26.114722222222223,valid,1273.0,111.0,16.0,9.0,1384.0
639079153,1154,human_candidate,2026-08-27T22:00:14.356079+00:00,True,merged,244.73777777777778,valid,434.0,50.0,11.0,56.0,484.0
639195966,883,human_candidate,2026-08-27T22:00:14.356079+00:00,True,merged,7.398333333333333,valid,5.0,6.0,1.0,2.0,11.0
639472514,6661,human_candidate,2026-08-27T22:00:14.356079+00:00,True,merged,8.243611111111111,valid,15.0,48.0,3.0,1.0,63.0
639472514,8308,human_candidate,2026-08-27T22:00:14.356079+00:00,True,merged,177.34583333333333,valid,79.0,63.0,7.0,3.0,142.0
642497346,7585,agentic,2026-08-27T22:00:14.356079+00:00,True,closed_unmerged,,not_merged,753.0,69.0,7.0,1.0,822.0
642497346,7895,agentic,2026-08-27T22:00:14.356079+00:00,True,merged,1.0075,valid,4.0,4.0,2.0,4.0,8.0
642497346,11921,agentic,2026-08-27T22:00:14.356079+00:00,True,merged,50.4575,valid,137.0,5.0,11.0,8.0,142.0
642497346,12572,agentic,2026-08-27T22:00:14.356079+00:00,True,closed_unmerged,,not_merged,1216.0,683.0,22.0,3.0,1899.0
642497346,13479,agentic,2026-08-27T22:00:14.356079+00:00,True,closed_unmerged,,not_merged,244.0,17.0,11.0,3.0,261.0
642868297,429,human_candidate,2026-08-27T22:00:14.356079+00:00,True,merged,0.20472222222222222,valid,16.0,2.0,2.0,1.0,18.0
642983964,309,human_candidate,2026-08-27T22:00:14.356079+00:00,True,merged,602.8863888888889,valid,295.0,4.0,5.0,35.0,299.0
643629784,641,agentic,2026-08-27T22:00:14.356079+00:00,True,merged,0.004722222222222222,valid,1.0,1.0,1.0,1.0,2.0
643647588,2085,agentic,2026-08-27T22:00:14.356079+00:00,True,closed_unmerged,,not_merged,16.0,2.0,1.0,1.0,18.0
643971174,1938,human_candidate,2026-08-27T22:00:14.356079+00:00,True,merged,149.0525,valid,330.0,62.0,12.0,50.0,392.0
643971174,3203,human_candidate,2026-08-27T22:00:14.356079+00:00,True,merged,0.5977777777777777,valid,11.0,2.0,4.0,1.0,13.0
643978507,2143,agentic,2026-08-27T22:00:14.356079+00:00,True,merged,0.03861111111111111,valid,2.0,2.0,1.0,1.0,4.0
643978507,2144,agentic,2026-08-27T22:00:14.356079+00:00,True,merged,0.009166666666666667,valid,1.0,0.0,1.0,1.0,1.0
644499668,246,agentic,2026-08-27T22:00:14.356079+00:00,True,merged,3.376388888888889,valid,131931.0,245421.0,3.0,2.0,377352.0
644499668,263,agentic,2026-08-27T22:00:14.356079+00:00,True,merged,0.0033333333333333335,valid,12.0,4.0,1.0,1.0,16.0
645180041,932,agentic,2026-08-27T22:00:14.356079+00:00,True,merged,0.012777777777777779,valid,38.0,4.0,5.0,1.0,42.0
645180041,934,agentic,2026-08-27T22:00:14.356079+00:00,True,merged,0.08333333333333333,valid,16.0,8.0,1.0,1.0,24.0
645180041,961,agentic,2026-08-27T22:00:14.356079+00:00,True,merged,13.379166666666666,valid,201.0,37.0,7.0,3.0,238.0
645180041,970,agentic,2026-08-27T22:00:14.356079+00:00,True,merged,0.6263888888888889,valid,466.0,28.0,8.0,3.0,494.0
645180041,972,agentic,2026-08-27T22:00:14.356079+00:00,True,merged,0.29527777777777775,valid,283.0,23.0,5.0,2.0,306.0
645180041,973,agentic,2026-08-27T22:00:14.356079+00:00,True,merged,0.2361111111111111,valid,954.0,80.0,9.0,3.0,1034.0
645180041,974,agentic,2026-08-27T22:00:14.356079+00:00,True,merged,5.646388888888889,valid,657.0,232.0,14.0,2.0,889.0
645180041,976,agentic,2026-08-27T22:00:14.356079+00:00,True,merged,18.6975,valid,101.0,41.0,1.0,2.0,142.0
645180041,996,agentic,2026-08-27T22:00:14.356079+00:00,True,closed_unmerged,,not_merged,298.0,23.0,12.0,3.0,321.0
645180041,997,agentic,2026-08-27T22:00:14.356079+00:00,True,merged,17.0175,valid,342.0,115.0,16.0,4.0,457.0
645692075,4987,human_candidate,2026-08-27T22:00:14.356079+00:00,True,merged,1.0902777777777777,valid,33.0,24.0,10.0,1.0,57.0
647427819,1787,agentic,2026-08-27T22:00:14.356079+00:00,True,merged,3.3544444444444443,valid,49.0,11.0,2.0,1.0,60.0
647509652,4579,agentic,2026-08-27T22:00:14.356079+00:00,True,merged,0.5575,valid,458.0,511.0,1.0,3.0,969.0
647509652,4787,agentic,2026-08-27T22:00:14.356079+00:00,True,merged,0.025277777777777777,valid,150.0,23.0,4.0,2.0,173.0
647509652,5559,human_candidate,2026-08-27T22:00:14.356079+00:00,True,merged,1.316111111111111,valid,2.0,2.0,1.0,1.0,4.0
650377372,6544,human_candidate,2026-08-27T22:00:14.356079+00:00,True,closed_unmerged,,not_merged,293.0,37.0,5.0,5.0,330.0
650377372,6642,agentic,2026-08-27T22:00:14.356079+00:00,True,closed_unmerged,,not_merged,0.0,0.0,0.0,0.0,0.0
650377372,6883,human_candidate,2026-08-27T22:00:14.356079+00:00,True,closed_unmerged,,not_merged,386.0,11.0,4.0,2.0,397.0
651622038,1047,human_candidate,2026-08-27T22:00:14.356079+00:00,True,merged,0.5119444444444444,valid,13.0,9.0,1.0,4.0,22.0
651622038,1541,human_candidate,2026-08-27T22:00:14.356079+00:00,True,open,,not_merged,1861.0,26.0,17.0,19.0,1887.0
653589102,2264,agentic,2026-08-27T22:00:14.356079+00:00,True,closed_unmerged,,not_merged,225.0,155.0,5.0,2.0,380.0
655181249,1657,agentic,2026-08-27T22:00:14.356079+00:00,True,merged,3.5591666666666666,valid,57.0,109.0,4.0,4.0,166.0
664013991,1505,human_candidate,2026-08-27T22:00:14.356079+00:00,True,open,,not_merged,8.0,1.0,1.0,1.0,9.0
665613753,505,agentic,2026-08-27T22:00:14.356079+00:00,True,merged,9.735833333333334,valid,32.0,6.0,2.0,5.0,38.0
665613753,1702,human_candidate,2026-08-27T22:00:14.356079+00:00,True,merged,10.108333333333333,valid,261.0,38.0,15.0,7.0,299.0
669466632,795,agentic,2026-08-27T22:00:14.356079+00:00,True,merged,16.328055555555554,valid,939.0,271.0,47.0,31.0,1210.0
673010778,1354,human_candidate,2026-08-27T22:00:14.356079+00:00,True,closed_unmerged,,not_merged,223.0,8.0,3.0,11.0,231.0
673010778,2329,agentic,2026-08-27T22:00:14.356079+00:00,True,closed_unmerged,,not_merged,208.0,0.0,3.0,8.0,208.0
674225653,1535,agentic,2026-08-27T22:00:14.356079+00:00,True,merged,3.700277777777778,valid,5.0,1.0,1.0,1.0,6.0
675740952,682,human_candidate,2026-08-27T22:00:14.356079+00:00,True,merged,171.4636111111111,valid,347.0,85.0,3.0,1.0,432.0
675740952,1056,human_candidate,2026-08-27T22:00:14.356079+00:00,True,merged,1.0122222222222221,valid,254.0,8.0,6.0,1.0,262.0
675740952,1177,human_candidate,2026-08-27T22:00:14.356079+00:00,True,merged,22.3725,valid,250.0,185.0,3.0,5.0,435.0
675740952,1301,human_candidate,2026-08-27T22:00:14.356079+00:00,True,merged,1.4425,valid,446.0,263.0,1.0,1.0,709.0
675740952,1582,human_candidate,2026-08-27T22:00:14.356079+00:00,True,merged,3.480277777777778,valid,3.0,3.0,2.0,2.0,6.0
675740952,2131,human_candidate,2026-08-27T22:00:14.356079+00:00,True,merged,1.93,valid,325.0,79.0,3.0,5.0,404.0
675859069,1174,agentic,2026-08-27T22:00:14.356079+00:00,True,closed_unmerged,,not_merged,21.0,16.0,5.0,4.0,37.0
675859069,1236,agentic,2026-08-27T22:00:14.356079+00:00,True,merged,140.14277777777778,valid,21.0,17.0,2.0,1.0,38.0
675859069,1237,agentic,2026-08-27T22:00:14.356079+00:00,True,closed_unmerged,,not_merged,19.0,12.0,2.0,1.0,31.0
675859069,1238,agentic,2026-08-27T22:00:14.356079+00:00,True,closed_unmerged,,not_merged,59.0,38.0,1.0,1.0,97.0
676672661,4888,human_candidate,2026-08-27T22:00:14.356079+00:00,True,merged,16.103055555555557,valid,32.0,6.0,3.0,1.0,38.0
676672661,7426,human_candidate,2026-08-27T22:00:14.356079+00:00,True,closed_unmerged,,not_merged,53.0,20.0,2.0,1.0,73.0
676672661,7902,human_candidate,2026-08-27T22:00:14.356079+00:00,True,closed_unmerged,,not_merged,63.0,13.0,1.0,1.0,76.0
678526156,3760,human_candidate,2026-08-27T22:00:14.356079+00:00,True,merged,9.82638888888889,valid,383.0,329.0,13.0,2.0,712.0
678526156,9528,human_candidate,2026-08-27T22:00:14.356079+00:00,True,merged,0.6461111111111111,valid,372.0,50.0,6.0,2.0,422.0
678526156,9691,human_candidate,2026-08-27T22:00:14.356079+00:00,True,merged,5.873055555555555,valid,201.0,137.0,12.0,4.0,338.0
679280065,8691,agentic,2026-08-27T22:00:14.356079+00:00,True,closed_unmerged,,not_merged,374.0,104.0,14.0,4.0,478.0
679280065,9210,agentic,2026-08-27T22:00:14.356079+00:00,True,closed_unmerged,,not_merged,407.0,1.0,5.0,1.0,408.0
679601811,2672,human_candidate,2026-08-27T22:00:14.356079+00:00,True,merged,67.92305555555555,valid,5.0,53.0,1.0,1.0,58.0
679601811,2709,human_candidate,2026-08-27T22:00:14.356079+00:00,True,merged,1.2872222222222223,valid,5.0,0.0,1.0,1.0,5.0
679601811,3159,human_candidate,2026-08-27T22:00:14.356079+00:00,True,merged,0.5641666666666667,valid,18.0,20.0,4.0,1.0,38.0
679784368,1633,agentic,2026-08-27T22:00:14.356079+00:00,True,closed_unmerged,,not_merged,105.0,105.0,24.0,2.0,210.0
679784368,1877,agentic,2026-08-27T22:00:14.356079+00:00,True,merged,6.199722222222222,valid,16.0,14.0,1.0,4.0,30.0
681331591,1047,agentic,2026-08-27T22:00:14.356079+00:00,True,merged,0.7516666666666667,valid,33.0,77.0,6.0,4.0,110.0
681372871,1330,human_candidate,2026-08-27T22:00:14.356079+00:00,True,merged,8.463611111111112,valid,72.0,48.0,1.0,7.0,120.0
681372871,1571,agentic,2026-08-27T22:00:14.356079+00:00,True,merged,0.09083333333333334,valid,2.0,1.0,1.0,2.0,3.0
686916383,411,agentic,2026-08-27T22:00:14.356079+00:00,True,closed_unmerged,,not_merged,36.0,15.0,6.0,3.0,51.0
686916383,439,human_candidate,2026-08-27T22:00:14.356079+00:00,True,merged,0.10361111111111111,valid,57.0,18.0,2.0,2.0,75.0
694709543,993,human_candidate,2026-08-27T22:00:14.356079+00:00,True,merged,2.946388888888889,valid,30.0,15.0,4.0,3.0,45.0
699532645,18394,human_candidate,2026-08-27T22:00:14.356079+00:00,True,merged,19.162777777777777,valid,309.0,190.0,5.0,4.0,499.0
699532645,19383,agentic,2026-08-27T22:00:14.356079+00:00,True,merged,21.891111111111112,valid,64.0,25.0,4.0,2.0,89.0
699532645,19425,human_candidate,2026-08-27T22:00:14.356079+00:00,True,merged,3.0605555555555557,valid,39.0,2.0,1.0,2.0,41.0
701494311,2467,agentic,2026-08-27T22:00:14.356079+00:00,True,merged,20.986944444444443,valid,309.0,79.0,8.0,4.0,388.0
701494311,3595,agentic,2026-08-27T22:00:14.356079+00:00,True,closed_unmerged,,not_merged,71.0,69.0,32.0,3.0,140.0
701547123,19680,human_candidate,2026-08-27T22:00:14.356079+00:00,True,merged,0.3438888888888889,valid,0.0,1.0,1.0,1.0,1.0
701547123,20978,human_candidate,2026-08-27T22:00:14.356079+00:00,True,closed_unmerged,,not_merged,39.0,3.0,2.0,1.0,42.0
701547123,21019,human_candidate,2026-08-27T22:00:14.356079+00:00,True,merged,21.54722222222222,valid,12.0,20.0,3.0,1.0,32.0
701547123,21947,human_candidate,2026-08-27T22:00:14.356079+00:00,True,closed_unmerged,,not_merged,1.0,1.0,1.0,1.0,2.0
701547123,22100,human_candidate,2026-08-27T22:00:14.356079+00:00,True,merged,0.8022222222222222,valid,7.0,2.0,1.0,1.0,9.0
701547123,22982,human_candidate,2026-08-27T22:00:14.356079+00:00,True,merged,14.401111111111112,valid,0.0,3.0,1.0,1.0,3.0
701547123,23539,human_candidate,2026-08-27T22:00:14.356079+00:00,True,open,,not_merged,14.0,5.0,2.0,1.0,19.0
701547123,23799,human_candidate,2026-08-27T22:00:14.356079+00:00,True,merged,15.603333333333333,valid,4.0,2.0,1.0,1.0,6.0
701547123,24288,human_candidate,2026-08-27T22:00:14.356079+00:00,True,merged,181.6172222222222,valid,47.0,16.0,1.0,1.0,63.0
701547123,24951,human_candidate,2026-08-27T22:00:14.356079+00:00,True,closed_unmerged,,not_merged,555.0,119.0,8.0,3.0,674.0
701547123,24956,human_candidate,2026-08-27T22:00:14.356079+00:00,True,closed_unmerged,,not_merged,279.0,121.0,5.0,2.0,400.0
701547123,25066,agentic,2026-08-27T22:00:14.356079+00:00,True,closed_unmerged,,not_merged,137.0,27.0,2.0,1.0,164.0
701547123,25070,agentic,2026-08-27T22:00:14.356079+00:00,True,closed_unmerged,,not_merged,135.0,24.0,2.0,1.0,159.0
701547123,25071,agentic,2026-08-27T22:00:14.356079+00:00,True,closed_unmerged,,not_merged,135.0,24.0,2.0,1.0,159.0
701547123,25194,agentic,2026-08-27T22:00:14.356079+00:00,True,closed_unmerged,,not_merged,135.0,24.0,2.0,1.0,159.0
707441527,3856,human_candidate,2026-08-27T22:00:14.356079+00:00,True,closed_unmerged,,not_merged,543.0,0.0,6.0,2.0,543.0
707441527,3953,human_candidate,2026-08-27T22:00:14.356079+00:00,True,merged,3.4677777777777776,valid,50.0,38.0,5.0,2.0,88.0
707441527,5402,human_candidate,2026-08-27T22:00:14.356079+00:00,True,closed_unmerged,,not_merged,109.0,40.0,1.0,25.0,149.0
708452754,919,human_candidate,2026-08-27T22:00:14.356079+00:00,True,merged,8.2125,valid,1612.0,35.0,17.0,3.0,1647.0
711022854,1005,human_candidate,2026-08-27T22:00:14.356079+00:00,True,merged,194.33833333333334,valid,1190.0,26.0,19.0,10.0,1216.0
718314761,1762,human_candidate,2026-08-27T22:00:14.356079+00:00,True,merged,234.55083333333334,valid,8.0,3.0,4.0,1.0,11.0
718741813,545,agentic,2026-08-27T22:00:14.356079+00:00,True,closed_unmerged,,not_merged,46.0,5.0,1.0,1.0,51.0
720209383,569,agentic,2026-08-27T22:00:14.356079+00:00,True,closed_unmerged,,not_merged,66.0,50.0,3.0,2.0,116.0
720209383,1417,agentic,2026-08-27T22:00:14.356079+00:00,True,merged,3.2469444444444444,valid,642.0,376.0,9.0,6.0,1018.0
720209383,1424,agentic,2026-08-27T22:00:14.356079+00:00,True,open,,not_merged,388.0,192.0,8.0,2.0,580.0
720209383,1472,agentic,2026-08-27T22:00:14.356079+00:00,True,merged,2.948611111111111,valid,1118.0,298.0,14.0,14.0,1416.0
720209383,1595,agentic,2026-08-27T22:00:14.356079+00:00,True,closed_unmerged,,not_merged,5048.0,257.0,21.0,349.0,5305.0
720209383,1596,agentic,2026-08-27T22:00:14.356079+00:00,True,open,,not_merged,13546.0,1432.0,39.0,135.0,14978.0
720209383,1598,agentic,2026-08-27T22:00:14.356079+00:00,True,merged,5.845,valid,2172.0,204.0,24.0,56.0,2376.0
720209383,1601,agentic,2026-08-27T22:00:14.356079+00:00,True,merged,22.095833333333335,valid,1325.0,526.0,25.0,27.0,1851.0
720209383,1613,agentic,2026-08-27T22:00:14.356079+00:00,True,merged,1.0825,valid,317.0,53.0,11.0,8.0,370.0
720209383,1675,agentic,2026-08-27T22:00:14.356079+00:00,True,merged,19.33972222222222,valid,801.0,303.0,7.0,14.0,1104.0
720209383,1707,agentic,2026-08-27T22:00:14.356079+00:00,True,merged,0.27,valid,425.0,170.0,16.0,7.0,595.0
720209383,1828,agentic,2026-08-27T22:00:14.356079+00:00,True,open,,not_merged,130.0,46.0,2.0,2.0,176.0
720999772,17,agentic,2026-08-27T22:00:14.356079+00:00,True,closed_unmerged,,not_merged,91.0,37.0,8.0,1.0,128.0
720999772,28,agentic,2026-08-27T22:00:14.356079+00:00,True,merged,0.3225,valid,321.0,26.0,5.0,3.0,347.0
720999772,35,agentic,2026-08-27T22:00:14.356079+00:00,True,closed_unmerged,,not_merged,95.0,77.0,1.0,1.0,172.0
720999772,39,agentic,2026-08-27T22:00:14.356079+00:00,True,merged,0.04,valid,10.0,8.0,2.0,1.0,18.0
720999772,42,agentic,2026-08-27T22:00:14.356079+00:00,True,merged,0.5336111111111111,valid,139.0,54.0,4.0,1.0,193.0
721767116,7009,agentic,2026-08-27T22:00:14.356079+00:00,True,closed_unmerged,,not_merged,2602.0,7.0,18.0,15.0,2609.0
722184017,2113,agentic,2026-08-27T22:00:14.356079+00:00,True,merged,0.32083333333333336,valid,167.0,45.0,7.0,4.0,212.0
722597620,449,agentic,2026-08-27T22:00:14.356079+00:00,True,closed_unmerged,,not_merged,1495.0,19.0,11.0,1.0,1514.0
722597620,461,agentic,2026-08-27T22:00:14.356079+00:00,True,closed_unmerged,,not_merged,773.0,11.0,5.0,1.0,784.0
722597620,916,agentic,2026-08-27T22:00:14.356079+00:00,True,merged,133.71722222222223,valid,6833.0,230.0,35.0,61.0,7063.0
722597620,1846,human_candidate,2026-08-27T22:00:14.356079+00:00,True,merged,9.18,valid,4.0,2.0,1.0,3.0,6.0
722597620,3069,human_candidate,2026-08-27T22:00:14.356079+00:00,True,merged,10.721388888888889,valid,28.0,14.0,1.0,11.0,42.0
742623962,401,human_candidate,2026-08-27T22:00:14.356079+00:00,True,closed_unmerged,,not_merged,164.0,105.0,2.0,3.0,269.0
742623962,500,human_candidate,2026-08-27T22:00:14.356079+00:00,True,closed_unmerged,,not_merged,2.0,2.0,2.0,1.0,4.0
742623962,592,human_candidate,2026-08-27T22:00:14.356079+00:00,True,closed_unmerged,,not_merged,11.0,26.0,1.0,1.0,37.0
742623962,606,human_candidate,2026-08-27T22:00:14.356079+00:00,True,closed_unmerged,,not_merged,216.0,14.0,3.0,1.0,230.0
744218577,60,agentic,2026-08-27T22:00:14.356079+00:00,True,merged,0.27444444444444444,valid,3.0,3.0,1.0,2.0,6.0
744218577,61,agentic,2026-08-27T22:00:14.356079+00:00,True,merged,0.2688888888888889,valid,1.0,1.0,1.0,1.0,2.0
744218577,63,agentic,2026-08-27T22:00:14.356079+00:00,True,merged,0.26805555555555555,valid,5.0,2.0,1.0,2.0,7.0
744218577,65,agentic,2026-08-27T22:00:14.356079+00:00,True,merged,0.25055555555555553,valid,22.0,12.0,2.0,1.0,34.0
744218577,66,agentic,2026-08-27T22:00:14.356079+00:00,True,merged,0.24222222222222223,valid,169.0,48.0,4.0,2.0,217.0
744218577,70,agentic,2026-08-27T22:00:14.356079+00:00,True,merged,0.1775,valid,28.0,0.0,2.0,1.0,28.0
744218577,71,agentic,2026-08-27T22:00:14.356079+00:00,True,merged,0.16527777777777777,valid,70.0,16.0,4.0,1.0,86.0
744218577,74,agentic,2026-08-27T22:00:14.356079+00:00,True,closed_unmerged,,not_merged,16.0,0.0,3.0,1.0,16.0
744218577,75,agentic,2026-08-27T22:00:14.356079+00:00,True,merged,0.01611111111111111,valid,40.0,34.0,4.0,1.0,74.0
744218577,76,agentic,2026-08-27T22:00:14.356079+00:00,True,merged,0.003611111111111111,valid,78.0,0.0,5.0,1.0,78.0
744218577,77,agentic,2026-08-27T22:00:14.356079+00:00,True,merged,0.0022222222222222222,valid,4.0,3.0,1.0,1.0,7.0
746306477,28,agentic,2026-08-27T22:00:14.356079+00:00,True,closed_unmerged,,not_merged,9.0,2.0,3.0,1.0,11.0
749681472,2253,agentic,2026-08-27T22:00:14.356079+00:00,True,merged,0.6966666666666667,valid,34.0,16.0,3.0,1.0,50.0
749681472,2255,agentic,2026-08-27T22:00:14.356079+00:00,True,merged,271.4166666666667,valid,32.0,22.0,2.0,5.0,54.0
749681472,2262,agentic,2026-08-27T22:00:14.356079+00:00,True,merged,0.4033333333333333,valid,21.0,18.0,3.0,1.0,39.0
749681472,2265,agentic,2026-08-27T22:00:14.356079+00:00,True,closed_unmerged,,not_merged,23.0,6.0,1.0,1.0,29.0
749681472,2266,agentic,2026-08-27T22:00:14.356079+00:00,True,merged,1.2622222222222221,valid,5.0,3.0,1.0,1.0,8.0
749681472,2267,agentic,2026-08-27T22:00:14.356079+00:00,True,closed_unmerged,,not_merged,26.0,14.0,1.0,1.0,40.0
749681472,2274,human_candidate,2026-08-27T22:00:14.356079+00:00,True,closed_unmerged,,not_merged,18.0,11.0,2.0,2.0,29.0
749681472,2535,human_candidate,2026-08-27T22:00:14.356079+00:00,True,merged,595.7341666666666,valid,18.0,18.0,2.0,2.0,36.0
749681472,2768,agentic,2026-08-27T22:00:14.356079+00:00,True,merged,2.0716666666666668,valid,204.0,104.0,1.0,4.0,308.0
749681472,2780,agentic,2026-08-27T22:00:14.356079+00:00,True,merged,14.118611111111111,valid,0.0,18.0,1.0,1.0,18.0
749681472,2834,agentic,2026-08-27T22:00:14.356079+00:00,True,closed_unmerged,,not_merged,150.0,107.0,2.0,3.0,257.0
749681472,2872,human_candidate,2026-08-27T22:00:14.356079+00:00,True,merged,17.045833333333334,valid,524.0,23.0,3.0,3.0,547.0
749681472,2895,agentic,2026-08-27T22:00:14.356079+00:00,True,merged,304.8038888888889,valid,786.0,161.0,4.0,6.0,947.0
749681472,2978,agentic,2026-08-27T22:00:14.356079+00:00,True,closed_unmerged,,not_merged,38.0,55.0,4.0,3.0,93.0
749681472,3555,agentic,2026-08-27T22:00:14.356079+00:00,True,merged,21.185277777777777,valid,1.0,6.0,1.0,1.0,7.0
749681472,3557,agentic,2026-08-27T22:00:14.356079+00:00,True,merged,1.0441666666666667,valid,36.0,0.0,6.0,1.0,36.0
749681472,3559,agentic,2026-08-27T22:00:14.356079+00:00,True,closed_unmerged,,not_merged,3.0,5.0,1.0,2.0,8.0
749681472,3560,agentic,2026-08-27T22:00:14.356079+00:00,True,merged,2.1830555555555557,valid,50.0,38.0,4.0,1.0,88.0
749681472,3562,agentic,2026-08-27T22:00:14.356079+00:00,True,closed_unmerged,,not_merged,104.0,4.0,3.0,1.0,108.0
749681472,3564,agentic,2026-08-27T22:00:14.356079+00:00,True,merged,788.0205555555556,valid,528.0,142.0,20.0,4.0,670.0
749681472,3569,agentic,2026-08-27T22:00:14.356079+00:00,True,merged,29.685833333333335,valid,66.0,2.0,4.0,1.0,68.0
749681472,3571,agentic,2026-08-27T22:00:14.356079+00:00,True,merged,58.026944444444446,valid,130.0,35.0,4.0,1.0,165.0
749681472,3639,human_candidate,2026-08-27T22:00:14.356079+00:00,True,merged,794.4258333333333,valid,92.0,21.0,3.0,1.0,113.0
749681472,3641,human_candidate,2026-08-27T22:00:14.356079+00:00,True,merged,50.93416666666667,valid,31.0,22.0,1.0,2.0,53.0
749681472,3642,agentic,2026-08-27T22:00:14.356079+00:00,True,closed_unmerged,,not_merged,349.0,54.0,3.0,4.0,403.0
750789159,466,agentic,2026-08-27T22:00:14.356079+00:00,True,merged,0.09722222222222222,valid,6.0,8.0,1.0,2.0,14.0
752037937,26,agentic,2026-08-27T22:00:14.356079+00:00,True,merged,2.5858333333333334,valid,150.0,52.0,4.0,6.0,202.0
752940677,484,human_candidate,2026-08-27T22:00:14.356079+00:00,True,merged,1.2158333333333333,valid,45.0,27.0,2.0,2.0,72.0
763774926,1429,agentic,2026-08-27T22:00:14.356079+00:00,True,merged,0.08694444444444445,valid,63.0,46.0,2.0,1.0,109.0
763923484,1510,agentic,2026-08-27T22:00:14.356079+00:00,True,merged,14.604166666666666,valid,40.0,3.0,4.0,2.0,43.0
763923484,1516,agentic,2026-08-27T22:00:14.356079+00:00,True,merged,0.155,valid,11.0,9.0,3.0,1.0,20.0
763923484,1764,agentic,2026-08-27T22:00:14.356079+00:00,True,merged,10.006666666666666,valid,21.0,2.0,2.0,2.0,23.0
763923484,2558,agentic,2026-08-27T22:00:14.356079+00:00,True,merged,21.342777777777776,valid,1558.0,335.0,15.0,10.0,1893.0
764723738,5448,human_candidate,2026-08-27T22:00:14.356079+00:00,True,merged,3.0652777777777778,valid,146.0,13.0,3.0,4.0,159.0
764723738,5649,human_candidate,2026-08-27T22:00:14.356079+00:00,True,merged,0.15055555555555555,valid,1.0,0.0,1.0,1.0,1.0
765083837,4951,human_candidate,2026-08-27T22:00:14.356079+00:00,True,closed_unmerged,,not_merged,348.0,28.0,8.0,1.0,376.0
765938063,1665,agentic,2026-08-27T22:00:14.356079+00:00,True,closed_unmerged,,not_merged,470.0,5.0,2.0,6.0,475.0
765938063,3612,agentic,2026-08-27T22:00:14.356079+00:00,True,closed_unmerged,,not_merged,27.0,8.0,2.0,3.0,35.0
766925713,583,human_candidate,2026-08-27T22:00:14.356079+00:00,True,merged,0.10611111111111111,valid,49.0,145.0,3.0,4.0,194.0
773894671,2205,human_candidate,2026-08-27T22:00:14.356079+00:00,True,merged,2201.191388888889,valid,105.0,24.0,4.0,12.0,129.0
773894671,2509,human_candidate,2026-08-27T22:00:14.356079+00:00,True,open,,not_merged,16.0,4.0,3.0,2.0,20.0
775743011,2311,human_candidate,2026-08-27T22:00:14.356079+00:00,True,closed_unmerged,,not_merged,87.0,19.0,12.0,9.0,106.0
775743011,3410,human_candidate,2026-08-27T22:00:14.356079+00:00,True,open,,not_merged,81.0,4.0,4.0,4.0,85.0
775839592,1428,human_candidate,2026-08-27T22:00:14.356079+00:00,True,merged,115.03916666666667,valid,1293.0,0.0,10.0,3.0,1293.0
775839592,1429,agentic,2026-08-27T22:00:14.356079+00:00,True,merged,0.23694444444444446,valid,29.0,25.0,1.0,1.0,54.0
775839592,2144,human_candidate,2026-08-27T22:00:14.356079+00:00,True,merged,23.27777777777778,valid,3.0,1.0,1.0,2.0,4.0
775839592,2724,agentic,2026-08-27T22:00:14.356079+00:00,True,merged,261.7425,valid,671.0,91.0,9.0,27.0,762.0
775839592,2951,agentic,2026-08-27T22:00:14.356079+00:00,True,merged,6.048611111111111,valid,480.0,10.0,4.0,3.0,490.0
775839592,2999,agentic,2026-08-27T22:00:14.356079+00:00,True,merged,5.7380555555555555,valid,259.0,14.0,5.0,3.0,273.0
775839592,3052,agentic,2026-08-27T22:00:14.356079+00:00,True,merged,2.2575,valid,9.0,7.0,2.0,2.0,16.0
775839592,3376,agentic,2026-08-27T22:00:14.356079+00:00,True,merged,1.4994444444444444,valid,41.0,32.0,3.0,1.0,73.0
775839592,3377,agentic,2026-08-27T22:00:14.356079+00:00,True,merged,0.2325,valid,16.0,12.0,1.0,1.0,28.0
775839592,3398,agentic,2026-08-27T22:00:14.356079+00:00,True,merged,0.20166666666666666,valid,26.0,10.0,1.0,1.0,36.0
775839592,3452,agentic,2026-08-27T22:00:14.356079+00:00,True,merged,26.467222222222222,valid,310.0,36.0,4.0,5.0,346.0
775839592,4149,agentic,2026-08-27T22:00:14.356079+00:00,True,merged,82.49916666666667,valid,214.0,196.0,3.0,2.0,410.0
775839592,4439,human_candidate,2026-08-27T22:00:14.356079+00:00,True,merged,14.16,valid,107.0,25.0,3.0,3.0,132.0
775839592,4532,human_candidate,2026-08-27T22:00:14.356079+00:00,True,merged,4.464444444444444,valid,898.0,544.0,21.0,15.0,1442.0
775839592,4829,human_candidate,2026-08-27T22:00:14.356079+00:00,True,merged,0.6197222222222222,valid,85.0,42.0,4.0,3.0,127.0
775839592,4845,human_candidate,2026-08-27T22:00:14.356079+00:00,True,merged,0.2286111111111111,valid,659.0,29.0,3.0,1.0,688.0
775839592,5023,agentic,2026-08-27T22:00:14.356079+00:00,True,merged,17.714166666666667,valid,193.0,29.0,2.0,1.0,222.0
775839592,5070,agentic,2026-08-27T22:00:14.356079+00:00,True,merged,6.648611111111111,valid,64.0,56.0,4.0,1.0,120.0
775839592,5169,agentic,2026-08-27T22:00:14.356079+00:00,True,merged,100.41388888888889,valid,1256.0,99.0,9.0,11.0,1355.0
775839592,5350,agentic,2026-08-27T22:00:14.356079+00:00,True,merged,57.2475,valid,145.0,23.0,2.0,1.0,168.0
775839592,5447,agentic,2026-08-27T22:00:14.356079+00:00,True,closed_unmerged,,not_merged,333.0,66.0,3.0,1.0,399.0
775839592,5454,human_candidate,2026-08-27T22:00:14.356079+00:00,True,merged,0.4622222222222222,valid,92.0,77.0,4.0,1.0,169.0
775839592,5635,human_candidate,2026-08-27T22:00:14.356079+00:00,True,closed_unmerged,,not_merged,419.0,338.0,12.0,3.0,757.0
775839592,5899,agentic,2026-08-27T22:00:14.356079+00:00,True,merged,0.09361111111111112,valid,46.0,5.0,3.0,2.0,51.0
775839592,6069,agentic,2026-08-27T22:00:14.356079+00:00,True,merged,71.53861111111111,valid,6.0,2.0,1.0,1.0,8.0
776121034,2818,human_candidate,2026-08-27T22:00:14.356079+00:00,True,merged,57.56527777777778,valid,46.0,83.0,8.0,1.0,129.0
776121034,7526,human_candidate,2026-08-27T22:00:14.356079+00:00,True,merged,0.05722222222222222,valid,1.0,1.0,1.0,1.0,2.0
776121034,7529,human_candidate,2026-08-27T22:00:14.356079+00:00,True,merged,0.043055555555555555,valid,1.0,1.0,1.0,1.0,2.0
776916297,1540,human_candidate,2026-08-27T22:00:14.356079+00:00,True,merged,0.7244444444444444,valid,16.0,1.0,3.0,1.0,17.0
776916297,1791,human_candidate,2026-08-27T22:00:14.356079+00:00,True,merged,0.0019444444444444444,valid,5.0,5.0,2.0,1.0,10.0
777912773,1527,human_candidate,2026-08-27T22:00:14.356079+00:00,True,merged,52.131388888888885,valid,43.0,0.0,3.0,3.0,43.0
780660899,1131,agentic,2026-08-27T22:00:14.356079+00:00,True,closed_unmerged,,not_merged,72.0,225.0,10.0,1.0,297.0
787462297,798,human_candidate,2026-08-27T22:00:14.356079+00:00,True,closed_unmerged,,not_merged,42.0,4.0,1.0,4.0,46.0
788715163,427,agentic,2026-08-27T22:00:14.356079+00:00,True,merged,46.583888888888886,valid,261.0,63.0,7.0,5.0,324.0
792160692,78,agentic,2026-08-27T22:00:14.356079+00:00,True,closed_unmerged,,not_merged,133.0,35.0,2.0,5.0,168.0
792160692,82,agentic,2026-08-27T22:00:14.356079+00:00,True,closed_unmerged,,not_merged,58.0,29.0,2.0,1.0,87.0
793399480,1935,human_candidate,2026-08-27T22:00:14.356079+00:00,True,merged,1.5158333333333334,valid,28.0,35.0,1.0,1.0,63.0
793399480,2126,human_candidate,2026-08-27T22:00:14.356079+00:00,True,merged,135.97611111111112,valid,700.0,480.0,46.0,10.0,1180.0
793399480,2196,human_candidate,2026-08-27T22:00:14.356079+00:00,True,merged,59.58027777777778,valid,488.0,1150.0,73.0,11.0,1638.0
793399480,2325,human_candidate,2026-08-27T22:00:14.356079+00:00,True,merged,23.404166666666665,valid,119.0,36.0,3.0,6.0,155.0
793399480,2371,human_candidate,2026-08-27T22:00:14.356079+00:00,True,closed_unmerged,,not_merged,219.0,39.0,3.0,1.0,258.0
796633002,725,agentic,2026-08-27T22:00:14.356079+00:00,True,closed_unmerged,,not_merged,531.0,19.0,82.0,13.0,550.0
797493401,1179,agentic,2026-08-27T22:00:14.356079+00:00,True,merged,19.0875,valid,60.0,3.0,1.0,2.0,63.0
797493401,1181,agentic,2026-08-27T22:00:14.356079+00:00,True,merged,30.160833333333333,valid,150.0,74.0,1.0,6.0,224.0
797493401,1182,human_candidate,2026-08-27T22:00:14.356079+00:00,True,merged,64.92583333333333,valid,143.0,59.0,6.0,9.0,202.0
808266543,3391,human_candidate,2026-08-27T22:00:14.356079+00:00,True,merged,24.333055555555557,valid,24.0,0.0,3.0,1.0,24.0
808266543,3855,human_candidate,2026-08-27T22:00:14.356079+00:00,True,closed_unmerged,,not_merged,1196.0,659.0,17.0,8.0,1855.0
808266543,3933,human_candidate,2026-08-27T22:00:14.356079+00:00,True,closed_unmerged,,not_merged,575.0,93.0,9.0,24.0,668.0
808266543,4203,human_candidate,2026-08-27T22:00:14.356079+00:00,True,closed_unmerged,,not_merged,1792.0,1133.0,41.0,8.0,2925.0
808266543,5203,human_candidate,2026-08-27T22:00:14.356079+00:00,True,closed_unmerged,,not_merged,544.0,492.0,3.0,6.0,1036.0
808266543,5302,human_candidate,2026-08-27T22:00:14.356079+00:00,True,closed_unmerged,,not_merged,1.0,3.0,1.0,5.0,4.0
808266543,5375,human_candidate,2026-08-27T22:00:14.356079+00:00,True,closed_unmerged,,not_merged,159.0,231.0,3.0,8.0,390.0
808266543,5877,human_candidate,2026-08-27T22:00:14.356079+00:00,True,closed_unmerged,,not_merged,18.0,0.0,1.0,2.0,18.0
808266543,6033,human_candidate,2026-08-27T22:00:14.356079+00:00,True,closed_unmerged,,not_merged,13.0,9.0,2.0,4.0,22.0
808266543,6046,human_candidate,2026-08-27T22:00:14.356079+00:00,True,closed_unmerged,,not_merged,34.0,14.0,1.0,1.0,48.0
808266543,6057,human_candidate,2026-08-27T22:00:14.356079+00:00,True,closed_unmerged,,not_merged,1045.0,105.0,21.0,38.0,1150.0
808266543,6243,human_candidate,2026-08-27T22:00:14.356079+00:00,True,merged,6.713611111111111,valid,87.0,8.0,9.0,8.0,95.0
808266543,6244,human_candidate,2026-08-27T22:00:14.356079+00:00,True,merged,9.684722222222222,valid,28.0,4.0,2.0,5.0,32.0
808266543,6245,human_candidate,2026-08-27T22:00:14.356079+00:00,True,merged,23.653333333333332,valid,38.0,0.0,9.0,5.0,38.0
808266543,6410,human_candidate,2026-08-27T22:00:14.356079+00:00,True,open,,not_merged,484.0,42.0,4.0,49.0,526.0
808266543,6548,human_candidate,2026-08-27T22:00:14.356079+00:00,True,closed_unmerged,,not_merged,253.0,61.0,8.0,12.0,314.0
808266543,6639,human_candidate,2026-08-27T22:00:14.356079+00:00,True,closed_unmerged,,not_merged,276.0,161.0,4.0,4.0,437.0
808419207,299,agentic,2026-08-27T22:00:14.356079+00:00,True,merged,2.296666666666667,valid,22.0,16.0,1.0,3.0,38.0
808419207,468,agentic,2026-08-27T22:00:14.356079+00:00,True,closed_unmerged,,not_merged,334.0,16.0,1.0,2.0,350.0
812496927,146,agentic,2026-08-27T22:00:14.356079+00:00,True,closed_unmerged,,not_merged,13.0,9.0,1.0,1.0,22.0
812496927,190,agentic,2026-08-27T22:00:14.356079+00:00,True,merged,0.019444444444444445,valid,1.0,1.0,1.0,1.0,2.0
812496927,191,agentic,2026-08-27T22:00:14.356079+00:00,True,merged,0.5955555555555555,valid,1.0,1.0,1.0,1.0,2.0
812496927,192,agentic,2026-08-27T22:00:14.356079+00:00,True,merged,1.23,valid,1.0,1.0,1.0,2.0,2.0
814684486,2400,agentic,2026-08-27T22:00:14.356079+00:00,True,merged,10.443888888888889,valid,147.0,15.0,2.0,1.0,162.0
816422401,1243,agentic,2026-08-27T22:00:14.356079+00:00,True,merged,2.5411111111111113,valid,80.0,87.0,2.0,6.0,167.0
820087727,982,agentic,2026-08-27T22:00:14.356079+00:00,True,closed_unmerged,,not_merged,21.0,32.0,4.0,1.0,53.0
820087727,1630,agentic,2026-08-27T22:00:14.356079+00:00,True,closed_unmerged,,not_merged,48.0,20.0,2.0,1.0,68.0
820087727,2132,agentic,2026-08-27T22:00:14.356079+00:00,True,closed_unmerged,,not_merged,2.0,1.0,1.0,1.0,3.0
820192032,1578,human_candidate,2026-08-27T22:00:14.356079+00:00,True,merged,0.028888888888888888,valid,0.0,6.0,1.0,1.0,6.0
821360765,1967,human_candidate,2026-08-27T22:00:14.356079+00:00,True,merged,63.843333333333334,valid,318.0,7.0,2.0,2.0,325.0
821360765,2081,human_candidate,2026-08-27T22:00:14.356079+00:00,True,merged,3.0102777777777776,valid,8.0,11.0,1.0,1.0,19.0
821360765,2321,human_candidate,2026-08-27T22:00:14.356079+00:00,True,merged,0.3933333333333333,valid,40.0,0.0,4.0,2.0,40.0
821360765,2718,human_candidate,2026-08-27T22:00:14.356079+00:00,True,merged,2.4694444444444446,valid,519.0,574.0,20.0,1.0,1093.0
824265054,1355,agentic,2026-08-27T22:00:14.356079+00:00,True,merged,1.6322222222222222,valid,1011.0,96.0,6.0,10.0,1107.0
825888299,135,agentic,2026-08-27T22:00:14.356079+00:00,True,closed_unmerged,,not_merged,1230.0,39.0,8.0,7.0,1269.0
826111692,473,agentic,2026-08-27T22:00:14.356079+00:00,True,merged,5.763055555555556,valid,841.0,166.0,7.0,5.0,1007.0
828119367,1155,agentic,2026-08-27T22:00:14.356079+00:00,True,merged,1.5430555555555556,valid,129.0,317.0,9.0,3.0,446.0
828285248,2251,agentic,2026-08-27T22:00:14.356079+00:00,True,closed_unmerged,,not_merged,32.0,20.0,1.0,1.0,52.0
828285248,2252,agentic,2026-08-27T22:00:14.356079+00:00,True,closed_unmerged,,not_merged,103.0,97.0,14.0,1.0,200.0
828285248,2410,human_candidate,2026-08-27T22:00:14.356079+00:00,True,merged,0.6280555555555556,valid,158.0,78.0,3.0,12.0,236.0
828285248,2504,human_candidate,2026-08-27T22:00:14.356079+00:00,True,closed_unmerged,,not_merged,5.0,3.0,2.0,1.0,8.0
828285248,2632,human_candidate,2026-08-27T22:00:14.356079+00:00,True,merged,2.688888888888889,valid,517.0,156.0,10.0,32.0,673.0
828285248,3200,agentic,2026-08-27T22:00:14.356079+00:00,True,closed_unmerged,,not_merged,301.0,23.0,7.0,5.0,324.0
828285248,3203,agentic,2026-08-27T22:00:14.356079+00:00,True,closed_unmerged,,not_merged,543.0,69.0,12.0,7.0,612.0
828285248,3221,human_candidate,2026-08-27T22:00:14.356079+00:00,True,merged,18.547777777777778,valid,137.0,75.0,2.0,9.0,212.0
828285248,3471,human_candidate,2026-08-27T22:00:14.356079+00:00,True,merged,169.3563888888889,valid,214.0,47.0,7.0,9.0,261.0
828285248,3486,agentic,2026-08-27T22:00:14.356079+00:00,True,closed_unmerged,,not_merged,732.0,112.0,9.0,6.0,844.0
828285248,3496,agentic,2026-08-27T22:00:14.356079+00:00,True,merged,24.689722222222223,valid,62.0,60.0,1.0,22.0,122.0
828285248,3539,human_candidate,2026-08-27T22:00:14.356079+00:00,True,closed_unmerged,,not_merged,64.0,60.0,1.0,2.0,124.0
828285248,3571,human_candidate,2026-08-27T22:00:14.356079+00:00,True,closed_unmerged,,not_merged,278.0,103.0,1.0,7.0,381.0
828285248,3641,human_candidate,2026-08-27T22:00:14.356079+00:00,True,merged,1.188611111111111,valid,128.0,11.0,7.0,7.0,139.0
828285248,3752,human_candidate,2026-08-27T22:00:14.356079+00:00,True,merged,70.52277777777778,valid,813.0,413.0,5.0,5.0,1226.0
828285248,3760,human_candidate,2026-08-27T22:00:14.356079+00:00,True,merged,374.77416666666664,valid,532.0,410.0,13.0,14.0,942.0
828285248,3766,human_candidate,2026-08-27T22:00:14.356079+00:00,True,merged,2.6841666666666666,valid,100.0,22.0,2.0,1.0,122.0
828285248,3858,human_candidate,2026-08-27T22:00:14.356079+00:00,True,merged,9.144166666666667,valid,122.0,139.0,15.0,12.0,261.0
828285248,3870,human_candidate,2026-08-27T22:00:14.356079+00:00,True,closed_unmerged,,not_merged,578.0,157.0,2.0,1.0,735.0
829413452,680,agentic,2026-08-27T22:00:14.356079+00:00,True,merged,0.47194444444444444,valid,42.0,4.0,12.0,2.0,46.0
831972025,430,agentic,2026-08-27T22:00:14.356079+00:00,True,closed_unmerged,,not_merged,18.0,16.0,1.0,1.0,34.0
839216423,845,agentic,2026-08-27T22:00:14.356079+00:00,True,closed_unmerged,,not_merged,17.0,3.0,2.0,1.0,20.0
839216423,847,agentic,2026-08-27T22:00:14.356079+00:00,True,closed_unmerged,,not_merged,28.0,3.0,3.0,1.0,31.0
839216423,1985,agentic,2026-08-27T22:00:14.356079+00:00,True,merged,18.378333333333334,valid,13.0,65.0,3.0,4.0,78.0
839216423,2037,agentic,2026-08-27T22:00:14.356079+00:00,True,merged,2.8602777777777777,valid,30.0,16.0,6.0,3.0,46.0
839216423,2927,agentic,2026-08-27T22:00:14.356079+00:00,True,merged,0.46166666666666667,valid,0.0,1.0,1.0,1.0,1.0
844305953,12,agentic,2026-08-27T22:00:14.356079+00:00,True,merged,0.004722222222222222,valid,21.0,12.0,1.0,1.0,33.0
844738531,2218,human_candidate,2026-08-27T22:00:14.356079+00:00,True,merged,2.226111111111111,valid,63.0,63.0,1.0,1.0,126.0
845317529,1796,agentic,2026-08-27T22:00:14.356079+00:00,True,closed_unmerged,,not_merged,47.0,24.0,1.0,1.0,71.0
845317529,2471,agentic,2026-08-27T22:00:14.356079+00:00,True,closed_unmerged,,not_merged,20.0,40.0,1.0,1.0,60.0
845380264,323,agentic,2026-08-27T22:00:14.356079+00:00,True,closed_unmerged,,not_merged,31.0,2.0,3.0,2.0,33.0
845380264,325,agentic,2026-08-27T22:00:14.356079+00:00,True,closed_unmerged,,not_merged,408.0,14.0,8.0,2.0,422.0
846729675,357,agentic,2026-08-27T22:00:14.356079+00:00,True,closed_unmerged,,not_merged,105.0,13.0,2.0,1.0,118.0
846923721,226,agentic,2026-08-27T22:00:14.356079+00:00,True,closed_unmerged,,not_merged,14.0,6.0,2.0,1.0,20.0
846923721,236,agentic,2026-08-27T22:00:14.356079+00:00,True,closed_unmerged,,not_merged,168.0,15.0,4.0,2.0,183.0
846923721,256,agentic,2026-08-27T22:00:14.356079+00:00,True,merged,0.22694444444444445,valid,5.0,1.0,1.0,2.0,6.0
846923721,277,agentic,2026-08-27T22:00:14.356079+00:00,True,closed_unmerged,,not_merged,128.0,84.0,1.0,1.0,212.0
846923721,496,human_candidate,2026-08-27T22:00:14.356079+00:00,True,closed_unmerged,,not_merged,3.0,4.0,1.0,1.0,7.0
860100131,1308,human_candidate,2026-08-27T22:00:14.356079+00:00,True,merged,42.88444444444445,valid,11.0,1.0,2.0,5.0,12.0
860100131,1823,human_candidate,2026-08-27T22:00:14.356079+00:00,True,merged,427.7188888888889,valid,23.0,4.0,1.0,2.0,27.0
860100131,2719,agentic,2026-08-27T22:00:14.356079+00:00,True,closed_unmerged,,not_merged,99.0,2.0,3.0,3.0,101.0
860100131,2870,human_candidate,2026-08-27T22:00:14.356079+00:00,True,merged,3.832222222222222,valid,1.0,6.0,1.0,1.0,7.0
860100131,3115,human_candidate,2026-08-27T22:00:14.356079+00:00,True,merged,24.337222222222223,valid,16.0,2.0,1.0,1.0,18.0
860100131,3275,human_candidate,2026-08-27T22:00:14.356079+00:00,True,merged,0.6897222222222222,valid,1.0,1.0,1.0,1.0,2.0
860100131,3369,human_candidate,2026-08-27T22:00:14.356079+00:00,True,closed_unmerged,,not_merged,134.0,11.0,5.0,9.0,145.0
860100131,3823,human_candidate,2026-08-27T22:00:14.356079+00:00,True,merged,22.846666666666668,valid,451.0,129.0,26.0,15.0,580.0
860100131,4024,human_candidate,2026-08-27T22:00:14.356079+00:00,True,merged,432.6347222222222,valid,28.0,10.0,3.0,5.0,38.0
867014724,378,human_candidate,2026-08-27T22:00:14.356079+00:00,True,merged,367.7338888888889,valid,94.0,34.0,5.0,3.0,128.0
876327247,299,agentic,2026-08-27T22:00:14.356079+00:00,True,merged,67.63111111111111,valid,29.0,28.0,8.0,1.0,57.0
879168187,689,human_candidate,2026-08-27T22:00:14.356079+00:00,True,merged,0.2452777777777778,valid,119.0,104.0,3.0,3.0,223.0
881458615,2705,agentic,2026-08-27T22:00:14.356079+00:00,True,merged,294.2463888888889,valid,624.0,41.0,6.0,20.0,665.0
881458615,2727,agentic,2026-08-27T22:00:14.356079+00:00,True,closed_unmerged,,not_merged,4.0,4.0,1.0,1.0,8.0
881458615,2958,agentic,2026-08-27T22:00:14.356079+00:00,True,closed_unmerged,,not_merged,38.0,34.0,3.0,1.0,72.0
881458615,2960,agentic,2026-08-27T22:00:14.356079+00:00,True,closed_unmerged,,not_merged,72.0,21.0,4.0,1.0,93.0
881458615,3650,agentic,2026-08-27T22:00:14.356079+00:00,True,merged,0.225,valid,16.0,1.0,1.0,4.0,17.0
881458615,3774,agentic,2026-08-27T22:00:14.356079+00:00,True,merged,0.043055555555555555,valid,1.0,0.0,1.0,1.0,1.0
883593929,116,agentic,2026-08-27T22:00:14.356079+00:00,True,merged,0.008333333333333333,valid,119.0,30.0,2.0,1.0,149.0
883593929,118,agentic,2026-08-27T22:00:14.356079+00:00,True,merged,0.0030555555555555557,valid,30.0,23.0,1.0,1.0,53.0
883593929,121,agentic,2026-08-27T22:00:14.356079+00:00,True,merged,0.020833333333333332,valid,5.0,59.0,1.0,1.0,64.0
883829350,510,agentic,2026-08-27T22:00:14.356079+00:00,True,closed_unmerged,,not_merged,157.0,31.0,5.0,9.0,188.0
883829350,533,human_candidate,2026-08-27T22:00:14.356079+00:00,True,merged,168.47583333333333,valid,1333.0,2215.0,27.0,6.0,3548.0
884778513,82,agentic,2026-08-27T22:00:14.356079+00:00,True,open,,not_merged,667.0,204.0,20.0,19.0,871.0
887571250,441,agentic,2026-08-27T22:00:14.356079+00:00,True,closed_unmerged,,not_merged,2862.0,323.0,31.0,4.0,3185.0
887571250,488,agentic,2026-08-27T22:00:14.356079+00:00,True,closed_unmerged,,not_merged,419.0,426.0,15.0,8.0,845.0
887571250,490,agentic,2026-08-27T22:00:14.356079+00:00,True,closed_unmerged,,not_merged,397.0,282.0,5.0,4.0,679.0
887571250,500,agentic,2026-08-27T22:00:14.356079+00:00,True,closed_unmerged,,not_merged,1146.0,10.0,16.0,1.0,1156.0
887571250,509,agentic,2026-08-27T22:00:14.356079+00:00,True,closed_unmerged,,not_merged,966.0,317.0,15.0,10.0,1283.0
887571250,510,agentic,2026-08-27T22:00:14.356079+00:00,True,closed_unmerged,,not_merged,121.0,93.0,5.0,4.0,214.0
893798089,61,agentic,2026-08-27T22:00:14.356079+00:00,True,merged,2.1772222222222224,valid,558.0,47.0,6.0,4.0,605.0
897595329,717,agentic,2026-08-27T22:00:14.356079+00:00,True,merged,6.097777777777778,valid,250.0,56.0,8.0,6.0,306.0
897595329,726,human_candidate,2026-08-27T22:00:14.356079+00:00,True,merged,1.9961111111111112,valid,2810.0,656.0,23.0,9.0,3466.0
897595329,751,human_candidate,2026-08-27T22:00:14.356079+00:00,True,merged,7.8225,valid,447.0,60.0,9.0,4.0,507.0
897595329,828,agentic,2026-08-27T22:00:14.356079+00:00,True,merged,0.3547222222222222,valid,26.0,1.0,2.0,1.0,27.0
898949330,185,agentic,2026-08-27T22:00:14.356079+00:00,True,closed_unmerged,,not_merged,1196.0,415.0,5.0,11.0,1611.0
901089955,794,human_candidate,2026-08-27T22:00:14.356079+00:00,True,merged,0.5197222222222222,valid,43.0,48.0,6.0,2.0,91.0
904510168,394,human_candidate,2026-08-27T22:00:14.356079+00:00,True,merged,1.4977777777777779,valid,582.0,0.0,5.0,3.0,582.0
914048456,999,human_candidate,2026-08-27T22:00:14.356079+00:00,True,merged,47.68861111111111,valid,210.0,423.0,18.0,4.0,633.0
914053359,1937,human_candidate,2026-08-27T22:00:14.356079+00:00,True,closed_unmerged,,not_merged,37.0,3.0,1.0,2.0,40.0
914053359,2209,human_candidate,2026-08-27T22:00:14.356079+00:00,True,closed_unmerged,,not_merged,20.0,11.0,1.0,1.0,31.0
914796651,150,human_candidate,2026-08-27T22:00:14.356079+00:00,True,merged,0.35638888888888887,valid,5.0,1.0,2.0,1.0,6.0
916252207,951,agentic,2026-08-27T22:00:14.356079+00:00,True,merged,0.005833333333333334,valid,8.0,2.0,1.0,1.0,10.0
916252207,976,agentic,2026-08-27T22:00:14.356079+00:00,True,merged,0.03138888888888889,valid,90.0,7.0,2.0,1.0,97.0
916252207,1325,human_candidate,2026-08-27T22:00:14.356079+00:00,True,merged,0.017777777777777778,valid,88.0,37.0,6.0,1.0,125.0
919569198,410,agentic,2026-08-27T22:00:14.356079+00:00,True,closed_unmerged,,not_merged,303.0,123.0,9.0,6.0,426.0
921684538,549,human_candidate,2026-08-27T22:00:14.356079+00:00,True,merged,2567.8411111111113,valid,2059.0,367.0,9.0,51.0,2426.0
923332984,50,agentic,2026-08-27T22:00:14.356079+00:00,True,merged,0.005833333333333334,valid,87.0,113.0,1.0,1.0,200.0
923332984,57,agentic,2026-08-27T22:00:14.356079+00:00,True,closed_unmerged,,not_merged,23.0,8.0,1.0,1.0,31.0
923332984,94,agentic,2026-08-27T22:00:14.356079+00:00,True,merged,0.0022222222222222222,valid,251.0,116.0,11.0,9.0,367.0
923332984,169,agentic,2026-08-27T22:00:14.356079+00:00,True,merged,0.025277777777777777,valid,2.0,2.0,1.0,1.0,4.0
923332984,359,agentic,2026-08-27T22:00:14.356079+00:00,True,merged,0.0275,valid,5.0,16.0,1.0,1.0,21.0
923332984,360,agentic,2026-08-27T22:00:14.356079+00:00,True,closed_unmerged,,not_merged,437.0,58.0,6.0,1.0,495.0
923332984,570,agentic,2026-08-27T22:00:14.356079+00:00,True,merged,0.09,valid,637.0,92.0,4.0,1.0,729.0
923332984,699,agentic,2026-08-27T22:00:14.356079+00:00,True,merged,0.4672222222222222,valid,103.0,6.0,2.0,1.0,109.0
923332984,704,agentic,2026-08-27T22:00:14.356079+00:00,True,merged,0.01888888888888889,valid,75.0,13.0,7.0,1.0,88.0
923332984,749,agentic,2026-08-27T22:00:14.356079+00:00,True,merged,0.04583333333333333,valid,205.0,66.0,3.0,1.0,271.0
923332984,772,agentic,2026-08-27T22:00:14.356079+00:00,True,closed_unmerged,,not_merged,123.0,20.0,7.0,2.0,143.0
923332984,783,agentic,2026-08-27T22:00:14.356079+00:00,True,merged,0.16694444444444445,valid,977.0,377.0,8.0,2.0,1354.0
923332984,794,agentic,2026-08-27T22:00:14.356079+00:00,True,merged,0.9625,valid,152.0,120.0,9.0,2.0,272.0
923332984,852,agentic,2026-08-27T22:00:14.356079+00:00,True,closed_unmerged,,not_merged,94.0,28.0,5.0,2.0,122.0
923332984,854,agentic,2026-08-27T22:00:14.356079+00:00,True,merged,0.11583333333333333,valid,56.0,34.0,5.0,1.0,90.0
923332984,855,agentic,2026-08-27T22:00:14.356079+00:00,True,closed_unmerged,,not_merged,278.0,32.0,1.0,2.0,310.0
923332984,890,agentic,2026-08-27T22:00:14.356079+00:00,True,closed_unmerged,,not_merged,497.0,128.0,4.0,1.0,625.0
923332984,952,agentic,2026-08-27T22:00:14.356079+00:00,True,merged,0.13527777777777777,valid,36.0,13.0,2.0,1.0,49.0
923332984,1033,agentic,2026-08-27T22:00:14.356079+00:00,True,closed_unmerged,,not_merged,279.0,88.0,5.0,1.0,367.0
923332984,1034,agentic,2026-08-27T22:00:14.356079+00:00,True,closed_unmerged,,not_merged,92.0,26.0,5.0,3.0,118.0
923332984,1038,agentic,2026-08-27T22:00:14.356079+00:00,True,closed_unmerged,,not_merged,188.0,108.0,4.0,2.0,296.0
923332984,1039,agentic,2026-08-27T22:00:14.356079+00:00,True,closed_unmerged,,not_merged,290.0,52.0,15.0,1.0,342.0
923332984,1040,agentic,2026-08-27T22:00:14.356079+00:00,True,closed_unmerged,,not_merged,220.0,57.0,8.0,2.0,277.0
923332984,1041,agentic,2026-08-27T22:00:14.356079+00:00,True,merged,0.3938888888888889,valid,396.0,106.0,8.0,1.0,502.0
923332984,1046,agentic,2026-08-27T22:00:14.356079+00:00,True,closed_unmerged,,not_merged,904.0,807.0,5.0,3.0,1711.0
923332984,1062,agentic,2026-08-27T22:00:14.356079+00:00,True,merged,0.11472222222222223,valid,133.0,129.0,4.0,2.0,262.0
923332984,1066,agentic,2026-08-27T22:00:14.356079+00:00,True,merged,0.7472222222222222,valid,369.0,196.0,4.0,5.0,565.0
923332984,1069,agentic,2026-08-27T22:00:14.356079+00:00,True,closed_unmerged,,not_merged,45.0,48.0,6.0,1.0,93.0
923332984,1092,agentic,2026-08-27T22:00:14.356079+00:00,True,merged,0.5516666666666666,valid,147.0,69.0,6.0,2.0,216.0
923332984,1172,agentic,2026-08-27T22:00:14.356079+00:00,True,merged,1.0358333333333334,valid,307.0,158.0,9.0,7.0,465.0
923332984,1217,agentic,2026-08-27T22:00:14.356079+00:00,True,merged,0.22305555555555556,valid,121.0,68.0,15.0,1.0,189.0
923332984,1249,agentic,2026-08-27T22:00:14.356079+00:00,True,closed_unmerged,,not_merged,205.0,74.0,11.0,2.0,279.0
923332984,1250,agentic,2026-08-27T22:00:14.356079+00:00,True,merged,8.477777777777778,valid,458.0,83.0,28.0,7.0,541.0
923332984,1304,agentic,2026-08-27T22:00:14.356079+00:00,True,merged,0.7838888888888889,valid,743.0,218.0,16.0,6.0,961.0
923332984,1348,agentic,2026-08-27T22:00:14.356079+00:00,True,merged,1.2175,valid,829.0,263.0,12.0,3.0,1092.0
923332984,1355,agentic,2026-08-27T22:00:14.356079+00:00,True,closed_unmerged,,not_merged,167.0,78.0,5.0,2.0,245.0
926252103,1968,agentic,2026-08-27T22:00:14.356079+00:00,True,merged,19.335277777777776,valid,75.0,2.0,3.0,1.0,77.0
927421008,91,agentic,2026-08-27T22:00:14.356079+00:00,True,closed_unmerged,,not_merged,10.0,22.0,2.0,1.0,32.0
929338255,404,agentic,2026-08-27T22:00:14.356079+00:00,True,closed_unmerged,,not_merged,321.0,21.0,13.0,11.0,342.0
929338255,442,human_candidate,2026-08-27T22:00:14.356079+00:00,True,closed_unmerged,,not_merged,209.0,100.0,3.0,14.0,309.0
934959044,104,human_candidate,2026-08-27T22:00:14.356079+00:00,True,merged,0.006666666666666667,valid,1230.0,442.0,10.0,24.0,1672.0
934959044,1165,human_candidate,2026-08-27T22:00:14.356079+00:00,True,merged,312.50638888888886,valid,14.0,14.0,1.0,1.0,28.0
934959044,1272,human_candidate,2026-08-27T22:00:14.356079+00:00,True,merged,81.62777777777778,valid,40.0,47.0,10.0,6.0,87.0
939393745,1385,agentic,2026-08-27T22:00:14.356079+00:00,True,merged,24.699444444444445,valid,11.0,4.0,3.0,4.0,15.0
939393745,1743,agentic,2026-08-27T22:00:14.356079+00:00,True,open,,not_merged,1772.0,2269.0,29.0,3.0,4041.0
939393745,2352,agentic,2026-08-27T22:00:14.356079+00:00,True,open,,not_merged,13.0,18.0,3.0,2.0,31.0
939393745,2353,agentic,2026-08-27T22:00:14.356079+00:00,True,merged,286.1663888888889,valid,2.0,5.0,2.0,2.0,7.0
942771284,1403,human_candidate,2026-08-27T22:00:14.356079+00:00,True,closed_unmerged,,not_merged,432.0,33.0,8.0,3.0,465.0
942771284,1533,agentic,2026-08-27T22:00:14.356079+00:00,True,closed_unmerged,,not_merged,13.0,11.0,5.0,4.0,24.0
942771284,1535,agentic,2026-08-27T22:00:14.356079+00:00,True,closed_unmerged,,not_merged,5789.0,914.0,24.0,12.0,6703.0
942771284,2017,human_candidate,2026-08-27T22:00:14.356079+00:00,True,merged,13.885833333333334,valid,140.0,11.0,3.0,3.0,151.0
945896114,741,agentic,2026-08-27T22:00:14.356079+00:00,True,closed_unmerged,,not_merged,75.0,12.0,5.0,1.0,87.0
945896114,1040,human_candidate,2026-08-27T22:00:14.356079+00:00,True,merged,0.16194444444444445,valid,491.0,66.0,4.0,1.0,557.0
945896114,1955,human_candidate,2026-08-27T22:00:14.356079+00:00,True,merged,0.4672222222222222,valid,194.0,3.0,2.0,1.0,197.0
945896114,2100,agentic,2026-08-27T22:00:14.356079+00:00,True,merged,0.06583333333333333,valid,190.0,22.0,2.0,2.0,212.0
945896114,2101,agentic,2026-08-27T22:00:14.356079+00:00,True,merged,0.17,valid,18.0,0.0,1.0,4.0,18.0
946087422,3887,human_candidate,2026-08-27T22:00:14.356079+00:00,True,merged,4.03,valid,25.0,45.0,7.0,8.0,70.0
946087422,8721,human_candidate,2026-08-27T22:00:14.356079+00:00,True,merged,0.9438888888888889,valid,306.0,19.0,2.0,1.0,325.0
946087422,9442,human_candidate,2026-08-27T22:00:14.356079+00:00,True,closed_unmerged,,not_merged,3.0,0.0,2.0,1.0,3.0
946174307,1070,agentic,2026-08-27T22:00:14.356079+00:00,True,merged,1823.4341666666667,valid,400.0,103.0,32.0,23.0,503.0
946174307,1138,agentic,2026-08-27T22:00:14.356079+00:00,True,merged,24.91611111111111,valid,411.0,30.0,2.0,14.0,441.0
946174307,1274,agentic,2026-08-27T22:00:14.356079+00:00,True,merged,77.71388888888889,valid,136.0,63.0,6.0,13.0,199.0
946174307,1319,agentic,2026-08-27T22:00:14.356079+00:00,True,closed_unmerged,,not_merged,524.0,92.0,9.0,8.0,616.0
946174307,1531,human_candidate,2026-08-27T22:00:14.356079+00:00,True,merged,961.9511111111111,valid,61.0,0.0,2.0,3.0,61.0
946945328,84,agentic,2026-08-27T22:00:14.356079+00:00,True,closed_unmerged,,not_merged,3072.0,589.0,44.0,1.0,3661.0
948174507,97,agentic,2026-08-27T22:00:14.356079+00:00,True,merged,9.012777777777778,valid,189.0,13.0,4.0,2.0,202.0
949348116,250,agentic,2026-08-27T22:00:14.356079+00:00,True,closed_unmerged,,not_merged,255.0,165.0,1.0,1.0,420.0
952097046,628,human_candidate,2026-08-27T22:00:14.356079+00:00,True,merged,168.97944444444445,valid,108.0,47.0,2.0,1.0,155.0
952097046,648,human_candidate,2026-08-27T22:00:14.356079+00:00,True,merged,215.5511111111111,valid,34.0,19.0,1.0,2.0,53.0
959682770,792,agentic,2026-08-27T22:00:14.356079+00:00,True,closed_unmerged,,not_merged,32.0,13.0,5.0,5.0,45.0
959682770,3739,human_candidate,2026-08-27T22:00:14.356079+00:00,True,merged,88.30805555555555,valid,282.0,249.0,14.0,6.0,531.0
959682770,3815,human_candidate,2026-08-27T22:00:14.356079+00:00,True,closed_unmerged,,not_merged,170.0,73.0,6.0,9.0,243.0
959682770,3827,human_candidate,2026-08-27T22:00:14.356079+00:00,True,merged,15.713333333333333,valid,151.0,63.0,4.0,3.0,214.0
964314175,201,agentic,2026-08-27T22:00:14.356079+00:00,True,closed_unmerged,,not_merged,58.0,27.0,1.0,1.0,85.0
967503541,958,agentic,2026-08-27T22:00:14.356079+00:00,True,closed_unmerged,,not_merged,382.0,50.0,3.0,8.0,432.0
978331188,54,agentic,2026-08-27T22:00:14.356079+00:00,True,closed_unmerged,,not_merged,97.0,34.0,4.0,3.0,131.0
985839104,669,human_candidate,2026-08-27T22:00:14.356079+00:00,True,closed_unmerged,,not_merged,42.0,21.0,2.0,1.0,63.0
985839104,674,human_candidate,2026-08-27T22:00:14.356079+00:00,True,closed_unmerged,,not_merged,29.0,25.0,1.0,1.0,54.0
987749923,21,agentic,2026-08-27T22:00:14.356079+00:00,True,closed_unmerged,,not_merged,48.0,32.0,6.0,3.0,80.0
988834688,358,human_candidate,2026-08-27T22:00:14.356079+00:00,True,open,,not_merged,1761.0,37.0,13.0,11.0,1798.0
993521808,1027,human_candidate,2026-08-27T22:00:14.356079+00:00,True,merged,0.27944444444444444,valid,211.0,173.0,5.0,2.0,384.0
999285986,19,agentic,2026-08-27T22:00:14.356079+00:00,True,merged,10.155,valid,116.0,81.0,4.0,5.0,197.0
999686447,2152,agentic,2026-08-27T22:00:14.356079+00:00,True,merged,22.529444444444444,valid,112.0,0.0,1.0,7.0,112.0
999686447,3623,human_candidate,2026-08-27T22:00:14.356079+00:00,True,merged,1.1055555555555556,valid,350.0,30.0,5.0,1.0,380.0
1000362065,1624,human_candidate,2026-08-27T22:00:14.356079+00:00,True,closed_unmerged,,not_merged,527.0,369.0,19.0,12.0,896.0
1001163434,7,agentic,2026-08-27T22:00:14.356079+00:00,True,merged,0.42388888888888887,valid,369.0,353.0,4.0,2.0,722.0
1002552148,333,agentic,2026-08-27T22:00:14.356079+00:00,True,merged,54.74861111111111,valid,151.0,26.0,7.0,5.0,177.0
1002608585,7,agentic,2026-08-27T22:00:14.356079+00:00,True,merged,0.9566666666666667,valid,894.0,26.0,8.0,4.0,920.0
1003222647,263,agentic,2026-08-27T22:00:14.356079+00:00,True,closed_unmerged,,not_merged,182.0,1.0,2.0,1.0,183.0
1007555070,146,human_candidate,2026-08-27T22:00:14.356079+00:00,True,merged,1.1288888888888888,valid,217.0,16.0,4.0,3.0,233.0
1019432584,1149,human_candidate,2026-08-27T22:00:14.356079+00:00,True,merged,0.4572222222222222,valid,1559.0,170.0,4.0,3.0,1729.0
1020430400,9,agentic,2026-08-27T22:00:14.356079+00:00,True,open,,not_merged,256.0,38.0,8.0,2.0,294.0
