repo_id,number,sample_arm,html_url,pattern,sub_pattern,rq1_label_source,validation_present,validation_type,in_metric_layer,in_type_layer,D0,D1,D2,D3,D4,D5,D6,D7,D8,D9,n_dims,n_dims_specific,dims,D0_nodiff,D1_nodiff,D2_nodiff,D3_nodiff,D4_nodiff,D5_nodiff,D6_nodiff,D7_nodiff,D8_nodiff,D9_nodiff,n_dims_nodiff,n_dims_description_only
122162,52,agentic,https://github.com/bmander/graphserver/pull/52,Algorithm-Level Optimizations,Select Computationally Efficient Algorithms,unanimous,True,benchmark,True,True,True,True,False,True,False,False,False,True,False,False,4,3,D0|D1|D3|D7,True,True,False,False,False,False,False,True,False,False,3,3
269027,3578,agentic,https://github.com/thorsten/phpMyFAQ/pull/3578,Algorithm-Level Optimizations,Select Computationally Efficient Algorithms,unanimous,True,static-reasoning,True,True,False,False,False,False,False,False,False,False,False,False,0,0,,False,False,False,False,False,False,False,False,False,False,0,0
302662,74,agentic,https://github.com/robertpenner/as3-signals/pull/74,Data Structure Selection and Adaptation,Darwinian Data Structure Selection,unanimous,False,none,False,False,False,False,False,False,False,False,False,False,False,False,0,0,,False,False,False,False,False,False,False,False,False,False,0,0
509028,4756,human_candidate,https://github.com/benwbrum/fromthepage/pull/4756,"Network, Database, and Data Access Optimization",Relational Query Consolidation (N+1),majority_2_of_3,False,none,False,False,False,False,False,False,False,False,False,False,False,False,0,0,,False,False,False,False,False,False,False,False,False,False,0,0
509028,4815,agentic,https://github.com/benwbrum/fromthepage/pull/4815,Algorithm-Level Optimizations,Select Computationally Efficient Algorithms,unanimous,True,static-reasoning,True,True,False,True,False,False,False,False,False,False,False,False,1,1,D1,False,True,False,False,False,False,False,False,False,False,1,0
509028,5245,agentic,https://github.com/benwbrum/fromthepage/pull/5245,"Network, Database, and Data Access Optimization",Batch API Requests (N+1),unanimous,True,benchmark,True,True,False,True,False,False,False,False,False,False,False,False,1,1,D1,False,True,False,False,False,False,False,False,False,False,1,1
509028,5478,agentic,https://github.com/benwbrum/fromthepage/pull/5478,"Network, Database, and Data Access Optimization",Minimize Payload Size / Pass Reference Instead of Value,majority_2_of_3,True,static-reasoning,True,True,False,False,False,False,False,False,False,False,False,False,0,0,,False,False,False,False,False,False,False,False,False,False,0,0
509028,5537,agentic,https://github.com/benwbrum/fromthepage/pull/5537,"Network, Database, and Data Access Optimization",Relational Query Consolidation (N+1),majority_2_of_3,True,static-reasoning,True,True,False,False,False,False,False,False,False,False,False,False,0,0,,False,False,False,False,False,False,False,False,False,False,0,0
1181927,33012,human_candidate,https://github.com/bitcoin/bitcoin/pull/33012,Code Smells and Structural Simplification,Remove Unnecessary Method Calls,majority_2_of_3,True,static-reasoning,True,True,False,False,False,False,False,False,False,False,False,False,0,0,,False,False,False,False,False,False,False,False,False,False,0,0
1181927,33264,human_candidate,https://github.com/bitcoin/bitcoin/pull/33264,I/O and Synchronization,Concurrency Control / Lock Optimization,unanimous,False,none,False,False,False,False,False,False,False,False,False,False,False,False,0,0,,False,False,False,False,False,False,False,False,False,False,0,0
1181927,33678,human_candidate,https://github.com/bitcoin/bitcoin/pull/33678,I/O and Synchronization,Concurrency Control / Rate Limiting,unanimous,True,static-reasoning,True,True,False,False,False,False,False,False,False,False,False,True,1,1,D9,False,False,False,False,False,False,False,False,False,True,1,1
1181927,34384,human_candidate,https://github.com/bitcoin/bitcoin/pull/34384,Algorithm-Level Optimizations,Select Space Efficient Algorithm,majority_2_of_3,True,static-reasoning,True,True,False,True,False,True,False,False,False,False,False,False,2,2,D1|D3,False,True,False,True,False,False,False,False,False,False,2,1
1181927,34636,human_candidate,https://github.com/bitcoin/bitcoin/pull/34636,Memory and Data Locality Optimizations,Caching,majority_2_of_3,True,benchmark,True,True,False,True,False,True,False,False,False,False,False,False,2,2,D1|D3,False,True,False,True,False,False,False,False,False,False,2,1
1181927,35195,human_candidate,https://github.com/bitcoin/bitcoin/pull/35195,Memory and Data Locality Optimizations,Caching,unanimous,True,benchmark,True,True,False,True,False,True,False,False,False,False,False,True,3,3,D1|D3|D9,False,True,False,True,False,False,False,False,False,True,3,3
1223855,3990,human_candidate,https://github.com/BrighterCommand/Brighter/pull/3990,Memory and Data Locality Optimizations,Optimize Object Use,majority_2_of_3,False,none,False,False,False,False,False,False,False,False,False,False,False,False,0,0,,False,False,False,False,False,False,False,False,False,False,0,0
1416156,555,agentic,https://github.com/goaop/framework/pull/555,Control-Flow and Branching Optimizations,Remove branches by doing extra work,unanimous,True,benchmark,True,True,False,True,True,False,False,False,False,False,False,False,2,2,D1|D2,False,True,True,False,False,False,False,False,False,False,2,0
1446467,13916,human_candidate,https://github.com/pypa/pip/pull/13916,Memory and Data Locality Optimizations,Optimize Object Use,majority_2_of_3,True,static-reasoning,True,True,False,False,False,False,False,False,False,False,False,False,0,0,,False,False,False,False,False,False,False,False,False,False,0,0
1446467,13986,human_candidate,https://github.com/pypa/pip/pull/13986,Code Smells and Structural Simplification,Remove Unnecessary Method Calls,majority_2_of_3,True,benchmark,True,True,False,True,False,False,True,False,False,False,False,False,2,2,D1|D4,False,True,False,False,True,False,False,False,False,False,2,2
1644196,59071,agentic,https://github.com/JuliaLang/julia/pull/59071,Code Smells and Structural Simplification,Remove Unnecessary Method Calls,unanimous,True,benchmark,True,True,False,True,False,False,False,False,False,False,False,False,1,1,D1,False,True,False,False,False,False,False,False,False,False,1,1
1644196,59691,human_candidate,https://github.com/JuliaLang/julia/pull/59691,Memory and Data Locality Optimizations,Optimize Object Use,majority_2_of_3,True,benchmark,True,True,False,True,False,True,False,False,False,False,False,False,2,2,D1|D3,False,True,False,True,False,False,False,False,False,False,2,0
1644196,59858,human_candidate,https://github.com/JuliaLang/julia/pull/59858,Memory and Data Locality Optimizations,Improve CPU Cache management,unanimous,True,unresolved,True,False,False,True,False,True,False,False,False,False,False,False,2,2,D1|D3,False,True,False,True,False,False,False,False,False,False,2,2
1644196,59914,human_candidate,https://github.com/JuliaLang/julia/pull/59914,Algorithm-Level Optimizations,Select Computationally Efficient Algorithms,majority_2_of_3,True,benchmark,True,True,False,True,False,False,False,False,False,False,False,False,1,1,D1,False,True,False,False,False,False,False,False,False,False,1,1
1644196,59965,human_candidate,https://github.com/JuliaLang/julia/pull/59965,Memory and Data Locality Optimizations,Optimize Object Use,majority_2_of_3,True,static-reasoning,True,True,False,False,False,False,False,False,False,False,False,False,0,0,,False,False,False,False,False,False,False,False,False,False,0,0
1644196,60338,agentic,https://github.com/JuliaLang/julia/pull/60338,Algorithm-Level Optimizations,Select Computationally Efficient Algorithms,majority_2_of_3,False,none,False,False,False,False,False,False,False,False,False,False,False,False,0,0,,False,False,False,False,False,False,False,False,False,False,0,0
1644196,60339,agentic,https://github.com/JuliaLang/julia/pull/60339,Build & Compilation & Infrastructure Optimization,Compiler Optimization Hints/Directives,majority_2_of_3,False,none,False,False,False,False,False,False,False,False,False,False,False,False,0,0,,False,False,False,False,False,False,False,False,False,False,0,0
1644196,60839,human_candidate,https://github.com/JuliaLang/julia/pull/60839,Code Smells and Structural Simplification,Remove Unnecessary Method Calls,unanimous,False,none,False,False,False,False,False,False,False,False,False,False,False,False,0,0,,False,False,False,False,False,False,False,False,False,False,0,0
1644196,60851,human_candidate,https://github.com/JuliaLang/julia/pull/60851,Build & Compilation & Infrastructure Optimization,Compiler Optimization Hints/Directives,unanimous,True,benchmark,True,True,False,True,False,False,False,False,False,False,False,False,1,1,D1,False,True,False,False,False,False,False,False,False,False,1,0
1644196,60852,agentic,https://github.com/JuliaLang/julia/pull/60852,Loop Transformations,Loop Peeling,majority_2_of_3,True,benchmark,True,True,False,True,False,False,False,False,False,False,False,False,1,1,D1,False,True,False,False,False,False,False,False,False,False,1,1
1644196,60853,agentic,https://github.com/JuliaLang/julia/pull/60853,Memory and Data Locality Optimizations,Optimize Object Use,unanimous,True,static-reasoning,True,True,False,False,False,False,False,False,False,False,False,False,0,0,,False,False,False,False,False,False,False,False,False,False,0,0
1644196,60867,human_candidate,https://github.com/JuliaLang/julia/pull/60867,Memory and Data Locality Optimizations,Optimize Object Use,unanimous,False,none,False,False,False,False,False,False,False,False,False,False,False,False,0,0,,False,False,False,False,False,False,False,False,False,False,0,0
1644196,61225,human_candidate,https://github.com/JuliaLang/julia/pull/61225,Code Smells and Structural Simplification,Remove Unnecessary Method Calls,majority_2_of_3,True,benchmark,True,True,False,True,False,True,False,False,False,False,False,False,2,2,D1|D3,False,True,False,True,False,False,False,False,False,False,2,1
1644196,61474,agentic,https://github.com/JuliaLang/julia/pull/61474,Algorithm-Level Optimizations,Select Computationally Efficient Algorithms,unanimous,True,benchmark,True,True,False,False,False,True,False,False,False,False,False,False,1,1,D3,False,False,False,True,False,False,False,False,False,False,1,1
1644196,61753,human_candidate,https://github.com/JuliaLang/julia/pull/61753,I/O and Synchronization,Selection I/O size,majority_2_of_3,True,benchmark,True,True,False,True,False,False,False,False,False,False,False,False,1,1,D1,False,True,False,False,False,False,False,False,False,False,1,1
1644196,61826,agentic,https://github.com/JuliaLang/julia/pull/61826,Algorithm-Level Optimizations,Select Computationally Efficient Algorithms,majority_2_of_3,True,benchmark,True,True,False,True,False,True,False,False,False,True,False,True,4,4,D1|D3|D7|D9,False,True,False,True,False,False,False,True,False,True,4,0
1644196,61919,human_candidate,https://github.com/JuliaLang/julia/pull/61919,Memory and Data Locality Optimizations,Caching,unanimous,True,benchmark,True,True,False,True,False,False,False,False,False,False,False,False,1,1,D1,False,True,False,False,False,False,False,False,False,False,1,0
1644196,61930,agentic,https://github.com/JuliaLang/julia/pull/61930,Memory and Data Locality Optimizations,Optimize Object Use,unanimous,True,benchmark,True,True,False,False,False,False,False,False,False,False,False,False,0,0,,False,False,False,False,False,False,False,False,False,False,0,0
1644196,61943,agentic,https://github.com/JuliaLang/julia/pull/61943,Memory and Data Locality Optimizations,Optimize Object Use,unanimous,True,benchmark,True,True,False,False,False,False,False,False,False,False,False,False,0,0,,False,False,False,False,False,False,False,False,False,False,0,0
1644196,61958,human_candidate,https://github.com/JuliaLang/julia/pull/61958,I/O and Synchronization,Concurrency Control / Rate Limiting,unanimous,True,benchmark,True,True,False,True,False,True,False,False,False,False,False,False,2,2,D1|D3,False,True,False,True,False,False,False,False,False,False,2,2
1663468,21202,human_candidate,https://github.com/mozilla/pdf.js/pull/21202,Build & Compilation & Infrastructure Optimization,Performance-Optimized Dependency Selection,majority_2_of_3,True,static-reasoning,True,True,False,False,False,False,False,False,False,False,False,False,0,0,,False,False,False,False,False,False,False,False,False,False,0,0
2030681,20627,agentic,https://github.com/hpcc-systems/HPCC-Platform/pull/20627,Code Smells and Structural Simplification,Remove code bloat by removing optional features,majority_2_of_3,True,static-reasoning,True,True,False,False,False,False,False,False,False,False,False,True,1,1,D9,False,False,False,False,False,False,False,False,False,True,1,1
2327138,1473,agentic,https://github.com/EduMIPS64/edumips64/pull/1473,Build & Compilation & Infrastructure Optimization,Enable Build-Time Optimizations,unanimous,True,static-reasoning,True,True,False,False,False,False,False,False,False,False,False,False,0,0,,False,False,False,False,False,False,False,False,False,False,0,0
2418592,2731,human_candidate,https://github.com/dartsim/dart/pull/2731,Algorithm-Level Optimizations,Select Computationally Efficient Algorithms,unanimous,True,benchmark,True,True,False,True,False,True,True,False,False,False,False,False,3,3,D1|D3|D4,False,False,False,False,True,False,False,False,False,False,1,1
2751199,9478,human_candidate,https://github.com/geoserver/geoserver/pull/9478,I/O and Synchronization,Concurrency Control / Lock Optimization,unanimous,True,static-reasoning,True,True,False,False,False,False,False,False,False,False,False,False,0,0,,False,False,False,False,False,False,False,False,False,False,0,0
2928944,50370,human_candidate,https://github.com/Azure/azure-sdk-for-net/pull/50370,Algorithm-Level Optimizations,Select Computationally Efficient Algorithms,unanimous,False,none,False,False,False,False,False,False,False,False,False,False,False,False,0,0,,False,False,False,False,False,False,False,False,False,False,0,0
2928944,54006,agentic,https://github.com/Azure/azure-sdk-for-net/pull/54006,Code Smells and Structural Simplification,Remove Unnecessary Method Calls,unanimous,True,static-reasoning,True,True,False,False,False,False,False,False,False,False,False,False,0,0,,False,False,False,False,False,False,False,False,False,False,0,0
2928944,56680,agentic,https://github.com/Azure/azure-sdk-for-net/pull/56680,Memory and Data Locality Optimizations,Optimize Object Use,unanimous,True,benchmark,True,True,False,True,False,True,False,False,False,False,False,False,2,2,D1|D3,False,True,False,True,False,False,False,False,False,False,2,0
2928944,56872,human_candidate,https://github.com/Azure/azure-sdk-for-net/pull/56872,Memory and Data Locality Optimizations,Buffering,majority_2_of_3,True,benchmark,True,True,False,False,True,True,False,True,True,False,False,True,5,5,D2|D3|D5|D6|D9,False,False,True,True,False,False,True,False,False,True,4,4
2928948,45412,human_candidate,https://github.com/Azure/azure-sdk-for-java/pull/45412,I/O and Synchronization,Selection I/O size,unanimous,True,static-reasoning,True,True,False,False,False,False,False,False,True,False,False,False,1,1,D6,False,False,False,False,False,False,False,False,False,False,0,0
2928948,48617,human_candidate,https://github.com/Azure/azure-sdk-for-java/pull/48617,Memory and Data Locality Optimizations,Caching,unanimous,True,benchmark,True,True,False,True,True,True,True,False,False,False,False,True,5,5,D1|D2|D3|D4|D9,False,True,True,False,False,False,False,False,False,False,2,2
2988101,5272,agentic,https://github.com/nuxeo/nuxeo/pull/5272,"Network, Database, and Data Access Optimization",Lazy Loading / Deferred Initialization,unanimous,True,static-reasoning,True,True,False,False,False,False,False,False,False,False,False,False,0,0,,False,False,False,False,False,False,False,False,False,False,0,0
3194112,402,agentic,https://github.com/wp-document-revisions/wp-document-revisions/pull/402,Memory and Data Locality Optimizations,Caching,majority_2_of_3,True,static-reasoning,True,True,False,False,False,False,False,False,False,False,False,False,0,0,,False,False,False,False,False,False,False,False,False,False,0,0
3292397,671,agentic,https://github.com/sebastienros/yessql/pull/671,I/O and Synchronization,Streaming Implementation Or Optimization),unanimous,True,static-reasoning,True,True,False,False,False,False,False,False,False,False,False,False,0,0,,False,False,False,False,False,False,False,False,False,False,0,0
3328572,17229,agentic,https://github.com/getsentry/sentry-javascript/pull/17229,Memory and Data Locality Optimizations,Caching,unanimous,True,static-reasoning,True,True,False,False,False,False,False,False,False,False,False,False,0,0,,False,False,False,False,False,False,False,False,False,False,0,0
3328572,19852,agentic,https://github.com/getsentry/sentry-javascript/pull/19852,Build & Compilation & Infrastructure Optimization,Enable Build-Time Optimizations,unanimous,True,benchmark,True,True,False,False,False,False,False,False,True,False,False,False,1,1,D6,False,False,False,False,False,False,True,False,False,False,1,1
3368190,4016,human_candidate,https://github.com/getsentry/sentry-java/pull/4016,Memory and Data Locality Optimizations,Optimize Object Use,majority_2_of_3,True,benchmark,True,True,False,True,False,True,False,True,False,False,False,False,3,3,D1|D3|D5,False,True,False,True,False,True,False,False,False,False,3,2
3368190,4504,human_candidate,https://github.com/getsentry/sentry-java/pull/4504,Code Smells and Structural Simplification,Remove Unnecessary Method Calls,unanimous,True,benchmark,True,True,False,True,False,False,False,False,False,False,False,False,1,1,D1,False,True,False,False,False,False,False,False,False,False,1,0
3368190,4560,human_candidate,https://github.com/getsentry/sentry-java/pull/4560,Memory and Data Locality Optimizations,Caching,unanimous,True,benchmark,True,True,False,True,False,False,False,False,False,False,False,False,1,1,D1,False,True,False,False,False,False,False,False,False,False,1,0
4127088,42988,agentic,https://github.com/Azure/azure-sdk-for-python/pull/42988,Memory and Data Locality Optimizations,Caching,unanimous,True,unresolved,True,False,False,False,False,False,False,False,False,False,False,False,0,0,,False,False,False,False,False,False,False,False,False,False,0,0
4127088,45937,agentic,https://github.com/Azure/azure-sdk-for-python/pull/45937,Memory and Data Locality Optimizations,Caching,majority_2_of_3,True,benchmark,True,True,False,True,False,False,False,False,False,True,False,False,2,2,D1|D7,False,True,False,False,False,False,False,True,False,False,2,0
4127088,46572,human_candidate,https://github.com/Azure/azure-sdk-for-python/pull/46572,Algorithm-Level Optimizations,Select Computationally Efficient Algorithms,unanimous,True,static-reasoning,True,True,False,False,False,False,False,False,False,False,False,False,0,0,,False,False,False,False,False,False,False,False,False,False,0,0
4213474,1624,agentic,https://github.com/Humanizr/Humanizer/pull/1624,Data Structure Selection and Adaptation,Darwinian Data Structure Selection,majority_2_of_3,True,benchmark,True,True,False,True,False,True,False,False,False,False,False,False,2,2,D1|D3,False,True,False,True,False,False,False,False,False,False,2,2
4213474,1635,agentic,https://github.com/Humanizr/Humanizer/pull/1635,Memory and Data Locality Optimizations,Optimize Object Use,unanimous,True,benchmark,True,True,False,True,False,False,False,False,False,False,False,False,1,1,D1,False,True,False,False,False,False,False,False,False,False,1,1
4213474,1732,agentic,https://github.com/Humanizr/Humanizer/pull/1732,Memory and Data Locality Optimizations,Optimize Object Use,unanimous,True,unresolved,True,False,False,False,False,True,False,False,False,False,False,False,1,1,D3,False,False,False,False,False,False,False,False,False,False,0,0
4454793,31435,human_candidate,https://github.com/musescore/MuseScore/pull/31435,Memory and Data Locality Optimizations,Caching,unanimous,True,static-reasoning,True,True,False,False,False,False,False,False,False,False,False,False,0,0,,False,False,False,False,False,False,False,False,False,False,0,0
4743255,4697,human_candidate,https://github.com/cloudfoundry/cloud_controller_ng/pull/4697,Code Smells and Structural Simplification,Remove Unnecessary Method Calls,unanimous,True,unresolved,True,False,False,False,False,False,False,False,False,False,False,False,0,0,,False,False,False,False,False,False,False,False,False,False,0,0
4743255,5137,human_candidate,https://github.com/cloudfoundry/cloud_controller_ng/pull/5137,Algorithm-Level Optimizations,Select Computationally Efficient Algorithms,majority_2_of_3,True,static-reasoning,True,True,False,False,False,False,False,False,False,False,False,False,0,0,,False,False,False,False,False,False,False,False,False,False,0,0
5108051,27755,human_candidate,https://github.com/opencv/opencv/pull/27755,Algorithm-Level Optimizations,Select Computationally Efficient Algorithms,unanimous,True,benchmark,True,True,False,True,False,False,True,False,False,False,False,True,3,3,D1|D4|D9,False,True,False,False,True,False,False,False,False,True,3,3
5108051,27795,human_candidate,https://github.com/opencv/opencv/pull/27795,Memory and Data Locality Optimizations,Improve cache locality - temporal locality,majority_2_of_3,True,benchmark,True,True,False,False,False,False,False,False,False,False,False,True,1,1,D9,False,False,False,False,False,False,False,False,False,True,1,0
5108051,28374,human_candidate,https://github.com/opencv/opencv/pull/28374,Build & Compilation & Infrastructure Optimization,Compiler Optimization Hints/Directives,majority_2_of_3,True,benchmark,True,True,False,False,False,False,False,False,False,False,False,False,0,0,,False,False,False,False,False,False,False,False,False,False,0,0
5108051,29058,human_candidate,https://github.com/opencv/opencv/pull/29058,Algorithm-Level Optimizations,Structure Algorithm to Support instruction level parallelism (ILP),majority_2_of_3,True,benchmark,True,True,False,True,False,False,False,False,False,False,False,True,2,2,D1|D9,False,True,False,False,False,False,False,False,False,True,2,1
5108051,29117,human_candidate,https://github.com/opencv/opencv/pull/29117,Algorithm-Level Optimizations,Select Computationally Efficient Algorithms,unanimous,True,benchmark,True,True,True,True,False,False,False,False,False,False,False,False,2,1,D0|D1,True,True,False,False,False,False,False,False,False,False,2,2
5108051,29187,human_candidate,https://github.com/opencv/opencv/pull/29187,Algorithm-Level Optimizations,Select Computationally Efficient Algorithms,unanimous,True,benchmark,True,True,False,True,False,False,False,False,False,False,False,False,1,1,D1,False,True,False,False,False,False,False,False,False,False,1,1
5298790,26686,human_candidate,https://github.com/PX4/PX4-Autopilot/pull/26686,Algorithm-Level Optimizations,Select Algorithm Based on Instruction Speed,unanimous,True,static-reasoning,True,True,False,False,False,False,False,False,False,False,False,False,0,0,,False,False,False,False,False,False,False,False,False,False,0,0
5298790,26927,human_candidate,https://github.com/PX4/PX4-Autopilot/pull/26927,I/O and Synchronization,Concurrency Control / Lock Optimization,unanimous,True,benchmark,True,True,False,True,True,False,False,False,False,False,False,True,3,3,D1|D2|D9,False,True,True,False,False,False,False,False,False,True,3,1
6860771,3542,agentic,https://github.com/hathach/tinyusb/pull/3542,Algorithm-Level Optimizations,Select Algorithm Based on Instruction Speed,unanimous,True,static-reasoning,True,True,False,False,False,False,False,False,False,False,False,False,0,0,,False,False,False,False,False,False,False,False,False,False,0,0
7243421,1977,agentic,https://github.com/GradleUp/shadow/pull/1977,Memory and Data Locality Optimizations,Optimize Object Use,majority_2_of_3,True,static-reasoning,True,True,False,False,False,False,False,False,False,False,False,False,0,0,,False,False,False,False,False,False,False,False,False,False,0,0
7913195,3147,human_candidate,https://github.com/onetimesecret/onetimesecret/pull/3147,I/O and Synchronization,Streaming Implementation Or Optimization),unanimous,True,static-reasoning,True,True,False,False,False,False,False,False,False,False,False,False,0,0,,False,False,False,False,False,False,False,False,False,False,0,0
8100370,5280,human_candidate,https://github.com/apostrophecms/apostrophe/pull/5280,"Network, Database, and Data Access Optimization",Lazy Loading / Deferred Initialization,majority_2_of_3,True,static-reasoning,True,True,False,True,False,False,False,False,False,False,False,False,1,1,D1,False,True,False,False,False,False,False,False,False,False,1,0
8162715,18585,human_candidate,https://github.com/saleor/saleor/pull/18585,Algorithm-Level Optimizations,Select Computationally Efficient Algorithms,majority_2_of_3,True,benchmark,True,True,False,True,False,False,False,False,False,False,False,False,1,1,D1,False,True,False,False,False,False,False,False,False,False,1,1
10458362,6070,agentic,https://github.com/rsyslog/rsyslog/pull/6070,I/O and Synchronization,Selection I/O size,unanimous,False,none,False,False,False,False,False,False,False,False,False,False,False,False,0,0,,False,False,False,False,False,False,False,False,False,False,0,0
10458362,6886,human_candidate,https://github.com/rsyslog/rsyslog/pull/6886,Build & Compilation & Infrastructure Optimization,Reduce rebuilding size,majority_2_of_3,True,benchmark,True,True,False,True,False,False,False,False,False,False,False,False,1,1,D1,False,True,False,False,False,False,False,False,False,False,1,1
10458362,7090,agentic,https://github.com/rsyslog/rsyslog/pull/7090,Algorithm-Level Optimizations,Select Computationally Efficient Algorithms,unanimous,True,static-reasoning,True,True,False,False,False,False,False,False,False,False,False,False,0,0,,False,False,False,False,False,False,False,False,False,False,0,0
11061773,20764,human_candidate,https://github.com/eslint/eslint/pull/20764,Code Smells and Structural Simplification,Remove Unnecessary Method Calls,majority_2_of_3,True,benchmark,True,True,False,True,False,True,False,False,False,False,True,True,4,4,D1|D3|D8|D9,False,True,False,True,False,False,False,False,False,False,2,1
11183126,912,agentic,https://github.com/nanvix/nanvix/pull/912,"Network, Database, and Data Access Optimization",Lazy Loading / Deferred Initialization,unanimous,True,benchmark,True,True,False,True,False,False,False,True,False,False,False,False,2,2,D1|D5,False,True,False,False,False,True,False,False,False,False,2,1
11183126,1061,human_candidate,https://github.com/nanvix/nanvix/pull/1061,I/O and Synchronization,Selection I/O size,majority_2_of_3,True,benchmark,True,True,False,True,False,False,False,False,False,False,False,False,1,1,D1,False,True,False,False,False,False,False,False,False,False,1,0
11183126,1393,agentic,https://github.com/nanvix/nanvix/pull/1393,Code Smells and Structural Simplification,Remove Unnecessary Method Calls,majority_2_of_3,True,benchmark,True,True,False,True,False,False,False,True,False,False,False,True,3,3,D1|D5|D9,False,True,False,False,False,True,False,False,False,True,3,0
11183126,1601,agentic,https://github.com/nanvix/nanvix/pull/1601,Memory and Data Locality Optimizations,Optimize Object Use,majority_2_of_3,True,unresolved,True,False,False,True,False,False,False,True,False,False,False,True,3,3,D1|D5|D9,False,True,False,False,False,True,False,False,False,True,3,1
11183126,1623,human_candidate,https://github.com/nanvix/nanvix/pull/1623,I/O and Synchronization,Selection I/O size,majority_2_of_3,True,benchmark,True,True,False,True,False,False,False,True,False,False,False,True,3,3,D1|D5|D9,False,True,False,False,False,True,False,False,False,True,3,0
11183126,2004,human_candidate,https://github.com/nanvix/nanvix/pull/2004,Algorithm-Level Optimizations,Select Computationally Efficient Algorithms,majority_2_of_3,True,benchmark,True,True,False,True,False,True,False,True,False,False,False,False,3,3,D1|D3|D5,False,True,False,True,False,True,False,False,False,False,3,3
11415199,727,human_candidate,https://github.com/vgmtrans/vgmtrans/pull/727,Memory and Data Locality Optimizations,Optimize Object Use,majority_2_of_3,True,static-reasoning,True,True,False,False,False,False,False,False,False,False,False,False,0,0,,False,False,False,False,False,False,False,False,False,False,0,0
11415199,821,agentic,https://github.com/vgmtrans/vgmtrans/pull/821,Algorithm-Level Optimizations,Select Computationally Efficient Algorithms,unanimous,True,static-reasoning,True,True,False,False,False,False,False,False,False,False,False,False,0,0,,False,False,False,False,False,False,False,False,False,False,0,0
11965691,1071,agentic,https://github.com/bryanedds/Nu/pull/1071,Memory and Data Locality Optimizations,Optimize Object Use,majority_2_of_3,True,static-reasoning,True,True,False,False,False,False,False,False,False,False,False,False,0,0,,False,False,False,False,False,False,False,False,False,False,0,0
11965691,1073,agentic,https://github.com/bryanedds/Nu/pull/1073,Algorithm-Level Optimizations,Select Computationally Efficient Algorithms,unanimous,True,static-reasoning,True,True,False,False,False,False,False,False,False,False,False,False,0,0,,False,False,False,False,False,False,False,False,False,False,0,0
11965691,1074,agentic,https://github.com/bryanedds/Nu/pull/1074,Memory and Data Locality Optimizations,Improve CPU Cache management,unanimous,True,static-reasoning,True,True,False,False,False,False,False,False,False,False,False,False,0,0,,False,False,False,False,False,False,False,False,False,False,0,0
11965691,1219,agentic,https://github.com/bryanedds/Nu/pull/1219,Algorithm-Level Optimizations,Select Computationally Efficient Algorithms,majority_2_of_3,True,static-reasoning,True,True,False,False,False,False,False,False,False,False,False,True,1,1,D9,False,False,False,False,False,False,False,False,False,False,0,0
11965691,1224,agentic,https://github.com/bryanedds/Nu/pull/1224,Memory and Data Locality Optimizations,Caching,majority_2_of_3,True,unresolved,True,False,False,True,True,False,False,False,False,False,False,False,2,2,D1|D2,False,True,True,False,False,False,False,False,False,False,2,2
12204147,15788,human_candidate,https://github.com/mautic/mautic/pull/15788,Code Smells and Structural Simplification,Remove code bloat by removing optional features,unanimous,False,none,False,False,False,False,False,False,False,False,False,False,False,False,0,0,,False,False,False,False,False,False,False,False,False,False,0,0
12670630,127,agentic,https://github.com/jdereg/java-util/pull/127,Algorithm-Level Optimizations,Select Computationally Efficient Algorithms,unanimous,False,none,False,False,False,False,False,False,False,False,False,False,False,False,0,0,,False,False,False,False,False,False,False,False,False,False,0,0
12670630,146,agentic,https://github.com/jdereg/java-util/pull/146,Algorithm-Level Optimizations,Select Computationally Efficient Algorithms,majority_2_of_3,False,none,False,False,False,False,False,False,False,False,False,False,False,False,0,0,,False,False,False,False,False,False,False,False,False,False,0,0
12670630,194,agentic,https://github.com/jdereg/java-util/pull/194,I/O and Synchronization,Polling,unanimous,False,none,False,False,False,False,False,False,False,False,False,False,False,False,0,0,,False,False,False,False,False,False,False,False,False,False,0,0
12670630,347,agentic,https://github.com/jdereg/java-util/pull/347,Memory and Data Locality Optimizations,Caching,majority_2_of_3,False,none,False,False,False,False,False,False,False,False,False,False,False,False,0,0,,False,False,False,False,False,False,False,False,False,False,0,0
13683952,1241,human_candidate,https://github.com/herbie-fp/herbie/pull/1241,Loop Transformations,Loop Fusion,unanimous,False,none,False,False,False,False,False,False,False,False,False,False,False,False,0,0,,False,False,False,False,False,False,False,False,False,False,0,0
13683952,1378,human_candidate,https://github.com/herbie-fp/herbie/pull/1378,Memory and Data Locality Optimizations,Optimize Object Use,unanimous,True,static-reasoning,True,True,False,False,False,False,False,False,False,False,False,False,0,0,,False,False,False,False,False,False,False,False,False,False,0,0
13908616,3334,agentic,https://github.com/FirelyTeam/firely-net-sdk/pull/3334,Control-Flow and Branching Optimizations,Rearranging for early return,unanimous,True,static-reasoning,True,True,False,False,False,False,False,False,False,False,False,False,0,0,,False,False,False,False,False,False,False,False,False,False,0,0
13908616,3425,agentic,https://github.com/FirelyTeam/firely-net-sdk/pull/3425,Memory and Data Locality Optimizations,Caching,unanimous,True,benchmark,True,True,False,False,False,False,False,False,False,False,False,False,0,0,,False,False,False,False,False,False,False,False,False,False,0,0
13908616,3428,agentic,https://github.com/FirelyTeam/firely-net-sdk/pull/3428,Memory and Data Locality Optimizations,Caching,unanimous,True,static-reasoning,True,True,False,False,False,False,False,False,False,False,False,False,0,0,,False,False,False,False,False,False,False,False,False,False,0,0
14268809,1986,agentic,https://github.com/FastLED/FastLED/pull/1986,Build & Compilation & Infrastructure Optimization,Enable Build-Time Optimizations,unanimous,True,static-reasoning,True,True,False,False,False,False,False,False,False,False,False,False,0,0,,False,False,False,False,False,False,False,False,False,False,0,0
14268809,1996,agentic,https://github.com/FastLED/FastLED/pull/1996,Build & Compilation & Infrastructure Optimization,Reduce rebuilding size,unanimous,True,unresolved,True,False,True,True,False,False,True,False,False,True,False,False,4,3,D0|D1|D4|D7,False,False,False,False,False,False,False,True,False,False,1,1
14268809,1998,agentic,https://github.com/FastLED/FastLED/pull/1998,Build & Compilation & Infrastructure Optimization,Enable Build-Time Optimizations,majority_2_of_3,False,none,False,False,False,False,False,False,False,False,False,False,False,False,0,0,,False,False,False,False,False,False,False,False,False,False,0,0
14268809,2011,agentic,https://github.com/FastLED/FastLED/pull/2011,Build & Compilation & Infrastructure Optimization,Reduce rebuilding size,majority_2_of_3,True,unresolved,True,False,False,True,False,False,False,False,False,False,False,False,1,1,D1,False,False,False,False,False,False,False,False,False,False,0,0
14268809,2012,agentic,https://github.com/FastLED/FastLED/pull/2012,Build & Compilation & Infrastructure Optimization,Reduce rebuilding size,unanimous,True,benchmark,True,True,False,True,False,True,False,False,False,False,False,False,2,2,D1|D3,False,False,False,False,False,False,False,False,False,False,0,0
14268809,2019,agentic,https://github.com/FastLED/FastLED/pull/2019,Code Smells and Structural Simplification,Remove code bloat by removing optional features,majority_2_of_3,True,benchmark,True,True,False,True,False,False,False,False,False,False,False,False,1,1,D1,False,True,False,False,False,False,False,False,False,False,1,1
14268809,2025,agentic,https://github.com/FastLED/FastLED/pull/2025,Build & Compilation & Infrastructure Optimization,Reduce rebuilding size,unanimous,True,benchmark,True,True,True,True,False,False,True,False,False,True,False,False,4,3,D0|D1|D4|D7,False,False,False,False,False,False,False,False,False,False,0,0
14268809,2036,agentic,https://github.com/FastLED/FastLED/pull/2036,Code Smells and Structural Simplification,Remove duplicate code,unanimous,True,benchmark,True,True,False,True,False,False,False,False,False,False,False,False,1,1,D1,False,True,False,False,False,False,False,False,False,False,1,1
14268809,2213,agentic,https://github.com/FastLED/FastLED/pull/2213,Build & Compilation & Infrastructure Optimization,Reduce rebuilding size,majority_2_of_3,True,benchmark,True,True,False,True,False,False,False,False,False,True,False,True,3,3,D1|D7|D9,False,True,False,False,False,False,False,True,False,True,3,2
14964475,20969,human_candidate,https://github.com/AvaloniaUI/Avalonia/pull/20969,Memory and Data Locality Optimizations,Optimize Object Use,unanimous,True,benchmark,True,True,False,True,False,False,False,False,False,False,False,False,1,1,D1,False,True,False,False,False,False,False,False,False,False,1,1
15337142,18691,human_candidate,https://github.com/micropython/micropython/pull/18691,Algorithm-Level Optimizations,Select Computationally Efficient Algorithms,unanimous,True,static-reasoning,True,True,False,True,False,False,False,False,False,False,False,False,1,1,D1,False,True,False,False,False,False,False,False,False,False,1,1
15337142,19094,human_candidate,https://github.com/micropython/micropython/pull/19094,Algorithm-Level Optimizations,Select Computationally Efficient Algorithms,majority_2_of_3,True,benchmark,True,True,False,True,False,False,False,False,False,False,False,False,1,1,D1,False,True,False,False,False,False,False,False,False,False,1,1
15730865,50892,human_candidate,https://github.com/spack/spack/pull/50892,Algorithm-Level Optimizations,Select Computationally Efficient Algorithms,unanimous,True,static-reasoning,True,True,False,False,False,False,False,False,False,False,False,False,0,0,,False,False,False,False,False,False,False,False,False,False,0,0
15730865,51685,human_candidate,https://github.com/spack/spack/pull/51685,Memory and Data Locality Optimizations,Optimize Object Use,majority_2_of_3,True,benchmark,True,True,False,True,False,False,False,False,False,False,False,False,1,1,D1,False,True,False,False,False,False,False,False,False,False,1,1
15730865,52157,human_candidate,https://github.com/spack/spack/pull/52157,Memory and Data Locality Optimizations,Caching,unanimous,True,static-reasoning,True,True,False,False,False,False,False,False,False,False,False,False,0,0,,False,False,False,False,False,False,False,False,False,False,0,0
16157746,38051,human_candidate,https://github.com/dotnet/efcore/pull/38051,Memory and Data Locality Optimizations,Optimize Object Use,unanimous,True,static-reasoning,True,True,False,False,False,False,False,False,False,False,False,False,0,0,,False,False,False,False,False,False,False,False,False,False,0,0
17496194,3341,agentic,https://github.com/AzureAD/azure-activedirectory-identitymodel-extensions-for-dotnet/pull/3341,Algorithm-Level Optimizations,Select Computationally Efficient Algorithms,unanimous,True,benchmark,True,True,False,True,False,True,False,False,False,False,False,False,2,2,D1|D3,False,True,False,True,False,False,False,False,False,False,2,0
17496194,3342,agentic,https://github.com/AzureAD/azure-activedirectory-identitymodel-extensions-for-dotnet/pull/3342,Algorithm-Level Optimizations,Select Computationally Efficient Algorithms,majority_2_of_3,True,benchmark,True,True,False,True,False,True,False,False,False,False,False,False,2,2,D1|D3,False,True,False,True,False,False,False,False,False,False,2,0
17620347,62056,agentic,https://github.com/dotnet/aspnetcore/pull/62056,Memory and Data Locality Optimizations,Optimize Object Use,unanimous,True,static-reasoning,True,True,False,False,False,False,False,False,False,False,False,False,0,0,,False,False,False,False,False,False,False,False,False,False,0,0
17620347,62661,agentic,https://github.com/dotnet/aspnetcore/pull/62661,Memory and Data Locality Optimizations,Optimize Object Use,unanimous,True,static-reasoning,True,True,False,False,False,False,False,False,False,False,False,False,0,0,,False,False,False,False,False,False,False,False,False,False,0,0
17620347,63994,agentic,https://github.com/dotnet/aspnetcore/pull/63994,I/O and Synchronization,Selection I/O size,majority_2_of_3,True,static-reasoning,True,True,False,False,False,False,False,False,False,False,False,False,0,0,,False,False,False,False,False,False,False,False,False,False,0,0
17620347,65902,agentic,https://github.com/dotnet/aspnetcore/pull/65902,Data Structure Selection and Adaptation,Darwinian Data Structure Selection,unanimous,True,static-reasoning,True,True,False,False,False,False,False,False,False,False,False,False,0,0,,False,False,False,False,False,False,False,False,False,False,0,0
17652873,2493,agentic,https://github.com/FarmBot/Farmbot-Web-App/pull/2493,Memory and Data Locality Optimizations,Caching,unanimous,False,none,False,False,False,False,False,False,False,False,False,False,False,False,0,0,,False,False,False,False,False,False,False,False,False,False,0,0
18068542,5445,human_candidate,https://github.com/xtermjs/xterm.js/pull/5445,Algorithm-Level Optimizations,Select Algorithm Based on Instruction Speed,unanimous,True,static-reasoning,True,True,False,True,False,False,False,False,False,False,False,False,1,1,D1,False,False,False,False,False,False,False,False,False,False,0,0
18068542,5549,human_candidate,https://github.com/xtermjs/xterm.js/pull/5549,Algorithm-Level Optimizations,Select Computationally Efficient Algorithms,unanimous,False,none,False,False,False,False,False,False,False,False,False,False,False,False,0,0,,False,False,False,False,False,False,False,False,False,False,0,0
18068542,5610,agentic,https://github.com/xtermjs/xterm.js/pull/5610,Build & Compilation & Infrastructure Optimization,Enable Lazy loading for resource,majority_2_of_3,True,benchmark,True,True,False,False,False,False,False,False,True,False,False,False,1,1,D6,False,False,False,False,False,False,True,False,False,False,1,1
18068542,5864,human_candidate,https://github.com/xtermjs/xterm.js/pull/5864,Memory and Data Locality Optimizations,Caching,unanimous,True,static-reasoning,True,True,False,False,False,False,False,False,False,False,False,False,0,0,,False,False,False,False,False,False,False,False,False,False,0,0
18068542,5886,agentic,https://github.com/xtermjs/xterm.js/pull/5886,Algorithm-Level Optimizations,Select Computationally Efficient Algorithms,unanimous,True,benchmark,True,True,False,True,False,False,False,False,False,False,False,False,1,1,D1,False,True,False,False,False,False,False,False,False,False,1,0
18068542,5944,agentic,https://github.com/xtermjs/xterm.js/pull/5944,Loop Transformations,Loop Fusion,majority_2_of_3,True,static-reasoning,True,True,False,False,False,False,False,False,False,False,False,False,0,0,,False,False,False,False,False,False,False,False,False,False,0,0
18068542,5945,agentic,https://github.com/xtermjs/xterm.js/pull/5945,Algorithm-Level Optimizations,Select Computationally Efficient Algorithms,majority_2_of_3,True,static-reasoning,True,True,False,False,False,False,False,False,False,False,False,False,0,0,,False,False,False,False,False,False,False,False,False,False,0,0
18068542,5947,agentic,https://github.com/xtermjs/xterm.js/pull/5947,Memory and Data Locality Optimizations,Optimize Object Use,unanimous,True,static-reasoning,True,True,False,False,False,False,False,False,False,False,False,False,0,0,,False,False,False,False,False,False,False,False,False,False,0,0
18068542,5948,agentic,https://github.com/xtermjs/xterm.js/pull/5948,Code Smells and Structural Simplification,Remove Unnecessary Method Calls,unanimous,True,static-reasoning,True,True,False,False,False,False,False,False,False,False,False,False,0,0,,False,False,False,False,False,False,False,False,False,False,0,0
18280236,3465,human_candidate,https://github.com/GitbookIO/gitbook/pull/3465,Memory and Data Locality Optimizations,Caching,unanimous,True,static-reasoning,True,True,False,False,False,False,False,False,False,False,False,False,0,0,,False,False,False,False,False,False,False,False,False,False,0,0
18280236,3813,human_candidate,https://github.com/GitbookIO/gitbook/pull/3813,Code Smells and Structural Simplification,Remove Unnecessary Method Calls,unanimous,True,static-reasoning,True,True,False,False,False,False,False,False,False,False,False,False,0,0,,False,False,False,False,False,False,False,False,False,False,0,0
18280236,4051,human_candidate,https://github.com/GitbookIO/gitbook/pull/4051,Memory and Data Locality Optimizations,Caching,unanimous,False,none,False,False,False,False,False,False,False,False,False,False,False,False,0,0,,False,False,False,False,False,False,False,False,False,False,0,0
18843954,1682,human_candidate,https://github.com/compiler-explorer/infra/pull/1682,I/O and Synchronization,Non-Blocking I/O,majority_2_of_3,True,benchmark,True,True,False,False,False,False,False,False,False,False,False,False,0,0,,False,False,False,False,False,False,False,False,False,False,0,0
19330736,6945,agentic,https://github.com/NuGet/NuGet.Client/pull/6945,Algorithm-Level Optimizations,Select Computationally Efficient Algorithms,unanimous,True,static-reasoning,True,True,False,False,False,False,False,False,False,False,False,False,0,0,,False,False,False,False,False,False,False,False,False,False,0,0
19330736,7173,agentic,https://github.com/NuGet/NuGet.Client/pull/7173,Algorithm-Level Optimizations,Select Computationally Efficient Algorithms,unanimous,True,static-reasoning,True,True,False,False,False,False,False,False,False,False,False,False,0,0,,False,False,False,False,False,False,False,False,False,False,0,0
19330736,7416,human_candidate,https://github.com/NuGet/NuGet.Client/pull/7416,Code Smells and Structural Simplification,Remove Unnecessary Method Calls,majority_2_of_3,True,benchmark,True,True,False,True,False,False,False,False,False,False,False,False,1,1,D1,False,True,False,False,False,False,False,False,False,False,1,0
19961085,16152,human_candidate,https://github.com/apache/pinot/pull/16152,Memory and Data Locality Optimizations,Optimize Object Use,unanimous,True,benchmark,True,True,False,True,False,True,False,False,False,False,False,False,2,2,D1|D3,False,True,False,True,False,False,False,False,False,False,2,2
19961085,16289,human_candidate,https://github.com/apache/pinot/pull/16289,Data Structure Selection and Adaptation,Darwinian Data Structure Selection,majority_2_of_3,False,none,False,False,False,False,False,False,False,False,False,False,False,False,0,0,,False,False,False,False,False,False,False,False,False,False,0,0
19961085,16312,human_candidate,https://github.com/apache/pinot/pull/16312,Algorithm-Level Optimizations,Select Computationally Efficient Algorithms,majority_2_of_3,True,static-reasoning,True,True,False,False,False,False,False,False,False,False,False,False,0,0,,False,False,False,False,False,False,False,False,False,False,0,0
19961085,17342,human_candidate,https://github.com/apache/pinot/pull/17342,Algorithm-Level Optimizations,Select Computationally Efficient Algorithms,unanimous,True,static-reasoning,True,True,False,False,False,False,False,False,False,False,False,True,1,1,D9,False,False,False,False,False,False,False,False,False,False,0,0
19961085,17707,agentic,https://github.com/apache/pinot/pull/17707,"Network, Database, and Data Access Optimization",Lazy Loading / Deferred Initialization,unanimous,True,static-reasoning,True,True,False,False,False,False,False,False,False,False,False,True,1,1,D9,False,False,False,False,False,False,False,False,False,True,1,1
19961085,17868,human_candidate,https://github.com/apache/pinot/pull/17868,Algorithm-Level Optimizations,Select Computationally Efficient Algorithms,unanimous,True,static-reasoning,True,True,False,False,False,False,False,False,False,False,False,False,0,0,,False,False,False,False,False,False,False,False,False,False,0,0
19961085,17898,human_candidate,https://github.com/apache/pinot/pull/17898,Algorithm-Level Optimizations,Select Computationally Efficient Algorithms,majority_2_of_3,True,static-reasoning,True,True,False,False,False,False,False,False,False,False,False,False,0,0,,False,False,False,False,False,False,False,False,False,False,0,0
19961085,18189,agentic,https://github.com/apache/pinot/pull/18189,Algorithm-Level Optimizations,Select Computationally Efficient Algorithms,majority_2_of_3,False,none,False,False,False,False,False,False,False,False,False,False,False,False,0,0,,False,False,False,False,False,False,False,False,False,False,0,0
19961085,18272,human_candidate,https://github.com/apache/pinot/pull/18272,I/O and Synchronization,Concurrency Control / Lock Optimization,unanimous,True,unresolved,True,False,False,False,False,False,False,False,False,False,False,False,0,0,,False,False,False,False,False,False,False,False,False,False,0,0
20046997,13317,agentic,https://github.com/PrairieLearn/PrairieLearn/pull/13317,Code Smells and Structural Simplification,Remove Unnecessary Method Calls,majority_2_of_3,False,none,False,False,False,False,False,False,False,False,False,False,False,False,0,0,,False,False,False,False,False,False,False,False,False,False,0,0
20046997,13692,agentic,https://github.com/PrairieLearn/PrairieLearn/pull/13692,"Network, Database, and Data Access Optimization",Lazy Loading / Deferred Initialization,unanimous,False,none,False,False,False,False,False,False,False,False,False,False,False,False,0,0,,False,False,False,False,False,False,False,False,False,False,0,0
20128178,250,agentic,https://github.com/voku/portable-utf8/pull/250,Memory and Data Locality Optimizations,Use Smaller Data Types,majority_2_of_3,True,benchmark,True,True,False,False,False,False,False,False,False,False,False,False,0,0,,False,False,False,False,False,False,False,False,False,False,0,0
20532052,2041,human_candidate,https://github.com/dotnet/Open-XML-SDK/pull/2041,Algorithm-Level Optimizations,Select Computationally Efficient Algorithms,unanimous,True,static-reasoning,True,True,False,False,False,False,False,False,False,False,False,False,0,0,,False,False,False,False,False,False,False,False,False,False,0,0
20532052,2074,agentic,https://github.com/dotnet/Open-XML-SDK/pull/2074,Memory and Data Locality Optimizations,Optimize Object Use,unanimous,False,none,False,False,False,False,False,False,False,False,False,False,False,False,0,0,,False,False,False,False,False,False,False,False,False,False,0,0
20849145,58,agentic,https://github.com/ateliee/jquery.schedule/pull/58,Memory and Data Locality Optimizations,Caching,unanimous,True,static-reasoning,True,True,True,False,False,False,False,False,False,False,False,False,1,0,D0,True,False,False,False,False,False,False,False,False,False,1,1
21134745,779,agentic,https://github.com/wolfSSL/wolfssh/pull/779,Algorithm-Level Optimizations,Event-Driven Throttling,unanimous,True,static-reasoning,True,True,False,False,False,False,False,False,False,False,False,False,0,0,,False,False,False,False,False,False,False,False,False,False,0,0
21764480,13695,agentic,https://github.com/hmislk/hmis/pull/13695,"Network, Database, and Data Access Optimization",Lazy Loading / Deferred Initialization,unanimous,False,none,False,False,False,False,False,False,False,False,False,False,False,False,0,0,,False,False,False,False,False,False,False,False,False,False,0,0
21764480,14069,agentic,https://github.com/hmislk/hmis/pull/14069,"Network, Database, and Data Access Optimization",Minimize Payload Size / Pass Reference Instead of Value,unanimous,False,none,False,False,False,False,False,False,False,False,False,False,False,False,0,0,,False,False,False,False,False,False,False,False,False,False,0,0
21764480,14186,agentic,https://github.com/hmislk/hmis/pull/14186,"Network, Database, and Data Access Optimization",Batch API Requests (N+1),unanimous,False,none,False,False,False,False,False,False,False,False,False,False,False,False,0,0,,False,False,False,False,False,False,False,False,False,False,0,0
21764480,14205,agentic,https://github.com/hmislk/hmis/pull/14205,Memory and Data Locality Optimizations,Caching,majority_2_of_3,False,none,False,False,False,False,False,False,False,False,False,False,False,False,0,0,,False,False,False,False,False,False,False,False,False,False,0,0
21764480,14257,agentic,https://github.com/hmislk/hmis/pull/14257,"Network, Database, and Data Access Optimization",Minimize Payload Size / Pass Reference Instead of Value,unanimous,False,none,False,False,False,False,False,False,False,False,False,False,False,False,0,0,,False,False,False,False,False,False,False,False,False,False,0,0
21764480,14259,agentic,https://github.com/hmislk/hmis/pull/14259,"Network, Database, and Data Access Optimization",Minimize Payload Size / Pass Reference Instead of Value,majority_2_of_3,False,none,False,False,False,False,False,False,False,False,False,False,False,False,0,0,,False,False,False,False,False,False,False,False,False,False,0,0
21764480,17201,human_candidate,https://github.com/hmislk/hmis/pull/17201,Code Smells and Structural Simplification,Remove duplicate code,majority_2_of_3,False,none,False,False,False,True,False,False,False,True,False,False,True,False,3,3,D1|D5|D8,False,False,False,False,False,False,False,False,False,False,0,0
21764480,18418,agentic,https://github.com/hmislk/hmis/pull/18418,"Network, Database, and Data Access Optimization",Batch API Requests (N+1),unanimous,True,benchmark,True,True,False,True,False,False,False,False,False,False,False,False,1,1,D1,False,True,False,False,False,False,False,False,False,False,1,1
21764480,18420,agentic,https://github.com/hmislk/hmis/pull/18420,"Network, Database, and Data Access Optimization",Batch API Requests (N+1),unanimous,True,benchmark,True,True,False,True,False,False,False,False,False,False,False,False,1,1,D1,False,True,False,False,False,False,False,False,False,False,1,1
21764480,21089,agentic,https://github.com/hmislk/hmis/pull/21089,"Network, Database, and Data Access Optimization",Relational Query Consolidation (N+1),unanimous,True,static-reasoning,True,True,False,False,False,False,False,False,False,False,False,False,0,0,,False,False,False,False,False,False,False,False,False,False,0,0
22332649,240,agentic,https://github.com/skyvers/skyve/pull/240,Memory and Data Locality Optimizations,Optimize Object Use,majority_2_of_3,True,static-reasoning,True,True,False,False,False,False,False,False,False,False,False,False,0,0,,False,False,False,False,False,False,False,False,False,False,0,0
23022377,946,agentic,https://github.com/licensee/licensee/pull/946,Memory and Data Locality Optimizations,Caching,majority_2_of_3,True,static-reasoning,True,True,False,False,False,False,False,False,False,False,False,False,0,0,,False,False,False,False,False,False,False,False,False,False,0,0
23247808,2634,human_candidate,https://github.com/rqlite/rqlite/pull/2634,Memory and Data Locality Optimizations,Optimize Object Use,unanimous,True,static-reasoning,True,True,False,False,False,False,False,False,False,False,False,False,0,0,,False,False,False,False,False,False,False,False,False,False,0,0
23496542,6529,human_candidate,https://github.com/triton-lang/triton/pull/6529,Memory and Data Locality Optimizations,Improve cache locality - spatial locality,majority_2_of_3,False,none,False,False,False,False,False,False,False,False,False,False,False,False,0,0,,False,False,False,False,False,False,False,False,False,False,0,0
23496542,6892,human_candidate,https://github.com/triton-lang/triton/pull/6892,Code Smells and Structural Simplification,Remove Unnecessary Method Calls,majority_2_of_3,True,benchmark,True,True,False,False,False,False,False,False,False,False,False,False,0,0,,False,False,False,False,False,False,False,False,False,False,0,0
23496542,7073,human_candidate,https://github.com/triton-lang/triton/pull/7073,Algorithm-Level Optimizations,Select Computationally Efficient Algorithms,majority_2_of_3,False,none,False,False,False,False,False,False,False,False,False,False,False,False,0,0,,False,False,False,False,False,False,False,False,False,False,0,0
23496542,7238,human_candidate,https://github.com/triton-lang/triton/pull/7238,Algorithm-Level Optimizations,Select Algorithm Based on Instruction Speed,majority_2_of_3,True,benchmark,True,True,False,False,False,False,False,False,False,False,False,False,0,0,,False,False,False,False,False,False,False,False,False,False,0,0
23496542,7261,human_candidate,https://github.com/triton-lang/triton/pull/7261,Build & Compilation & Infrastructure Optimization,Compiler Optimization Hints/Directives,unanimous,False,none,False,False,False,False,False,False,False,False,False,False,False,False,0,0,,False,False,False,False,False,False,False,False,False,False,0,0
23496542,7465,human_candidate,https://github.com/triton-lang/triton/pull/7465,Algorithm-Level Optimizations,Select Algorithm Based on Instruction Speed,unanimous,False,none,False,False,False,False,False,False,False,False,False,False,False,False,0,0,,False,False,False,False,False,False,False,False,False,False,0,0
23496542,7509,human_candidate,https://github.com/triton-lang/triton/pull/7509,I/O and Synchronization,Concurrency Control / Lock Optimization,unanimous,False,none,False,False,False,False,False,False,False,False,False,False,False,False,0,0,,False,False,False,False,False,False,False,False,False,False,0,0
23496542,7569,human_candidate,https://github.com/triton-lang/triton/pull/7569,Memory and Data Locality Optimizations,Caching,unanimous,True,benchmark,True,True,False,False,False,False,False,False,False,True,False,False,1,1,D7,False,False,False,False,False,False,False,True,False,False,1,1
23496542,7849,human_candidate,https://github.com/triton-lang/triton/pull/7849,Build & Compilation & Infrastructure Optimization,Enable Build-Time Optimizations,unanimous,False,none,False,False,False,True,False,False,False,False,False,False,False,False,1,1,D1,False,True,False,False,False,False,False,False,False,False,1,0
23496542,8151,human_candidate,https://github.com/triton-lang/triton/pull/8151,Build & Compilation & Infrastructure Optimization,Compiler Optimization Hints/Directives,unanimous,False,none,False,False,False,False,False,False,False,False,False,False,False,False,0,0,,False,False,False,False,False,False,False,False,False,False,0,0
23496542,8444,human_candidate,https://github.com/triton-lang/triton/pull/8444,Algorithm-Level Optimizations,Select Algorithm Based on Instruction Speed,unanimous,True,static-reasoning,True,True,False,False,False,False,False,False,False,False,False,False,0,0,,False,False,False,False,False,False,False,False,False,False,0,0
23496542,8559,human_candidate,https://github.com/triton-lang/triton/pull/8559,Build & Compilation & Infrastructure Optimization,Reduce rebuilding size,majority_2_of_3,False,none,False,False,False,False,False,False,False,False,False,False,False,False,0,0,,False,False,False,False,False,False,False,False,False,False,0,0
23496542,9021,human_candidate,https://github.com/triton-lang/triton/pull/9021,Algorithm-Level Optimizations,Structure Algorithm to Support instruction level parallelism (ILP),unanimous,True,benchmark,True,True,False,True,False,False,False,False,False,False,False,False,1,1,D1,False,True,False,False,False,False,False,False,False,False,1,1
23496542,9138,human_candidate,https://github.com/triton-lang/triton/pull/9138,Algorithm-Level Optimizations,Select Computationally Efficient Algorithms,majority_2_of_3,True,unresolved,True,False,False,False,False,False,False,False,False,False,False,False,0,0,,False,False,False,False,False,False,False,False,False,False,0,0
23496542,9849,human_candidate,https://github.com/triton-lang/triton/pull/9849,Control-Flow and Branching Optimizations,Remove branching with masking,unanimous,True,static-reasoning,True,True,False,False,False,False,False,False,True,False,False,False,1,1,D6,False,False,False,False,False,False,True,False,False,False,1,1
23496542,10124,agentic,https://github.com/triton-lang/triton/pull/10124,Algorithm-Level Optimizations,Select Computationally Efficient Algorithms,majority_2_of_3,True,benchmark,True,True,False,False,False,False,False,False,False,False,False,False,0,0,,False,False,False,False,False,False,False,False,False,False,0,0
23496542,10150,agentic,https://github.com/triton-lang/triton/pull/10150,Loop Transformations,Loop Fusion,unanimous,True,benchmark,True,True,False,False,False,False,False,False,False,False,False,False,0,0,,False,False,False,False,False,False,False,False,False,False,0,0
23496542,10248,human_candidate,https://github.com/triton-lang/triton/pull/10248,Algorithm-Level Optimizations,Select Algorithm Based on Instruction Speed,unanimous,True,benchmark,True,True,False,False,False,False,False,False,False,False,False,False,0,0,,False,False,False,False,False,False,False,False,False,False,0,0
23496542,10414,human_candidate,https://github.com/triton-lang/triton/pull/10414,Algorithm-Level Optimizations,Select Algorithm Based on Instruction Speed,unanimous,True,static-reasoning,True,True,False,False,False,False,False,False,False,False,False,False,0,0,,False,False,False,False,False,False,False,False,False,False,0,0
25501620,397,agentic,https://github.com/numbagg/numbagg/pull/397,Memory and Data Locality Optimizations,Improve cache locality - temporal locality,unanimous,True,static-reasoning,True,True,False,False,False,False,False,False,False,False,False,False,0,0,,False,False,False,False,False,False,False,False,False,False,0,0
25780780,2279,agentic,https://github.com/AlaSQL/alasql/pull/2279,Algorithm-Level Optimizations,Select Computationally Efficient Algorithms,unanimous,True,benchmark,True,True,True,True,False,False,False,False,False,False,False,False,2,1,D0|D1,False,True,False,False,False,False,False,False,False,False,1,1
25780780,2281,agentic,https://github.com/AlaSQL/alasql/pull/2281,Memory and Data Locality Optimizations,Caching,unanimous,True,benchmark,True,True,True,True,True,False,False,False,False,False,False,True,4,3,D0|D1|D2|D9,True,True,True,False,False,False,False,False,False,True,4,3
26328526,1207,agentic,https://github.com/yiisoft-contrib/yiiframework.com/pull/1207,Algorithm-Level Optimizations,Select Computationally Efficient Algorithms,unanimous,True,static-reasoning,True,True,False,False,False,False,False,False,False,False,False,False,0,0,,False,False,False,False,False,False,False,False,False,False,0,0
26785339,5636,agentic,https://github.com/SchemaStore/schemastore/pull/5636,I/O and Synchronization,Concurrency Control / Rate Limiting,majority_2_of_3,True,static-reasoning,True,True,False,False,False,False,False,False,False,False,False,True,1,1,D9,False,False,False,False,False,False,False,False,False,True,1,1
26884725,18821,agentic,https://github.com/OrchardCMS/OrchardCore/pull/18821,Code Smells and Structural Simplification,Remove code bloat by removing optional features,majority_2_of_3,False,none,False,False,False,False,False,False,False,False,False,False,False,False,0,0,,False,False,False,False,False,False,False,False,False,False,0,0
27085821,4952,human_candidate,https://github.com/stellar/stellar-core/pull/4952,Code Smells and Structural Simplification,Remove Unnecessary Method Calls,unanimous,True,benchmark,True,True,False,False,False,False,False,False,False,False,False,False,0,0,,False,False,False,False,False,False,False,False,False,False,0,0
27085821,4957,human_candidate,https://github.com/stellar/stellar-core/pull/4957,Code Smells and Structural Simplification,Remove Unnecessary Method Calls,unanimous,False,none,False,False,False,False,False,False,False,False,False,False,False,False,0,0,,False,False,False,False,False,False,False,False,False,False,0,0
27085821,5284,human_candidate,https://github.com/stellar/stellar-core/pull/5284,I/O and Synchronization,Non-Blocking I/O,majority_2_of_3,False,none,False,False,False,False,False,False,False,False,False,False,False,False,0,0,,False,False,False,False,False,False,False,False,False,False,0,0
27185284,6402,human_candidate,https://github.com/opengisch/QField/pull/6402,Code Smells and Structural Simplification,Remove Unnecessary Method Calls,unanimous,True,static-reasoning,True,True,False,False,False,False,False,False,False,False,False,False,0,0,,False,False,False,False,False,False,False,False,False,False,0,0
27185284,7259,human_candidate,https://github.com/opengisch/QField/pull/7259,Build & Compilation & Infrastructure Optimization,Enable Lazy loading for resource,majority_2_of_3,False,none,False,False,False,False,False,False,False,False,False,False,False,False,0,0,,False,False,False,False,False,False,False,False,False,False,0,0
28232663,9731,agentic,https://github.com/dotnet/orleans/pull/9731,Build & Compilation & Infrastructure Optimization,Enable Build-Time Optimizations,majority_2_of_3,True,static-reasoning,True,True,False,False,False,False,False,False,False,False,False,False,0,0,,False,False,False,False,False,False,False,False,False,False,0,0
28232663,9892,agentic,https://github.com/dotnet/orleans/pull/9892,I/O and Synchronization,Concurrency Control / Lock Optimization,majority_2_of_3,False,none,False,False,False,False,False,False,False,False,False,False,False,False,0,0,,False,False,False,False,False,False,False,False,False,False,0,0
28232663,10060,human_candidate,https://github.com/dotnet/orleans/pull/10060,Code Smells and Structural Simplification,Replace Reflection with Direct Method Calls,majority_2_of_3,False,none,False,False,False,False,False,False,False,False,False,False,False,False,0,0,,False,False,False,False,False,False,False,False,False,False,0,0
28232663,10062,human_candidate,https://github.com/dotnet/orleans/pull/10062,I/O and Synchronization,Concurrency Control / Lock Optimization,majority_2_of_3,True,benchmark,True,True,False,True,False,False,False,False,False,False,False,True,2,2,D1|D9,False,True,False,False,False,False,False,False,False,True,2,2
28232663,10071,human_candidate,https://github.com/dotnet/orleans/pull/10071,Memory and Data Locality Optimizations,Optimize Object Use,unanimous,True,static-reasoning,True,True,False,False,False,False,False,False,False,False,False,False,0,0,,False,False,False,False,False,False,False,False,False,False,0,0
28232663,10116,human_candidate,https://github.com/dotnet/orleans/pull/10116,Memory and Data Locality Optimizations,Optimize Object Use,majority_2_of_3,False,none,False,False,False,False,False,False,False,False,False,False,False,False,0,0,,False,False,False,False,False,False,False,False,False,False,0,0
28606501,892,agentic,https://github.com/addok/addok/pull/892,Memory and Data Locality Optimizations,Cache Eviction Policy,unanimous,False,none,False,False,False,False,False,False,False,False,False,False,False,False,0,0,,False,False,False,False,False,False,False,False,False,False,0,0
28606501,893,agentic,https://github.com/addok/addok/pull/893,Memory and Data Locality Optimizations,Caching,majority_2_of_3,False,none,False,False,False,False,False,False,False,False,False,False,False,False,0,0,,False,False,False,False,False,False,False,False,False,False,0,0
28829926,2600,agentic,https://github.com/igraph/rigraph/pull/2600,Algorithm-Level Optimizations,Select Computationally Efficient Algorithms,majority_2_of_3,True,static-reasoning,True,True,False,False,False,False,False,False,False,False,False,False,0,0,,False,False,False,False,False,False,False,False,False,False,0,0
29048891,18546,human_candidate,https://github.com/dotnet/fsharp/pull/18546,Memory and Data Locality Optimizations,Optimize Object Use,majority_2_of_3,True,benchmark,True,True,False,True,False,True,False,False,False,False,False,False,2,2,D1|D3,False,True,False,True,False,False,False,False,False,False,2,2
29048891,19072,agentic,https://github.com/dotnet/fsharp/pull/19072,Memory and Data Locality Optimizations,Caching,unanimous,True,benchmark,True,True,True,True,False,True,False,True,False,True,False,False,5,4,D0|D1|D3|D5|D7,True,True,False,True,False,True,False,True,False,False,5,2
29048891,19138,agentic,https://github.com/dotnet/fsharp/pull/19138,Data Structure Selection and Adaptation,Darwinian Data Structure Selection,unanimous,True,unresolved,True,False,False,True,False,True,False,False,False,True,False,False,3,3,D1|D3|D7,False,True,False,True,False,False,False,True,False,False,3,2
29048891,19189,agentic,https://github.com/dotnet/fsharp/pull/19189,Algorithm-Level Optimizations,Select Computationally Efficient Algorithms,majority_2_of_3,True,static-reasoning,True,True,False,False,False,False,False,False,False,False,False,False,0,0,,False,False,False,False,False,False,False,False,False,False,0,0
29048891,19292,human_candidate,https://github.com/dotnet/fsharp/pull/19292,Algorithm-Level Optimizations,Select Computationally Efficient Algorithms,unanimous,True,benchmark,True,True,False,True,False,True,False,False,False,False,False,False,2,2,D1|D3,False,True,False,True,False,False,False,False,False,False,2,2
29078997,78866,human_candidate,https://github.com/dotnet/roslyn/pull/78866,Memory and Data Locality Optimizations,Optimize Object Use,unanimous,True,static-reasoning,True,True,False,False,False,False,False,False,False,False,False,False,0,0,,False,False,False,False,False,False,False,False,False,False,0,0
29078997,78885,human_candidate,https://github.com/dotnet/roslyn/pull/78885,Memory and Data Locality Optimizations,Optimize Object Use,unanimous,True,benchmark,True,True,False,False,False,True,False,False,False,False,False,False,1,1,D3,False,False,False,True,False,False,False,False,False,False,1,1
29078997,79626,human_candidate,https://github.com/dotnet/roslyn/pull/79626,Memory and Data Locality Optimizations,Optimize Object Use,unanimous,False,none,False,False,False,False,False,False,False,False,False,False,False,False,0,0,,False,False,False,False,False,False,False,False,False,False,0,0
29078997,79810,human_candidate,https://github.com/dotnet/roslyn/pull/79810,Memory and Data Locality Optimizations,Optimize Object Use,unanimous,True,unresolved,True,False,False,False,False,True,False,False,False,False,False,False,1,1,D3,False,False,False,True,False,False,False,False,False,False,1,1
29078997,80635,agentic,https://github.com/dotnet/roslyn/pull/80635,Control-Flow and Branching Optimizations,Rearranging for early return,unanimous,True,unresolved,True,False,True,True,False,True,False,False,False,False,False,False,3,2,D0|D1|D3,True,True,False,True,False,False,False,False,False,False,3,2
29078997,80734,agentic,https://github.com/dotnet/roslyn/pull/80734,Memory and Data Locality Optimizations,Optimize Object Use,unanimous,True,static-reasoning,True,True,False,False,False,False,False,False,False,False,False,False,0,0,,False,False,False,False,False,False,False,False,False,False,0,0
29078997,80744,agentic,https://github.com/dotnet/roslyn/pull/80744,Memory and Data Locality Optimizations,Caching,majority_2_of_3,True,static-reasoning,True,True,False,False,False,False,False,False,False,False,False,False,0,0,,False,False,False,False,False,False,False,False,False,False,0,0
29078997,81309,human_candidate,https://github.com/dotnet/roslyn/pull/81309,Memory and Data Locality Optimizations,Optimize Object Use,unanimous,True,benchmark,True,True,False,False,False,True,False,False,False,False,False,False,1,1,D3,False,False,False,True,False,False,False,False,False,False,1,1
29078997,81948,human_candidate,https://github.com/dotnet/roslyn/pull/81948,Memory and Data Locality Optimizations,Optimize Object Use,unanimous,True,profiling,True,True,False,False,False,False,False,False,False,False,False,False,0,0,,False,False,False,False,False,False,False,False,False,False,0,0
29078997,82165,human_candidate,https://github.com/dotnet/roslyn/pull/82165,Loop Transformations,Loop Fusion,majority_2_of_3,True,benchmark,True,True,False,True,False,True,False,False,False,False,False,False,2,2,D1|D3,False,True,False,True,False,False,False,False,False,False,2,2
29078997,82447,human_candidate,https://github.com/dotnet/roslyn/pull/82447,Algorithm-Level Optimizations,Select Computationally Efficient Algorithms,majority_2_of_3,True,unresolved,True,False,False,True,False,False,False,False,False,True,False,False,2,2,D1|D7,False,True,False,False,False,False,False,True,False,False,2,2
29078997,82819,human_candidate,https://github.com/dotnet/roslyn/pull/82819,Memory and Data Locality Optimizations,Optimize Object Use,unanimous,True,benchmark,True,True,False,False,False,False,False,False,False,False,False,False,0,0,,False,False,False,False,False,False,False,False,False,False,0,0
29078997,82883,human_candidate,https://github.com/dotnet/roslyn/pull/82883,"Network, Database, and Data Access Optimization",Lazy Loading / Deferred Initialization,majority_2_of_3,False,none,False,False,False,False,False,False,False,False,False,False,False,False,0,0,,False,False,False,False,False,False,False,False,False,False,0,0
29078997,82948,agentic,https://github.com/dotnet/roslyn/pull/82948,Memory and Data Locality Optimizations,Optimize Object Use,majority_2_of_3,True,static-reasoning,True,True,False,False,False,False,False,False,False,False,False,False,0,0,,False,False,False,False,False,False,False,False,False,False,0,0
29078997,83470,agentic,https://github.com/dotnet/roslyn/pull/83470,Memory and Data Locality Optimizations,Caching,unanimous,True,static-reasoning,True,True,False,False,False,False,False,False,False,False,False,False,0,0,,False,False,False,False,False,False,False,False,False,False,0,0
29078997,83708,human_candidate,https://github.com/dotnet/roslyn/pull/83708,Algorithm-Level Optimizations,Select Computationally Efficient Algorithms,unanimous,True,static-reasoning,True,True,False,False,False,False,False,False,False,False,False,False,0,0,,False,False,False,False,False,False,False,False,False,False,0,0
30932325,7000,agentic,https://github.com/dotnet/extensions/pull/7000,Code Smells and Structural Simplification,Remove Unnecessary Method Calls,unanimous,False,none,False,False,False,False,False,False,False,False,False,False,False,False,0,0,,False,False,False,False,False,False,False,False,False,False,0,0
30932325,7027,agentic,https://github.com/dotnet/extensions/pull/7027,Memory and Data Locality Optimizations,Optimize Object Use,unanimous,True,static-reasoning,True,True,False,False,False,False,False,False,False,False,False,False,0,0,,False,False,False,False,False,False,False,False,False,False,0,0
30932325,7279,agentic,https://github.com/dotnet/extensions/pull/7279,"Network, Database, and Data Access Optimization",Batch API Requests (N+1),unanimous,True,static-reasoning,True,True,False,False,False,False,False,False,False,False,False,False,0,0,,False,False,False,False,False,False,False,False,False,False,0,0
31261793,813,agentic,https://github.com/OpenHFT/Chronicle-Core/pull/813,I/O and Synchronization,Selection I/O size,majority_2_of_3,False,none,False,False,False,False,False,False,False,False,False,False,False,False,0,0,,False,False,False,False,False,False,False,False,False,False,0,0
31261793,814,agentic,https://github.com/OpenHFT/Chronicle-Core/pull/814,Memory and Data Locality Optimizations,Buffering,majority_2_of_3,False,none,False,False,False,False,False,False,False,False,False,False,False,False,0,0,,False,False,False,False,False,False,False,False,False,False,0,0
31625029,5390,human_candidate,https://github.com/zeroc-ice/ice/pull/5390,Code Smells and Structural Simplification,Remove Unnecessary Method Calls,majority_2_of_3,True,static-reasoning,True,True,False,False,False,False,False,False,False,False,False,False,0,0,,False,False,False,False,False,False,False,False,False,False,0,0
32051890,11502,human_candidate,https://github.com/dotnet/msbuild/pull/11502,"Network, Database, and Data Access Optimization",Minimize Payload Size / Pass Reference Instead of Value,majority_2_of_3,True,benchmark,True,True,False,False,False,True,False,False,False,False,False,False,1,1,D3,False,False,False,True,False,False,False,False,False,False,1,1
32051890,11918,human_candidate,https://github.com/dotnet/msbuild/pull/11918,Memory and Data Locality Optimizations,Optimize Object Use,unanimous,True,unresolved,True,False,False,False,False,True,False,False,False,False,False,False,1,1,D3,False,False,False,True,False,False,False,False,False,False,1,1
32051890,11953,agentic,https://github.com/dotnet/msbuild/pull/11953,Code Smells and Structural Simplification,Remove Unnecessary Method Calls,unanimous,True,static-reasoning,True,True,False,False,False,False,False,False,False,False,False,False,0,0,,False,False,False,False,False,False,False,False,False,False,0,0
32051890,11959,human_candidate,https://github.com/dotnet/msbuild/pull/11959,Memory and Data Locality Optimizations,Optimize Object Use,unanimous,True,profiling,True,True,False,False,False,False,False,False,False,False,False,False,0,0,,False,False,False,False,False,False,False,False,False,False,0,0
32051890,12025,agentic,https://github.com/dotnet/msbuild/pull/12025,Code Smells and Structural Simplification,Replace Reflection with Direct Method Calls,unanimous,True,profiling,True,True,False,False,False,False,False,False,False,False,False,False,0,0,,False,False,False,False,False,False,False,False,False,False,0,0
32051890,12030,agentic,https://github.com/dotnet/msbuild/pull/12030,Code Smells and Structural Simplification,Replace Reflection with Direct Method Calls,unanimous,True,static-reasoning,True,True,False,False,False,False,False,False,False,False,False,False,0,0,,False,False,False,False,False,False,False,False,False,False,0,0
32051890,12052,human_candidate,https://github.com/dotnet/msbuild/pull/12052,I/O and Synchronization,Concurrency Control / Lock Optimization,majority_2_of_3,True,profiling,True,True,False,False,False,False,False,False,False,False,False,False,0,0,,False,False,False,False,False,False,False,False,False,False,0,0
32051890,12065,human_candidate,https://github.com/dotnet/msbuild/pull/12065,Memory and Data Locality Optimizations,Use Smaller Data Types,unanimous,True,static-reasoning,True,True,False,False,False,False,False,False,False,False,False,False,0,0,,False,False,False,False,False,False,False,False,False,False,0,0
32051890,12127,human_candidate,https://github.com/dotnet/msbuild/pull/12127,Memory and Data Locality Optimizations,Optimize Object Use,unanimous,True,unresolved,True,False,False,False,False,True,False,False,False,False,False,False,1,1,D3,False,False,False,True,False,False,False,False,False,False,1,1
32051890,12151,human_candidate,https://github.com/dotnet/msbuild/pull/12151,Data Structure Selection and Adaptation,Darwinian Data Structure Selection,majority_2_of_3,True,unresolved,True,False,False,False,False,False,False,False,False,False,False,False,0,0,,False,False,False,False,False,False,False,False,False,False,0,0
32051890,12260,agentic,https://github.com/dotnet/msbuild/pull/12260,I/O and Synchronization,Concurrency Control / Lock Optimization,unanimous,False,none,False,False,False,False,False,False,False,False,False,False,False,False,0,0,,False,False,False,False,False,False,False,False,False,False,0,0
32051890,12284,human_candidate,https://github.com/dotnet/msbuild/pull/12284,Data Structure Selection and Adaptation,Darwinian Data Structure Selection,unanimous,True,profiling,True,True,False,False,False,False,False,False,False,False,False,False,0,0,,False,False,False,False,False,False,False,False,False,False,0,0
32051890,12288,agentic,https://github.com/dotnet/msbuild/pull/12288,Memory and Data Locality Optimizations,Optimize Object Use,majority_2_of_3,True,static-reasoning,True,True,False,False,False,False,False,False,False,False,False,False,0,0,,False,False,False,False,False,False,False,False,False,False,0,0
32051890,12367,human_candidate,https://github.com/dotnet/msbuild/pull/12367,I/O and Synchronization,Concurrency Control / Lock Optimization,unanimous,False,none,False,False,False,False,False,False,False,False,False,False,False,False,0,0,,False,False,False,False,False,False,False,False,False,False,0,0
32051890,12401,agentic,https://github.com/dotnet/msbuild/pull/12401,Code Smells and Structural Simplification,Replace Reflection with Direct Method Calls,unanimous,True,benchmark,True,True,True,True,False,False,False,False,False,False,False,False,2,1,D0|D1,True,True,False,False,False,False,False,False,False,False,2,2
32051890,12591,agentic,https://github.com/dotnet/msbuild/pull/12591,Algorithm-Level Optimizations,Select Computationally Efficient Algorithms,majority_2_of_3,True,static-reasoning,True,True,False,False,False,False,False,False,False,False,False,False,0,0,,False,False,False,False,False,False,False,False,False,False,0,0
32051890,12690,agentic,https://github.com/dotnet/msbuild/pull/12690,Code Smells and Structural Simplification,Replace Reflection with Direct Method Calls,unanimous,True,static-reasoning,True,True,False,False,False,False,False,False,False,False,False,False,0,0,,False,False,False,False,False,False,False,False,False,False,0,0
32051890,12773,agentic,https://github.com/dotnet/msbuild/pull/12773,Algorithm-Level Optimizations,Select Computationally Efficient Algorithms,majority_2_of_3,True,static-reasoning,True,True,False,False,False,False,False,False,False,False,False,False,0,0,,False,False,False,False,False,False,False,False,False,False,0,0
32051890,12774,agentic,https://github.com/dotnet/msbuild/pull/12774,Memory and Data Locality Optimizations,Caching,majority_2_of_3,True,static-reasoning,True,True,False,False,False,False,False,False,False,False,False,False,0,0,,False,False,False,False,False,False,False,False,False,False,0,0
32051890,13686,agentic,https://github.com/dotnet/msbuild/pull/13686,Code Smells and Structural Simplification,Remove Unnecessary Method Calls,unanimous,True,unresolved,True,False,False,False,False,False,True,False,False,False,False,False,1,1,D4,False,False,False,False,True,False,False,False,False,False,1,1
32051890,13825,human_candidate,https://github.com/dotnet/msbuild/pull/13825,I/O and Synchronization,Concurrency Control / Lock Optimization,unanimous,True,static-reasoning,True,True,False,False,False,False,False,False,False,False,False,False,0,0,,False,False,False,False,False,False,False,False,False,False,0,0
32148604,11207,human_candidate,https://github.com/iNavFlight/inav/pull/11207,I/O and Synchronization,Selection I/O size,majority_2_of_3,True,static-reasoning,True,True,False,True,False,False,False,False,False,False,False,False,1,1,D1,False,True,False,False,False,False,False,False,False,False,1,0
32944298,7710,agentic,https://github.com/Z3Prover/z3/pull/7710,Code Smells and Structural Simplification,Remove Unnecessary Method Calls,unanimous,True,benchmark,True,True,False,True,False,False,False,False,False,False,False,False,1,1,D1,False,True,False,False,False,False,False,False,False,False,1,1
32944298,7863,agentic,https://github.com/Z3Prover/z3/pull/7863,Algorithm-Level Optimizations,Select Computationally Efficient Algorithms,majority_2_of_3,True,static-reasoning,True,True,False,False,False,False,False,False,False,False,False,False,0,0,,False,False,False,False,False,False,False,False,False,False,0,0
32944298,8189,agentic,https://github.com/Z3Prover/z3/pull/8189,Build & Compilation & Infrastructure Optimization,Compiler Optimization Hints/Directives,unanimous,True,static-reasoning,True,True,False,False,False,False,False,False,False,False,False,False,0,0,,False,False,False,False,False,False,False,False,False,False,0,0
32944298,8416,agentic,https://github.com/Z3Prover/z3/pull/8416,Algorithm-Level Optimizations,Select Computationally Efficient Algorithms,unanimous,True,static-reasoning,True,True,False,False,False,False,False,False,False,False,False,False,0,0,,False,False,False,False,False,False,False,False,False,False,0,0
32944298,8445,agentic,https://github.com/Z3Prover/z3/pull/8445,Memory and Data Locality Optimizations,Improve cache locality - spatial locality,unanimous,True,benchmark,True,True,False,False,False,False,False,False,False,False,False,False,0,0,,False,False,False,False,False,False,False,False,False,False,0,0
32944298,8518,agentic,https://github.com/Z3Prover/z3/pull/8518,Memory and Data Locality Optimizations,Optimize Object Use,unanimous,True,static-reasoning,True,True,False,False,False,False,False,False,False,False,False,False,0,0,,False,False,False,False,False,False,False,False,False,False,0,0
32944298,8589,agentic,https://github.com/Z3Prover/z3/pull/8589,Memory and Data Locality Optimizations,Optimize Object Use,unanimous,True,static-reasoning,True,True,False,False,False,False,False,False,False,False,False,False,0,0,,False,False,False,False,False,False,False,False,False,False,0,0
32944298,8591,agentic,https://github.com/Z3Prover/z3/pull/8591,Memory and Data Locality Optimizations,Optimize Object Use,unanimous,True,static-reasoning,True,True,False,False,False,False,False,False,False,False,False,False,0,0,,False,False,False,False,False,False,False,False,False,False,0,0
32944298,8877,agentic,https://github.com/Z3Prover/z3/pull/8877,Algorithm-Level Optimizations,Select Computationally Efficient Algorithms,unanimous,True,unresolved,True,False,False,False,False,False,False,False,False,False,False,False,0,0,,False,False,False,False,False,False,False,False,False,False,0,0
32944298,8943,agentic,https://github.com/Z3Prover/z3/pull/8943,Algorithm-Level Optimizations,Select Computationally Efficient Algorithms,majority_2_of_3,False,none,False,False,False,False,False,False,False,False,False,False,False,False,0,0,,False,False,False,False,False,False,False,False,False,False,0,0
32944298,9029,agentic,https://github.com/Z3Prover/z3/pull/9029,Algorithm-Level Optimizations,Select Computationally Efficient Algorithms,majority_2_of_3,True,benchmark,True,True,False,False,False,True,False,False,False,False,False,False,1,1,D3,False,False,False,True,False,False,False,False,False,False,1,1
32944298,9194,agentic,https://github.com/Z3Prover/z3/pull/9194,Control-Flow and Branching Optimizations,Rearranging for early return,majority_2_of_3,True,static-reasoning,True,True,False,False,False,False,False,False,False,False,False,False,0,0,,False,False,False,False,False,False,False,False,False,False,0,0
32944298,9195,agentic,https://github.com/Z3Prover/z3/pull/9195,Control-Flow and Branching Optimizations,Rearranging for early return,unanimous,True,static-reasoning,True,True,False,False,False,False,False,False,False,False,False,False,0,0,,False,False,False,False,False,False,False,False,False,False,0,0
32944298,9215,agentic,https://github.com/Z3Prover/z3/pull/9215,Code Smells and Structural Simplification,Remove Unnecessary Method Calls,unanimous,True,static-reasoning,True,True,False,False,False,False,False,False,False,False,False,False,0,0,,False,False,False,False,False,False,False,False,False,False,0,0
33373292,2616,agentic,https://github.com/microsoft/ApplicationInsights-JS/pull/2616,Build & Compilation & Infrastructure Optimization,Enable Build-Time Optimizations,majority_2_of_3,False,none,False,False,False,False,False,False,False,False,False,False,False,False,0,0,,False,False,False,False,False,False,False,False,False,False,0,0
34526884,54455,human_candidate,https://github.com/ant-design/ant-design/pull/54455,"Network, Database, and Data Access Optimization",Minimize Payload Size / Pass Reference Instead of Value,majority_2_of_3,True,benchmark,True,True,False,False,False,False,False,False,True,False,False,False,1,1,D6,False,False,False,False,False,False,True,False,False,False,1,0
34526884,55611,agentic,https://github.com/ant-design/ant-design/pull/55611,Data Structure Selection and Adaptation,Darwinian Data Structure Selection,majority_2_of_3,True,static-reasoning,True,True,False,False,False,True,False,False,False,False,False,False,1,1,D3,False,False,False,True,False,False,False,False,False,False,1,1
34526884,56516,human_candidate,https://github.com/ant-design/ant-design/pull/56516,Build & Compilation & Infrastructure Optimization,Enable Build-Time Optimizations,unanimous,False,none,False,False,False,False,False,False,False,False,True,False,False,False,1,1,D6,False,False,False,False,False,False,True,False,False,False,1,0
35030133,5480,human_candidate,https://github.com/owid/owid-grapher/pull/5480,Algorithm-Level Optimizations,Select Computationally Efficient Algorithms,majority_2_of_3,True,benchmark,True,True,False,False,False,False,False,False,False,False,False,False,0,0,,False,False,False,False,False,False,False,False,False,False,0,0
35030133,5525,agentic,https://github.com/owid/owid-grapher/pull/5525,Memory and Data Locality Optimizations,Caching,majority_2_of_3,True,benchmark,True,True,False,True,False,False,False,False,False,False,False,False,1,1,D1,False,True,False,False,False,False,False,False,False,False,1,1
35164952,5867,human_candidate,https://github.com/unisonweb/unison/pull/5867,Memory and Data Locality Optimizations,Caching,majority_2_of_3,True,benchmark,True,True,False,True,False,False,False,False,False,False,False,False,1,1,D1,False,True,False,False,False,False,False,False,False,False,1,1
36385798,9894,human_candidate,https://github.com/evergreen-ci/evergreen/pull/9894,Memory and Data Locality Optimizations,Caching,unanimous,True,static-reasoning,True,True,False,False,False,False,False,False,False,False,False,False,0,0,,False,False,False,False,False,False,False,False,False,False,0,0
36385798,10120,human_candidate,https://github.com/evergreen-ci/evergreen/pull/10120,"Network, Database, and Data Access Optimization",Batch API Requests (N+1),unanimous,True,profiling,True,True,False,True,False,False,False,False,False,False,False,False,1,1,D1,False,True,False,False,False,False,False,False,False,False,1,1
36385798,10157,human_candidate,https://github.com/evergreen-ci/evergreen/pull/10157,"Network, Database, and Data Access Optimization",Batch API Requests (N+1),unanimous,True,benchmark,True,True,False,False,False,False,False,False,False,False,False,False,0,0,,False,False,False,False,False,False,False,False,False,False,0,0
36438823,271,agentic,https://github.com/wwood/singlem/pull/271,Algorithm-Level Optimizations,Select Computationally Efficient Algorithms,majority_2_of_3,False,none,False,False,False,False,False,False,False,False,False,False,False,False,0,0,,False,False,False,False,False,False,False,False,False,False,0,0
36759907,1641,human_candidate,https://github.com/graphistry/pygraphistry/pull/1641,Algorithm-Level Optimizations,Select Space Efficient Algorithm,majority_2_of_3,True,benchmark,True,True,False,True,False,True,False,False,False,False,False,False,2,2,D1|D3,False,True,False,True,False,False,False,False,False,False,2,0
37448451,33607,human_candidate,https://github.com/mattermost/mattermost/pull/33607,I/O and Synchronization,Selection I/O size,unanimous,True,static-reasoning,True,True,True,False,False,False,False,True,False,False,False,False,2,1,D0|D5,True,False,False,False,False,True,False,False,False,False,2,2
39321023,13460,agentic,https://github.com/prebid/Prebid.js/pull/13460,Algorithm-Level Optimizations,Select Computationally Efficient Algorithms,unanimous,False,none,False,False,False,False,False,False,False,False,False,False,False,False,0,0,,False,False,False,False,False,False,False,False,False,False,0,0
39321023,13468,agentic,https://github.com/prebid/Prebid.js/pull/13468,Memory and Data Locality Optimizations,Caching,unanimous,False,none,False,False,False,False,False,False,False,False,False,False,False,False,0,0,,False,False,False,False,False,False,False,False,False,False,0,0
39321023,14193,agentic,https://github.com/prebid/Prebid.js/pull/14193,Code Smells and Structural Simplification,Remove duplicate code,unanimous,False,none,False,False,False,False,False,False,False,False,False,False,False,False,0,0,,False,False,False,False,False,False,False,False,False,False,0,0
39321023,14769,agentic,https://github.com/prebid/Prebid.js/pull/14769,Memory and Data Locality Optimizations,Optimize Object Use,unanimous,True,static-reasoning,True,True,False,False,False,False,False,False,False,False,False,False,0,0,,False,False,False,False,False,False,False,False,False,False,0,0
41870517,905,human_candidate,https://github.com/facebook/idb/pull/905,Control-Flow and Branching Optimizations,Rearranging for early return,majority_2_of_3,True,benchmark,True,True,False,True,False,False,False,False,False,False,False,False,1,1,D1,False,True,False,False,False,False,False,False,False,False,1,1
41870517,916,human_candidate,https://github.com/facebook/idb/pull/916,I/O and Synchronization,Selection I/O size,unanimous,True,static-reasoning,True,True,True,False,False,False,False,True,True,False,False,False,3,2,D0|D5|D6,True,False,False,False,False,True,True,False,False,False,3,3
42009758,38237,human_candidate,https://github.com/MetaMask/metamask-extension/pull/38237,Memory and Data Locality Optimizations,Caching,unanimous,True,benchmark,True,True,False,True,False,False,False,False,True,False,False,False,2,2,D1|D6,False,True,False,False,False,False,True,False,False,False,2,0
42009758,39214,agentic,https://github.com/MetaMask/metamask-extension/pull/39214,Code Smells and Structural Simplification,Remove Unnecessary Method Calls,majority_2_of_3,True,static-reasoning,True,True,True,True,False,False,False,False,False,False,False,False,2,1,D0|D1,True,True,False,False,False,False,False,False,False,False,2,2
42009758,39309,agentic,https://github.com/MetaMask/metamask-extension/pull/39309,Memory and Data Locality Optimizations,Caching,majority_2_of_3,True,benchmark,True,True,True,True,False,False,False,False,True,False,False,False,3,2,D0|D1|D6,True,True,False,False,False,False,True,False,False,False,3,2
42009758,39310,agentic,https://github.com/MetaMask/metamask-extension/pull/39310,Memory and Data Locality Optimizations,Caching,unanimous,True,benchmark,True,True,False,True,False,False,False,False,True,False,False,False,2,2,D1|D6,False,True,False,False,False,False,True,False,False,False,2,0
42009758,39314,agentic,https://github.com/MetaMask/metamask-extension/pull/39314,Code Smells and Structural Simplification,Remove code bloat by removing optional features,unanimous,True,unresolved,True,False,False,True,False,False,False,False,True,False,False,False,2,2,D1|D6,False,True,False,False,False,False,True,False,False,False,2,0
42009758,39315,agentic,https://github.com/MetaMask/metamask-extension/pull/39315,Memory and Data Locality Optimizations,Caching,majority_2_of_3,True,static-reasoning,True,True,True,False,False,False,True,False,False,False,False,False,2,1,D0|D4,True,False,False,False,True,False,False,False,False,False,2,2
42009758,42685,agentic,https://github.com/MetaMask/metamask-extension/pull/42685,Code Smells and Structural Simplification,Remove Unnecessary Method Calls,unanimous,True,benchmark,True,True,False,True,False,True,False,False,True,False,False,False,3,3,D1|D3|D6,False,True,False,True,False,False,True,False,False,False,3,0
42009758,42686,agentic,https://github.com/MetaMask/metamask-extension/pull/42686,Memory and Data Locality Optimizations,Optimize Object Use,majority_2_of_3,True,benchmark,True,True,False,True,False,True,False,False,True,False,False,False,3,3,D1|D3|D6,False,True,False,True,False,False,True,False,False,False,3,0
42009758,42687,agentic,https://github.com/MetaMask/metamask-extension/pull/42687,Code Smells and Structural Simplification,Remove Unnecessary Method Calls,unanimous,True,benchmark,True,True,False,True,False,True,False,False,True,False,False,False,3,3,D1|D3|D6,False,True,False,True,False,False,True,False,False,False,3,0
42009758,42688,agentic,https://github.com/MetaMask/metamask-extension/pull/42688,Code Smells and Structural Simplification,Remove code bloat by removing optional features,majority_2_of_3,True,benchmark,True,True,False,True,False,True,False,False,True,False,False,False,3,3,D1|D3|D6,False,True,False,True,False,False,True,False,False,False,3,0
42009758,42795,agentic,https://github.com/MetaMask/metamask-extension/pull/42795,Build & Compilation & Infrastructure Optimization,Enable Lazy loading for resource,unanimous,True,benchmark,True,True,False,True,False,True,False,False,True,False,False,False,3,3,D1|D3|D6,False,True,False,True,False,False,True,False,False,False,3,1
42009758,42862,agentic,https://github.com/MetaMask/metamask-extension/pull/42862,Memory and Data Locality Optimizations,Caching,majority_2_of_3,True,unresolved,True,False,False,True,False,True,False,False,True,False,False,False,3,3,D1|D3|D6,False,True,False,True,False,False,True,False,False,False,3,0
42032884,6722,agentic,https://github.com/commons-app/apps-android-commons/pull/6722,Data Structure Selection and Adaptation,Darwinian Data Structure Selection,majority_2_of_3,True,static-reasoning,True,True,False,False,False,False,False,False,False,False,False,False,0,0,,False,False,False,False,False,False,False,False,False,False,0,0
42541957,2810,agentic,https://github.com/parse-community/Parse-SDK-JS/pull/2810,Build & Compilation & Infrastructure Optimization,Performance-Optimized Dependency Selection,unanimous,False,none,False,False,False,False,False,False,False,False,False,False,False,False,0,0,,False,False,False,False,False,False,False,False,False,False,0,0
43441403,26270,human_candidate,https://github.com/strapi/strapi/pull/26270,Build & Compilation & Infrastructure Optimization,Enable Lazy loading for resource,unanimous,True,benchmark,True,True,False,True,False,False,False,False,False,False,False,False,1,1,D1,False,True,False,False,False,False,False,False,False,False,1,1
46398090,16241,human_candidate,https://github.com/datahub-project/datahub/pull/16241,Memory and Data Locality Optimizations,Caching,unanimous,True,benchmark,True,True,False,True,False,True,False,False,True,False,False,False,3,3,D1|D3|D6,False,True,False,True,False,False,False,False,False,False,2,2
46398090,16938,human_candidate,https://github.com/datahub-project/datahub/pull/16938,"Network, Database, and Data Access Optimization",Batch API Requests (N+1),majority_2_of_3,True,benchmark,True,True,True,True,False,True,True,False,False,False,False,True,5,4,D0|D1|D3|D4|D9,False,False,False,False,False,False,False,False,False,False,0,0
46398090,17283,human_candidate,https://github.com/datahub-project/datahub/pull/17283,Build & Compilation & Infrastructure Optimization,Performance-Optimized Dependency Selection,majority_2_of_3,True,unresolved,True,False,False,False,False,False,False,False,False,False,False,False,0,0,,False,False,False,False,False,False,False,False,False,False,0,0
46892512,119,human_candidate,https://github.com/matthias-k/pysaliency/pull/119,Algorithm-Level Optimizations,Select Computationally Efficient Algorithms,unanimous,True,static-reasoning,True,True,False,False,False,False,False,False,False,False,False,False,0,0,,False,False,False,False,False,False,False,False,False,False,0,0
46892512,120,human_candidate,https://github.com/matthias-k/pysaliency/pull/120,Code Smells and Structural Simplification,Remove Unnecessary Method Calls,majority_2_of_3,True,static-reasoning,True,True,False,False,False,False,False,False,False,False,False,False,0,0,,False,False,False,False,False,False,False,False,False,False,0,0
48009214,14756,agentic,https://github.com/microsoft/react-native-windows/pull/14756,"Network, Database, and Data Access Optimization",Lazy Loading / Deferred Initialization,majority_2_of_3,True,static-reasoning,True,True,False,False,False,False,False,False,False,False,False,False,0,0,,False,False,False,False,False,False,False,False,False,False,0,0
48009214,15961,human_candidate,https://github.com/microsoft/react-native-windows/pull/15961,Code Smells and Structural Simplification,Remove Unnecessary Method Calls,majority_2_of_3,True,benchmark,True,True,True,True,False,False,False,False,False,False,False,False,2,1,D0|D1,True,True,False,False,False,False,False,False,False,False,2,0
48009214,15993,human_candidate,https://github.com/microsoft/react-native-windows/pull/15993,Memory and Data Locality Optimizations,Caching,majority_2_of_3,True,benchmark,True,True,True,True,False,False,False,False,False,False,False,False,2,1,D0|D1,True,True,False,False,False,False,False,False,False,False,2,0
49122742,3615,human_candidate,https://github.com/binarywang/WxJava/pull/3615,Code Smells and Structural Simplification,Remove code bloat by removing optional features,majority_2_of_3,False,none,False,False,False,False,False,False,False,False,False,False,False,False,0,0,,False,False,False,False,False,False,False,False,False,False,0,0
50448254,1562,agentic,https://github.com/econ-ark/HARK/pull/1562,Algorithm-Level Optimizations,Select Computationally Efficient Algorithms,unanimous,False,none,False,False,False,False,False,False,False,False,False,False,False,False,0,0,,False,False,False,False,False,False,False,False,False,False,0,0
50448254,1613,agentic,https://github.com/econ-ark/HARK/pull/1613,Algorithm-Level Optimizations,Select Computationally Efficient Algorithms,unanimous,True,benchmark,True,True,False,True,False,False,False,False,False,False,False,False,1,1,D1,False,True,False,False,False,False,False,False,False,False,1,1
50613991,23283,human_candidate,https://github.com/goharbor/harbor/pull/23283,"Network, Database, and Data Access Optimization",Minimize Payload Size / Pass Reference Instead of Value,majority_2_of_3,True,static-reasoning,True,True,False,False,False,False,False,False,False,False,False,False,0,0,,False,False,False,False,False,False,False,False,False,False,0,0
50623416,2920,agentic,https://github.com/parse-community/parse-dashboard/pull/2920,Memory and Data Locality Optimizations,Caching,unanimous,False,none,False,False,False,False,False,False,False,False,False,False,False,False,0,0,,False,False,False,False,False,False,False,False,False,False,0,0
50724711,650,human_candidate,https://github.com/catatsuy/private-isu/pull/650,Memory and Data Locality Optimizations,Caching,unanimous,False,none,False,False,False,False,False,False,False,False,False,False,False,False,0,0,,False,False,False,False,False,False,False,False,False,False,0,0
54928587,3421,human_candidate,https://github.com/uxlfoundation/oneDAL/pull/3421,Build & Compilation & Infrastructure Optimization,Compiler Optimization Hints/Directives,unanimous,True,benchmark,True,True,False,False,False,False,False,False,False,False,False,False,0,0,,False,False,False,False,False,False,False,False,False,False,0,0
56710511,23439,human_candidate,https://github.com/dotnet/macios/pull/23439,Memory and Data Locality Optimizations,Optimize Object Use,unanimous,True,static-reasoning,True,True,False,False,False,False,False,False,False,False,False,False,0,0,,False,False,False,False,False,False,False,False,False,False,0,0
56710511,24775,human_candidate,https://github.com/dotnet/macios/pull/24775,Memory and Data Locality Optimizations,Caching,majority_2_of_3,False,none,False,False,False,False,True,False,False,False,False,False,False,False,1,1,D2,False,False,True,False,False,False,False,False,False,False,1,0
59370571,8522,agentic,https://github.com/electricitymaps/electricitymaps-contrib/pull/8522,Algorithm-Level Optimizations,Select Space Efficient Algorithm,majority_2_of_3,True,static-reasoning,True,True,False,False,False,False,False,False,False,False,False,False,0,0,,False,False,False,False,False,False,False,False,False,False,0,0
59370571,8648,agentic,https://github.com/electricitymaps/electricitymaps-contrib/pull/8648,"Network, Database, and Data Access Optimization",Minimize Payload Size / Pass Reference Instead of Value,majority_2_of_3,True,benchmark,True,True,False,False,False,False,False,False,True,False,False,False,1,1,D6,False,False,False,False,False,False,True,False,False,False,1,1
62162299,634,agentic,https://github.com/Rello/audioplayer/pull/634,Code Smells and Structural Simplification,Remove Unnecessary Method Calls,majority_2_of_3,True,static-reasoning,True,True,False,False,False,False,False,False,False,False,False,False,0,0,,False,False,False,False,False,False,False,False,False,False,0,0
62774726,15502,human_candidate,https://github.com/microsoft/vstest/pull/15502,I/O and Synchronization,Concurrency Control / Rate Limiting,majority_2_of_3,True,unresolved,True,False,False,True,False,False,False,False,False,False,False,False,1,1,D1,False,True,False,False,False,False,False,False,False,False,1,0
63882194,11854,human_candidate,https://github.com/projectcalico/calico/pull/11854,Memory and Data Locality Optimizations,Caching,unanimous,True,benchmark,True,True,False,False,False,False,True,False,False,False,False,False,1,1,D4,False,False,False,False,True,False,False,False,False,False,1,1
63882194,11994,human_candidate,https://github.com/projectcalico/calico/pull/11994,I/O and Synchronization,Concurrency Control / Rate Limiting,majority_2_of_3,True,unresolved,True,False,False,False,False,False,False,False,False,False,False,False,0,0,,False,False,False,False,False,False,False,False,False,False,0,0
63882194,12626,human_candidate,https://github.com/projectcalico/calico/pull/12626,I/O and Synchronization,Concurrency Control / Rate Limiting,unanimous,True,unresolved,True,False,False,True,False,False,False,False,False,False,False,True,2,2,D1|D9,False,True,False,False,False,False,False,False,False,True,2,2
63984307,49424,agentic,https://github.com/dotnet/sdk/pull/49424,Code Smells and Structural Simplification,Remove code bloat by removing optional features,unanimous,True,static-reasoning,True,True,False,True,False,False,False,False,False,False,False,False,1,1,D1,False,True,False,False,False,False,False,False,False,False,1,1
63984307,49459,agentic,https://github.com/dotnet/sdk/pull/49459,Build & Compilation & Infrastructure Optimization,Reduce rebuilding size,unanimous,True,static-reasoning,True,True,False,False,False,False,False,False,False,False,False,False,0,0,,False,False,False,False,False,False,False,False,False,False,0,0
63984307,51220,human_candidate,https://github.com/dotnet/sdk/pull/51220,Code Smells and Structural Simplification,Remove code bloat by removing optional features,unanimous,True,benchmark,True,True,False,True,False,False,False,False,False,False,False,False,1,1,D1,False,True,False,False,False,False,False,False,False,False,1,1
63984307,53607,agentic,https://github.com/dotnet/sdk/pull/53607,Build & Compilation & Infrastructure Optimization,Enable Build-Time Optimizations,majority_2_of_3,True,benchmark,True,True,False,True,False,False,True,False,False,True,False,False,3,3,D1|D4|D7,False,True,False,False,True,False,False,True,False,False,3,3
65080725,5654,agentic,https://github.com/microsoft/testfx/pull/5654,Memory and Data Locality Optimizations,Caching,unanimous,True,profiling,True,True,False,False,False,False,False,False,False,False,False,False,0,0,,False,False,False,False,False,False,False,False,False,False,0,0
65080725,5655,agentic,https://github.com/microsoft/testfx/pull/5655,Algorithm-Level Optimizations,Select Computationally Efficient Algorithms,unanimous,True,static-reasoning,True,True,False,True,False,True,False,False,False,False,False,False,2,2,D1|D3,False,True,False,True,False,False,False,False,False,False,2,0
65080725,6060,agentic,https://github.com/microsoft/testfx/pull/6060,Code Smells and Structural Simplification,Remove duplicate code,majority_2_of_3,True,static-reasoning,True,True,False,False,False,False,False,False,False,False,False,False,0,0,,False,False,False,False,False,False,False,False,False,False,0,0
65080725,6162,agentic,https://github.com/microsoft/testfx/pull/6162,Memory and Data Locality Optimizations,Optimize Object Use,unanimous,True,static-reasoning,True,True,False,False,False,False,False,False,False,False,False,False,0,0,,False,False,False,False,False,False,False,False,False,False,0,0
65080725,7055,human_candidate,https://github.com/microsoft/testfx/pull/7055,Code Smells and Structural Simplification,Remove Unnecessary Method Calls,unanimous,True,static-reasoning,True,True,False,False,False,False,False,False,False,False,False,False,0,0,,False,False,False,False,False,False,False,False,False,False,0,0
65080725,7836,human_candidate,https://github.com/microsoft/testfx/pull/7836,Memory and Data Locality Optimizations,Optimize Object Use,unanimous,True,static-reasoning,True,True,False,False,False,True,False,False,False,False,False,False,1,1,D3,False,False,False,True,False,False,False,False,False,False,1,1
65080725,7837,agentic,https://github.com/microsoft/testfx/pull/7837,Memory and Data Locality Optimizations,Optimize Object Use,unanimous,True,static-reasoning,True,True,False,False,False,False,False,False,False,False,False,False,0,0,,False,False,False,False,False,False,False,False,False,False,0,0
65080725,7917,human_candidate,https://github.com/microsoft/testfx/pull/7917,Memory and Data Locality Optimizations,Optimize Object Use,unanimous,True,static-reasoning,True,True,False,False,False,False,False,False,False,False,False,False,0,0,,False,False,False,False,False,False,False,False,False,False,0,0
65080725,7923,agentic,https://github.com/microsoft/testfx/pull/7923,Memory and Data Locality Optimizations,Optimize Object Use,unanimous,True,static-reasoning,True,True,False,False,False,False,False,False,False,False,False,False,0,0,,False,False,False,False,False,False,False,False,False,False,0,0
65080725,8683,human_candidate,https://github.com/microsoft/testfx/pull/8683,Algorithm-Level Optimizations,Select Computationally Efficient Algorithms,majority_2_of_3,True,static-reasoning,True,True,False,False,False,False,False,False,False,False,False,False,0,0,,False,False,False,False,False,False,False,False,False,False,0,0
65711522,72272,human_candidate,https://github.com/PaddlePaddle/Paddle/pull/72272,Algorithm-Level Optimizations,Select Computationally Efficient Algorithms,majority_2_of_3,False,none,False,False,False,False,False,False,False,False,False,False,False,False,0,0,,False,False,False,False,False,False,False,False,False,False,0,0
65711522,73054,human_candidate,https://github.com/PaddlePaddle/Paddle/pull/73054,Algorithm-Level Optimizations,Select Computationally Efficient Algorithms,unanimous,True,benchmark,True,True,False,False,True,False,False,False,False,False,False,False,1,1,D2,False,False,True,False,False,False,False,False,False,False,1,1
65711522,73862,human_candidate,https://github.com/PaddlePaddle/Paddle/pull/73862,Build & Compilation & Infrastructure Optimization,Compiler Optimization Hints/Directives,majority_2_of_3,False,none,False,False,False,False,False,False,False,False,False,False,False,False,0,0,,False,False,False,False,False,False,False,False,False,False,0,0
65711522,73910,human_candidate,https://github.com/PaddlePaddle/Paddle/pull/73910,Algorithm-Level Optimizations,Select Computationally Efficient Algorithms,unanimous,False,none,False,False,False,False,False,False,False,False,False,False,False,False,0,0,,False,False,False,False,False,False,False,False,False,False,0,0
65711522,74684,human_candidate,https://github.com/PaddlePaddle/Paddle/pull/74684,Memory and Data Locality Optimizations,Improve cache locality - spatial locality,majority_2_of_3,True,benchmark,True,True,False,True,False,False,False,False,False,False,False,False,1,1,D1,False,True,False,False,False,False,False,False,False,False,1,1
65711522,75719,human_candidate,https://github.com/PaddlePaddle/Paddle/pull/75719,Algorithm-Level Optimizations,Select Space Efficient Algorithm,majority_2_of_3,False,none,False,False,False,False,False,False,False,False,False,False,False,False,0,0,,False,False,False,False,False,False,False,False,False,False,0,0
65711522,75898,human_candidate,https://github.com/PaddlePaddle/Paddle/pull/75898,Algorithm-Level Optimizations,Select Computationally Efficient Algorithms,unanimous,False,none,False,False,False,False,False,False,False,False,False,False,False,False,0,0,,False,False,False,False,False,False,False,False,False,False,0,0
65711522,76360,human_candidate,https://github.com/PaddlePaddle/Paddle/pull/76360,Algorithm-Level Optimizations,Select Computationally Efficient Algorithms,unanimous,False,none,False,False,False,False,False,False,False,False,False,False,False,False,0,0,,False,False,False,False,False,False,False,False,False,False,0,0
65711522,76742,human_candidate,https://github.com/PaddlePaddle/Paddle/pull/76742,Control-Flow and Branching Optimizations,Rearranging branches,majority_2_of_3,True,benchmark,True,True,False,False,False,False,False,False,False,False,False,False,0,0,,False,False,False,False,False,False,False,False,False,False,0,0
65711522,77066,human_candidate,https://github.com/PaddlePaddle/Paddle/pull/77066,I/O and Synchronization,Streaming Implementation Or Optimization),unanimous,True,static-reasoning,True,True,False,False,False,False,False,False,False,False,False,False,0,0,,False,False,False,False,False,False,False,False,False,False,0,0
65711522,77197,human_candidate,https://github.com/PaddlePaddle/Paddle/pull/77197,Code Smells and Structural Simplification,Remove duplicate code,majority_2_of_3,False,none,False,False,False,False,False,False,False,False,False,False,False,False,0,0,,False,False,False,False,False,False,False,False,False,False,0,0
65711522,77203,human_candidate,https://github.com/PaddlePaddle/Paddle/pull/77203,Memory and Data Locality Optimizations,Optimize Object Use,majority_2_of_3,False,none,False,False,False,False,False,False,False,False,False,False,False,False,0,0,,False,False,False,False,False,False,False,False,False,False,0,0
65711522,77237,human_candidate,https://github.com/PaddlePaddle/Paddle/pull/77237,Code Smells and Structural Simplification,Remove duplicate code,majority_2_of_3,False,none,False,False,False,False,False,False,False,False,False,False,False,False,0,0,,False,False,False,False,False,False,False,False,False,False,0,0
65711522,77245,human_candidate,https://github.com/PaddlePaddle/Paddle/pull/77245,Code Smells and Structural Simplification,Remove Unnecessary Method Calls,majority_2_of_3,False,none,False,False,False,False,False,False,False,False,False,False,False,False,0,0,,False,False,False,False,False,False,False,False,False,False,0,0
65711522,77365,human_candidate,https://github.com/PaddlePaddle/Paddle/pull/77365,Algorithm-Level Optimizations,Select Computationally Efficient Algorithms,majority_2_of_3,False,none,False,False,False,False,False,False,False,False,False,False,False,False,0,0,,False,False,False,False,False,False,False,False,False,False,0,0
65711522,77403,human_candidate,https://github.com/PaddlePaddle/Paddle/pull/77403,Code Smells and Structural Simplification,Remove code bloat by removing optional features,majority_2_of_3,False,none,False,False,False,False,False,False,False,False,False,False,False,False,0,0,,False,False,False,False,False,False,False,False,False,False,0,0
65711522,77711,human_candidate,https://github.com/PaddlePaddle/Paddle/pull/77711,Code Smells and Structural Simplification,Remove Unnecessary Method Calls,majority_2_of_3,False,none,False,False,False,False,False,False,False,False,False,False,False,False,0,0,,False,False,False,False,False,False,False,False,False,False,0,0
65711522,78218,human_candidate,https://github.com/PaddlePaddle/Paddle/pull/78218,Code Smells and Structural Simplification,Remove duplicate code,majority_2_of_3,False,none,False,False,False,False,False,False,False,False,False,False,False,False,0,0,,False,False,False,False,False,False,False,False,False,False,0,0
65711522,78267,human_candidate,https://github.com/PaddlePaddle/Paddle/pull/78267,Algorithm-Level Optimizations,Select Algorithm Based on Instruction Speed,majority_2_of_3,True,benchmark,True,True,False,True,False,False,False,False,False,False,False,False,1,1,D1,False,True,False,False,False,False,False,False,False,False,1,0
65711522,78403,human_candidate,https://github.com/PaddlePaddle/Paddle/pull/78403,Code Smells and Structural Simplification,Remove Unnecessary Method Calls,unanimous,False,none,False,False,False,False,False,False,False,False,False,False,False,False,0,0,,False,False,False,False,False,False,False,False,False,False,0,0
65711522,78733,human_candidate,https://github.com/PaddlePaddle/Paddle/pull/78733,Memory and Data Locality Optimizations,Caching,majority_2_of_3,True,static-reasoning,True,True,False,True,False,False,False,False,False,False,False,False,1,1,D1,False,True,False,False,False,False,False,False,False,False,1,0
65711522,78953,human_candidate,https://github.com/PaddlePaddle/Paddle/pull/78953,Memory and Data Locality Optimizations,Buffering,unanimous,False,none,False,False,False,False,False,False,False,False,False,False,False,False,0,0,,False,False,False,False,False,False,False,False,False,False,0,0
65711522,78972,human_candidate,https://github.com/PaddlePaddle/Paddle/pull/78972,Algorithm-Level Optimizations,Select Algorithm Based on Instruction Speed,majority_2_of_3,False,none,False,False,False,False,False,False,False,False,False,False,False,False,0,0,,False,False,False,False,False,False,False,False,False,False,0,0
65711522,79011,human_candidate,https://github.com/PaddlePaddle/Paddle/pull/79011,Algorithm-Level Optimizations,Select Computationally Efficient Algorithms,majority_2_of_3,False,none,False,False,False,False,False,False,False,False,False,False,False,False,0,0,,False,False,False,False,False,False,False,False,False,False,0,0
65711522,79043,agentic,https://github.com/PaddlePaddle/Paddle/pull/79043,Code Smells and Structural Simplification,Remove Unnecessary Method Calls,majority_2_of_3,True,benchmark,True,True,False,True,False,False,True,False,False,False,False,False,2,2,D1|D4,False,True,False,False,True,False,False,False,False,False,2,2
65711522,79095,human_candidate,https://github.com/PaddlePaddle/Paddle/pull/79095,Code Smells and Structural Simplification,Remove Unnecessary Method Calls,majority_2_of_3,True,static-reasoning,True,True,False,False,False,False,False,False,False,False,False,False,0,0,,False,False,False,False,False,False,False,False,False,False,0,0
66497320,4833,human_candidate,https://github.com/DataDog/dd-trace-rb/pull/4833,I/O and Synchronization,Concurrency Control / Lock Optimization,unanimous,True,benchmark,True,True,False,False,False,False,False,False,False,False,False,False,0,0,,False,False,False,False,False,False,False,False,False,False,0,0
66841911,2320,human_candidate,https://github.com/qax-os/excelize/pull/2320,Memory and Data Locality Optimizations,Optimize Object Use,majority_2_of_3,True,profiling,True,True,False,False,False,True,False,False,False,False,False,False,1,1,D3,False,False,False,True,False,False,False,False,False,False,1,1
67680905,4701,human_candidate,https://github.com/DataDog/dd-trace-go/pull/4701,Memory and Data Locality Optimizations,Caching,unanimous,True,benchmark,True,True,False,False,False,True,False,False,False,False,False,False,1,1,D3,False,False,False,True,False,False,False,False,False,False,1,1
67680905,4789,human_candidate,https://github.com/DataDog/dd-trace-go/pull/4789,Algorithm-Level Optimizations,Select Computationally Efficient Algorithms,majority_2_of_3,True,profiling,True,True,True,False,False,False,False,False,False,False,False,False,1,0,D0,True,False,False,False,False,False,False,False,False,False,1,0
67753070,15080,human_candidate,https://github.com/vercel/vercel/pull/15080,Algorithm-Level Optimizations,Select Computationally Efficient Algorithms,unanimous,False,none,False,False,False,False,False,False,False,False,False,False,False,False,0,0,,False,False,False,False,False,False,False,False,False,False,0,0
67753070,15760,human_candidate,https://github.com/vercel/vercel/pull/15760,I/O and Synchronization,Non-Blocking I/O,unanimous,True,unresolved,True,False,False,False,False,False,False,False,False,False,False,False,0,0,,False,False,False,False,False,False,False,False,False,False,0,0
67753070,16263,human_candidate,https://github.com/vercel/vercel/pull/16263,"Network, Database, and Data Access Optimization",Lazy Loading / Deferred Initialization,majority_2_of_3,True,static-reasoning,True,True,False,False,False,False,False,False,False,False,False,False,0,0,,False,False,False,False,False,False,False,False,False,False,0,0
70107786,79987,human_candidate,https://github.com/vercel/next.js/pull/79987,Memory and Data Locality Optimizations,Optimize Object Use,majority_2_of_3,True,benchmark,True,True,False,True,False,False,False,False,True,False,False,False,2,2,D1|D6,False,True,False,False,False,False,True,False,False,False,2,0
70107786,79991,human_candidate,https://github.com/vercel/next.js/pull/79991,Memory and Data Locality Optimizations,Optimize Object Use,majority_2_of_3,True,benchmark,True,True,False,True,False,False,False,False,True,False,False,False,2,2,D1|D6,False,True,False,False,False,False,True,False,False,False,2,0
70107786,79997,human_candidate,https://github.com/vercel/next.js/pull/79997,Algorithm-Level Optimizations,Select Space Efficient Algorithm,majority_2_of_3,True,benchmark,True,True,False,True,False,False,False,False,True,False,False,False,2,2,D1|D6,False,True,False,False,False,False,True,False,False,False,2,0
70107786,80326,human_candidate,https://github.com/vercel/next.js/pull/80326,"Network, Database, and Data Access Optimization",Lazy Loading / Deferred Initialization,majority_2_of_3,True,benchmark,True,True,False,True,False,False,False,False,True,False,False,False,2,2,D1|D6,False,True,False,False,False,False,True,False,False,False,2,0
70107786,80415,human_candidate,https://github.com/vercel/next.js/pull/80415,Code Smells and Structural Simplification,Remove Unnecessary Method Calls,unanimous,True,benchmark,True,True,False,False,False,False,False,False,False,False,False,False,0,0,,False,False,False,False,False,False,False,False,False,False,0,0
70107786,80551,human_candidate,https://github.com/vercel/next.js/pull/80551,Memory and Data Locality Optimizations,Improve cache locality - spatial locality,majority_2_of_3,True,benchmark,True,True,False,True,False,False,False,False,True,False,False,False,2,2,D1|D6,False,True,False,False,False,False,True,False,False,False,2,0
70107786,81411,human_candidate,https://github.com/vercel/next.js/pull/81411,Code Smells and Structural Simplification,Remove Unnecessary Method Calls,unanimous,True,benchmark,True,True,False,False,False,False,False,False,False,False,False,False,0,0,,False,False,False,False,False,False,False,False,False,False,0,0
70107786,81459,human_candidate,https://github.com/vercel/next.js/pull/81459,Memory and Data Locality Optimizations,Use Smaller Data Types,unanimous,True,benchmark,True,True,False,True,False,True,False,False,True,False,False,False,3,3,D1|D3|D6,False,True,False,True,False,False,True,False,False,False,3,0
70107786,81994,human_candidate,https://github.com/vercel/next.js/pull/81994,Code Smells and Structural Simplification,Remove Unnecessary Method Calls,majority_2_of_3,True,benchmark,True,True,False,False,False,False,False,False,False,False,False,False,0,0,,False,False,False,False,False,False,False,False,False,False,0,0
70107786,82654,human_candidate,https://github.com/vercel/next.js/pull/82654,"Network, Database, and Data Access Optimization",Lazy Loading / Deferred Initialization,majority_2_of_3,True,benchmark,True,True,False,False,False,False,False,False,False,False,False,False,0,0,,False,False,False,False,False,False,False,False,False,False,0,0
70107786,84225,human_candidate,https://github.com/vercel/next.js/pull/84225,I/O and Synchronization,Concurrency Control / Rate Limiting,unanimous,True,benchmark,True,True,False,True,False,False,False,False,True,False,False,False,2,2,D1|D6,False,True,False,False,False,False,True,False,False,False,2,0
70107786,84270,human_candidate,https://github.com/vercel/next.js/pull/84270,"Network, Database, and Data Access Optimization",Batch API Requests (N+1),majority_2_of_3,True,benchmark,True,True,False,True,False,False,False,False,True,False,False,False,2,2,D1|D6,False,True,False,False,False,False,True,False,False,False,2,0
70107786,86338,human_candidate,https://github.com/vercel/next.js/pull/86338,Build & Compilation & Infrastructure Optimization,Performance-Optimized Dependency Selection,majority_2_of_3,True,benchmark,True,True,False,False,False,False,False,False,False,False,False,False,0,0,,False,False,False,False,False,False,False,False,False,False,0,0
70107786,86589,human_candidate,https://github.com/vercel/next.js/pull/86589,Algorithm-Level Optimizations,Event-Driven Throttling,unanimous,True,static-reasoning,True,True,False,True,False,False,False,False,True,False,False,False,2,2,D1|D6,False,True,False,False,False,False,True,False,False,False,2,0
70107786,88336,human_candidate,https://github.com/vercel/next.js/pull/88336,Memory and Data Locality Optimizations,Use Smaller Data Types,unanimous,True,unresolved,True,False,False,True,False,True,False,False,True,False,False,False,3,3,D1|D3|D6,False,True,False,True,False,False,True,False,False,False,3,1
70107786,88708,human_candidate,https://github.com/vercel/next.js/pull/88708,Memory and Data Locality Optimizations,Caching,unanimous,True,static-reasoning,True,True,False,False,False,False,False,False,False,False,False,False,0,0,,False,False,False,False,False,False,False,False,False,False,0,0
70107786,89555,human_candidate,https://github.com/vercel/next.js/pull/89555,Loop Transformations,Loop Fusion,majority_2_of_3,True,benchmark,True,True,False,True,True,False,False,False,True,False,False,False,3,3,D1|D2|D6,False,True,True,False,False,False,True,False,False,False,3,2
70107786,90868,human_candidate,https://github.com/vercel/next.js/pull/90868,Build & Compilation & Infrastructure Optimization,Enable Build-Time Optimizations,majority_2_of_3,True,benchmark,True,True,False,True,False,False,False,False,True,False,False,False,2,2,D1|D6,False,True,False,False,False,False,True,False,False,False,2,1
70107786,92023,human_candidate,https://github.com/vercel/next.js/pull/92023,Algorithm-Level Optimizations,Select Computationally Efficient Algorithms,majority_2_of_3,True,benchmark,True,True,False,True,False,False,False,False,True,False,False,False,2,2,D1|D6,False,True,False,False,False,False,True,False,False,False,2,0
70107786,92628,human_candidate,https://github.com/vercel/next.js/pull/92628,Code Smells and Structural Simplification,Remove code bloat by removing optional features,unanimous,True,benchmark,True,True,False,True,False,False,False,False,True,False,False,False,2,2,D1|D6,False,True,False,False,False,False,True,False,False,False,2,1
70107786,94192,human_candidate,https://github.com/vercel/next.js/pull/94192,Code Smells and Structural Simplification,Remove Unnecessary Method Calls,unanimous,True,static-reasoning,True,True,False,False,False,False,False,False,False,False,False,False,0,0,,False,False,False,False,False,False,False,False,False,False,0,0
70107786,94201,human_candidate,https://github.com/vercel/next.js/pull/94201,Memory and Data Locality Optimizations,Improve cache locality - spatial locality,majority_2_of_3,True,static-reasoning,True,True,False,False,False,False,False,False,False,False,False,False,0,0,,False,False,False,False,False,False,False,False,False,False,0,0
71932349,53305,human_candidate,https://github.com/ray-project/ray/pull/53305,I/O and Synchronization,Polling,unanimous,False,none,False,False,False,False,False,False,False,False,False,False,False,False,0,0,,False,False,False,False,False,False,False,False,False,False,0,0
71932349,53939,human_candidate,https://github.com/ray-project/ray/pull/53939,Code Smells and Structural Simplification,Remove Unnecessary Method Calls,unanimous,True,static-reasoning,True,True,False,False,False,False,False,False,False,False,False,False,0,0,,False,False,False,False,False,False,False,False,False,False,0,0
71932349,54734,human_candidate,https://github.com/ray-project/ray/pull/54734,I/O and Synchronization,Non-Blocking I/O,unanimous,True,static-reasoning,True,True,False,False,False,False,False,False,False,False,False,False,0,0,,False,False,False,False,False,False,False,False,False,False,0,0
71932349,55547,human_candidate,https://github.com/ray-project/ray/pull/55547,I/O and Synchronization,Polling,unanimous,True,static-reasoning,True,True,False,False,False,False,False,False,False,False,False,False,0,0,,False,False,False,False,False,False,False,False,False,False,0,0
71932349,56763,human_candidate,https://github.com/ray-project/ray/pull/56763,Code Smells and Structural Simplification,Remove Unnecessary Method Calls,majority_2_of_3,True,static-reasoning,True,True,False,False,False,False,False,False,False,False,False,False,0,0,,False,False,False,False,False,False,False,False,False,False,0,0
71932349,59190,human_candidate,https://github.com/ray-project/ray/pull/59190,Memory and Data Locality Optimizations,Optimize Object Use,majority_2_of_3,True,static-reasoning,True,True,False,True,False,False,False,False,False,False,False,False,1,1,D1,False,True,False,False,False,False,False,False,False,False,1,1
71932349,60842,human_candidate,https://github.com/ray-project/ray/pull/60842,Algorithm-Level Optimizations,Select Computationally Efficient Algorithms,majority_2_of_3,True,benchmark,True,True,False,True,False,True,False,False,False,False,False,False,2,2,D1|D3,False,True,False,True,False,False,False,False,False,False,2,2
71932349,61379,human_candidate,https://github.com/ray-project/ray/pull/61379,Memory and Data Locality Optimizations,Caching,unanimous,True,benchmark,True,True,False,True,False,False,False,False,False,False,False,False,1,1,D1,False,True,False,False,False,False,False,False,False,False,1,1
71932349,61437,human_candidate,https://github.com/ray-project/ray/pull/61437,I/O and Synchronization,Selection I/O size,unanimous,True,static-reasoning,True,True,False,False,False,False,False,False,False,False,False,False,0,0,,False,False,False,False,False,False,False,False,False,False,0,0
71932349,61555,human_candidate,https://github.com/ray-project/ray/pull/61555,Control-Flow and Branching Optimizations,Rearranging for early return,majority_2_of_3,False,none,False,False,False,True,False,False,False,False,False,False,False,True,2,2,D1|D9,False,True,False,False,False,False,False,False,False,True,2,0
71932349,61996,human_candidate,https://github.com/ray-project/ray/pull/61996,Memory and Data Locality Optimizations,Caching,unanimous,True,unresolved,True,False,False,False,False,False,False,False,False,False,False,False,0,0,,False,False,False,False,False,False,False,False,False,False,0,0
71932349,62587,human_candidate,https://github.com/ray-project/ray/pull/62587,Algorithm-Level Optimizations,Select Computationally Efficient Algorithms,unanimous,True,static-reasoning,True,True,False,False,False,False,False,False,False,False,False,False,0,0,,False,False,False,False,False,False,False,False,False,False,0,0
71932349,62720,human_candidate,https://github.com/ray-project/ray/pull/62720,"Network, Database, and Data Access Optimization",Minimize Payload Size / Pass Reference Instead of Value,majority_2_of_3,True,benchmark,True,True,False,True,False,False,False,False,False,False,False,False,1,1,D1,False,True,False,False,False,False,False,False,False,False,1,1
71932349,62726,human_candidate,https://github.com/ray-project/ray/pull/62726,Algorithm-Level Optimizations,Select Computationally Efficient Algorithms,unanimous,True,unresolved,True,False,False,False,False,False,False,False,False,False,False,False,0,0,,False,False,False,False,False,False,False,False,False,False,0,0
71932349,63075,agentic,https://github.com/ray-project/ray/pull/63075,Memory and Data Locality Optimizations,Optimize Object Use,majority_2_of_3,True,static-reasoning,True,True,False,False,False,False,False,False,False,False,False,False,0,0,,False,False,False,False,False,False,False,False,False,False,0,0
72041948,366,agentic,https://github.com/kelleyma49/PSFzf/pull/366,Control-Flow and Branching Optimizations,Rearranging branches,unanimous,True,static-reasoning,True,True,False,False,False,False,False,False,False,False,False,False,0,0,,False,False,False,False,False,False,False,False,False,False,0,0
72477752,22373,agentic,https://github.com/pulumi/pulumi/pull/22373,Code Smells and Structural Simplification,Remove Unnecessary Method Calls,unanimous,True,static-reasoning,True,True,False,False,False,False,False,False,False,False,False,False,0,0,,False,False,False,False,False,False,False,False,False,False,0,0
72477752,22422,human_candidate,https://github.com/pulumi/pulumi/pull/22422,Memory and Data Locality Optimizations,Caching,unanimous,True,benchmark,True,True,False,False,False,False,True,False,False,False,False,False,1,1,D4,False,False,False,False,True,False,False,False,False,False,1,1
74627617,35369,human_candidate,https://github.com/commaai/openpilot/pull/35369,Memory and Data Locality Optimizations,Caching,unanimous,True,benchmark,True,True,False,True,False,False,False,False,False,False,False,False,1,1,D1,False,True,False,False,False,False,False,False,False,False,1,1
74627617,35897,human_candidate,https://github.com/commaai/openpilot/pull/35897,I/O and Synchronization,Polling,majority_2_of_3,True,benchmark,True,True,False,True,True,False,False,False,False,False,False,False,2,2,D1|D2,False,True,True,False,False,False,False,False,False,False,2,1
74627617,36838,human_candidate,https://github.com/commaai/openpilot/pull/36838,Build & Compilation & Infrastructure Optimization,Enable Lazy loading for resource,majority_2_of_3,True,static-reasoning,True,True,False,False,False,False,False,False,False,False,False,False,0,0,,False,False,False,False,False,False,False,False,False,False,0,0
74627617,37279,human_candidate,https://github.com/commaai/openpilot/pull/37279,Algorithm-Level Optimizations,Select Computationally Efficient Algorithms,unanimous,True,anecdotal,True,True,False,True,False,False,False,False,False,False,False,False,1,1,D1,False,True,False,False,False,False,False,False,False,False,1,1
74627617,37601,human_candidate,https://github.com/commaai/openpilot/pull/37601,Build & Compilation & Infrastructure Optimization,Enable Lazy loading for resource,unanimous,True,benchmark,True,True,False,True,False,False,False,False,False,False,False,False,1,1,D1,False,True,False,False,False,False,False,False,False,False,1,1
74627617,37904,human_candidate,https://github.com/commaai/openpilot/pull/37904,Code Smells and Structural Simplification,Replace Reflection with Direct Method Calls,majority_2_of_3,False,none,False,False,False,True,False,False,False,False,False,False,False,False,1,1,D1,False,True,False,False,False,False,False,False,False,False,1,1
74627617,38031,human_candidate,https://github.com/commaai/openpilot/pull/38031,I/O and Synchronization,Concurrency Control / Lock Optimization,unanimous,False,none,False,False,False,False,False,False,False,False,False,False,False,False,0,0,,False,False,False,False,False,False,False,False,False,False,0,0
74627617,38075,human_candidate,https://github.com/commaai/openpilot/pull/38075,Memory and Data Locality Optimizations,Optimize Object Use,unanimous,False,none,False,False,False,False,False,False,False,False,False,False,False,False,0,0,,False,False,False,False,False,False,False,False,False,False,0,0
75750830,4601,human_candidate,https://github.com/ornladios/ADIOS2/pull/4601,I/O and Synchronization,Non-Blocking I/O,majority_2_of_3,False,none,False,False,False,False,False,False,False,False,False,False,False,False,0,0,,False,False,False,False,False,False,False,False,False,False,0,0
76990209,5519,agentic,https://github.com/wled/WLED/pull/5519,I/O and Synchronization,Streaming Implementation Or Optimization),unanimous,True,static-reasoning,True,True,False,False,False,False,False,False,False,False,False,False,0,0,,False,False,False,False,False,False,False,False,False,False,0,0
77873947,10889,human_candidate,https://github.com/ForumMagnum/ForumMagnum/pull/10889,Code Smells and Structural Simplification,Remove code bloat by removing optional features,unanimous,False,none,False,False,False,False,False,False,False,False,False,False,False,False,0,0,,False,False,False,False,False,False,False,False,False,False,0,0
77873947,11312,human_candidate,https://github.com/ForumMagnum/ForumMagnum/pull/11312,Code Smells and Structural Simplification,Remove duplicate code,unanimous,True,static-reasoning,True,True,False,False,False,False,False,False,False,False,False,False,0,0,,False,False,False,False,False,False,False,False,False,False,0,0
77873947,11453,human_candidate,https://github.com/ForumMagnum/ForumMagnum/pull/11453,Code Smells and Structural Simplification,Remove code bloat by removing optional features,unanimous,False,none,False,False,False,False,False,False,False,False,False,False,False,False,0,0,,False,False,False,False,False,False,False,False,False,False,0,0
77873947,11806,human_candidate,https://github.com/ForumMagnum/ForumMagnum/pull/11806,"Network, Database, and Data Access Optimization",Minimize Payload Size / Pass Reference Instead of Value,majority_2_of_3,True,benchmark,True,True,False,False,False,False,False,True,True,False,False,False,2,2,D5|D6,False,False,False,False,False,True,True,False,False,False,2,2
79375056,12246,human_candidate,https://github.com/sanity-io/sanity/pull/12246,Build & Compilation & Infrastructure Optimization,Enable Lazy loading for resource,unanimous,True,benchmark,True,True,False,True,True,False,False,False,False,False,False,False,2,2,D1|D2,False,True,True,False,False,False,False,False,False,False,2,0
79375056,12338,human_candidate,https://github.com/sanity-io/sanity/pull/12338,Memory and Data Locality Optimizations,Optimize Object Use,unanimous,True,benchmark,True,True,False,True,True,False,False,False,True,False,False,False,3,3,D1|D2|D6,False,True,True,False,False,False,True,False,False,False,3,0
80874333,1856,human_candidate,https://github.com/MikePopoloski/slang/pull/1856,I/O and Synchronization,Concurrency Control / Rate Limiting,unanimous,True,unresolved,True,False,False,False,False,False,False,False,False,False,False,False,0,0,,False,False,False,False,False,False,False,False,False,False,0,0
82341193,4304,agentic,https://github.com/JuliaLang/Pkg.jl/pull/4304,"Network, Database, and Data Access Optimization",Lazy Loading / Deferred Initialization,unanimous,True,benchmark,True,True,False,False,False,True,False,False,False,False,False,False,1,1,D3,False,False,False,True,False,False,False,False,False,False,1,1
82341193,4684,human_candidate,https://github.com/JuliaLang/Pkg.jl/pull/4684,Memory and Data Locality Optimizations,Caching,unanimous,True,static-reasoning,True,True,False,False,False,False,False,False,False,False,False,False,0,0,,False,False,False,False,False,False,False,False,False,False,0,0
85005919,498,agentic,https://github.com/umasteeringgroup/UMA/pull/498,Algorithm-Level Optimizations,Structure Algorithm to Support instruction level parallelism (ILP),majority_2_of_3,True,static-reasoning,True,True,False,False,False,False,False,False,False,False,False,False,0,0,,False,False,False,False,False,False,False,False,False,False,0,0
87490037,2255,human_candidate,https://github.com/commaai/panda/pull/2255,Code Smells and Structural Simplification,Remove Unnecessary Method Calls,unanimous,True,unresolved,True,False,False,False,False,False,False,False,False,False,False,False,0,0,,False,False,False,False,False,False,False,False,False,False,0,0
88064357,1902,agentic,https://github.com/QL-Win/QuickLook/pull/1902,I/O and Synchronization,Non-Blocking I/O,unanimous,True,unresolved,True,False,False,False,False,False,False,False,False,False,False,False,0,0,,False,False,False,False,False,False,False,False,False,False,0,0
89221572,9969,human_candidate,https://github.com/DataDog/dd-trace-java/pull/9969,Algorithm-Level Optimizations,Select Computationally Efficient Algorithms,unanimous,True,benchmark,True,True,False,True,True,False,False,False,False,False,False,False,2,2,D1|D2,False,True,True,False,False,False,False,False,False,False,2,0
89221572,10138,human_candidate,https://github.com/DataDog/dd-trace-java/pull/10138,Code Smells and Structural Simplification,Remove Unnecessary Method Calls,majority_2_of_3,True,benchmark,True,True,False,True,True,False,False,False,False,False,False,False,2,2,D1|D2,False,True,True,False,False,False,False,False,False,False,2,0
89221572,10471,human_candidate,https://github.com/DataDog/dd-trace-java/pull/10471,Memory and Data Locality Optimizations,Optimize Object Use,unanimous,True,benchmark,True,True,False,True,True,False,False,False,False,False,False,False,2,2,D1|D2,False,True,True,False,False,False,False,False,False,False,2,0
89221572,10630,human_candidate,https://github.com/DataDog/dd-trace-java/pull/10630,Algorithm-Level Optimizations,Select Computationally Efficient Algorithms,unanimous,True,benchmark,True,True,False,False,False,False,False,False,False,False,False,False,0,0,,False,False,False,False,False,False,False,False,False,False,0,0
89221572,11351,human_candidate,https://github.com/DataDog/dd-trace-java/pull/11351,Memory and Data Locality Optimizations,Caching,majority_2_of_3,True,benchmark,True,True,False,True,True,False,False,False,False,False,False,False,2,2,D1|D2,False,True,True,False,False,False,False,False,False,False,2,0
89221572,11423,human_candidate,https://github.com/DataDog/dd-trace-java/pull/11423,"Network, Database, and Data Access Optimization",Batch API Requests (N+1),majority_2_of_3,True,benchmark,True,True,False,True,False,False,False,False,False,False,False,False,1,1,D1,False,True,False,False,False,False,False,False,False,False,1,1
92864511,246,agentic,https://github.com/gmathi/NovelLibrary/pull/246,Build & Compilation & Infrastructure Optimization,Enable Build-Time Optimizations,unanimous,True,unresolved,True,False,False,True,True,False,False,False,True,False,False,True,4,4,D1|D2|D6|D9,False,False,False,False,False,False,False,False,False,False,0,0
92864511,247,agentic,https://github.com/gmathi/NovelLibrary/pull/247,Memory and Data Locality Optimizations,Caching,majority_2_of_3,True,static-reasoning,True,True,False,False,False,False,False,False,False,False,False,False,0,0,,False,False,False,False,False,False,False,False,False,False,0,0
92912604,3212,agentic,https://github.com/commaai/opendbc/pull/3212,Memory and Data Locality Optimizations,Caching,unanimous,True,benchmark,True,True,False,False,False,False,False,False,False,False,False,False,0,0,,False,False,False,False,False,False,False,False,False,False,0,0
92912604,3367,human_candidate,https://github.com/commaai/opendbc/pull/3367,Memory and Data Locality Optimizations,Caching,unanimous,True,benchmark,True,True,False,False,False,False,False,False,False,False,False,False,0,0,,False,False,False,False,False,False,False,False,False,False,0,0
92912604,3393,human_candidate,https://github.com/commaai/opendbc/pull/3393,Build & Compilation & Infrastructure Optimization,Enable Lazy loading for resource,majority_2_of_3,True,benchmark,True,True,True,True,False,False,False,False,False,False,False,False,2,1,D0|D1,True,True,False,False,False,False,False,False,False,False,2,1
92974124,8595,human_candidate,https://github.com/pyvista/pyvista/pull/8595,Build & Compilation & Infrastructure Optimization,Enable Lazy loading for resource,majority_2_of_3,True,benchmark,True,True,False,True,False,False,False,False,False,False,False,False,1,1,D1,False,True,False,False,False,False,False,False,False,False,1,1
92974124,8605,human_candidate,https://github.com/pyvista/pyvista/pull/8605,Build & Compilation & Infrastructure Optimization,Enable Lazy loading for resource,majority_2_of_3,True,benchmark,True,True,False,True,False,False,False,False,False,False,False,False,1,1,D1,False,True,False,False,False,False,False,False,False,False,1,1
93882897,7714,agentic,https://github.com/shader-slang/slang/pull/7714,Algorithm-Level Optimizations,Select Computationally Efficient Algorithms,unanimous,True,static-reasoning,True,True,False,False,False,False,False,False,False,False,False,False,0,0,,False,False,False,False,False,False,False,False,False,False,0,0
93882897,10803,agentic,https://github.com/shader-slang/slang/pull/10803,Memory and Data Locality Optimizations,Caching,majority_2_of_3,True,static-reasoning,True,True,False,False,False,False,False,False,False,False,False,False,0,0,,False,False,False,False,False,False,False,False,False,False,0,0
98913726,3147,human_candidate,https://github.com/getsentry/sentry-dart/pull/3147,Memory and Data Locality Optimizations,Optimize Object Use,majority_2_of_3,True,benchmark,True,True,False,True,False,False,False,False,False,False,False,False,1,1,D1,False,True,False,False,False,False,False,False,False,False,1,1
99262683,7348,agentic,https://github.com/RocketChat/Rocket.Chat.ReactNative/pull/7348,Memory and Data Locality Optimizations,Caching,unanimous,True,benchmark,True,True,False,True,False,False,False,False,False,False,False,False,1,1,D1,False,True,False,False,False,False,False,False,False,False,1,1
99705100,9446,human_candidate,https://github.com/NG-ZORRO/ng-zorro-antd/pull/9446,Code Smells and Structural Simplification,Remove code bloat by removing optional features,unanimous,False,none,False,False,False,False,False,False,False,False,False,False,False,False,0,0,,False,False,False,False,False,False,False,False,False,False,0,0
100061716,33753,human_candidate,https://github.com/nrwl/nx/pull/33753,Memory and Data Locality Optimizations,Caching,unanimous,True,static-reasoning,True,True,False,True,False,False,True,True,False,False,False,False,3,3,D1|D4|D5,False,True,False,False,True,True,False,False,False,False,3,3
100061716,33775,human_candidate,https://github.com/nrwl/nx/pull/33775,Memory and Data Locality Optimizations,Caching,unanimous,True,static-reasoning,True,True,False,True,False,False,False,False,False,False,False,False,1,1,D1,False,True,False,False,False,False,False,False,False,False,1,1
100061716,33814,human_candidate,https://github.com/nrwl/nx/pull/33814,Algorithm-Level Optimizations,Select Computationally Efficient Algorithms,majority_2_of_3,True,static-reasoning,True,True,False,False,False,False,False,False,False,False,False,False,0,0,,False,False,False,False,False,False,False,False,False,False,0,0
100061716,35561,human_candidate,https://github.com/nrwl/nx/pull/35561,"Network, Database, and Data Access Optimization",Batch API Requests (N+1),majority_2_of_3,True,static-reasoning,True,True,False,True,False,False,False,False,False,False,False,False,1,1,D1,False,True,False,False,False,False,False,False,False,False,1,0
101194285,8661,human_candidate,https://github.com/NethermindEth/nethermind/pull/8661,Memory and Data Locality Optimizations,Optimize Object Use,unanimous,True,static-reasoning,True,True,False,False,False,False,False,False,False,False,False,False,0,0,,False,False,False,False,False,False,False,False,False,False,0,0
101194285,8736,human_candidate,https://github.com/NethermindEth/nethermind/pull/8736,Memory and Data Locality Optimizations,Optimize Object Use,unanimous,False,none,False,False,False,False,False,False,False,False,False,False,False,False,0,0,,False,False,False,False,False,False,False,False,False,False,0,0
101194285,8825,human_candidate,https://github.com/NethermindEth/nethermind/pull/8825,Memory and Data Locality Optimizations,Optimize Object Use,unanimous,False,none,False,False,False,False,False,False,False,False,False,False,False,False,0,0,,False,False,False,False,False,False,False,False,False,False,0,0
101194285,9208,agentic,https://github.com/NethermindEth/nethermind/pull/9208,Control-Flow and Branching Optimizations,Remove branching with masking,unanimous,True,static-reasoning,True,True,False,False,False,False,False,False,False,False,False,True,1,1,D9,False,False,False,False,False,False,False,False,False,True,1,1
101194285,9581,human_candidate,https://github.com/NethermindEth/nethermind/pull/9581,Control-Flow and Branching Optimizations,Rearranging for early return,unanimous,True,static-reasoning,True,True,False,False,False,False,False,False,False,False,False,False,0,0,,False,False,False,False,False,False,False,False,False,False,0,0
101194285,9627,human_candidate,https://github.com/NethermindEth/nethermind/pull/9627,Memory and Data Locality Optimizations,Optimize Object Use,unanimous,True,static-reasoning,True,True,False,False,False,False,False,False,False,False,False,False,0,0,,False,False,False,False,False,False,False,False,False,False,0,0
101194285,9834,human_candidate,https://github.com/NethermindEth/nethermind/pull/9834,Memory and Data Locality Optimizations,Optimize Object Use,majority_2_of_3,True,static-reasoning,True,True,False,False,False,False,False,False,False,False,False,False,0,0,,False,False,False,False,False,False,False,False,False,False,0,0
101194285,9943,agentic,https://github.com/NethermindEth/nethermind/pull/9943,Algorithm-Level Optimizations,Select Computationally Efficient Algorithms,unanimous,True,benchmark,True,True,False,False,False,True,False,False,False,False,False,False,1,1,D3,False,False,False,True,False,False,False,False,False,False,1,1
101194285,10065,human_candidate,https://github.com/NethermindEth/nethermind/pull/10065,Memory and Data Locality Optimizations,Optimize Object Use,majority_2_of_3,False,none,False,False,False,False,False,False,False,False,False,False,False,False,0,0,,False,False,False,False,False,False,False,False,False,False,0,0
101194285,10172,agentic,https://github.com/NethermindEth/nethermind/pull/10172,Memory and Data Locality Optimizations,Optimize Object Use,unanimous,True,static-reasoning,True,True,False,False,False,False,False,False,False,False,False,False,0,0,,False,False,False,False,False,False,False,False,False,False,0,0
101194285,10232,agentic,https://github.com/NethermindEth/nethermind/pull/10232,Build & Compilation & Infrastructure Optimization,Enable Build-Time Optimizations,unanimous,True,static-reasoning,True,True,False,False,False,False,False,False,False,False,False,False,0,0,,False,False,False,False,False,False,False,False,False,False,0,0
101194285,10520,human_candidate,https://github.com/NethermindEth/nethermind/pull/10520,Code Smells and Structural Simplification,Remove Unnecessary Method Calls,majority_2_of_3,True,benchmark,True,True,False,False,False,False,False,False,False,False,False,False,0,0,,False,False,False,False,False,False,False,False,False,False,0,0
101194285,10590,agentic,https://github.com/NethermindEth/nethermind/pull/10590,Memory and Data Locality Optimizations,Optimize Object Use,majority_2_of_3,True,benchmark,True,True,False,True,True,True,False,False,False,False,False,True,4,4,D1|D2|D3|D9,False,True,True,True,False,False,False,False,False,True,4,0
101194285,10985,agentic,https://github.com/NethermindEth/nethermind/pull/10985,Algorithm-Level Optimizations,Select Computationally Efficient Algorithms,majority_2_of_3,True,benchmark,True,True,True,True,False,False,False,False,False,False,False,False,2,1,D0|D1,True,True,False,False,False,False,False,False,False,False,2,2
101194285,11007,human_candidate,https://github.com/NethermindEth/nethermind/pull/11007,Memory and Data Locality Optimizations,Optimize Object Use,unanimous,True,profiling,True,True,True,False,False,True,False,False,False,False,False,True,3,2,D0|D3|D9,True,False,False,True,False,False,False,False,False,True,3,2
101194285,11241,agentic,https://github.com/NethermindEth/nethermind/pull/11241,Algorithm-Level Optimizations,Select Computationally Efficient Algorithms,unanimous,True,benchmark,True,True,True,True,False,False,True,True,False,False,True,False,5,4,D0|D1|D4|D5|D8,True,True,False,False,True,True,False,False,True,False,5,1
101194285,11297,human_candidate,https://github.com/NethermindEth/nethermind/pull/11297,I/O and Synchronization,Concurrency Control / Lock Optimization,majority_2_of_3,True,static-reasoning,True,True,False,True,False,False,False,False,False,False,False,True,2,2,D1|D9,False,True,False,False,False,False,False,False,False,True,2,0
101194285,11323,human_candidate,https://github.com/NethermindEth/nethermind/pull/11323,Algorithm-Level Optimizations,Select Computationally Efficient Algorithms,majority_2_of_3,True,static-reasoning,True,True,False,True,False,False,False,False,False,False,False,False,1,1,D1,False,True,False,False,False,False,False,False,False,False,1,0
101194285,11349,human_candidate,https://github.com/NethermindEth/nethermind/pull/11349,Code Smells and Structural Simplification,Remove Unnecessary Method Calls,unanimous,True,benchmark,True,True,False,True,False,True,False,False,False,False,False,True,3,3,D1|D3|D9,False,True,False,True,False,False,False,False,False,True,3,3
101194285,11673,human_candidate,https://github.com/NethermindEth/nethermind/pull/11673,Memory and Data Locality Optimizations,Caching,unanimous,True,static-reasoning,True,True,False,False,False,False,False,False,False,False,False,False,0,0,,False,False,False,False,False,False,False,False,False,False,0,0
101194285,11675,human_candidate,https://github.com/NethermindEth/nethermind/pull/11675,Memory and Data Locality Optimizations,Optimize Object Use,unanimous,True,static-reasoning,True,True,False,False,False,False,False,False,False,False,False,False,0,0,,False,False,False,False,False,False,False,False,False,False,0,0
101194285,11693,human_candidate,https://github.com/NethermindEth/nethermind/pull/11693,I/O and Synchronization,Streaming Implementation Or Optimization),unanimous,True,benchmark,True,True,False,True,False,True,False,False,True,False,False,True,4,4,D1|D3|D6|D9,False,True,False,True,False,False,True,False,False,True,4,4
102692863,7057,agentic,https://github.com/onnx/onnx/pull/7057,Algorithm-Level Optimizations,Select Computationally Efficient Algorithms,unanimous,True,benchmark,True,True,False,True,True,False,False,False,False,False,False,False,2,2,D1|D2,False,True,True,False,False,False,False,False,False,False,2,2
102692863,7820,agentic,https://github.com/onnx/onnx/pull/7820,Algorithm-Level Optimizations,Select Computationally Efficient Algorithms,unanimous,True,benchmark,True,True,False,True,False,False,False,False,False,False,False,False,1,1,D1,False,True,False,False,False,False,False,False,False,False,1,1
102692863,7920,human_candidate,https://github.com/onnx/onnx/pull/7920,Algorithm-Level Optimizations,Select Computationally Efficient Algorithms,unanimous,True,benchmark,True,True,True,True,False,False,False,False,False,False,False,False,2,1,D0|D1,True,True,False,False,False,False,False,False,False,False,2,1
104670293,545,agentic,https://github.com/simonw/simonwillisonblog/pull/545,Memory and Data Locality Optimizations,Caching,unanimous,False,none,False,False,False,False,False,False,False,False,False,False,False,False,0,0,,False,False,False,False,False,False,False,False,False,False,0,0
105363726,2664,agentic,https://github.com/maplibre/martin/pull/2664,I/O and Synchronization,Selection I/O size,majority_2_of_3,True,static-reasoning,True,True,False,True,False,False,False,False,False,False,False,False,1,1,D1,False,True,False,False,False,False,False,False,False,False,1,1
105363726,2688,agentic,https://github.com/maplibre/martin/pull/2688,Memory and Data Locality Optimizations,Caching,unanimous,True,benchmark,True,True,False,True,False,True,True,False,False,False,False,False,3,3,D1|D3|D4,False,True,False,True,True,False,False,False,False,False,3,0
105997676,8143,human_candidate,https://github.com/getkirby/kirby/pull/8143,Memory and Data Locality Optimizations,Caching,unanimous,True,benchmark,True,True,True,False,False,False,False,False,False,False,False,False,1,0,D0,True,False,False,False,False,False,False,False,False,False,1,1
111333972,51,agentic,https://github.com/arun1729/cog/pull/51,Memory and Data Locality Optimizations,Buffering,unanimous,False,none,False,False,False,False,False,False,False,False,False,False,False,False,0,0,,False,False,False,False,False,False,False,False,False,False,0,0
114581326,17514,human_candidate,https://github.com/MinaProtocol/mina/pull/17514,Data Structure Selection and Adaptation,Darwinian Data Structure Selection,majority_2_of_3,True,static-reasoning,True,True,False,False,False,False,False,False,False,False,False,False,0,0,,False,False,False,False,False,False,False,False,False,False,0,0
114798676,3288,agentic,https://github.com/Azure/azure-storage-azcopy/pull/3288,I/O and Synchronization,Concurrency Control / Lock Optimization,majority_2_of_3,True,unresolved,True,False,False,True,False,False,False,False,False,False,False,True,2,2,D1|D9,False,True,False,False,False,False,False,False,False,True,2,0
115110181,10196,human_candidate,https://github.com/swc-project/swc/pull/10196,Code Smells and Structural Simplification,Remove Unnecessary Method Calls,unanimous,True,benchmark,True,True,False,True,False,False,False,False,False,False,False,False,1,1,D1,False,True,False,False,False,False,False,False,False,False,1,0
115110181,10380,human_candidate,https://github.com/swc-project/swc/pull/10380,Memory and Data Locality Optimizations,Use Smaller Data Types,majority_2_of_3,True,static-reasoning,True,True,False,False,False,False,False,False,False,False,False,False,0,0,,False,False,False,False,False,False,False,False,False,False,0,0
115110181,10514,human_candidate,https://github.com/swc-project/swc/pull/10514,Memory and Data Locality Optimizations,Improve cache locality - temporal locality,majority_2_of_3,True,benchmark,True,True,False,False,False,False,False,False,False,False,False,False,0,0,,False,False,False,False,False,False,False,False,False,False,0,0
115110181,10606,human_candidate,https://github.com/swc-project/swc/pull/10606,Code Smells and Structural Simplification,Remove Unnecessary Method Calls,unanimous,True,static-reasoning,True,True,False,False,False,False,False,False,False,False,False,False,0,0,,False,False,False,False,False,False,False,False,False,False,0,0
115110181,10664,human_candidate,https://github.com/swc-project/swc/pull/10664,Memory and Data Locality Optimizations,Optimize Object Use,unanimous,True,benchmark,True,True,False,False,False,False,False,False,False,False,False,False,0,0,,False,False,False,False,False,False,False,False,False,False,0,0
115110181,10676,human_candidate,https://github.com/swc-project/swc/pull/10676,Memory and Data Locality Optimizations,Use Smaller Data Types,unanimous,True,benchmark,True,True,True,False,False,False,False,False,False,False,False,False,1,0,D0,True,False,False,False,False,False,False,False,False,False,1,0
115110181,10805,human_candidate,https://github.com/swc-project/swc/pull/10805,Code Smells and Structural Simplification,Remove Unnecessary Method Calls,majority_2_of_3,True,benchmark,True,True,False,False,False,False,False,False,False,False,False,False,0,0,,False,False,False,False,False,False,False,False,False,False,0,0
115110181,10817,human_candidate,https://github.com/swc-project/swc/pull/10817,Memory and Data Locality Optimizations,Optimize Object Use,unanimous,True,benchmark,True,True,False,False,False,False,False,False,False,False,False,False,0,0,,False,False,False,False,False,False,False,False,False,False,0,0
115110181,10833,human_candidate,https://github.com/swc-project/swc/pull/10833,Memory and Data Locality Optimizations,Use Smaller Data Types,unanimous,True,benchmark,True,True,False,False,False,False,False,False,False,False,False,False,0,0,,False,False,False,False,False,False,False,False,False,False,0,0
115110181,10862,human_candidate,https://github.com/swc-project/swc/pull/10862,Algorithm-Level Optimizations,Select Algorithm Based on Instruction Speed,majority_2_of_3,True,benchmark,True,True,False,False,False,False,False,False,False,False,False,False,0,0,,False,False,False,False,False,False,False,False,False,False,0,0
115110181,11310,human_candidate,https://github.com/swc-project/swc/pull/11310,Loop Transformations,Loop Fusion,majority_2_of_3,False,none,False,False,False,True,False,False,False,False,False,False,False,False,1,1,D1,False,True,False,False,False,False,False,False,False,False,1,0
115110181,11673,agentic,https://github.com/swc-project/swc/pull/11673,Memory and Data Locality Optimizations,Optimize Object Use,unanimous,True,benchmark,True,True,True,True,False,False,False,False,False,False,False,False,2,1,D0|D1,True,True,False,False,False,False,False,False,False,False,2,1
115110181,11852,agentic,https://github.com/swc-project/swc/pull/11852,Code Smells and Structural Simplification,Remove Unnecessary Method Calls,unanimous,True,benchmark,True,True,False,True,False,False,False,False,False,False,False,False,1,1,D1,False,True,False,False,False,False,False,False,False,False,1,1
115110181,11853,agentic,https://github.com/swc-project/swc/pull/11853,Code Smells and Structural Simplification,Remove Unnecessary Method Calls,majority_2_of_3,True,benchmark,True,True,False,True,False,False,False,False,False,False,False,False,1,1,D1,False,True,False,False,False,False,False,False,False,False,1,0
115110181,11855,agentic,https://github.com/swc-project/swc/pull/11855,Algorithm-Level Optimizations,Select Computationally Efficient Algorithms,unanimous,True,benchmark,True,True,False,True,False,False,False,False,False,False,False,False,1,1,D1,False,True,False,False,False,False,False,False,False,False,1,0
115110181,11856,agentic,https://github.com/swc-project/swc/pull/11856,Code Smells and Structural Simplification,Remove Unnecessary Method Calls,unanimous,True,benchmark,True,True,False,True,False,False,False,False,False,False,False,False,1,1,D1,False,True,False,False,False,False,False,False,False,False,1,0
115110181,11874,human_candidate,https://github.com/swc-project/swc/pull/11874,Code Smells and Structural Simplification,Remove Unnecessary Method Calls,majority_2_of_3,True,benchmark,True,True,False,True,False,False,False,False,False,False,False,False,1,1,D1,False,True,False,False,False,False,False,False,False,False,1,0
115110181,11879,agentic,https://github.com/swc-project/swc/pull/11879,Build & Compilation & Infrastructure Optimization,Enable Lazy loading for resource,majority_2_of_3,True,benchmark,True,True,False,True,False,False,False,False,False,False,False,False,1,1,D1,False,True,False,False,False,False,False,False,False,False,1,0
115110181,11894,agentic,https://github.com/swc-project/swc/pull/11894,Build & Compilation & Infrastructure Optimization,Compiler Optimization Hints/Directives,unanimous,True,benchmark,True,True,False,True,False,False,False,False,False,False,True,False,2,2,D1|D8,False,True,False,False,False,False,False,False,True,False,2,1
115110181,11895,agentic,https://github.com/swc-project/swc/pull/11895,Build & Compilation & Infrastructure Optimization,Compiler Optimization Hints/Directives,unanimous,True,benchmark,True,True,False,True,False,False,False,False,False,False,False,False,1,1,D1,False,True,False,False,False,False,False,False,False,False,1,1
116150224,1069,agentic,https://github.com/static-frame/static-frame/pull/1069,Algorithm-Level Optimizations,Select Computationally Efficient Algorithms,unanimous,True,static-reasoning,True,True,False,False,False,False,False,False,False,False,False,False,0,0,,False,False,False,False,False,False,False,False,False,False,0,0
116150224,1140,agentic,https://github.com/static-frame/static-frame/pull/1140,Memory and Data Locality Optimizations,Caching,unanimous,True,static-reasoning,True,True,False,False,False,False,False,False,False,False,False,False,0,0,,False,False,False,False,False,False,False,False,False,False,0,0
117757315,5062,agentic,https://github.com/getsentry/relay/pull/5062,Memory and Data Locality Optimizations,Caching,unanimous,True,static-reasoning,True,True,False,False,False,False,False,False,False,False,False,False,0,0,,False,False,False,False,False,False,False,False,False,False,0,0
117757315,5826,human_candidate,https://github.com/getsentry/relay/pull/5826,Memory and Data Locality Optimizations,Optimize Object Use,unanimous,True,static-reasoning,True,True,False,False,False,False,False,False,False,False,False,False,0,0,,False,False,False,False,False,False,False,False,False,False,0,0
119536149,21,agentic,https://github.com/fatedier/fft/pull/21,Algorithm-Level Optimizations,Select Computationally Efficient Algorithms,majority_2_of_3,True,benchmark,True,True,True,False,True,False,False,True,False,False,False,False,3,2,D0|D2|D5,True,False,True,False,False,False,False,False,False,False,2,2
119536149,22,agentic,https://github.com/fatedier/fft/pull/22,I/O and Synchronization,Selection I/O size,unanimous,False,none,False,False,False,True,True,False,False,False,False,False,False,False,2,2,D1|D2,False,False,False,False,False,False,False,False,False,False,0,0
121814210,7249,agentic,https://github.com/primer/react/pull/7249,Algorithm-Level Optimizations,Event-Driven Throttling,majority_2_of_3,True,static-reasoning,True,True,False,False,True,False,False,False,False,False,False,False,1,1,D2,False,False,True,False,False,False,False,False,False,False,1,1
121814210,7309,agentic,https://github.com/primer/react/pull/7309,Algorithm-Level Optimizations,Event-Driven Throttling,unanimous,True,static-reasoning,True,True,False,False,False,False,False,False,False,False,False,False,0,0,,False,False,False,False,False,False,False,False,False,False,0,0
121814210,7367,agentic,https://github.com/primer/react/pull/7367,Code Smells and Structural Simplification,Remove code bloat by removing optional features,majority_2_of_3,True,static-reasoning,True,True,False,False,False,False,False,False,False,False,False,False,0,0,,False,False,False,False,False,False,False,False,False,False,0,0
121814210,7369,agentic,https://github.com/primer/react/pull/7369,Algorithm-Level Optimizations,Event-Driven Throttling,unanimous,True,static-reasoning,True,True,False,True,True,False,False,False,False,False,False,False,2,2,D1|D2,False,True,True,False,False,False,False,False,False,False,2,2
121814210,7372,agentic,https://github.com/primer/react/pull/7372,Algorithm-Level Optimizations,Event-Driven Throttling,unanimous,True,static-reasoning,True,True,False,False,True,False,False,False,False,False,False,False,1,1,D2,False,False,True,False,False,False,False,False,False,False,1,1
121814210,7373,agentic,https://github.com/primer/react/pull/7373,Code Smells and Structural Simplification,Remove Unnecessary Method Calls,unanimous,True,static-reasoning,True,True,False,False,False,False,False,False,False,False,False,False,0,0,,False,False,False,False,False,False,False,False,False,False,0,0
121814210,7374,agentic,https://github.com/primer/react/pull/7374,Code Smells and Structural Simplification,Remove Unnecessary Method Calls,unanimous,True,static-reasoning,True,True,False,False,False,False,False,False,False,False,False,False,0,0,,False,False,False,False,False,False,False,False,False,False,0,0
121814210,7375,agentic,https://github.com/primer/react/pull/7375,Control-Flow and Branching Optimizations,Remove branches by doing extra work,unanimous,True,static-reasoning,True,True,False,False,False,False,False,False,False,False,False,False,0,0,,False,False,False,False,False,False,False,False,False,False,0,0
121814210,7386,agentic,https://github.com/primer/react/pull/7386,Algorithm-Level Optimizations,Event-Driven Throttling,unanimous,True,static-reasoning,True,True,False,False,True,False,False,False,False,False,False,False,1,1,D2,False,False,True,False,False,False,False,False,False,False,1,1
121814210,7393,agentic,https://github.com/primer/react/pull/7393,Algorithm-Level Optimizations,Event-Driven Throttling,majority_2_of_3,True,static-reasoning,True,True,False,False,False,False,False,False,False,False,False,False,0,0,,False,False,False,False,False,False,False,False,False,False,0,0
121814210,7402,agentic,https://github.com/primer/react/pull/7402,Algorithm-Level Optimizations,Select Computationally Efficient Algorithms,unanimous,True,static-reasoning,True,True,False,False,False,False,False,False,False,False,False,False,0,0,,False,False,False,False,False,False,False,False,False,False,0,0
121814210,7409,agentic,https://github.com/primer/react/pull/7409,Algorithm-Level Optimizations,Event-Driven Throttling,unanimous,False,none,False,False,False,False,False,False,False,False,False,False,False,False,0,0,,False,False,False,False,False,False,False,False,False,False,0,0
121814210,7410,agentic,https://github.com/primer/react/pull/7410,Algorithm-Level Optimizations,Event-Driven Throttling,unanimous,True,static-reasoning,True,True,False,False,False,False,False,False,False,False,False,False,0,0,,False,False,False,False,False,False,False,False,False,False,0,0
121814210,7411,agentic,https://github.com/primer/react/pull/7411,Algorithm-Level Optimizations,Event-Driven Throttling,unanimous,True,static-reasoning,True,True,False,False,False,False,False,False,False,False,False,False,0,0,,False,False,False,False,False,False,False,False,False,False,0,0
121814210,7414,agentic,https://github.com/primer/react/pull/7414,Memory and Data Locality Optimizations,Caching,unanimous,True,static-reasoning,True,True,False,False,False,False,False,False,False,False,False,False,0,0,,False,False,False,False,False,False,False,False,False,False,0,0
121814210,7424,agentic,https://github.com/primer/react/pull/7424,Build & Compilation & Infrastructure Optimization,Compiler Optimization Hints/Directives,majority_2_of_3,True,static-reasoning,True,True,False,False,False,False,False,False,False,False,False,False,0,0,,False,False,False,False,False,False,False,False,False,False,0,0
121814210,7555,human_candidate,https://github.com/primer/react/pull/7555,Memory and Data Locality Optimizations,Optimize Object Use,majority_2_of_3,True,benchmark,True,True,False,True,False,False,False,False,False,False,False,False,1,1,D1,False,True,False,False,False,False,False,False,False,False,1,1
121814210,7600,human_candidate,https://github.com/primer/react/pull/7600,Code Smells and Structural Simplification,Remove Unnecessary Method Calls,majority_2_of_3,True,benchmark,True,True,False,True,False,False,False,False,False,False,False,False,1,1,D1,False,True,False,False,False,False,False,False,False,False,1,1
121814210,7633,agentic,https://github.com/primer/react/pull/7633,Algorithm-Level Optimizations,Select Computationally Efficient Algorithms,majority_2_of_3,True,static-reasoning,True,True,False,False,False,False,False,False,False,False,False,False,0,0,,False,False,False,False,False,False,False,False,False,False,0,0
121814210,7847,agentic,https://github.com/primer/react/pull/7847,Algorithm-Level Optimizations,Event-Driven Throttling,unanimous,True,unresolved,True,False,False,False,True,False,False,False,False,False,False,False,1,1,D2,False,False,True,False,False,False,False,False,False,False,1,1
121814210,7848,agentic,https://github.com/primer/react/pull/7848,Algorithm-Level Optimizations,Event-Driven Throttling,unanimous,True,static-reasoning,True,True,False,False,True,False,False,False,False,False,False,False,1,1,D2,False,False,False,False,False,False,False,False,False,False,0,0
124948838,5152,agentic,https://github.com/dotnet/performance/pull/5152,Memory and Data Locality Optimizations,Optimize Object Use,unanimous,True,static-reasoning,True,True,False,False,False,False,False,False,False,False,False,False,0,0,,False,False,False,False,False,False,False,False,False,False,0,0
126178683,7644,agentic,https://github.com/halo-dev/halo/pull/7644,"Network, Database, and Data Access Optimization",Batch API Requests (N+1),unanimous,True,static-reasoning,True,True,False,False,False,False,False,True,False,False,False,False,1,1,D5,False,False,False,False,False,True,False,False,False,False,1,1
126178683,7836,human_candidate,https://github.com/halo-dev/halo/pull/7836,Memory and Data Locality Optimizations,Optimize Object Use,majority_2_of_3,True,static-reasoning,True,True,False,False,False,False,False,False,False,False,False,False,0,0,,False,False,False,False,False,False,False,False,False,False,0,0
126178683,7930,human_candidate,https://github.com/halo-dev/halo/pull/7930,Build & Compilation & Infrastructure Optimization,Enable Lazy loading for resource,unanimous,False,none,False,False,False,False,False,False,False,False,False,False,False,False,0,0,,False,False,False,False,False,False,False,False,False,False,0,0
126178683,9856,agentic,https://github.com/halo-dev/halo/pull/9856,Algorithm-Level Optimizations,Event-Driven Throttling,majority_2_of_3,True,static-reasoning,True,True,False,False,False,False,False,False,False,False,False,False,0,0,,False,False,False,False,False,False,False,False,False,False,0,0
126178683,10022,agentic,https://github.com/halo-dev/halo/pull/10022,Memory and Data Locality Optimizations,Caching,unanimous,False,none,False,False,False,False,False,False,False,False,False,False,False,False,0,0,,False,False,False,False,False,False,False,False,False,False,0,0
126178683,10024,agentic,https://github.com/halo-dev/halo/pull/10024,"Network, Database, and Data Access Optimization",Batch API Requests (N+1),majority_2_of_3,True,static-reasoning,True,True,False,False,False,False,False,False,False,False,False,False,0,0,,False,False,False,False,False,False,False,False,False,False,0,0
126257942,5533,human_candidate,https://github.com/dotnet/diagnostics/pull/5533,Memory and Data Locality Optimizations,Caching,unanimous,True,unresolved,True,False,False,False,False,False,False,False,False,False,False,False,0,0,,False,False,False,False,False,False,False,False,False,False,0,0
126257942,5821,human_candidate,https://github.com/dotnet/diagnostics/pull/5821,I/O and Synchronization,Concurrency Control / Lock Optimization,majority_2_of_3,True,static-reasoning,True,True,False,True,False,False,False,False,False,False,False,True,2,2,D1|D9,False,False,False,False,False,False,False,False,False,True,1,0
126849511,361,agentic,https://github.com/celestiaorg/rsmt2d/pull/361,Memory and Data Locality Optimizations,Optimize Object Use,unanimous,True,benchmark,True,True,False,True,False,False,False,False,False,False,False,False,1,1,D1,False,True,False,False,False,False,False,False,False,False,1,1
126897385,3099,human_candidate,https://github.com/DeepLabCut/DeepLabCut/pull/3099,Algorithm-Level Optimizations,Select Computationally Efficient Algorithms,unanimous,True,benchmark,True,True,False,False,False,False,False,False,False,False,False,False,0,0,,False,False,False,False,False,False,False,False,False,False,0,0
126897385,3117,human_candidate,https://github.com/DeepLabCut/DeepLabCut/pull/3117,Algorithm-Level Optimizations,Select Computationally Efficient Algorithms,unanimous,True,benchmark,True,True,False,False,False,False,False,False,False,False,False,False,0,0,,False,False,False,False,False,False,False,False,False,False,0,0
128479644,9001,human_candidate,https://github.com/esphome/esphome/pull/9001,Memory and Data Locality Optimizations,Caching,majority_2_of_3,True,static-reasoning,True,True,False,False,False,False,False,False,False,False,False,False,0,0,,False,False,False,False,False,False,False,False,False,False,0,0
128479644,9042,human_candidate,https://github.com/esphome/esphome/pull/9042,Memory and Data Locality Optimizations,Optimize Object Use,unanimous,True,static-reasoning,True,True,False,False,False,False,False,False,False,False,False,False,0,0,,False,False,False,False,False,False,False,False,False,False,0,0
128479644,9089,human_candidate,https://github.com/esphome/esphome/pull/9089,Algorithm-Level Optimizations,Event-Driven Throttling,majority_2_of_3,True,unresolved,True,False,False,True,False,True,False,False,False,False,False,False,2,2,D1|D3,False,True,False,True,False,False,False,False,False,False,2,1
128479644,9338,human_candidate,https://github.com/esphome/esphome/pull/9338,Memory and Data Locality Optimizations,Use Smaller Data Types,unanimous,True,static-reasoning,True,True,False,False,False,False,False,False,False,False,False,False,0,0,,False,False,False,False,False,False,False,False,False,False,0,0
128479644,9453,human_candidate,https://github.com/esphome/esphome/pull/9453,Code Smells and Structural Simplification,Remove Unnecessary Method Calls,unanimous,True,benchmark,True,True,False,False,False,False,False,False,False,False,False,False,0,0,,False,False,False,False,False,False,False,False,False,False,0,0
128479644,10035,human_candidate,https://github.com/esphome/esphome/pull/10035,Algorithm-Level Optimizations,Select Space Efficient Algorithm,majority_2_of_3,True,benchmark,True,True,True,True,False,True,False,False,False,False,False,False,3,2,D0|D1|D3,True,True,False,True,False,False,False,False,False,False,3,3
128479644,10062,human_candidate,https://github.com/esphome/esphome/pull/10062,I/O and Synchronization,Non-Blocking I/O,unanimous,True,benchmark,True,True,False,False,False,False,False,False,False,False,False,False,0,0,,False,False,False,False,False,False,False,False,False,False,0,0
128479644,10129,human_candidate,https://github.com/esphome/esphome/pull/10129,Code Smells and Structural Simplification,Remove code bloat by removing optional features,unanimous,True,benchmark,True,True,False,False,False,True,False,False,False,False,False,False,1,1,D3,False,False,False,True,False,False,False,False,False,False,1,1
128479644,10174,human_candidate,https://github.com/esphome/esphome/pull/10174,Memory and Data Locality Optimizations,Optimize Object Use,majority_2_of_3,True,benchmark,True,True,False,False,False,False,False,True,False,False,False,False,1,1,D5,False,False,False,False,False,False,False,False,False,False,0,0
128479644,10260,human_candidate,https://github.com/esphome/esphome/pull/10260,Memory and Data Locality Optimizations,Optimize Object Use,unanimous,True,benchmark,True,True,False,False,False,True,False,False,False,False,False,False,1,1,D3,False,False,False,True,False,False,False,False,False,False,1,1
128479644,10272,human_candidate,https://github.com/esphome/esphome/pull/10272,Memory and Data Locality Optimizations,Optimize Object Use,unanimous,True,benchmark,True,True,False,True,False,True,False,False,False,False,False,False,2,2,D1|D3,False,True,False,True,False,False,False,False,False,False,2,2
128479644,10276,human_candidate,https://github.com/esphome/esphome/pull/10276,Build & Compilation & Infrastructure Optimization,Compiler Optimization Hints/Directives,unanimous,True,benchmark,True,True,False,False,False,True,False,False,False,False,False,False,1,1,D3,False,False,False,True,False,False,False,False,False,False,1,1
128479644,10295,human_candidate,https://github.com/esphome/esphome/pull/10295,Code Smells and Structural Simplification,Remove duplicate code,unanimous,True,benchmark,True,True,False,False,False,True,False,False,False,False,False,False,1,1,D3,False,False,False,True,False,False,False,False,False,False,1,1
128479644,10710,human_candidate,https://github.com/esphome/esphome/pull/10710,Algorithm-Level Optimizations,Select Computationally Efficient Algorithms,majority_2_of_3,True,benchmark,True,True,True,True,False,True,False,False,False,False,False,False,3,2,D0|D1|D3,True,True,False,True,False,False,False,False,False,False,3,3
128479644,10977,human_candidate,https://github.com/esphome/esphome/pull/10977,Data Structure Selection and Adaptation,Darwinian Data Structure Selection,majority_2_of_3,True,benchmark,True,True,False,False,False,True,False,False,False,False,False,False,1,1,D3,False,False,False,True,False,False,False,False,False,False,1,1
128479644,11307,human_candidate,https://github.com/esphome/esphome/pull/11307,Data Structure Selection and Adaptation,Darwinian Data Structure Selection,unanimous,True,benchmark,True,True,False,False,False,True,False,False,False,False,False,False,1,1,D3,False,False,False,True,False,False,False,False,False,False,1,1
128479644,11407,human_candidate,https://github.com/esphome/esphome/pull/11407,Memory and Data Locality Optimizations,Optimize Object Use,unanimous,True,benchmark,True,True,False,True,False,True,False,False,False,False,False,False,2,2,D1|D3,False,True,False,True,False,False,False,False,False,False,2,2
128479644,11445,human_candidate,https://github.com/esphome/esphome/pull/11445,Memory and Data Locality Optimizations,Optimize Object Use,unanimous,True,benchmark,True,True,False,False,False,True,False,False,False,False,False,False,1,1,D3,False,False,False,True,False,False,False,False,False,False,1,0
128479644,11569,human_candidate,https://github.com/esphome/esphome/pull/11569,Memory and Data Locality Optimizations,Optimize Object Use,unanimous,True,benchmark,True,True,False,True,False,True,False,False,False,False,False,False,2,2,D1|D3,False,True,False,True,False,False,False,False,False,False,2,2
128479644,11650,human_candidate,https://github.com/esphome/esphome/pull/11650,Memory and Data Locality Optimizations,Use Smaller Data Types,majority_2_of_3,True,benchmark,True,True,False,False,False,True,False,False,False,False,False,False,1,1,D3,False,False,False,True,False,False,False,False,False,False,1,1
128479644,11677,human_candidate,https://github.com/esphome/esphome/pull/11677,I/O and Synchronization,Polling,unanimous,True,benchmark,True,True,False,True,False,True,False,False,False,False,False,False,2,2,D1|D3,False,True,False,True,False,False,False,False,False,False,2,1
128479644,11695,human_candidate,https://github.com/esphome/esphome/pull/11695,I/O and Synchronization,Polling,unanimous,True,benchmark,True,True,False,True,False,True,False,False,False,False,False,False,2,2,D1|D3,False,True,False,True,False,False,False,False,False,False,2,1
128479644,11726,human_candidate,https://github.com/esphome/esphome/pull/11726,Memory and Data Locality Optimizations,Optimize Object Use,unanimous,True,static-reasoning,True,True,False,False,False,True,False,False,False,False,False,False,1,1,D3,False,False,False,True,False,False,False,False,False,False,1,1
128479644,11731,human_candidate,https://github.com/esphome/esphome/pull/11731,Memory and Data Locality Optimizations,Optimize Object Use,unanimous,True,benchmark,True,True,False,False,False,True,False,False,False,False,False,False,1,1,D3,False,False,False,True,False,False,False,False,False,False,1,0
128479644,12090,human_candidate,https://github.com/esphome/esphome/pull/12090,Memory and Data Locality Optimizations,Optimize Object Use,unanimous,True,static-reasoning,True,True,False,False,False,True,False,False,False,False,False,False,1,1,D3,False,False,False,True,False,False,False,False,False,False,1,0
128479644,12628,human_candidate,https://github.com/esphome/esphome/pull/12628,Memory and Data Locality Optimizations,Buffering,majority_2_of_3,True,benchmark,True,True,False,True,False,True,False,True,False,False,False,False,3,3,D1|D3|D5,False,True,False,True,False,True,False,False,False,False,3,2
128479644,12685,human_candidate,https://github.com/esphome/esphome/pull/12685,Memory and Data Locality Optimizations,Optimize Object Use,unanimous,True,static-reasoning,True,True,False,False,False,True,False,False,False,False,False,False,1,1,D3,False,False,False,True,False,False,False,False,False,False,1,0
128479644,12796,human_candidate,https://github.com/esphome/esphome/pull/12796,Memory and Data Locality Optimizations,Optimize Object Use,unanimous,True,benchmark,True,True,False,False,False,True,False,False,False,False,False,False,1,1,D3,False,False,False,True,False,False,False,False,False,False,1,1
128479644,12816,human_candidate,https://github.com/esphome/esphome/pull/12816,Memory and Data Locality Optimizations,Optimize Object Use,unanimous,True,benchmark,True,True,False,False,False,True,False,False,False,False,False,False,1,1,D3,False,False,False,True,False,False,False,False,False,False,1,0
128479644,12845,human_candidate,https://github.com/esphome/esphome/pull/12845,I/O and Synchronization,Selection I/O size,majority_2_of_3,True,static-reasoning,True,True,False,False,False,True,False,False,False,False,False,False,1,1,D3,False,False,False,True,False,False,False,False,False,False,1,0
128479644,12850,human_candidate,https://github.com/esphome/esphome/pull/12850,I/O and Synchronization,Selection I/O size,majority_2_of_3,True,static-reasoning,True,True,False,False,False,False,False,False,False,False,False,False,0,0,,False,False,False,False,False,False,False,False,False,False,0,0
128479644,12868,human_candidate,https://github.com/esphome/esphome/pull/12868,I/O and Synchronization,Selection I/O size,majority_2_of_3,True,benchmark,True,True,False,False,False,True,False,False,False,False,False,False,1,1,D3,False,False,False,True,False,False,False,False,False,False,1,0
128479644,12879,human_candidate,https://github.com/esphome/esphome/pull/12879,I/O and Synchronization,Selection I/O size,majority_2_of_3,True,static-reasoning,True,True,False,False,False,True,False,False,False,False,False,False,1,1,D3,False,False,False,True,False,False,False,False,False,False,1,0
128479644,12881,human_candidate,https://github.com/esphome/esphome/pull/12881,I/O and Synchronization,Selection I/O size,majority_2_of_3,True,static-reasoning,True,True,False,False,False,True,False,False,False,False,False,False,1,1,D3,False,False,False,True,False,False,False,False,False,False,1,0
128479644,12882,human_candidate,https://github.com/esphome/esphome/pull/12882,I/O and Synchronization,Selection I/O size,majority_2_of_3,True,static-reasoning,True,True,False,False,False,True,False,False,False,False,False,False,1,1,D3,False,False,False,True,False,False,False,False,False,False,1,0
128479644,12955,human_candidate,https://github.com/esphome/esphome/pull/12955,I/O and Synchronization,Selection I/O size,majority_2_of_3,True,static-reasoning,True,True,False,False,False,True,False,False,False,False,False,False,1,1,D3,False,False,False,True,False,False,False,False,False,False,1,0
128479644,13221,human_candidate,https://github.com/esphome/esphome/pull/13221,Memory and Data Locality Optimizations,Optimize Object Use,unanimous,True,benchmark,True,True,False,False,False,True,False,False,False,False,False,False,1,1,D3,False,False,False,True,False,False,False,False,False,False,1,0
128479644,13370,human_candidate,https://github.com/esphome/esphome/pull/13370,Memory and Data Locality Optimizations,Use Smaller Data Types,majority_2_of_3,True,unresolved,True,False,False,False,False,True,False,False,False,False,False,False,1,1,D3,False,False,False,True,False,False,False,False,False,False,1,0
128479644,13401,human_candidate,https://github.com/esphome/esphome/pull/13401,Memory and Data Locality Optimizations,Optimize Object Use,majority_2_of_3,True,static-reasoning,True,True,False,False,False,True,False,False,False,False,False,False,1,1,D3,False,False,False,True,False,False,False,False,False,False,1,1
128479644,13546,human_candidate,https://github.com/esphome/esphome/pull/13546,Memory and Data Locality Optimizations,Use Smaller Data Types,majority_2_of_3,True,benchmark,True,True,False,False,False,True,False,False,False,False,False,False,1,1,D3,False,False,False,True,False,False,False,False,False,False,1,0
128479644,13700,human_candidate,https://github.com/esphome/esphome/pull/13700,Memory and Data Locality Optimizations,Optimize Object Use,majority_2_of_3,True,benchmark,True,True,False,False,False,True,False,False,False,False,False,False,1,1,D3,False,False,False,True,False,False,False,False,False,False,1,1
128479644,13794,human_candidate,https://github.com/esphome/esphome/pull/13794,Algorithm-Level Optimizations,Select Space Efficient Algorithm,unanimous,True,benchmark,True,True,False,False,False,True,False,False,False,False,False,False,1,1,D3,False,False,False,True,False,False,False,False,False,False,1,0
128479644,13816,human_candidate,https://github.com/esphome/esphome/pull/13816,Algorithm-Level Optimizations,Select Space Efficient Algorithm,majority_2_of_3,True,benchmark,True,True,False,False,False,False,False,False,False,False,False,False,0,0,,False,False,False,False,False,False,False,False,False,False,0,0
128479644,13825,human_candidate,https://github.com/esphome/esphome/pull/13825,I/O and Synchronization,Selection I/O size,unanimous,True,static-reasoning,True,True,False,False,False,False,False,False,False,False,False,False,0,0,,False,False,False,False,False,False,False,False,False,False,0,0
128479644,13902,human_candidate,https://github.com/esphome/esphome/pull/13902,Build & Compilation & Infrastructure Optimization,Compiler Optimization Hints/Directives,unanimous,True,static-reasoning,True,True,False,False,False,True,False,False,False,False,False,False,1,1,D3,False,False,False,True,False,False,False,False,False,False,1,0
128479644,13917,human_candidate,https://github.com/esphome/esphome/pull/13917,Algorithm-Level Optimizations,Event-Driven Throttling,unanimous,True,benchmark,True,True,False,True,False,True,True,False,False,False,False,False,3,3,D1|D3|D4,False,True,False,True,True,False,False,False,False,False,3,2
128479644,13968,human_candidate,https://github.com/esphome/esphome/pull/13968,Build & Compilation & Infrastructure Optimization,Compiler Optimization Hints/Directives,unanimous,True,benchmark,True,True,False,False,False,True,False,False,False,False,False,False,1,1,D3,False,False,False,True,False,False,False,False,False,False,1,0
128479644,14029,human_candidate,https://github.com/esphome/esphome/pull/14029,Memory and Data Locality Optimizations,Optimize Object Use,unanimous,True,benchmark,True,True,False,False,False,True,False,False,True,False,False,False,2,2,D3|D6,False,False,False,True,False,False,True,False,False,False,2,0
128479644,14215,human_candidate,https://github.com/esphome/esphome/pull/14215,Code Smells and Structural Simplification,Remove code bloat by removing optional features,unanimous,True,unresolved,True,False,False,False,False,True,False,False,False,False,False,False,1,1,D3,False,False,False,True,False,False,False,False,False,False,1,1
128479644,14290,human_candidate,https://github.com/esphome/esphome/pull/14290,Build & Compilation & Infrastructure Optimization,Compiler Optimization Hints/Directives,unanimous,True,unresolved,True,False,False,False,False,True,False,False,False,False,False,False,1,1,D3,False,False,False,True,False,False,False,False,False,False,1,0
128479644,14339,human_candidate,https://github.com/esphome/esphome/pull/14339,Algorithm-Level Optimizations,Select Computationally Efficient Algorithms,unanimous,True,benchmark,True,True,False,False,False,True,False,False,False,False,False,False,1,1,D3,False,False,False,True,False,False,False,False,False,False,1,0
128479644,14354,human_candidate,https://github.com/esphome/esphome/pull/14354,Algorithm-Level Optimizations,Select Algorithm Based on Instruction Speed,unanimous,True,benchmark,True,True,False,False,False,True,False,False,False,False,False,False,1,1,D3,False,False,False,True,False,False,False,False,False,False,1,0
128479644,14475,human_candidate,https://github.com/esphome/esphome/pull/14475,Code Smells and Structural Simplification,Remove Unnecessary Method Calls,unanimous,True,unresolved,True,False,False,True,False,True,False,False,False,False,False,False,2,2,D1|D3,False,True,False,True,False,False,False,False,False,False,2,1
128479644,14598,human_candidate,https://github.com/esphome/esphome/pull/14598,Code Smells and Structural Simplification,Remove Unnecessary Method Calls,majority_2_of_3,True,unresolved,True,False,False,False,False,True,False,False,False,False,False,False,1,1,D3,False,False,False,True,False,False,False,False,False,False,1,0
128479644,14693,human_candidate,https://github.com/esphome/esphome/pull/14693,Code Smells and Structural Simplification,Remove Unnecessary Method Calls,majority_2_of_3,True,benchmark,True,True,False,True,False,True,False,False,False,False,False,False,2,2,D1|D3,False,True,False,True,False,False,False,False,False,False,2,1
128479644,14833,human_candidate,https://github.com/esphome/esphome/pull/14833,Build & Compilation & Infrastructure Optimization,Compiler Optimization Hints/Directives,unanimous,True,benchmark,True,True,False,False,False,True,False,False,False,False,False,False,1,1,D3,False,False,False,True,False,False,False,False,False,False,1,0
128479644,14853,human_candidate,https://github.com/esphome/esphome/pull/14853,Memory and Data Locality Optimizations,Use Smaller Data Types,majority_2_of_3,True,benchmark,True,True,False,False,False,True,False,False,False,False,False,False,1,1,D3,False,False,False,True,False,False,False,False,False,False,1,1
128479644,14875,human_candidate,https://github.com/esphome/esphome/pull/14875,Build & Compilation & Infrastructure Optimization,Compiler Optimization Hints/Directives,unanimous,True,benchmark,True,True,False,False,False,True,False,False,False,False,False,False,1,1,D3,False,False,False,True,False,False,False,False,False,False,1,0
128479644,15209,human_candidate,https://github.com/esphome/esphome/pull/15209,Memory and Data Locality Optimizations,Optimize Object Use,unanimous,True,benchmark,True,True,False,False,False,True,False,False,False,False,False,False,1,1,D3,False,False,False,True,False,False,False,False,False,False,1,1
128479644,15368,human_candidate,https://github.com/esphome/esphome/pull/15368,Algorithm-Level Optimizations,Select Computationally Efficient Algorithms,unanimous,True,benchmark,True,True,False,True,False,True,False,False,False,False,False,False,2,2,D1|D3,False,True,False,True,False,False,False,False,False,False,2,1
128479644,15403,human_candidate,https://github.com/esphome/esphome/pull/15403,Code Smells and Structural Simplification,Remove Unnecessary Method Calls,unanimous,True,benchmark,True,True,False,True,False,True,False,False,False,False,False,False,2,2,D1|D3,False,True,False,True,False,False,False,False,False,False,2,1
128479644,15432,human_candidate,https://github.com/esphome/esphome/pull/15432,Algorithm-Level Optimizations,Event-Driven Throttling,majority_2_of_3,True,benchmark,True,True,False,True,False,True,True,False,False,False,False,False,3,3,D1|D3|D4,False,True,False,True,True,False,False,False,False,False,3,2
128479644,15512,human_candidate,https://github.com/esphome/esphome/pull/15512,Build & Compilation & Infrastructure Optimization,Compiler Optimization Hints/Directives,unanimous,True,benchmark,True,True,False,False,False,True,False,False,False,False,False,False,1,1,D3,False,False,False,True,False,False,False,False,False,False,1,0
128479644,15594,human_candidate,https://github.com/esphome/esphome/pull/15594,Control-Flow and Branching Optimizations,Remove branches by doing extra work,unanimous,True,benchmark,True,True,False,True,False,True,False,False,False,False,False,False,2,2,D1|D3,False,True,False,True,False,False,False,False,False,False,2,0
128479644,15599,human_candidate,https://github.com/esphome/esphome/pull/15599,Build & Compilation & Infrastructure Optimization,Compiler Optimization Hints/Directives,majority_2_of_3,True,benchmark,True,True,False,True,False,True,False,False,False,False,False,False,2,2,D1|D3,False,True,False,True,False,False,False,False,False,False,2,1
128479644,15690,human_candidate,https://github.com/esphome/esphome/pull/15690,Build & Compilation & Infrastructure Optimization,Compiler Optimization Hints/Directives,unanimous,True,benchmark,True,True,True,True,False,True,False,False,False,False,False,False,3,2,D0|D1|D3,True,True,False,True,False,False,False,False,False,False,3,1
128479644,15728,human_candidate,https://github.com/esphome/esphome/pull/15728,Algorithm-Level Optimizations,Select Algorithm Based on Instruction Speed,unanimous,True,benchmark,True,True,False,True,False,True,False,False,False,False,False,False,2,2,D1|D3,False,True,False,True,False,False,False,False,False,False,2,0
128479644,16009,agentic,https://github.com/esphome/esphome/pull/16009,Memory and Data Locality Optimizations,Caching,majority_2_of_3,True,unresolved,True,False,False,False,False,True,False,False,False,False,False,False,1,1,D3,False,False,False,True,False,False,False,False,False,False,1,0
128479644,16010,agentic,https://github.com/esphome/esphome/pull/16010,Build & Compilation & Infrastructure Optimization,Reduce rebuilding size,unanimous,True,benchmark,True,True,False,False,False,False,False,False,False,False,False,False,0,0,,False,False,False,False,False,False,False,False,False,False,0,0
130688011,5930,human_candidate,https://github.com/meilisearch/meilisearch/pull/5930,Memory and Data Locality Optimizations,Caching,unanimous,True,benchmark,True,True,True,True,False,False,False,True,False,False,False,False,3,2,D0|D1|D5,True,True,False,False,False,True,False,False,False,False,3,3
130688011,6080,human_candidate,https://github.com/meilisearch/meilisearch/pull/6080,Algorithm-Level Optimizations,Select Computationally Efficient Algorithms,unanimous,True,benchmark,True,True,False,True,False,False,False,False,False,False,False,False,1,1,D1,False,True,False,False,False,False,False,False,False,False,1,1
130688011,6325,human_candidate,https://github.com/meilisearch/meilisearch/pull/6325,Algorithm-Level Optimizations,Select Computationally Efficient Algorithms,unanimous,True,static-reasoning,True,True,False,False,False,False,False,False,False,False,False,False,0,0,,False,False,False,False,False,False,False,False,False,False,0,0
131619646,30656,human_candidate,https://github.com/dagster-io/dagster/pull/30656,Code Smells and Structural Simplification,Remove Unnecessary Method Calls,majority_2_of_3,True,unresolved,True,False,False,False,False,False,False,False,False,False,False,False,0,0,,False,False,False,False,False,False,False,False,False,False,0,0
131619646,31065,human_candidate,https://github.com/dagster-io/dagster/pull/31065,Memory and Data Locality Optimizations,Caching,majority_2_of_3,True,unresolved,True,False,False,False,False,False,False,False,False,False,False,False,0,0,,False,False,False,False,False,False,False,False,False,False,0,0
131619646,31515,human_candidate,https://github.com/dagster-io/dagster/pull/31515,Code Smells and Structural Simplification,Remove Unnecessary Method Calls,unanimous,True,unresolved,True,False,False,False,False,False,False,False,False,False,False,False,0,0,,False,False,False,False,False,False,False,False,False,False,0,0
131619646,32952,human_candidate,https://github.com/dagster-io/dagster/pull/32952,Code Smells and Structural Simplification,Remove Unnecessary Method Calls,unanimous,True,static-reasoning,True,True,False,False,False,False,False,False,False,False,False,False,0,0,,False,False,False,False,False,False,False,False,False,False,0,0
131619646,33378,human_candidate,https://github.com/dagster-io/dagster/pull/33378,Memory and Data Locality Optimizations,Optimize Object Use,unanimous,False,none,False,False,False,False,False,False,False,False,False,False,False,False,0,0,,False,False,False,False,False,False,False,False,False,False,0,0
131995661,17134,agentic,https://github.com/shopware/shopware/pull/17134,Memory and Data Locality Optimizations,Caching,unanimous,True,static-reasoning,True,True,False,False,False,False,False,False,False,False,False,False,0,0,,False,False,False,False,False,False,False,False,False,False,0,0
132021166,7580,agentic,https://github.com/dotnet/machinelearning/pull/7580,Algorithm-Level Optimizations,Select Computationally Efficient Algorithms,unanimous,True,benchmark,True,True,False,True,False,True,False,True,False,False,False,False,3,3,D1|D3|D5,False,True,False,True,False,True,False,False,False,False,3,1
133374092,4697,human_candidate,https://github.com/getsentry/sentry-dotnet/pull/4697,Memory and Data Locality Optimizations,Optimize Object Use,unanimous,True,benchmark,True,True,False,True,False,True,False,False,False,False,False,False,2,2,D1|D3,False,True,False,True,False,False,False,False,False,False,2,0
133968906,13172,human_candidate,https://github.com/bbc/simorgh/pull/13172,Memory and Data Locality Optimizations,Caching,unanimous,True,static-reasoning,True,True,False,False,False,False,False,False,False,False,False,False,0,0,,False,False,False,False,False,False,False,False,False,False,0,0
134777298,7654,human_candidate,https://github.com/microsoft/vscode-pull-request-github/pull/7654,Algorithm-Level Optimizations,Event-Driven Throttling,majority_2_of_3,False,none,False,False,False,False,False,False,False,False,False,False,False,False,0,0,,False,False,False,False,False,False,False,False,False,False,0,0
134777298,8597,agentic,https://github.com/microsoft/vscode-pull-request-github/pull/8597,Memory and Data Locality Optimizations,Caching,unanimous,False,none,False,False,False,False,False,False,False,False,False,False,False,False,0,0,,False,False,False,False,False,False,False,False,False,False,0,0
136202695,16039,agentic,https://github.com/mlflow/mlflow/pull/16039,"Network, Database, and Data Access Optimization",Batch API Requests (N+1),unanimous,True,static-reasoning,True,True,False,False,False,False,False,True,False,False,False,False,1,1,D5,False,False,False,False,False,True,False,False,False,False,1,1
136202695,17697,agentic,https://github.com/mlflow/mlflow/pull/17697,Build & Compilation & Infrastructure Optimization,Reduce rebuilding size,majority_2_of_3,True,static-reasoning,True,True,False,False,False,False,False,False,False,False,False,False,0,0,,False,False,False,False,False,False,False,False,False,False,0,0
136202695,17726,agentic,https://github.com/mlflow/mlflow/pull/17726,"Network, Database, and Data Access Optimization",Batch API Requests (N+1),unanimous,True,benchmark,True,True,False,True,False,False,False,False,False,False,False,False,1,1,D1,False,True,False,False,False,False,False,False,False,False,1,1
136202695,17730,agentic,https://github.com/mlflow/mlflow/pull/17730,Memory and Data Locality Optimizations,Buffering,majority_2_of_3,True,unresolved,True,False,False,True,False,False,False,False,False,False,False,False,1,1,D1,False,True,False,False,False,False,False,False,False,False,1,1
136202695,17732,agentic,https://github.com/mlflow/mlflow/pull/17732,Control-Flow and Branching Optimizations,Rearranging for early return,unanimous,True,unresolved,True,False,False,True,False,False,False,False,False,False,False,False,1,1,D1,False,True,False,False,False,False,False,False,False,False,1,1
136202695,17769,agentic,https://github.com/mlflow/mlflow/pull/17769,Memory and Data Locality Optimizations,Optimize Object Use,majority_2_of_3,True,benchmark,True,True,False,False,False,False,False,False,False,True,False,False,1,1,D7,False,False,False,False,False,False,False,True,False,False,1,1
136202695,17860,agentic,https://github.com/mlflow/mlflow/pull/17860,Build & Compilation & Infrastructure Optimization,Enable Build-Time Optimizations,unanimous,True,static-reasoning,True,True,False,False,False,False,False,False,False,False,False,False,0,0,,False,False,False,False,False,False,False,False,False,False,0,0
136202695,17939,agentic,https://github.com/mlflow/mlflow/pull/17939,Algorithm-Level Optimizations,Select Algorithm Based on Instruction Speed,majority_2_of_3,False,none,False,False,False,False,False,False,False,False,False,False,False,False,0,0,,False,False,False,False,False,False,False,False,False,False,0,0
136202695,18882,agentic,https://github.com/mlflow/mlflow/pull/18882,Build & Compilation & Infrastructure Optimization,Performance-Optimized Dependency Selection,unanimous,True,benchmark,True,True,False,True,False,False,False,False,False,False,False,False,1,1,D1,False,True,False,False,False,False,False,False,False,False,1,0
136202695,18980,agentic,https://github.com/mlflow/mlflow/pull/18980,Algorithm-Level Optimizations,Select Computationally Efficient Algorithms,unanimous,True,static-reasoning,True,True,False,False,False,False,False,False,False,False,False,False,0,0,,False,False,False,False,False,False,False,False,False,False,0,0
136202695,18983,agentic,https://github.com/mlflow/mlflow/pull/18983,I/O and Synchronization,Streaming Implementation Or Optimization),unanimous,True,static-reasoning,True,True,False,False,False,False,False,False,False,False,False,False,0,0,,False,False,False,False,False,False,False,False,False,False,0,0
136202695,19078,agentic,https://github.com/mlflow/mlflow/pull/19078,Code Smells and Structural Simplification,Remove Unnecessary Method Calls,unanimous,False,none,False,False,True,False,False,False,False,False,False,False,False,False,1,0,D0,True,False,False,False,False,False,False,False,False,False,1,1
136202695,19190,agentic,https://github.com/mlflow/mlflow/pull/19190,Memory and Data Locality Optimizations,Caching,unanimous,True,benchmark,True,True,False,True,False,False,False,False,False,False,False,False,1,1,D1,False,True,False,False,False,False,False,False,False,False,1,1
136202695,19194,agentic,https://github.com/mlflow/mlflow/pull/19194,Code Smells and Structural Simplification,Remove duplicate code,majority_2_of_3,True,static-reasoning,True,True,False,False,False,False,False,False,False,False,False,False,0,0,,False,False,False,False,False,False,False,False,False,False,0,0
136202695,19196,agentic,https://github.com/mlflow/mlflow/pull/19196,Memory and Data Locality Optimizations,Caching,unanimous,True,benchmark,True,True,False,True,False,False,False,False,False,False,False,False,1,1,D1,False,True,False,False,False,False,False,False,False,False,1,1
136202695,19197,agentic,https://github.com/mlflow/mlflow/pull/19197,Memory and Data Locality Optimizations,Caching,unanimous,True,benchmark,True,True,False,True,False,False,False,False,False,False,False,False,1,1,D1,False,True,False,False,False,False,False,False,False,False,1,1
136202695,19212,agentic,https://github.com/mlflow/mlflow/pull/19212,Memory and Data Locality Optimizations,Caching,unanimous,True,benchmark,True,True,False,True,False,False,False,False,False,False,False,False,1,1,D1,False,True,False,False,False,False,False,False,False,False,1,1
136202695,19242,agentic,https://github.com/mlflow/mlflow/pull/19242,Memory and Data Locality Optimizations,Caching,unanimous,True,benchmark,True,True,False,False,False,False,False,False,False,True,False,False,1,1,D7,False,False,False,False,False,False,False,True,False,False,1,1
136202695,19258,agentic,https://github.com/mlflow/mlflow/pull/19258,Memory and Data Locality Optimizations,Caching,unanimous,True,static-reasoning,True,True,False,True,False,False,False,False,False,False,False,False,1,1,D1,False,True,False,False,False,False,False,False,False,False,1,1
136202695,19272,agentic,https://github.com/mlflow/mlflow/pull/19272,"Network, Database, and Data Access Optimization",Batch API Requests (N+1),unanimous,True,benchmark,True,True,False,True,False,False,False,False,False,True,False,False,2,2,D1|D7,False,True,False,False,False,False,False,True,False,False,2,2
136202695,19302,agentic,https://github.com/mlflow/mlflow/pull/19302,Code Smells and Structural Simplification,Remove Unnecessary Method Calls,majority_2_of_3,True,static-reasoning,True,True,False,False,False,False,False,False,False,False,False,False,0,0,,False,False,False,False,False,False,False,False,False,False,0,0
136202695,19368,agentic,https://github.com/mlflow/mlflow/pull/19368,Algorithm-Level Optimizations,Select Computationally Efficient Algorithms,majority_2_of_3,True,static-reasoning,True,True,False,False,False,False,False,False,False,False,False,False,0,0,,False,False,False,False,False,False,False,False,False,False,0,0
136202695,19369,agentic,https://github.com/mlflow/mlflow/pull/19369,Memory and Data Locality Optimizations,Caching,unanimous,True,static-reasoning,True,True,False,False,False,False,False,False,False,False,False,False,0,0,,False,False,False,False,False,False,False,False,False,False,0,0
136202695,19371,agentic,https://github.com/mlflow/mlflow/pull/19371,Memory and Data Locality Optimizations,Caching,unanimous,True,static-reasoning,True,True,False,False,False,False,False,False,False,False,False,False,0,0,,False,False,False,False,False,False,False,False,False,False,0,0
136202695,20186,agentic,https://github.com/mlflow/mlflow/pull/20186,Build & Compilation & Infrastructure Optimization,Performance-Optimized Dependency Selection,unanimous,True,benchmark,True,True,False,True,False,False,False,False,False,False,False,False,1,1,D1,False,True,False,False,False,False,False,False,False,False,1,1
136202695,20227,agentic,https://github.com/mlflow/mlflow/pull/20227,I/O and Synchronization,Non-Blocking I/O,majority_2_of_3,False,none,False,False,False,False,False,False,False,False,False,False,False,False,0,0,,False,False,False,False,False,False,False,False,False,False,0,0
136202695,20268,agentic,https://github.com/mlflow/mlflow/pull/20268,Memory and Data Locality Optimizations,Caching,majority_2_of_3,True,benchmark,True,True,False,True,False,False,False,False,False,False,False,False,1,1,D1,False,True,False,False,False,False,False,False,False,False,1,0
136202695,20498,agentic,https://github.com/mlflow/mlflow/pull/20498,Memory and Data Locality Optimizations,Caching,unanimous,True,static-reasoning,True,True,False,False,False,False,False,False,False,False,False,False,0,0,,False,False,False,False,False,False,False,False,False,False,0,0
136202695,20880,agentic,https://github.com/mlflow/mlflow/pull/20880,Build & Compilation & Infrastructure Optimization,Reduce rebuilding size,majority_2_of_3,True,static-reasoning,True,True,False,False,False,False,False,False,False,False,False,False,0,0,,False,False,False,False,False,False,False,False,False,False,0,0
136202695,21789,human_candidate,https://github.com/mlflow/mlflow/pull/21789,I/O and Synchronization,Non-Blocking I/O,majority_2_of_3,True,benchmark,True,True,False,True,True,True,False,False,False,False,False,True,4,4,D1|D2|D3|D9,False,True,True,True,False,False,False,False,False,True,4,3
136202695,22337,agentic,https://github.com/mlflow/mlflow/pull/22337,Memory and Data Locality Optimizations,Buffering,unanimous,True,static-reasoning,True,True,False,False,False,False,False,False,False,False,False,False,0,0,,False,False,False,False,False,False,False,False,False,False,0,0
136202695,22403,agentic,https://github.com/mlflow/mlflow/pull/22403,Code Smells and Structural Simplification,Remove Unnecessary Method Calls,unanimous,True,static-reasoning,True,True,False,False,False,False,False,False,False,False,False,False,0,0,,False,False,False,False,False,False,False,False,False,False,0,0
136202695,22468,agentic,https://github.com/mlflow/mlflow/pull/22468,Code Smells and Structural Simplification,Remove Unnecessary Method Calls,unanimous,True,benchmark,True,True,False,True,False,False,False,False,False,False,False,False,1,1,D1,False,True,False,False,False,False,False,False,False,False,1,1
136202695,22526,agentic,https://github.com/mlflow/mlflow/pull/22526,I/O and Synchronization,Non-Blocking I/O,unanimous,False,none,False,False,False,False,False,False,False,False,False,False,False,False,0,0,,False,False,False,False,False,False,False,False,False,False,0,0
136202695,22668,agentic,https://github.com/mlflow/mlflow/pull/22668,Memory and Data Locality Optimizations,Caching,unanimous,True,benchmark,True,True,False,True,False,False,True,False,False,False,False,True,3,3,D1|D4|D9,False,True,False,False,True,False,False,False,False,True,3,3
136202695,22669,agentic,https://github.com/mlflow/mlflow/pull/22669,Loop Transformations,Loop Fusion,majority_2_of_3,True,benchmark,True,True,False,True,False,False,True,False,False,False,False,False,2,2,D1|D4,False,True,False,False,True,False,False,False,False,False,2,2
136202695,22670,agentic,https://github.com/mlflow/mlflow/pull/22670,Control-Flow and Branching Optimizations,Rearranging for early return,majority_2_of_3,True,benchmark,True,True,False,True,False,False,True,False,False,False,False,False,2,2,D1|D4,False,True,False,False,True,False,False,False,False,False,2,2
136202695,22755,agentic,https://github.com/mlflow/mlflow/pull/22755,Code Smells and Structural Simplification,Remove Unnecessary Method Calls,unanimous,True,benchmark,True,True,False,True,False,False,False,False,False,False,False,True,2,2,D1|D9,False,True,False,False,False,False,False,False,False,True,2,2
136202695,22758,agentic,https://github.com/mlflow/mlflow/pull/22758,Memory and Data Locality Optimizations,Caching,unanimous,True,benchmark,True,True,False,True,False,False,False,False,False,False,False,False,1,1,D1,False,True,False,False,False,False,False,False,False,False,1,1
136202695,22789,agentic,https://github.com/mlflow/mlflow/pull/22789,"Network, Database, and Data Access Optimization",Relational Query Consolidation (N+1),majority_2_of_3,True,static-reasoning,True,True,False,False,False,False,False,False,False,False,False,False,0,0,,False,False,False,False,False,False,False,False,False,False,0,0
136202695,23148,human_candidate,https://github.com/mlflow/mlflow/pull/23148,I/O and Synchronization,Non-Blocking I/O,majority_2_of_3,True,benchmark,True,True,False,True,False,False,False,False,False,False,False,False,1,1,D1,False,True,False,False,False,False,False,False,False,False,1,1
136202695,23149,human_candidate,https://github.com/mlflow/mlflow/pull/23149,"Network, Database, and Data Access Optimization",Batch API Requests (N+1),unanimous,True,benchmark,True,True,False,True,False,False,False,False,False,False,False,False,1,1,D1,False,True,False,False,False,False,False,False,False,False,1,1
139199684,20095,agentic,https://github.com/PrefectHQ/prefect/pull/20095,Build & Compilation & Infrastructure Optimization,Enable Lazy loading for resource,unanimous,True,static-reasoning,True,True,False,False,False,False,False,False,True,False,False,False,1,1,D6,False,False,False,False,False,False,True,False,False,False,1,0
139199684,20096,agentic,https://github.com/PrefectHQ/prefect/pull/20096,Build & Compilation & Infrastructure Optimization,Enable Lazy loading for resource,unanimous,True,static-reasoning,True,True,False,False,False,False,False,False,True,False,False,False,1,1,D6,False,False,False,False,False,False,True,False,False,False,1,1
139199684,20450,agentic,https://github.com/PrefectHQ/prefect/pull/20450,I/O and Synchronization,Non-Blocking I/O,unanimous,True,static-reasoning,True,True,False,True,False,False,False,False,False,False,False,False,1,1,D1,False,True,False,False,False,False,False,False,False,False,1,1
139199684,20453,agentic,https://github.com/PrefectHQ/prefect/pull/20453,"Network, Database, and Data Access Optimization",Lazy Loading / Deferred Initialization,unanimous,True,static-reasoning,True,True,False,False,False,False,False,True,False,False,False,False,1,1,D5,False,False,False,False,False,True,False,False,False,False,1,1
139199684,20454,agentic,https://github.com/PrefectHQ/prefect/pull/20454,"Network, Database, and Data Access Optimization",Lazy Loading / Deferred Initialization,unanimous,True,static-reasoning,True,True,False,False,False,False,False,True,False,False,False,False,1,1,D5,False,False,False,False,False,True,False,False,False,False,1,1
139199684,20487,agentic,https://github.com/PrefectHQ/prefect/pull/20487,Code Smells and Structural Simplification,Remove Unnecessary Method Calls,unanimous,True,benchmark,True,True,False,False,False,False,False,False,False,False,False,False,0,0,,False,False,False,False,False,False,False,False,False,False,0,0
139199684,20491,agentic,https://github.com/PrefectHQ/prefect/pull/20491,Code Smells and Structural Simplification,Remove Unnecessary Method Calls,unanimous,False,none,False,False,False,False,False,False,False,False,False,False,False,False,0,0,,False,False,False,False,False,False,False,False,False,False,0,0
139199684,20539,agentic,https://github.com/PrefectHQ/prefect/pull/20539,Code Smells and Structural Simplification,Remove Unnecessary Method Calls,unanimous,False,none,False,False,False,False,False,False,False,False,False,False,False,False,0,0,,False,False,False,False,False,False,False,False,False,False,0,0
139199684,20864,human_candidate,https://github.com/PrefectHQ/prefect/pull/20864,Memory and Data Locality Optimizations,Buffering,majority_2_of_3,True,benchmark,True,True,False,False,False,False,False,False,False,False,False,False,0,0,,False,False,False,False,False,False,False,False,False,False,0,0
139199684,20900,human_candidate,https://github.com/PrefectHQ/prefect/pull/20900,Data Structure Selection and Adaptation,Darwinian Data Structure Selection,unanimous,True,static-reasoning,True,True,False,False,False,False,False,False,False,False,False,False,0,0,,False,False,False,False,False,False,False,False,False,False,0,0
139199684,20925,agentic,https://github.com/PrefectHQ/prefect/pull/20925,Build & Compilation & Infrastructure Optimization,Enable Lazy loading for resource,unanimous,True,benchmark,True,True,False,True,False,False,False,False,False,False,False,False,1,1,D1,False,True,False,False,False,False,False,False,False,False,1,1
139199684,20930,agentic,https://github.com/PrefectHQ/prefect/pull/20930,Build & Compilation & Infrastructure Optimization,Enable Lazy loading for resource,majority_2_of_3,True,unresolved,True,False,False,True,False,False,False,False,False,False,False,False,1,1,D1,False,True,False,False,False,False,False,False,False,False,1,1
139199684,20966,agentic,https://github.com/PrefectHQ/prefect/pull/20966,Build & Compilation & Infrastructure Optimization,Enable Lazy loading for resource,majority_2_of_3,True,benchmark,True,True,False,False,False,False,False,False,False,False,False,False,0,0,,False,False,False,False,False,False,False,False,False,False,0,0
139199684,20972,agentic,https://github.com/PrefectHQ/prefect/pull/20972,Memory and Data Locality Optimizations,Caching,unanimous,True,unresolved,True,False,False,False,False,False,True,False,False,False,False,False,1,1,D4,False,False,False,False,True,False,False,False,False,False,1,0
139199684,21977,human_candidate,https://github.com/PrefectHQ/prefect/pull/21977,Algorithm-Level Optimizations,Select Computationally Efficient Algorithms,unanimous,True,benchmark,True,True,False,True,True,False,True,False,False,False,False,False,3,3,D1|D2|D4,False,True,True,False,True,False,False,False,False,False,3,3
139199684,22060,agentic,https://github.com/PrefectHQ/prefect/pull/22060,Memory and Data Locality Optimizations,Caching,unanimous,True,static-reasoning,True,True,False,False,False,False,False,False,False,False,False,False,0,0,,False,False,False,False,False,False,False,False,False,False,0,0
139199684,22065,agentic,https://github.com/PrefectHQ/prefect/pull/22065,Memory and Data Locality Optimizations,Caching,unanimous,True,benchmark,True,True,False,True,False,False,False,False,False,False,False,False,1,1,D1,False,True,False,False,False,False,False,False,False,False,1,0
139199684,22111,human_candidate,https://github.com/PrefectHQ/prefect/pull/22111,Algorithm-Level Optimizations,Select Computationally Efficient Algorithms,majority_2_of_3,True,benchmark,True,True,False,True,False,False,False,False,False,False,False,False,1,1,D1,False,True,False,False,False,False,False,False,False,False,1,1
139199684,22122,agentic,https://github.com/PrefectHQ/prefect/pull/22122,Build & Compilation & Infrastructure Optimization,Enable Lazy loading for resource,majority_2_of_3,True,benchmark,True,True,False,True,False,False,False,False,False,False,False,False,1,1,D1,False,True,False,False,False,False,False,False,False,False,1,1
141846986,3157,human_candidate,https://github.com/PyO3/maturin/pull/3157,Code Smells and Structural Simplification,Remove Unnecessary Method Calls,majority_2_of_3,True,static-reasoning,True,True,False,False,False,False,False,False,False,False,False,False,0,0,,False,False,False,False,False,False,False,False,False,False,0,0
142308181,913,agentic,https://github.com/CarGuo/gsy_github_app_flutter/pull/913,Memory and Data Locality Optimizations,Optimize Object Use,unanimous,True,static-reasoning,True,True,False,False,False,False,False,False,False,False,False,False,0,0,,False,False,False,False,False,False,False,False,False,False,0,0
143040428,21305,human_candidate,https://github.com/github/codeql/pull/21305,Algorithm-Level Optimizations,Select Computationally Efficient Algorithms,unanimous,True,benchmark,True,True,False,False,False,False,False,False,False,False,False,False,0,0,,False,False,False,False,False,False,False,False,False,False,0,0
143040428,21453,human_candidate,https://github.com/github/codeql/pull/21453,Build & Compilation & Infrastructure Optimization,Compiler Optimization Hints/Directives,unanimous,True,benchmark,True,True,False,False,False,False,False,False,False,False,False,False,0,0,,False,False,False,False,False,False,False,False,False,False,0,0
143040428,21816,human_candidate,https://github.com/github/codeql/pull/21816,Memory and Data Locality Optimizations,Optimize Object Use,unanimous,True,static-reasoning,True,True,False,False,False,False,False,False,False,False,False,False,0,0,,False,False,False,False,False,False,False,False,False,False,0,0
143808059,4090,agentic,https://github.com/cybersemics/em/pull/4090,Algorithm-Level Optimizations,Event-Driven Throttling,majority_2_of_3,True,static-reasoning,True,True,False,False,False,False,False,False,False,False,False,False,0,0,,False,False,False,False,False,False,False,False,False,False,0,0
143808059,4091,agentic,https://github.com/cybersemics/em/pull/4091,Algorithm-Level Optimizations,Select Computationally Efficient Algorithms,majority_2_of_3,True,static-reasoning,True,True,False,False,False,False,False,False,False,False,False,False,0,0,,False,False,False,False,False,False,False,False,False,False,0,0
144407057,42,agentic,https://github.com/phellipeandrade/rbac/pull/42,Memory and Data Locality Optimizations,Caching,majority_2_of_3,True,benchmark,True,True,False,False,False,False,False,False,False,False,False,False,0,0,,False,False,False,False,False,False,False,False,False,False,0,0
144407057,43,agentic,https://github.com/phellipeandrade/rbac/pull/43,Memory and Data Locality Optimizations,Caching,unanimous,True,benchmark,True,True,False,False,False,False,False,False,False,False,False,False,0,0,,False,False,False,False,False,False,False,False,False,False,0,0
147887472,1709,human_candidate,https://github.com/microsoft/mu_basecore/pull/1709,Code Smells and Structural Simplification,Remove code bloat by removing optional features,majority_2_of_3,False,none,False,False,False,False,False,False,False,False,False,False,False,False,0,0,,False,False,False,False,False,False,False,False,False,False,0,0
151148482,7167,agentic,https://github.com/elsa-workflows/elsa-core/pull/7167,Memory and Data Locality Optimizations,Optimize Object Use,unanimous,True,static-reasoning,True,True,False,False,False,False,False,False,False,False,False,False,0,0,,False,False,False,False,False,False,False,False,False,False,0,0
151148482,7196,agentic,https://github.com/elsa-workflows/elsa-core/pull/7196,Memory and Data Locality Optimizations,Caching,unanimous,True,static-reasoning,True,True,False,False,False,False,False,False,False,False,False,False,0,0,,False,False,False,False,False,False,False,False,False,False,0,0
151148482,7227,agentic,https://github.com/elsa-workflows/elsa-core/pull/7227,Algorithm-Level Optimizations,Select Computationally Efficient Algorithms,majority_2_of_3,True,static-reasoning,True,True,False,False,False,False,False,False,False,False,False,False,0,0,,False,False,False,False,False,False,False,False,False,False,0,0
151148482,7245,agentic,https://github.com/elsa-workflows/elsa-core/pull/7245,Algorithm-Level Optimizations,Select Computationally Efficient Algorithms,majority_2_of_3,True,static-reasoning,True,True,False,False,False,False,False,False,False,False,False,False,0,0,,False,False,False,False,False,False,False,False,False,False,0,0
151148482,7538,human_candidate,https://github.com/elsa-workflows/elsa-core/pull/7538,Memory and Data Locality Optimizations,Caching,majority_2_of_3,True,static-reasoning,True,True,False,False,False,False,False,False,False,False,False,False,0,0,,False,False,False,False,False,False,False,False,False,False,0,0
151331938,13727,human_candidate,https://github.com/near/nearcore/pull/13727,Memory and Data Locality Optimizations,Caching,unanimous,True,static-reasoning,True,True,False,False,False,False,False,False,False,False,False,False,0,0,,False,False,False,False,False,False,False,False,False,False,0,0
151331938,13971,human_candidate,https://github.com/near/nearcore/pull/13971,Algorithm-Level Optimizations,Select Computationally Efficient Algorithms,majority_2_of_3,False,none,False,False,False,False,False,False,False,False,False,False,False,False,0,0,,False,False,False,False,False,False,False,False,False,False,0,0
151331938,13982,human_candidate,https://github.com/near/nearcore/pull/13982,Algorithm-Level Optimizations,Event-Driven Throttling,majority_2_of_3,True,static-reasoning,True,True,False,False,False,False,False,False,False,False,False,False,0,0,,False,False,False,False,False,False,False,False,False,False,0,0
151331938,14631,human_candidate,https://github.com/near/nearcore/pull/14631,Code Smells and Structural Simplification,Remove Unnecessary Method Calls,majority_2_of_3,False,none,False,False,False,False,False,False,False,False,False,False,False,False,0,0,,False,False,False,False,False,False,False,False,False,False,0,0
151331938,14748,human_candidate,https://github.com/near/nearcore/pull/14748,I/O and Synchronization,Polling,unanimous,True,benchmark,True,True,False,True,False,False,False,False,False,False,False,False,1,1,D1,False,True,False,False,False,False,False,False,False,False,1,1
156260788,5413,human_candidate,https://github.com/Azure/azure-cosmos-dotnet-v3/pull/5413,I/O and Synchronization,Concurrency Control / Rate Limiting,unanimous,False,none,False,False,False,False,False,False,False,False,False,False,False,False,0,0,,False,False,False,False,False,False,False,False,False,False,0,0
156260788,5483,human_candidate,https://github.com/Azure/azure-cosmos-dotnet-v3/pull/5483,Memory and Data Locality Optimizations,Optimize Object Use,unanimous,True,static-reasoning,True,True,False,False,False,False,False,False,False,False,False,False,0,0,,False,False,False,False,False,False,False,False,False,False,0,0
156260788,5638,agentic,https://github.com/Azure/azure-cosmos-dotnet-v3/pull/5638,Code Smells and Structural Simplification,Remove Unnecessary Method Calls,majority_2_of_3,True,static-reasoning,True,True,False,False,False,False,False,False,False,False,False,False,0,0,,False,False,False,False,False,False,False,False,False,False,0,0
156939672,24809,human_candidate,https://github.com/microsoft/onnxruntime/pull/24809,Algorithm-Level Optimizations,Select Computationally Efficient Algorithms,majority_2_of_3,False,none,False,False,False,False,False,False,False,False,False,False,False,False,0,0,,False,False,False,False,False,False,False,False,False,False,0,0
156939672,24818,human_candidate,https://github.com/microsoft/onnxruntime/pull/24818,Algorithm-Level Optimizations,Structure Algorithm to Support instruction level parallelism (ILP),majority_2_of_3,True,benchmark,True,True,False,False,False,False,False,False,False,False,False,False,0,0,,False,False,False,False,False,False,False,False,False,False,0,0
156939672,25003,human_candidate,https://github.com/microsoft/onnxruntime/pull/25003,Algorithm-Level Optimizations,Select Computationally Efficient Algorithms,unanimous,True,static-reasoning,True,True,False,False,False,False,False,False,False,False,False,False,0,0,,False,False,False,False,False,False,False,False,False,False,0,0
156939672,25061,agentic,https://github.com/microsoft/onnxruntime/pull/25061,Algorithm-Level Optimizations,Select Computationally Efficient Algorithms,unanimous,True,benchmark,True,True,False,True,False,False,False,False,False,False,False,True,2,2,D1|D9,False,True,False,False,False,False,False,False,False,True,2,2
156939672,25066,agentic,https://github.com/microsoft/onnxruntime/pull/25066,Memory and Data Locality Optimizations,Optimize Object Use,unanimous,True,static-reasoning,True,True,False,False,False,False,False,False,False,False,False,False,0,0,,False,False,False,False,False,False,False,False,False,False,0,0
156939672,25395,human_candidate,https://github.com/microsoft/onnxruntime/pull/25395,Algorithm-Level Optimizations,Select Computationally Efficient Algorithms,unanimous,True,benchmark,True,True,True,False,False,False,False,False,False,False,False,False,1,0,D0,True,False,False,False,False,False,False,False,False,False,1,1
156939672,25564,human_candidate,https://github.com/microsoft/onnxruntime/pull/25564,Memory and Data Locality Optimizations,Optimize Object Use,majority_2_of_3,False,none,False,False,False,False,False,False,False,False,False,False,False,False,0,0,,False,False,False,False,False,False,False,False,False,False,0,0
156939672,25764,human_candidate,https://github.com/microsoft/onnxruntime/pull/25764,"Network, Database, and Data Access Optimization",Minimize Payload Size / Pass Reference Instead of Value,unanimous,True,static-reasoning,True,True,False,False,False,False,False,False,False,False,False,False,0,0,,False,False,False,False,False,False,False,False,False,False,0,0
156939672,26433,human_candidate,https://github.com/microsoft/onnxruntime/pull/26433,Algorithm-Level Optimizations,Select Computationally Efficient Algorithms,unanimous,True,benchmark,True,True,False,False,False,False,False,False,False,False,False,False,0,0,,False,False,False,False,False,False,False,False,False,False,0,0
156939672,26893,human_candidate,https://github.com/microsoft/onnxruntime/pull/26893,Algorithm-Level Optimizations,Select Computationally Efficient Algorithms,unanimous,True,benchmark,True,True,False,True,False,True,False,False,False,False,False,False,2,2,D1|D3,False,True,False,False,False,False,False,False,False,False,1,1
156939672,27071,human_candidate,https://github.com/microsoft/onnxruntime/pull/27071,Memory and Data Locality Optimizations,Improve CPU Cache management,unanimous,True,benchmark,True,True,False,False,False,False,False,False,False,False,False,False,0,0,,False,False,False,False,False,False,False,False,False,False,0,0
156939672,27824,human_candidate,https://github.com/microsoft/onnxruntime/pull/27824,Memory and Data Locality Optimizations,Improve cache locality - spatial locality,majority_2_of_3,True,benchmark,True,True,False,True,False,False,False,False,False,True,False,False,2,2,D1|D7,False,True,False,False,False,False,False,False,False,False,1,0
156939672,28503,human_candidate,https://github.com/microsoft/onnxruntime/pull/28503,Code Smells and Structural Simplification,Remove Unnecessary Method Calls,unanimous,True,static-reasoning,True,True,False,False,False,False,False,False,False,False,False,False,0,0,,False,False,False,False,False,False,False,False,False,False,0,0
156939672,28519,human_candidate,https://github.com/microsoft/onnxruntime/pull/28519,Memory and Data Locality Optimizations,Improve cache locality - temporal locality,unanimous,True,benchmark,True,True,False,False,False,False,False,False,False,False,False,False,0,0,,False,False,False,False,False,False,False,False,False,False,0,0
156939672,28534,agentic,https://github.com/microsoft/onnxruntime/pull/28534,Memory and Data Locality Optimizations,Optimize Object Use,unanimous,False,none,False,False,False,False,False,False,False,False,False,False,False,False,0,0,,False,False,False,False,False,False,False,False,False,False,0,0
156939672,28588,agentic,https://github.com/microsoft/onnxruntime/pull/28588,Algorithm-Level Optimizations,Structure Algorithm to Support instruction level parallelism (ILP),majority_2_of_3,True,benchmark,True,True,False,False,False,False,True,False,False,False,False,True,2,2,D4|D9,False,False,False,False,True,False,False,False,False,True,2,1
156939672,28589,agentic,https://github.com/microsoft/onnxruntime/pull/28589,Algorithm-Level Optimizations,Select Computationally Efficient Algorithms,majority_2_of_3,True,benchmark,True,True,False,True,False,True,False,True,False,False,False,True,4,4,D1|D3|D5|D9,False,True,False,True,False,True,False,False,False,True,4,4
159564733,11945,human_candidate,https://github.com/dotnet/razor/pull/11945,Memory and Data Locality Optimizations,Optimize Object Use,unanimous,True,benchmark,True,True,False,False,False,False,False,False,False,False,False,False,0,0,,False,False,False,False,False,False,False,False,False,False,0,0
159564733,12368,agentic,https://github.com/dotnet/razor/pull/12368,Memory and Data Locality Optimizations,Optimize Object Use,majority_2_of_3,True,static-reasoning,True,True,False,False,False,False,False,False,False,False,False,False,0,0,,False,False,False,False,False,False,False,False,False,False,0,0
159564733,12444,human_candidate,https://github.com/dotnet/razor/pull/12444,Algorithm-Level Optimizations,Select Computationally Efficient Algorithms,majority_2_of_3,True,benchmark,True,True,False,True,False,True,False,True,False,False,False,False,3,3,D1|D3|D5,False,True,False,True,False,False,False,False,False,False,2,2
162690887,4087,agentic,https://github.com/strawberry-graphql/strawberry/pull/4087,Memory and Data Locality Optimizations,Caching,unanimous,True,benchmark,True,True,False,True,False,False,False,False,False,False,False,False,1,1,D1,False,True,False,False,False,False,False,False,False,False,1,0
163654595,3704,agentic,https://github.com/1c-syntax/bsl-language-server/pull/3704,Memory and Data Locality Optimizations,Optimize Object Use,majority_2_of_3,True,benchmark,True,True,False,True,False,False,False,False,False,False,False,False,1,1,D1,False,True,False,False,False,False,False,False,False,False,1,1
163654595,3731,agentic,https://github.com/1c-syntax/bsl-language-server/pull/3731,Code Smells and Structural Simplification,Remove Unnecessary Method Calls,majority_2_of_3,True,static-reasoning,True,True,False,False,False,False,False,False,False,False,False,False,0,0,,False,False,False,False,False,False,False,False,False,False,0,0
164374484,795,agentic,https://github.com/saturday06/VRM-Addon-for-Blender/pull/795,Memory and Data Locality Optimizations,Caching,unanimous,True,benchmark,True,True,False,True,False,True,True,False,False,False,False,False,3,3,D1|D3|D4,False,True,False,False,True,False,False,False,False,False,2,2
164374484,796,agentic,https://github.com/saturday06/VRM-Addon-for-Blender/pull/796,Memory and Data Locality Optimizations,Caching,unanimous,True,benchmark,True,True,False,True,False,False,True,False,False,False,False,False,2,2,D1|D4,False,True,False,False,True,False,False,False,False,False,2,2
164374484,797,agentic,https://github.com/saturday06/VRM-Addon-for-Blender/pull/797,Memory and Data Locality Optimizations,Caching,unanimous,True,benchmark,True,True,False,True,False,False,True,False,False,False,False,False,2,2,D1|D4,False,True,False,False,True,False,False,False,False,False,2,2
164374484,798,agentic,https://github.com/saturday06/VRM-Addon-for-Blender/pull/798,Memory and Data Locality Optimizations,Caching,unanimous,True,benchmark,True,True,False,True,False,False,True,False,False,False,False,False,2,2,D1|D4,False,True,False,False,True,False,False,False,False,False,2,2
164374484,800,agentic,https://github.com/saturday06/VRM-Addon-for-Blender/pull/800,Memory and Data Locality Optimizations,Caching,unanimous,True,benchmark,True,True,False,True,False,False,True,False,False,False,False,False,2,2,D1|D4,False,True,False,False,True,False,False,False,False,False,2,2
164374484,964,agentic,https://github.com/saturday06/VRM-Addon-for-Blender/pull/964,Code Smells and Structural Simplification,Remove Unnecessary Method Calls,unanimous,True,benchmark,True,True,True,True,False,False,False,False,False,False,False,False,2,1,D0|D1,True,True,False,False,False,False,False,False,False,False,2,2
166515022,26168,human_candidate,https://github.com/trinodb/trino/pull/26168,"Network, Database, and Data Access Optimization",Batch API Requests (N+1),unanimous,True,static-reasoning,True,True,False,False,False,False,False,False,False,False,False,False,0,0,,False,False,False,False,False,False,False,False,False,False,0,0
166515022,26531,human_candidate,https://github.com/trinodb/trino/pull/26531,Memory and Data Locality Optimizations,Optimize Object Use,unanimous,False,none,False,False,False,False,False,False,False,False,False,False,False,False,0,0,,False,False,False,False,False,False,False,False,False,False,0,0
166515022,27849,human_candidate,https://github.com/trinodb/trino/pull/27849,I/O and Synchronization,Concurrency Control / Lock Optimization,unanimous,True,benchmark,True,True,False,False,False,False,False,False,False,False,False,False,0,0,,False,False,False,False,False,False,False,False,False,False,0,0
166515022,28127,human_candidate,https://github.com/trinodb/trino/pull/28127,Memory and Data Locality Optimizations,Optimize Object Use,unanimous,False,none,False,False,False,False,False,False,False,False,False,False,False,False,0,0,,False,False,False,False,False,False,False,False,False,False,0,0
166515022,28512,human_candidate,https://github.com/trinodb/trino/pull/28512,Memory and Data Locality Optimizations,Optimize Object Use,majority_2_of_3,True,static-reasoning,True,True,False,False,False,False,False,False,False,False,False,False,0,0,,False,False,False,False,False,False,False,False,False,False,0,0
166515022,28893,human_candidate,https://github.com/trinodb/trino/pull/28893,I/O and Synchronization,Selection I/O size,unanimous,True,static-reasoning,True,True,False,False,False,False,False,False,False,False,False,False,0,0,,False,False,False,False,False,False,False,False,False,False,0,0
166515022,29144,human_candidate,https://github.com/trinodb/trino/pull/29144,Memory and Data Locality Optimizations,Caching,unanimous,True,benchmark,True,True,False,False,False,False,False,False,False,False,False,False,0,0,,False,False,False,False,False,False,False,False,False,False,0,0
166902415,203,human_candidate,https://github.com/cberner/raptorq/pull/203,Build & Compilation & Infrastructure Optimization,Enable Build-Time Optimizations,majority_2_of_3,False,none,False,False,False,False,False,False,False,False,False,False,False,False,0,0,,False,False,False,False,False,False,False,False,False,False,0,0
167828165,1206,human_candidate,https://github.com/ArthurSonzogni/FTXUI/pull/1206,Memory and Data Locality Optimizations,Buffering,unanimous,False,none,False,False,False,False,False,False,False,False,False,False,False,False,0,0,,False,False,False,False,False,False,False,False,False,False,0,0
167828165,1271,human_candidate,https://github.com/ArthurSonzogni/FTXUI/pull/1271,Memory and Data Locality Optimizations,Improve cache locality - spatial locality,unanimous,True,static-reasoning,True,True,False,False,False,False,False,False,False,False,False,False,0,0,,False,False,False,False,False,False,False,False,False,False,0,0
170592186,11379,human_candidate,https://github.com/Azure/azure-sdk-tools/pull/11379,Code Smells and Structural Simplification,Remove code bloat by removing optional features,unanimous,False,none,False,False,False,True,False,True,False,True,False,False,False,False,3,3,D1|D3|D5,False,False,False,False,False,False,False,False,False,False,0,0
170592186,11382,human_candidate,https://github.com/Azure/azure-sdk-tools/pull/11382,Build & Compilation & Infrastructure Optimization,Performance-Optimized Dependency Selection,majority_2_of_3,False,none,False,False,False,False,False,True,False,True,False,False,False,False,2,2,D3|D5,False,False,False,False,False,False,False,False,False,False,0,0
170592186,13012,human_candidate,https://github.com/Azure/azure-sdk-tools/pull/13012,Code Smells and Structural Simplification,Remove Unnecessary Method Calls,majority_2_of_3,True,static-reasoning,True,True,False,False,False,False,False,False,False,False,False,False,0,0,,False,False,False,False,False,False,False,False,False,False,0,0
170592186,13031,agentic,https://github.com/Azure/azure-sdk-tools/pull/13031,Memory and Data Locality Optimizations,Caching,unanimous,True,static-reasoning,True,True,False,False,False,False,False,False,False,False,False,False,0,0,,False,False,False,False,False,False,False,False,False,False,0,0
170592186,15150,agentic,https://github.com/Azure/azure-sdk-tools/pull/15150,I/O and Synchronization,Concurrency Control / Rate Limiting,unanimous,True,static-reasoning,True,True,False,True,False,False,False,False,False,False,False,False,1,1,D1,False,True,False,False,False,False,False,False,False,False,1,0
170592186,15250,human_candidate,https://github.com/Azure/azure-sdk-tools/pull/15250,"Network, Database, and Data Access Optimization",Minimize Payload Size / Pass Reference Instead of Value,unanimous,True,static-reasoning,True,True,False,False,False,False,False,False,False,False,False,False,0,0,,False,False,False,False,False,False,False,False,False,False,0,0
172370867,5288,human_candidate,https://github.com/beyond-all-reason/Beyond-All-Reason/pull/5288,Memory and Data Locality Optimizations,Improve cache locality - spatial locality,majority_2_of_3,True,static-reasoning,True,True,False,False,False,False,False,False,False,False,False,False,0,0,,False,False,False,False,False,False,False,False,False,False,0,0
172370867,6918,human_candidate,https://github.com/beyond-all-reason/Beyond-All-Reason/pull/6918,Memory and Data Locality Optimizations,Caching,unanimous,True,static-reasoning,True,True,False,False,False,True,False,False,False,False,False,False,1,1,D3,False,False,False,False,False,False,False,False,False,False,0,0
172370867,6961,human_candidate,https://github.com/beyond-all-reason/Beyond-All-Reason/pull/6961,Algorithm-Level Optimizations,Event-Driven Throttling,majority_2_of_3,True,static-reasoning,True,True,False,True,True,False,False,False,False,False,False,False,2,2,D1|D2,False,False,False,False,False,False,False,False,False,False,0,0
172370867,7331,human_candidate,https://github.com/beyond-all-reason/Beyond-All-Reason/pull/7331,Algorithm-Level Optimizations,Event-Driven Throttling,majority_2_of_3,False,none,False,False,False,False,False,False,False,False,False,False,False,False,0,0,,False,False,False,False,False,False,False,False,False,False,0,0
172370867,7808,human_candidate,https://github.com/beyond-all-reason/Beyond-All-Reason/pull/7808,Algorithm-Level Optimizations,Event-Driven Throttling,unanimous,True,static-reasoning,True,True,False,False,False,False,False,False,False,False,False,False,0,0,,False,False,False,False,False,False,False,False,False,False,0,0
172404626,47,agentic,https://github.com/maxbbraun/accent/pull/47,Algorithm-Level Optimizations,Select Space Efficient Algorithm,majority_2_of_3,True,static-reasoning,True,True,False,False,False,False,False,False,False,False,False,False,0,0,,False,False,False,False,False,False,False,False,False,False,0,0
172404626,54,agentic,https://github.com/maxbbraun/accent/pull/54,Memory and Data Locality Optimizations,Caching,unanimous,True,static-reasoning,True,True,False,False,False,False,False,False,False,False,False,False,0,0,,False,False,False,False,False,False,False,False,False,False,0,0
172811550,2672,agentic,https://github.com/cartography-cncf/cartography/pull/2672,"Network, Database, and Data Access Optimization",Batch API Requests (N+1),unanimous,True,static-reasoning,True,True,False,False,False,False,False,False,False,False,False,False,0,0,,False,False,False,False,False,False,False,False,False,False,0,0
172811550,2673,agentic,https://github.com/cartography-cncf/cartography/pull/2673,I/O and Synchronization,Streaming Implementation Or Optimization),unanimous,True,static-reasoning,True,True,False,False,False,False,False,False,False,False,False,False,0,0,,False,False,False,False,False,False,False,False,False,False,0,0
172811550,2697,agentic,https://github.com/cartography-cncf/cartography/pull/2697,Memory and Data Locality Optimizations,Caching,unanimous,True,static-reasoning,True,True,False,False,False,False,False,False,False,False,False,False,0,0,,False,False,False,False,False,False,False,False,False,False,0,0
172811550,2698,agentic,https://github.com/cartography-cncf/cartography/pull/2698,I/O and Synchronization,Selection I/O size,unanimous,True,static-reasoning,True,True,False,False,False,False,False,False,False,False,False,True,1,1,D9,False,False,False,False,False,False,False,False,False,True,1,1
172811550,2700,agentic,https://github.com/cartography-cncf/cartography/pull/2700,"Network, Database, and Data Access Optimization",Relational Query Consolidation (N+1),majority_2_of_3,False,none,False,False,False,False,False,False,False,False,False,False,False,False,0,0,,False,False,False,False,False,False,False,False,False,False,0,0
172811550,2706,agentic,https://github.com/cartography-cncf/cartography/pull/2706,Algorithm-Level Optimizations,Select Computationally Efficient Algorithms,majority_2_of_3,True,static-reasoning,True,True,False,False,False,False,False,False,False,False,False,False,0,0,,False,False,False,False,False,False,False,False,False,False,0,0
172811550,2712,agentic,https://github.com/cartography-cncf/cartography/pull/2712,I/O and Synchronization,Streaming Implementation Or Optimization),unanimous,True,benchmark,True,True,False,False,False,True,False,False,False,False,False,False,1,1,D3,False,False,False,True,False,False,False,False,False,False,1,1
173170791,4000,human_candidate,https://github.com/dotnet/SqlClient/pull/4000,Code Smells and Structural Simplification,Remove Unnecessary Method Calls,unanimous,True,static-reasoning,True,True,False,False,False,False,False,False,False,False,False,False,0,0,,False,False,False,False,False,False,False,False,False,False,0,0
173170791,4012,human_candidate,https://github.com/dotnet/SqlClient/pull/4012,Code Smells and Structural Simplification,Remove Unnecessary Method Calls,unanimous,True,static-reasoning,True,True,False,False,False,False,False,False,False,False,False,False,0,0,,False,False,False,False,False,False,False,False,False,False,0,0
173170791,4157,human_candidate,https://github.com/dotnet/SqlClient/pull/4157,I/O and Synchronization,Concurrency Control / Lock Optimization,majority_2_of_3,True,static-reasoning,True,True,False,False,False,False,False,False,False,False,False,False,0,0,,False,False,False,False,False,False,False,False,False,False,0,0
175391102,4877,human_candidate,https://github.com/acts-project/acts/pull/4877,Memory and Data Locality Optimizations,Caching,unanimous,True,static-reasoning,True,True,False,False,False,False,False,False,False,False,False,False,0,0,,False,False,False,False,False,False,False,False,False,False,0,0
175405157,7422,human_candidate,https://github.com/JanDeDobbeleer/oh-my-posh/pull/7422,I/O and Synchronization,Non-Blocking I/O,majority_2_of_3,True,benchmark,True,True,False,True,False,False,False,False,False,False,False,False,1,1,D1,False,True,False,False,False,False,False,False,False,False,1,1
176015789,2596,agentic,https://github.com/dotnet/vscode-dotnet-runtime/pull/2596,"Network, Database, and Data Access Optimization",Lazy Loading / Deferred Initialization,majority_2_of_3,True,benchmark,True,True,False,True,False,False,True,False,False,False,False,False,2,2,D1|D4,False,True,False,False,True,False,False,False,False,False,2,2
184456251,42273,human_candidate,https://github.com/microsoft/PowerToys/pull/42273,I/O and Synchronization,Concurrency Control / Rate Limiting,unanimous,True,static-reasoning,True,True,False,True,False,False,True,False,False,False,False,True,3,3,D1|D4|D9,False,True,False,False,True,False,False,False,False,False,2,1
184456251,47368,agentic,https://github.com/microsoft/PowerToys/pull/47368,Algorithm-Level Optimizations,Event-Driven Throttling,unanimous,True,static-reasoning,True,True,False,False,False,False,False,False,False,False,False,False,0,0,,False,False,False,False,False,False,False,False,False,False,0,0
185841694,1689,agentic,https://github.com/CoreWCF/CoreWCF/pull/1689,Memory and Data Locality Optimizations,Caching,majority_2_of_3,True,static-reasoning,True,True,False,False,False,False,False,False,False,False,False,False,0,0,,False,False,False,False,False,False,False,False,False,False,0,0
192332885,694,human_candidate,https://github.com/codezonediitj/pydatastructs/pull/694,Build & Compilation & Infrastructure Optimization,Compiler Optimization Hints/Directives,unanimous,False,none,False,False,False,False,False,False,False,False,False,False,False,False,0,0,,False,False,False,False,False,False,False,False,False,False,0,0
196414933,37946,human_candidate,https://github.com/open-telemetry/opentelemetry-collector-contrib/pull/37946,Memory and Data Locality Optimizations,Optimize Object Use,unanimous,True,benchmark,True,True,False,False,False,True,True,False,False,False,False,False,2,2,D3|D4,False,False,False,True,True,False,False,False,False,False,2,2
196414933,40344,human_candidate,https://github.com/open-telemetry/opentelemetry-collector-contrib/pull/40344,I/O and Synchronization,Non-Blocking I/O,majority_2_of_3,False,none,False,False,False,False,False,False,False,False,False,False,False,False,0,0,,False,False,False,False,False,False,False,False,False,False,0,0
196414933,47183,human_candidate,https://github.com/open-telemetry/opentelemetry-collector-contrib/pull/47183,Memory and Data Locality Optimizations,Optimize Object Use,unanimous,True,static-reasoning,True,True,False,False,False,False,False,False,False,False,False,False,0,0,,False,False,False,False,False,False,False,False,False,False,0,0
196414933,48257,human_candidate,https://github.com/open-telemetry/opentelemetry-collector-contrib/pull/48257,Memory and Data Locality Optimizations,Optimize Object Use,unanimous,True,benchmark,True,True,False,False,False,True,False,False,False,False,False,False,1,1,D3,False,False,False,True,False,False,False,False,False,False,1,1
196414933,48742,human_candidate,https://github.com/open-telemetry/opentelemetry-collector-contrib/pull/48742,Memory and Data Locality Optimizations,Optimize Object Use,unanimous,True,benchmark,True,True,False,True,False,True,False,False,False,False,False,False,2,2,D1|D3,False,True,False,True,False,False,False,False,False,False,2,2
196414933,48785,human_candidate,https://github.com/open-telemetry/opentelemetry-collector-contrib/pull/48785,Memory and Data Locality Optimizations,Caching,majority_2_of_3,True,benchmark,True,True,False,False,False,True,False,False,False,False,False,False,1,1,D3,False,False,False,True,False,False,False,False,False,False,1,1
197033610,8343,human_candidate,https://github.com/hashintel/hash/pull/8343,Memory and Data Locality Optimizations,Improve cache locality - spatial locality,majority_2_of_3,True,benchmark,True,True,False,True,True,False,False,False,False,False,False,False,2,2,D1|D2,False,True,True,False,False,False,False,False,False,False,2,1
197033610,8504,agentic,https://github.com/hashintel/hash/pull/8504,Build & Compilation & Infrastructure Optimization,Enable Build-Time Optimizations,unanimous,False,none,False,False,False,False,False,False,False,False,False,False,False,False,0,0,,False,False,False,False,False,False,False,False,False,False,0,0
197153676,19630,human_candidate,https://github.com/Chia-Network/chia-blockchain/pull/19630,Memory and Data Locality Optimizations,Caching,majority_2_of_3,False,none,False,False,False,False,False,False,False,False,False,False,False,False,0,0,,False,False,False,False,False,False,False,False,False,False,0,0
197153676,19811,human_candidate,https://github.com/Chia-Network/chia-blockchain/pull/19811,Memory and Data Locality Optimizations,Caching,unanimous,True,static-reasoning,True,True,False,False,False,False,False,False,False,False,False,False,0,0,,False,False,False,False,False,False,False,False,False,False,0,0
197153676,20394,human_candidate,https://github.com/Chia-Network/chia-blockchain/pull/20394,Algorithm-Level Optimizations,Select Computationally Efficient Algorithms,unanimous,False,none,False,False,False,False,False,False,False,False,False,False,False,False,0,0,,False,False,False,False,False,False,False,False,False,False,0,0
197153676,20663,agentic,https://github.com/Chia-Network/chia-blockchain/pull/20663,Data Structure Selection and Adaptation,Darwinian Data Structure Selection,unanimous,True,benchmark,True,True,False,True,False,False,False,False,False,False,False,False,1,1,D1,False,True,False,False,False,False,False,False,False,False,1,1
197336679,629,agentic,https://github.com/3rdIteration/btcrecover/pull/629,Memory and Data Locality Optimizations,Caching,unanimous,False,none,False,False,False,False,False,False,False,False,False,False,False,False,0,0,,False,False,False,False,False,False,False,False,False,False,0,0
197336679,634,agentic,https://github.com/3rdIteration/btcrecover/pull/634,Memory and Data Locality Optimizations,Caching,unanimous,True,static-reasoning,True,True,False,False,False,False,False,False,False,False,False,False,0,0,,False,False,False,False,False,False,False,False,False,False,0,0
197336679,647,agentic,https://github.com/3rdIteration/btcrecover/pull/647,I/O and Synchronization,Concurrency Control / Rate Limiting,unanimous,False,none,False,False,False,False,False,False,False,False,False,False,False,False,0,0,,False,False,False,False,False,False,False,False,False,False,0,0
197336679,662,agentic,https://github.com/3rdIteration/btcrecover/pull/662,Algorithm-Level Optimizations,Select Computationally Efficient Algorithms,unanimous,False,none,False,False,False,False,False,False,False,False,False,False,False,False,0,0,,False,False,False,False,False,False,False,False,False,False,0,0
203843667,26749,human_candidate,https://github.com/microsoft/FluidFramework/pull/26749,Algorithm-Level Optimizations,Select Computationally Efficient Algorithms,unanimous,True,static-reasoning,True,True,False,False,False,False,False,False,False,False,False,False,0,0,,False,False,False,False,False,False,False,False,False,False,0,0
203843667,27249,human_candidate,https://github.com/microsoft/FluidFramework/pull/27249,Algorithm-Level Optimizations,Select Computationally Efficient Algorithms,majority_2_of_3,True,static-reasoning,True,True,False,False,False,False,False,False,False,False,False,False,0,0,,False,False,False,False,False,False,False,False,False,False,0,0
203843667,27423,human_candidate,https://github.com/microsoft/FluidFramework/pull/27423,Algorithm-Level Optimizations,Select Computationally Efficient Algorithms,unanimous,True,static-reasoning,True,True,False,False,False,False,False,False,False,False,False,False,0,0,,False,False,False,False,False,False,False,False,False,False,0,0
203843667,27424,human_candidate,https://github.com/microsoft/FluidFramework/pull/27424,Algorithm-Level Optimizations,Select Computationally Efficient Algorithms,unanimous,True,static-reasoning,True,True,False,False,False,False,False,False,False,False,False,False,0,0,,False,False,False,False,False,False,False,False,False,False,0,0
204086862,13099,human_candidate,https://github.com/streamlit/streamlit/pull/13099,Build & Compilation & Infrastructure Optimization,Enable Lazy loading for resource,majority_2_of_3,True,benchmark,True,True,False,False,False,False,False,False,True,False,False,False,1,1,D6,False,False,False,False,False,False,True,False,False,False,1,1
204086862,13876,human_candidate,https://github.com/streamlit/streamlit/pull/13876,Memory and Data Locality Optimizations,Caching,majority_2_of_3,True,static-reasoning,True,True,False,False,False,False,False,False,False,False,False,False,0,0,,False,False,False,False,False,False,False,False,False,False,0,0
208102250,4256,agentic,https://github.com/microsoft/windows-rs/pull/4256,I/O and Synchronization,Concurrency Control / Rate Limiting,majority_2_of_3,False,none,False,False,False,False,False,False,False,False,False,False,False,False,0,0,,False,False,False,False,False,False,False,False,False,False,0,0
208102250,4470,human_candidate,https://github.com/microsoft/windows-rs/pull/4470,Code Smells and Structural Simplification,Remove code bloat by removing optional features,unanimous,True,static-reasoning,True,True,False,False,False,False,False,False,False,False,False,False,0,0,,False,False,False,False,False,False,False,False,False,False,0,0
209120637,2629,agentic,https://github.com/Netflix/metaflow/pull/2629,I/O and Synchronization,Streaming Implementation Or Optimization),unanimous,True,static-reasoning,True,True,False,False,False,True,False,False,False,False,False,False,1,1,D3,False,False,False,True,False,False,False,False,False,False,1,1
210716005,114736,human_candidate,https://github.com/dotnet/runtime/pull/114736,Memory and Data Locality Optimizations,Improve cache locality - spatial locality,majority_2_of_3,False,none,False,False,False,False,False,False,False,False,False,False,False,False,0,0,,False,False,False,False,False,False,False,False,False,False,0,0
210716005,116123,human_candidate,https://github.com/dotnet/runtime/pull/116123,Code Smells and Structural Simplification,Remove Unnecessary Method Calls,majority_2_of_3,True,static-reasoning,True,True,False,False,False,False,False,False,False,False,False,False,0,0,,False,False,False,False,False,False,False,False,False,False,0,0
210716005,116175,human_candidate,https://github.com/dotnet/runtime/pull/116175,Memory and Data Locality Optimizations,Optimize Object Use,unanimous,True,static-reasoning,True,True,False,False,False,False,False,False,False,False,False,False,0,0,,False,False,False,False,False,False,False,False,False,False,0,0
210716005,116419,human_candidate,https://github.com/dotnet/runtime/pull/116419,Memory and Data Locality Optimizations,Caching,majority_2_of_3,True,benchmark,True,True,True,True,False,True,False,True,False,False,False,False,4,3,D0|D1|D3|D5,True,True,False,True,False,True,False,False,False,False,4,4
210716005,116752,human_candidate,https://github.com/dotnet/runtime/pull/116752,Memory and Data Locality Optimizations,Optimize Object Use,unanimous,True,profiling,True,True,False,False,False,False,False,False,False,False,False,False,0,0,,False,False,False,False,False,False,False,False,False,False,0,0
210716005,116895,human_candidate,https://github.com/dotnet/runtime/pull/116895,Algorithm-Level Optimizations,Structure Algorithm to Support instruction level parallelism (ILP),majority_2_of_3,False,none,False,False,False,False,False,False,False,False,False,False,False,False,0,0,,False,False,False,False,False,False,False,False,False,False,0,0
210716005,117381,human_candidate,https://github.com/dotnet/runtime/pull/117381,Algorithm-Level Optimizations,Select Computationally Efficient Algorithms,majority_2_of_3,True,benchmark,True,True,False,True,False,True,False,False,False,False,False,False,2,2,D1|D3,False,True,False,True,False,False,False,False,False,False,2,0
210716005,117531,human_candidate,https://github.com/dotnet/runtime/pull/117531,Build & Compilation & Infrastructure Optimization,Compiler Optimization Hints/Directives,majority_2_of_3,True,unresolved,True,False,False,False,False,False,False,False,False,False,False,False,0,0,,False,False,False,False,False,False,False,False,False,False,0,0
210716005,117989,human_candidate,https://github.com/dotnet/runtime/pull/117989,Memory and Data Locality Optimizations,Caching,majority_2_of_3,True,static-reasoning,True,True,False,False,False,False,False,False,False,False,False,False,0,0,,False,False,False,False,False,False,False,False,False,False,0,0
210716005,118029,human_candidate,https://github.com/dotnet/runtime/pull/118029,Memory and Data Locality Optimizations,Optimize Object Use,majority_2_of_3,True,benchmark,True,True,False,False,False,True,False,False,False,False,False,False,1,1,D3,False,False,False,True,False,False,False,False,False,False,1,1
210716005,118108,human_candidate,https://github.com/dotnet/runtime/pull/118108,Algorithm-Level Optimizations,Structure Algorithm to Support instruction level parallelism (ILP),majority_2_of_3,True,benchmark,True,True,False,True,False,True,False,False,False,False,False,False,2,2,D1|D3,False,True,False,True,False,False,False,False,False,False,2,1
210716005,118207,agentic,https://github.com/dotnet/runtime/pull/118207,Memory and Data Locality Optimizations,Optimize Object Use,majority_2_of_3,True,static-reasoning,True,True,False,False,False,True,False,False,False,False,False,False,1,1,D3,False,False,False,True,False,False,False,False,False,False,1,1
210716005,118640,human_candidate,https://github.com/dotnet/runtime/pull/118640,Code Smells and Structural Simplification,Remove code bloat by removing optional features,unanimous,True,static-reasoning,True,True,False,False,False,False,False,False,False,False,False,False,0,0,,False,False,False,False,False,False,False,False,False,False,0,0
210716005,119095,agentic,https://github.com/dotnet/runtime/pull/119095,Build & Compilation & Infrastructure Optimization,Compiler Optimization Hints/Directives,unanimous,True,unresolved,True,False,True,False,False,False,False,False,False,False,False,False,1,0,D0,True,False,False,False,False,False,False,False,False,False,1,1
210716005,120627,agentic,https://github.com/dotnet/runtime/pull/120627,Code Smells and Structural Simplification,Remove duplicate code,majority_2_of_3,True,static-reasoning,True,True,False,False,False,False,False,False,False,False,False,False,0,0,,False,False,False,False,False,False,False,False,False,False,0,0
210716005,120628,agentic,https://github.com/dotnet/runtime/pull/120628,Algorithm-Level Optimizations,Structure Algorithm to Support instruction level parallelism (ILP),majority_2_of_3,True,static-reasoning,True,True,False,False,False,False,False,False,False,False,False,False,0,0,,False,False,False,False,False,False,False,False,False,False,0,0
210716005,120630,agentic,https://github.com/dotnet/runtime/pull/120630,Data Structure Selection and Adaptation,Choose Data Structure for Energy Efficiency,majority_2_of_3,False,none,False,False,False,False,False,False,False,False,False,False,False,False,0,0,,False,False,False,False,False,False,False,False,False,False,0,0
210716005,120633,agentic,https://github.com/dotnet/runtime/pull/120633,Algorithm-Level Optimizations,Select Computationally Efficient Algorithms,unanimous,True,benchmark,True,True,False,False,False,False,False,False,False,False,False,False,0,0,,False,False,False,False,False,False,False,False,False,False,0,0
210716005,120886,agentic,https://github.com/dotnet/runtime/pull/120886,Code Smells and Structural Simplification,Remove Unnecessary Method Calls,unanimous,True,static-reasoning,True,True,False,False,False,False,False,False,False,False,False,False,0,0,,False,False,False,False,False,False,False,False,False,False,0,0
210716005,120916,agentic,https://github.com/dotnet/runtime/pull/120916,Control-Flow and Branching Optimizations,Rearranging for early return,majority_2_of_3,True,static-reasoning,True,True,False,False,False,False,False,False,False,False,False,False,0,0,,False,False,False,False,False,False,False,False,False,False,0,0
210716005,121139,human_candidate,https://github.com/dotnet/runtime/pull/121139,Build & Compilation & Infrastructure Optimization,Compiler Optimization Hints/Directives,majority_2_of_3,False,none,False,False,False,False,False,False,False,False,False,False,False,False,0,0,,False,False,False,False,False,False,False,False,False,False,0,0
210716005,121223,human_candidate,https://github.com/dotnet/runtime/pull/121223,Memory and Data Locality Optimizations,Optimize Object Use,unanimous,True,benchmark,True,True,False,True,False,True,False,False,False,False,False,False,2,2,D1|D3,False,True,False,True,False,False,False,False,False,False,2,0
210716005,121641,agentic,https://github.com/dotnet/runtime/pull/121641,Memory and Data Locality Optimizations,Caching,unanimous,True,unresolved,True,False,False,True,False,False,False,False,False,False,False,False,1,1,D1,False,True,False,False,False,False,False,False,False,False,1,1
210716005,121851,agentic,https://github.com/dotnet/runtime/pull/121851,Memory and Data Locality Optimizations,Optimize Object Use,unanimous,True,static-reasoning,True,True,False,False,False,False,False,False,False,False,False,False,0,0,,False,False,False,False,False,False,False,False,False,False,0,0
210716005,122090,human_candidate,https://github.com/dotnet/runtime/pull/122090,Algorithm-Level Optimizations,Select Computationally Efficient Algorithms,unanimous,True,benchmark,True,True,False,True,False,False,False,False,False,False,False,False,1,1,D1,False,True,False,False,False,False,False,False,False,False,1,1
210716005,122107,human_candidate,https://github.com/dotnet/runtime/pull/122107,Memory and Data Locality Optimizations,Optimize Object Use,majority_2_of_3,True,static-reasoning,True,True,False,False,False,False,False,False,False,False,False,False,0,0,,False,False,False,False,False,False,False,False,False,False,0,0
210716005,122167,human_candidate,https://github.com/dotnet/runtime/pull/122167,Code Smells and Structural Simplification,Remove Unnecessary Method Calls,majority_2_of_3,True,static-reasoning,True,True,False,False,False,False,False,False,False,False,False,False,0,0,,False,False,False,False,False,False,False,False,False,False,0,0
210716005,122389,agentic,https://github.com/dotnet/runtime/pull/122389,Algorithm-Level Optimizations,Select Computationally Efficient Algorithms,unanimous,True,benchmark,True,True,False,True,False,True,False,False,False,False,False,False,2,2,D1|D3,False,True,False,True,False,False,False,False,False,False,2,2
210716005,122530,agentic,https://github.com/dotnet/runtime/pull/122530,Control-Flow and Branching Optimizations,Rearranging for early return,majority_2_of_3,True,unresolved,True,False,False,True,False,False,False,False,False,False,False,False,1,1,D1,False,True,False,False,False,False,False,False,False,False,1,1
210716005,122749,agentic,https://github.com/dotnet/runtime/pull/122749,Algorithm-Level Optimizations,Select Computationally Efficient Algorithms,unanimous,True,static-reasoning,True,True,False,True,False,True,False,False,False,False,False,False,2,2,D1|D3,False,True,False,True,False,False,False,False,False,False,2,0
210716005,122947,agentic,https://github.com/dotnet/runtime/pull/122947,Algorithm-Level Optimizations,Select Computationally Efficient Algorithms,unanimous,True,static-reasoning,True,True,False,True,False,True,False,False,False,False,False,True,3,3,D1|D3|D9,False,True,False,True,False,False,False,False,False,True,3,0
210716005,122952,agentic,https://github.com/dotnet/runtime/pull/122952,Algorithm-Level Optimizations,Select Computationally Efficient Algorithms,unanimous,True,static-reasoning,True,True,False,False,False,False,False,False,False,False,False,False,0,0,,False,False,False,False,False,False,False,False,False,False,0,0
210716005,122956,agentic,https://github.com/dotnet/runtime/pull/122956,Algorithm-Level Optimizations,Select Computationally Efficient Algorithms,unanimous,True,static-reasoning,True,True,False,False,False,False,False,False,False,False,False,False,0,0,,False,False,False,False,False,False,False,False,False,False,0,0
210716005,122959,agentic,https://github.com/dotnet/runtime/pull/122959,Algorithm-Level Optimizations,Select Computationally Efficient Algorithms,majority_2_of_3,True,unresolved,True,False,False,False,False,False,False,False,False,False,False,False,0,0,,False,False,False,False,False,False,False,False,False,False,0,0
210716005,123034,agentic,https://github.com/dotnet/runtime/pull/123034,Memory and Data Locality Optimizations,Optimize Object Use,unanimous,True,static-reasoning,True,True,False,False,False,False,False,False,False,False,False,False,0,0,,False,False,False,False,False,False,False,False,False,False,0,0
210716005,123041,agentic,https://github.com/dotnet/runtime/pull/123041,Loop Transformations,Loop Invariant Branches,majority_2_of_3,True,static-reasoning,True,True,False,False,False,False,False,False,False,False,False,False,0,0,,False,False,False,False,False,False,False,False,False,False,0,0
210716005,123397,agentic,https://github.com/dotnet/runtime/pull/123397,Algorithm-Level Optimizations,Select Computationally Efficient Algorithms,majority_2_of_3,True,unresolved,True,False,False,False,False,False,False,False,False,False,False,False,0,0,,False,False,False,False,False,False,False,False,False,False,0,0
210716005,123674,agentic,https://github.com/dotnet/runtime/pull/123674,Control-Flow and Branching Optimizations,Rearranging for early return,unanimous,False,none,False,False,False,False,False,False,False,False,False,False,False,False,0,0,,False,False,False,False,False,False,False,False,False,False,0,0
210716005,123754,agentic,https://github.com/dotnet/runtime/pull/123754,Algorithm-Level Optimizations,Select Algorithm Based on Instruction Speed,majority_2_of_3,True,static-reasoning,True,True,False,False,False,False,False,False,False,False,False,False,0,0,,False,False,False,False,False,False,False,False,False,False,0,0
210716005,123776,agentic,https://github.com/dotnet/runtime/pull/123776,Memory and Data Locality Optimizations,Caching,majority_2_of_3,False,none,False,False,False,True,False,False,False,False,False,False,False,False,1,1,D1,False,True,False,False,False,False,False,False,False,False,1,1
210716005,124077,agentic,https://github.com/dotnet/runtime/pull/124077,Build & Compilation & Infrastructure Optimization,Reduce rebuilding size,majority_2_of_3,True,static-reasoning,True,True,False,False,False,False,False,False,False,False,False,True,1,1,D9,False,False,False,False,False,False,False,False,False,True,1,0
210716005,124172,agentic,https://github.com/dotnet/runtime/pull/124172,Algorithm-Level Optimizations,Select Computationally Efficient Algorithms,unanimous,True,unresolved,True,False,False,False,False,False,False,False,False,False,False,False,0,0,,False,False,False,False,False,False,False,False,False,False,0,0
210716005,124450,agentic,https://github.com/dotnet/runtime/pull/124450,Code Smells and Structural Simplification,Remove duplicate code,unanimous,True,static-reasoning,True,True,False,False,False,False,False,False,False,False,False,False,0,0,,False,False,False,False,False,False,False,False,False,False,0,0
210716005,124577,agentic,https://github.com/dotnet/runtime/pull/124577,Algorithm-Level Optimizations,Structure Algorithm to Support instruction level parallelism (ILP),majority_2_of_3,False,none,False,False,False,False,False,False,False,False,False,False,False,False,0,0,,False,False,False,False,False,False,False,False,False,False,0,0
210716005,124647,agentic,https://github.com/dotnet/runtime/pull/124647,Algorithm-Level Optimizations,Select Algorithm Based on Instruction Speed,majority_2_of_3,True,benchmark,True,True,False,False,False,False,False,False,False,False,False,False,0,0,,False,False,False,False,False,False,False,False,False,False,0,0
210716005,124667,agentic,https://github.com/dotnet/runtime/pull/124667,Algorithm-Level Optimizations,Structure Algorithm to Support instruction level parallelism (ILP),unanimous,True,benchmark,True,True,False,True,False,False,False,False,False,False,False,False,1,1,D1,False,True,False,False,False,False,False,False,False,False,1,0
210716005,124705,agentic,https://github.com/dotnet/runtime/pull/124705,Control-Flow and Branching Optimizations,Combining branches,majority_2_of_3,True,static-reasoning,True,True,False,False,False,False,False,False,False,False,False,False,0,0,,False,False,False,False,False,False,False,False,False,False,0,0
210716005,124834,human_candidate,https://github.com/dotnet/runtime/pull/124834,Code Smells and Structural Simplification,Replace Reflection with Direct Method Calls,unanimous,False,none,False,False,False,False,False,False,False,False,False,False,False,False,0,0,,False,False,False,False,False,False,False,False,False,False,0,0
210716005,124878,human_candidate,https://github.com/dotnet/runtime/pull/124878,Algorithm-Level Optimizations,Structure Algorithm to Support instruction level parallelism (ILP),majority_2_of_3,True,benchmark,True,True,False,True,False,True,False,False,False,False,False,False,2,2,D1|D3,False,True,False,True,False,False,False,False,False,False,2,0
210716005,124963,human_candidate,https://github.com/dotnet/runtime/pull/124963,Memory and Data Locality Optimizations,Caching,majority_2_of_3,True,static-reasoning,True,True,False,False,False,False,False,False,False,False,False,False,0,0,,False,False,False,False,False,False,False,False,False,False,0,0
210716005,124997,agentic,https://github.com/dotnet/runtime/pull/124997,I/O and Synchronization,Concurrency Control / Lock Optimization,unanimous,True,static-reasoning,True,True,False,False,False,False,False,False,False,False,False,False,0,0,,False,False,False,False,False,False,False,False,False,False,0,0
210716005,125001,agentic,https://github.com/dotnet/runtime/pull/125001,Data Structure Selection and Adaptation,Darwinian Data Structure Selection,majority_2_of_3,True,static-reasoning,True,True,False,False,False,False,False,False,False,False,False,False,0,0,,False,False,False,False,False,False,False,False,False,False,0,0
210716005,125028,agentic,https://github.com/dotnet/runtime/pull/125028,Algorithm-Level Optimizations,Select Computationally Efficient Algorithms,majority_2_of_3,True,benchmark,True,True,False,False,False,False,False,False,False,False,False,False,0,0,,False,False,False,False,False,False,False,False,False,False,0,0
210716005,125643,agentic,https://github.com/dotnet/runtime/pull/125643,I/O and Synchronization,Non-Blocking I/O,unanimous,True,benchmark,True,True,False,False,True,False,False,True,False,False,False,True,3,3,D2|D5|D9,False,False,True,False,False,True,False,False,False,True,3,1
210716005,125650,agentic,https://github.com/dotnet/runtime/pull/125650,Memory and Data Locality Optimizations,Caching,unanimous,True,benchmark,True,True,False,True,False,False,False,False,False,False,False,False,1,1,D1,False,True,False,False,False,False,False,False,False,False,1,1
210716005,125722,agentic,https://github.com/dotnet/runtime/pull/125722,Memory and Data Locality Optimizations,Caching,unanimous,True,static-reasoning,True,True,False,False,False,False,False,False,False,False,False,False,0,0,,False,False,False,False,False,False,False,False,False,False,0,0
210716005,125799,human_candidate,https://github.com/dotnet/runtime/pull/125799,Algorithm-Level Optimizations,Select Computationally Efficient Algorithms,unanimous,True,benchmark,True,True,False,True,False,True,False,True,False,False,False,True,4,4,D1|D3|D5|D9,False,True,False,True,False,True,False,False,False,True,4,0
210716005,126063,agentic,https://github.com/dotnet/runtime/pull/126063,Algorithm-Level Optimizations,Select Computationally Efficient Algorithms,unanimous,True,static-reasoning,True,True,True,True,True,True,False,False,False,False,False,False,4,3,D0|D1|D2|D3,True,True,True,True,False,False,False,False,False,False,4,0
210716005,126169,human_candidate,https://github.com/dotnet/runtime/pull/126169,Algorithm-Level Optimizations,Select Space Efficient Algorithm,majority_2_of_3,True,benchmark,True,True,False,False,False,True,False,False,True,False,False,False,2,2,D3|D6,False,False,False,True,False,False,True,False,False,False,2,1
210716005,126201,agentic,https://github.com/dotnet/runtime/pull/126201,Memory and Data Locality Optimizations,Optimize Object Use,unanimous,True,static-reasoning,True,True,False,False,False,False,False,False,False,False,False,False,0,0,,False,False,False,False,False,False,False,False,False,False,0,0
210716005,126338,agentic,https://github.com/dotnet/runtime/pull/126338,Code Smells and Structural Simplification,Remove code bloat by removing optional features,majority_2_of_3,True,benchmark,True,True,False,False,False,False,False,False,True,False,False,False,1,1,D6,False,False,False,False,False,False,True,False,False,False,1,1
210716005,126353,agentic,https://github.com/dotnet/runtime/pull/126353,Code Smells and Structural Simplification,Remove Unnecessary Method Calls,unanimous,True,static-reasoning,True,True,False,False,False,False,False,False,False,False,False,False,0,0,,False,False,False,False,False,False,False,False,False,False,0,0
210716005,126534,agentic,https://github.com/dotnet/runtime/pull/126534,Memory and Data Locality Optimizations,Caching,unanimous,True,benchmark,True,True,False,True,False,True,False,False,False,False,False,False,2,2,D1|D3,False,True,False,True,False,False,False,False,False,False,2,2
210716005,126658,human_candidate,https://github.com/dotnet/runtime/pull/126658,Memory and Data Locality Optimizations,Optimize Object Use,unanimous,True,unresolved,True,False,False,False,False,False,False,False,False,False,False,False,0,0,,False,False,False,False,False,False,False,False,False,False,0,0
210716005,126671,agentic,https://github.com/dotnet/runtime/pull/126671,Algorithm-Level Optimizations,Select Computationally Efficient Algorithms,majority_2_of_3,True,static-reasoning,True,True,False,False,False,False,False,False,False,False,False,False,0,0,,False,False,False,False,False,False,False,False,False,False,0,0
210716005,126801,agentic,https://github.com/dotnet/runtime/pull/126801,Algorithm-Level Optimizations,Select Computationally Efficient Algorithms,majority_2_of_3,True,static-reasoning,True,True,False,False,False,False,False,False,False,False,False,False,0,0,,False,False,False,False,False,False,False,False,False,False,0,0
210716005,126841,agentic,https://github.com/dotnet/runtime/pull/126841,Algorithm-Level Optimizations,Select Algorithm Based on Instruction Speed,majority_2_of_3,True,static-reasoning,True,True,False,False,False,False,False,False,False,False,False,False,0,0,,False,False,False,False,False,False,False,False,False,False,0,0
210716005,127014,agentic,https://github.com/dotnet/runtime/pull/127014,Memory and Data Locality Optimizations,Optimize Object Use,majority_2_of_3,True,benchmark,True,True,False,False,False,True,False,False,False,False,False,False,1,1,D3,False,False,False,True,False,False,False,False,False,False,1,0
210716005,127123,agentic,https://github.com/dotnet/runtime/pull/127123,Algorithm-Level Optimizations,Select Computationally Efficient Algorithms,unanimous,True,benchmark,True,True,False,True,False,False,False,False,False,False,False,False,1,1,D1,False,True,False,False,False,False,False,False,False,False,1,1
210716005,127178,agentic,https://github.com/dotnet/runtime/pull/127178,Code Smells and Structural Simplification,Remove code bloat by removing optional features,unanimous,True,benchmark,True,True,False,False,False,True,False,False,True,False,False,False,2,2,D3|D6,False,False,False,True,False,False,True,False,False,False,2,2
210716005,127329,agentic,https://github.com/dotnet/runtime/pull/127329,Algorithm-Level Optimizations,Structure Algorithm to Support instruction level parallelism (ILP),majority_2_of_3,True,static-reasoning,True,True,False,False,False,False,False,False,False,False,False,False,0,0,,False,False,False,False,False,False,False,False,False,False,0,0
210716005,127764,agentic,https://github.com/dotnet/runtime/pull/127764,Control-Flow and Branching Optimizations,Make Conditional Branches More Predictable,unanimous,True,static-reasoning,True,True,False,False,False,False,False,False,False,False,False,False,0,0,,False,False,False,False,False,False,False,False,False,False,0,0
210716005,127779,agentic,https://github.com/dotnet/runtime/pull/127779,Algorithm-Level Optimizations,Select Computationally Efficient Algorithms,unanimous,True,static-reasoning,True,True,False,False,False,False,False,False,False,False,False,False,0,0,,False,False,False,False,False,False,False,False,False,False,0,0
210716005,127845,human_candidate,https://github.com/dotnet/runtime/pull/127845,Algorithm-Level Optimizations,Select Computationally Efficient Algorithms,unanimous,True,unresolved,True,False,False,True,False,False,False,False,False,False,False,False,1,1,D1,False,True,False,False,False,False,False,False,False,False,1,0
210716005,127930,human_candidate,https://github.com/dotnet/runtime/pull/127930,Build & Compilation & Infrastructure Optimization,Compiler Optimization Hints/Directives,unanimous,True,benchmark,True,True,False,True,False,True,False,False,False,False,False,False,2,2,D1|D3,False,True,False,True,False,False,False,False,False,False,2,0
210716005,128228,agentic,https://github.com/dotnet/runtime/pull/128228,Build & Compilation & Infrastructure Optimization,Enable Build-Time Optimizations,unanimous,True,benchmark,True,True,False,False,False,False,False,False,False,False,False,False,0,0,,False,False,False,False,False,False,False,False,False,False,0,0
210716005,128232,agentic,https://github.com/dotnet/runtime/pull/128232,Build & Compilation & Infrastructure Optimization,Enable Build-Time Optimizations,unanimous,True,benchmark,True,True,False,False,False,True,False,False,False,False,False,False,1,1,D3,False,False,False,True,False,False,False,False,False,False,1,0
210716005,128470,human_candidate,https://github.com/dotnet/runtime/pull/128470,Control-Flow and Branching Optimizations,Combining branches,majority_2_of_3,True,static-reasoning,True,True,False,False,False,False,False,False,False,False,False,False,0,0,,False,False,False,False,False,False,False,False,False,False,0,0
210716005,128504,agentic,https://github.com/dotnet/runtime/pull/128504,Code Smells and Structural Simplification,Replace Reflection with Direct Method Calls,majority_2_of_3,True,static-reasoning,True,True,False,False,False,False,False,False,False,False,False,False,0,0,,False,False,False,False,False,False,False,False,False,False,0,0
210716005,128505,agentic,https://github.com/dotnet/runtime/pull/128505,Memory and Data Locality Optimizations,Optimize Object Use,unanimous,True,static-reasoning,True,True,False,False,False,False,False,False,False,False,False,False,0,0,,False,False,False,False,False,False,False,False,False,False,0,0
210716005,128559,human_candidate,https://github.com/dotnet/runtime/pull/128559,Code Smells and Structural Simplification,Remove duplicate code,unanimous,True,benchmark,True,True,False,True,False,True,False,False,False,False,False,True,3,3,D1|D3|D9,False,True,False,True,False,False,False,False,False,True,3,3
210716005,128630,agentic,https://github.com/dotnet/runtime/pull/128630,Memory and Data Locality Optimizations,Optimize Object Use,unanimous,True,benchmark,True,True,False,False,False,True,False,False,False,False,False,False,1,1,D3,False,False,False,True,False,False,False,False,False,False,1,1
212382406,9721,human_candidate,https://github.com/apache/ozone/pull/9721,Memory and Data Locality Optimizations,Optimize Object Use,unanimous,True,benchmark,True,True,False,True,False,False,False,False,False,False,False,False,1,1,D1,False,True,False,False,False,False,False,False,False,False,1,1
212382406,9944,human_candidate,https://github.com/apache/ozone/pull/9944,Memory and Data Locality Optimizations,Optimize Object Use,unanimous,True,unresolved,True,False,False,False,False,False,False,False,False,False,False,False,0,0,,False,False,False,False,False,False,False,False,False,False,0,0
212465715,4062,human_candidate,https://github.com/bufbuild/buf/pull/4062,Code Smells and Structural Simplification,Remove Unnecessary Method Calls,unanimous,True,static-reasoning,True,True,False,False,False,False,False,False,False,False,False,False,0,0,,False,False,False,False,False,False,False,False,False,False,0,0
212465715,4499,human_candidate,https://github.com/bufbuild/buf/pull/4499,Memory and Data Locality Optimizations,Caching,majority_2_of_3,True,benchmark,True,True,False,True,False,False,False,False,False,False,False,False,1,1,D1,False,True,False,False,False,False,False,False,False,False,1,0
212465715,4505,human_candidate,https://github.com/bufbuild/buf/pull/4505,Memory and Data Locality Optimizations,Optimize Object Use,unanimous,True,benchmark,True,True,False,False,False,True,False,False,False,False,False,False,1,1,D3,False,False,False,True,False,False,False,False,False,False,1,1
213728552,469,agentic,https://github.com/Rello/analytics/pull/469,Memory and Data Locality Optimizations,Buffering,majority_2_of_3,True,static-reasoning,True,True,False,False,False,False,False,False,False,False,False,False,0,0,,False,False,False,False,False,False,False,False,False,False,0,0
213728552,522,agentic,https://github.com/Rello/analytics/pull/522,Algorithm-Level Optimizations,Select Computationally Efficient Algorithms,unanimous,True,static-reasoning,True,True,False,False,False,False,False,False,False,False,False,False,0,0,,False,False,False,False,False,False,False,False,False,False,0,0
214771811,79,agentic,https://github.com/sikanhe/gqtx/pull/79,Algorithm-Level Optimizations,Select Computationally Efficient Algorithms,majority_2_of_3,True,static-reasoning,True,True,False,False,False,False,False,False,False,False,False,False,0,0,,False,False,False,False,False,False,False,False,False,False,0,0
215654064,7896,agentic,https://github.com/temporalio/temporal/pull/7896,Build & Compilation & Infrastructure Optimization,Reduce rebuilding size,unanimous,True,benchmark,True,True,False,True,False,False,False,False,False,True,False,False,2,2,D1|D7,False,True,False,False,False,False,False,True,False,False,2,2
215654064,8290,human_candidate,https://github.com/temporalio/temporal/pull/8290,I/O and Synchronization,Concurrency Control / Lock Optimization,majority_2_of_3,True,static-reasoning,True,True,False,False,False,False,False,False,False,False,False,False,0,0,,False,False,False,False,False,False,False,False,False,False,0,0
215654064,9112,human_candidate,https://github.com/temporalio/temporal/pull/9112,Code Smells and Structural Simplification,Remove Unnecessary Method Calls,unanimous,True,static-reasoning,True,True,False,False,False,False,False,False,False,False,False,False,0,0,,False,False,False,False,False,False,False,False,False,False,0,0
215654064,9168,human_candidate,https://github.com/temporalio/temporal/pull/9168,Memory and Data Locality Optimizations,Caching,unanimous,True,anecdotal,True,True,False,True,False,False,False,False,False,False,False,False,1,1,D1,False,True,False,False,False,False,False,False,False,False,1,0
215654064,9292,human_candidate,https://github.com/temporalio/temporal/pull/9292,I/O and Synchronization,Concurrency Control / Rate Limiting,majority_2_of_3,True,benchmark,True,True,False,False,False,False,False,False,False,True,False,False,1,1,D7,False,False,False,False,False,False,False,True,False,False,1,1
219012610,12434,agentic,https://github.com/Agoric/agoric-sdk/pull/12434,Build & Compilation & Infrastructure Optimization,Enable Build-Time Optimizations,majority_2_of_3,True,benchmark,True,True,False,True,False,False,False,False,False,False,False,False,1,1,D1,False,True,False,False,False,False,False,False,False,False,1,0
219012610,12540,agentic,https://github.com/Agoric/agoric-sdk/pull/12540,Memory and Data Locality Optimizations,Caching,unanimous,True,unresolved,True,False,False,True,False,False,True,False,False,False,False,False,2,2,D1|D4,False,True,False,False,False,False,False,False,False,False,1,1
219035799,1782,agentic,https://github.com/huggingface/tokenizers/pull/1782,Algorithm-Level Optimizations,Select Computationally Efficient Algorithms,unanimous,True,benchmark,True,True,False,True,False,False,False,False,False,False,False,False,1,1,D1,False,True,False,False,False,False,False,False,False,False,1,0
219035799,1891,agentic,https://github.com/huggingface/tokenizers/pull/1891,Algorithm-Level Optimizations,Select Computationally Efficient Algorithms,unanimous,True,benchmark,True,True,False,True,False,False,False,False,False,False,False,False,1,1,D1,False,True,False,False,False,False,False,False,False,False,1,1
219782401,436,agentic,https://github.com/ReactiveCircus/android-emulator-runner/pull/436,Memory and Data Locality Optimizations,Buffering,majority_2_of_3,True,static-reasoning,True,True,True,False,False,False,False,False,False,False,False,False,1,0,D0,True,False,False,False,False,False,False,False,False,False,1,1
220517730,4992,agentic,https://github.com/quay/quay/pull/4992,I/O and Synchronization,Selection I/O size,unanimous,True,static-reasoning,True,True,False,False,True,False,False,True,False,False,False,False,2,2,D2|D5,False,False,True,False,False,True,False,False,False,False,2,2
220517730,4999,agentic,https://github.com/quay/quay/pull/4999,"Network, Database, and Data Access Optimization",Batch API Requests (N+1),unanimous,True,benchmark,True,True,False,False,False,False,False,False,False,False,False,False,0,0,,False,False,False,False,False,False,False,False,False,False,0,0
220546758,5320,human_candidate,https://github.com/kubernetes-sigs/headlamp/pull/5320,Algorithm-Level Optimizations,Event-Driven Throttling,unanimous,True,static-reasoning,True,True,False,True,False,False,False,False,False,False,False,False,1,1,D1,False,True,False,False,False,False,False,False,False,False,1,1
224208127,263,agentic,https://github.com/winedarksea/AutoTS/pull/263,Memory and Data Locality Optimizations,Caching,majority_2_of_3,True,static-reasoning,True,True,False,False,False,False,False,False,False,False,False,False,0,0,,False,False,False,False,False,False,False,False,False,False,0,0
224980941,300,agentic,https://github.com/ltwlf/json-diff-ts/pull/300,Build & Compilation & Infrastructure Optimization,Performance-Optimized Dependency Selection,majority_2_of_3,True,static-reasoning,True,True,False,False,False,False,False,False,False,False,False,False,0,0,,False,False,False,False,False,False,False,False,False,False,0,0
224980941,301,agentic,https://github.com/ltwlf/json-diff-ts/pull/301,Build & Compilation & Infrastructure Optimization,Performance-Optimized Dependency Selection,majority_2_of_3,True,static-reasoning,True,True,False,False,False,False,False,False,True,True,False,False,2,2,D6|D7,False,False,False,False,False,False,False,True,False,False,1,0
234231371,3652,agentic,https://github.com/gofiber/fiber/pull/3652,Memory and Data Locality Optimizations,Optimize Object Use,majority_2_of_3,True,benchmark,True,True,False,False,False,False,False,False,False,False,False,False,0,0,,False,False,False,False,False,False,False,False,False,False,0,0
234231371,3687,agentic,https://github.com/gofiber/fiber/pull/3687,Code Smells and Structural Simplification,Remove Unnecessary Method Calls,majority_2_of_3,True,benchmark,True,True,False,False,False,False,False,False,False,False,False,False,0,0,,False,False,False,False,False,False,False,False,False,False,0,0
234231371,3789,human_candidate,https://github.com/gofiber/fiber/pull/3789,Memory and Data Locality Optimizations,Use Smaller Data Types,unanimous,True,benchmark,True,True,False,False,False,False,False,False,False,False,False,False,0,0,,False,False,False,False,False,False,False,False,False,False,0,0
234231371,3996,agentic,https://github.com/gofiber/fiber/pull/3996,Code Smells and Structural Simplification,Remove Unnecessary Method Calls,majority_2_of_3,True,benchmark,True,True,False,False,False,False,False,False,False,False,False,False,0,0,,False,False,False,False,False,False,False,False,False,False,0,0
234231371,4368,agentic,https://github.com/gofiber/fiber/pull/4368,Data Structure Selection and Adaptation,Darwinian Data Structure Selection,unanimous,True,static-reasoning,True,True,False,False,False,False,False,False,False,False,False,False,0,0,,False,False,False,False,False,False,False,False,False,False,0,0
234231371,4373,agentic,https://github.com/gofiber/fiber/pull/4373,I/O and Synchronization,Concurrency Control / Lock Optimization,unanimous,True,benchmark,True,True,False,False,False,True,False,False,False,False,False,False,1,1,D3,False,False,False,True,False,False,False,False,False,False,1,0
234231371,4375,agentic,https://github.com/gofiber/fiber/pull/4375,I/O and Synchronization,Concurrency Control / Lock Optimization,unanimous,True,static-reasoning,True,True,False,False,False,False,False,False,False,False,False,False,0,0,,False,False,False,False,False,False,False,False,False,False,0,0
234231371,4379,agentic,https://github.com/gofiber/fiber/pull/4379,Memory and Data Locality Optimizations,Optimize Object Use,unanimous,True,benchmark,True,True,False,False,False,True,False,False,False,False,False,False,1,1,D3,False,False,False,True,False,False,False,False,False,False,1,1
237222619,2810,human_candidate,https://github.com/wasp-lang/wasp/pull/2810,Build & Compilation & Infrastructure Optimization,Reduce rebuilding size,majority_2_of_3,True,benchmark,True,True,False,True,False,False,True,False,False,False,False,False,2,2,D1|D4,False,True,False,False,True,False,False,False,False,False,2,2
237392204,9369,agentic,https://github.com/duneanalytics/spellbook/pull/9369,"Network, Database, and Data Access Optimization",Lazy Loading / Deferred Initialization,unanimous,True,benchmark,True,True,False,False,False,False,False,False,False,False,False,False,0,0,,False,False,False,False,False,False,False,False,False,False,0,0
237392204,9382,agentic,https://github.com/duneanalytics/spellbook/pull/9382,"Network, Database, and Data Access Optimization",Relational Query Consolidation (N+1),majority_2_of_3,False,none,False,False,False,False,False,False,False,False,False,False,False,False,0,0,,False,False,False,False,False,False,False,False,False,False,0,0
237392204,9383,agentic,https://github.com/duneanalytics/spellbook/pull/9383,Algorithm-Level Optimizations,Select Computationally Efficient Algorithms,majority_2_of_3,False,none,False,False,False,False,False,False,False,False,False,False,False,False,0,0,,False,False,False,False,False,False,False,False,False,False,0,0
237392204,9384,agentic,https://github.com/duneanalytics/spellbook/pull/9384,"Network, Database, and Data Access Optimization",Relational Query Consolidation (N+1),majority_2_of_3,True,static-reasoning,True,True,False,False,False,False,False,False,False,False,False,False,0,0,,False,False,False,False,False,False,False,False,False,False,0,0
237392204,9385,agentic,https://github.com/duneanalytics/spellbook/pull/9385,"Network, Database, and Data Access Optimization",Relational Query Consolidation (N+1),majority_2_of_3,False,none,False,False,False,False,False,False,False,False,False,False,False,False,0,0,,False,False,False,False,False,False,False,False,False,False,0,0
237392204,9387,agentic,https://github.com/duneanalytics/spellbook/pull/9387,I/O and Synchronization,Streaming Implementation Or Optimization),majority_2_of_3,True,static-reasoning,True,True,False,False,False,False,False,False,False,False,False,False,0,0,,False,False,False,False,False,False,False,False,False,False,0,0
237392204,9388,agentic,https://github.com/duneanalytics/spellbook/pull/9388,"Network, Database, and Data Access Optimization",Relational Query Consolidation (N+1),unanimous,True,static-reasoning,True,True,False,False,False,False,False,False,False,False,False,False,0,0,,False,False,False,False,False,False,False,False,False,False,0,0
237392204,9389,agentic,https://github.com/duneanalytics/spellbook/pull/9389,I/O and Synchronization,Streaming Implementation Or Optimization),majority_2_of_3,True,static-reasoning,True,True,False,False,False,False,False,False,False,False,False,False,0,0,,False,False,False,False,False,False,False,False,False,False,0,0
237392204,9390,agentic,https://github.com/duneanalytics/spellbook/pull/9390,"Network, Database, and Data Access Optimization",Relational Query Consolidation (N+1),majority_2_of_3,True,static-reasoning,True,True,False,False,False,False,False,False,False,False,False,False,0,0,,False,False,False,False,False,False,False,False,False,False,0,0
237392204,9391,agentic,https://github.com/duneanalytics/spellbook/pull/9391,"Network, Database, and Data Access Optimization",Relational Query Consolidation (N+1),majority_2_of_3,True,static-reasoning,True,True,False,False,False,False,False,False,False,False,False,False,0,0,,False,False,False,False,False,False,False,False,False,False,0,0
237392204,9393,agentic,https://github.com/duneanalytics/spellbook/pull/9393,I/O and Synchronization,Streaming Implementation Or Optimization),majority_2_of_3,False,none,False,False,False,False,False,False,False,False,False,False,False,False,0,0,,False,False,False,False,False,False,False,False,False,False,0,0
237392204,9396,agentic,https://github.com/duneanalytics/spellbook/pull/9396,I/O and Synchronization,Streaming Implementation Or Optimization),unanimous,False,none,False,False,False,False,False,False,False,False,False,False,False,False,0,0,,False,False,False,False,False,False,False,False,False,False,0,0
237392204,9406,agentic,https://github.com/duneanalytics/spellbook/pull/9406,Build & Compilation & Infrastructure Optimization,Compiler Optimization Hints/Directives,majority_2_of_3,False,none,False,False,False,False,False,False,False,False,False,False,False,False,0,0,,False,False,False,False,False,False,False,False,False,False,0,0
237392204,9422,agentic,https://github.com/duneanalytics/spellbook/pull/9422,I/O and Synchronization,Selection I/O size,majority_2_of_3,False,none,False,False,False,False,False,False,False,False,False,False,False,False,0,0,,False,False,False,False,False,False,False,False,False,False,0,0
237392204,9655,agentic,https://github.com/duneanalytics/spellbook/pull/9655,Algorithm-Level Optimizations,Select Computationally Efficient Algorithms,majority_2_of_3,True,static-reasoning,True,True,False,False,False,False,False,False,False,False,False,False,0,0,,False,False,False,False,False,False,False,False,False,False,0,0
237392204,9656,agentic,https://github.com/duneanalytics/spellbook/pull/9656,"Network, Database, and Data Access Optimization",Relational Query Consolidation (N+1),majority_2_of_3,True,benchmark,True,True,False,False,False,False,False,False,False,False,False,False,0,0,,False,False,False,False,False,False,False,False,False,False,0,0
237647258,10411,agentic,https://github.com/meshtastic/firmware/pull/10411,Code Smells and Structural Simplification,Remove code bloat by removing optional features,majority_2_of_3,True,benchmark,True,True,False,False,False,True,False,False,False,False,False,False,1,1,D3,False,False,False,True,False,False,False,False,False,False,1,1
238797860,16276,human_candidate,https://github.com/ethereum-optimism/optimism/pull/16276,Algorithm-Level Optimizations,Select Computationally Efficient Algorithms,unanimous,True,static-reasoning,True,True,False,True,False,False,False,False,False,False,False,False,1,1,D1,False,False,False,False,False,False,False,False,False,False,0,0
238797860,16420,human_candidate,https://github.com/ethereum-optimism/optimism/pull/16420,Control-Flow and Branching Optimizations,Remove branching with masking,unanimous,True,static-reasoning,True,True,False,False,False,False,False,False,False,False,False,False,0,0,,False,False,False,False,False,False,False,False,False,False,0,0
238797860,17901,human_candidate,https://github.com/ethereum-optimism/optimism/pull/17901,Algorithm-Level Optimizations,Event-Driven Throttling,unanimous,True,static-reasoning,True,True,False,False,False,False,False,False,False,False,False,False,0,0,,False,False,False,False,False,False,False,False,False,False,0,0
238797860,19993,human_candidate,https://github.com/ethereum-optimism/optimism/pull/19993,I/O and Synchronization,Concurrency Control / Rate Limiting,majority_2_of_3,True,static-reasoning,True,True,False,True,False,False,False,False,False,False,False,False,1,1,D1,False,False,False,False,False,False,False,False,False,False,0,0
238797860,20801,agentic,https://github.com/ethereum-optimism/optimism/pull/20801,I/O and Synchronization,Polling,majority_2_of_3,True,static-reasoning,True,True,False,True,False,False,False,False,False,False,False,False,1,1,D1,False,True,False,False,False,False,False,False,False,False,1,1
239957242,874,agentic,https://github.com/magiclabs/magic-js/pull/874,Build & Compilation & Infrastructure Optimization,Enable Build-Time Optimizations,majority_2_of_3,True,benchmark,True,True,False,False,False,False,False,False,True,False,False,False,1,1,D6,False,False,False,False,False,False,True,False,False,False,1,0
240583093,8644,human_candidate,https://github.com/buildbuddy-io/buildbuddy/pull/8644,I/O and Synchronization,Non-Blocking I/O,unanimous,False,none,False,False,False,False,False,False,False,False,False,False,False,False,0,0,,False,False,False,False,False,False,False,False,False,False,0,0
240583093,9580,human_candidate,https://github.com/buildbuddy-io/buildbuddy/pull/9580,Memory and Data Locality Optimizations,Caching,unanimous,True,static-reasoning,True,True,False,False,False,False,False,False,False,False,False,False,0,0,,False,False,False,False,False,False,False,False,False,False,0,0
240583093,9629,human_candidate,https://github.com/buildbuddy-io/buildbuddy/pull/9629,Algorithm-Level Optimizations,Select Space Efficient Algorithm,unanimous,True,static-reasoning,True,True,False,False,False,False,False,False,False,False,False,False,0,0,,False,False,False,False,False,False,False,False,False,False,0,0
240583093,9849,human_candidate,https://github.com/buildbuddy-io/buildbuddy/pull/9849,Code Smells and Structural Simplification,Replace Reflection with Direct Method Calls,majority_2_of_3,True,static-reasoning,True,True,False,False,False,False,False,False,False,False,False,False,0,0,,False,False,False,False,False,False,False,False,False,False,0,0
240583093,10083,human_candidate,https://github.com/buildbuddy-io/buildbuddy/pull/10083,Code Smells and Structural Simplification,Remove Unnecessary Method Calls,unanimous,False,none,False,False,False,False,False,False,False,False,False,False,False,False,0,0,,False,False,False,False,False,False,False,False,False,False,0,0
240583093,10344,human_candidate,https://github.com/buildbuddy-io/buildbuddy/pull/10344,Code Smells and Structural Simplification,Remove code bloat by removing optional features,unanimous,True,unresolved,True,False,False,False,False,False,False,False,False,False,False,False,0,0,,False,False,False,False,False,False,False,False,False,False,0,0
240583093,11319,human_candidate,https://github.com/buildbuddy-io/buildbuddy/pull/11319,I/O and Synchronization,Concurrency Control / Rate Limiting,majority_2_of_3,False,none,False,False,False,False,False,False,False,False,False,False,False,False,0,0,,False,False,False,False,False,False,False,False,False,False,0,0
240583093,11747,human_candidate,https://github.com/buildbuddy-io/buildbuddy/pull/11747,Code Smells and Structural Simplification,Remove code bloat by removing optional features,majority_2_of_3,True,anecdotal,True,True,False,False,False,False,False,False,False,False,False,False,0,0,,False,False,False,False,False,False,False,False,False,False,0,0
240583093,12128,human_candidate,https://github.com/buildbuddy-io/buildbuddy/pull/12128,I/O and Synchronization,Selection I/O size,unanimous,True,benchmark,True,True,False,False,False,False,False,False,True,False,False,False,1,1,D6,False,False,False,False,False,False,False,False,False,False,0,0
240583093,12182,human_candidate,https://github.com/buildbuddy-io/buildbuddy/pull/12182,"Network, Database, and Data Access Optimization",Minimize Payload Size / Pass Reference Instead of Value,majority_2_of_3,True,static-reasoning,True,True,False,False,False,False,False,False,False,False,False,False,0,0,,False,False,False,False,False,False,False,False,False,False,0,0
241248985,3409,agentic,https://github.com/AzureAD/microsoft-identity-web/pull/3409,Memory and Data Locality Optimizations,Optimize Object Use,unanimous,True,static-reasoning,True,True,False,False,False,False,False,False,False,False,False,False,0,0,,False,False,False,False,False,False,False,False,False,False,0,0
241248985,3490,agentic,https://github.com/AzureAD/microsoft-identity-web/pull/3490,Memory and Data Locality Optimizations,Optimize Object Use,unanimous,True,static-reasoning,True,True,False,False,False,False,False,False,False,False,False,False,0,0,,False,False,False,False,False,False,False,False,False,False,0,0
241248985,3495,agentic,https://github.com/AzureAD/microsoft-identity-web/pull/3495,Memory and Data Locality Optimizations,Optimize Object Use,majority_2_of_3,True,static-reasoning,True,True,False,False,False,False,False,False,False,False,False,False,0,0,,False,False,False,False,False,False,False,False,False,False,0,0
241248985,3823,human_candidate,https://github.com/AzureAD/microsoft-identity-web/pull/3823,Memory and Data Locality Optimizations,Cache Eviction Policy,unanimous,False,none,False,False,False,False,False,False,False,False,False,False,False,False,0,0,,False,False,False,False,False,False,False,False,False,False,0,0
245704608,4556,human_candidate,https://github.com/colinhacks/zod/pull/4556,Algorithm-Level Optimizations,Select Computationally Efficient Algorithms,majority_2_of_3,True,benchmark,True,True,False,True,False,False,False,False,False,False,False,False,1,1,D1,False,True,False,False,False,False,False,False,False,False,1,1
247710440,1835,human_candidate,https://github.com/specmatic/specmatic/pull/1835,Algorithm-Level Optimizations,Select Computationally Efficient Algorithms,unanimous,True,static-reasoning,True,True,False,False,False,False,False,False,False,False,False,False,0,0,,False,False,False,False,False,False,False,False,False,False,0,0
249027166,12979,agentic,https://github.com/ohcnetwork/care_fe/pull/12979,Code Smells and Structural Simplification,Remove Unnecessary Method Calls,majority_2_of_3,True,static-reasoning,True,True,False,False,False,False,False,False,False,False,False,False,0,0,,False,False,False,False,False,False,False,False,False,False,0,0
249337717,171,human_candidate,https://github.com/camUrban/PteraSoftware/pull/171,Algorithm-Level Optimizations,Select Computationally Efficient Algorithms,majority_2_of_3,True,benchmark,True,True,False,True,False,False,False,False,False,False,False,False,1,1,D1,False,True,False,False,False,False,False,False,False,False,1,1
254328371,6150,human_candidate,https://github.com/NangoHQ/nango/pull/6150,Algorithm-Level Optimizations,Select Computationally Efficient Algorithms,unanimous,True,static-reasoning,True,True,False,False,False,False,False,False,False,False,False,False,0,0,,False,False,False,False,False,False,False,False,False,False,0,0
255027515,978,human_candidate,https://github.com/hahwul/dalfox/pull/978,Algorithm-Level Optimizations,Select Computationally Efficient Algorithms,unanimous,True,benchmark,True,True,False,True,False,False,False,False,False,False,False,False,1,1,D1,False,True,False,False,False,False,False,False,False,False,1,1
255027515,1055,human_candidate,https://github.com/hahwul/dalfox/pull/1055,Algorithm-Level Optimizations,Select Computationally Efficient Algorithms,unanimous,True,benchmark,True,True,False,False,False,False,False,False,False,False,False,False,0,0,,False,False,False,False,False,False,False,False,False,False,0,0
257089738,590,agentic,https://github.com/EvotecIT/Mailozaurr/pull/590,Control-Flow and Branching Optimizations,Rearranging for early return,unanimous,True,static-reasoning,True,True,False,False,False,False,False,False,False,False,False,False,0,0,,False,False,False,False,False,False,False,False,False,False,0,0
257098489,809,agentic,https://github.com/phel-lang/phel-lang/pull/809,Algorithm-Level Optimizations,Select Algorithm Based on Instruction Speed,unanimous,False,none,False,False,False,False,False,False,False,False,False,False,False,False,0,0,,False,False,False,False,False,False,False,False,False,False,0,0
257098489,823,agentic,https://github.com/phel-lang/phel-lang/pull/823,Memory and Data Locality Optimizations,Caching,unanimous,False,none,False,False,False,False,False,False,False,False,False,False,False,False,0,0,,False,False,False,False,False,False,False,False,False,False,0,0
257098489,1106,human_candidate,https://github.com/phel-lang/phel-lang/pull/1106,Memory and Data Locality Optimizations,Caching,majority_2_of_3,True,static-reasoning,True,True,False,False,False,False,False,False,False,False,False,False,0,0,,False,False,False,False,False,False,False,False,False,False,0,0
257098489,1108,human_candidate,https://github.com/phel-lang/phel-lang/pull/1108,Code Smells and Structural Simplification,Remove Unnecessary Method Calls,unanimous,True,static-reasoning,True,True,False,False,False,False,False,False,False,False,False,False,0,0,,False,False,False,False,False,False,False,False,False,False,0,0
257098489,1109,human_candidate,https://github.com/phel-lang/phel-lang/pull/1109,Algorithm-Level Optimizations,Select Computationally Efficient Algorithms,unanimous,True,static-reasoning,True,True,False,False,False,False,False,False,False,False,False,True,1,1,D9,False,False,False,False,False,False,False,False,False,True,1,1
257098489,1951,human_candidate,https://github.com/phel-lang/phel-lang/pull/1951,Memory and Data Locality Optimizations,Optimize Object Use,unanimous,True,static-reasoning,True,True,False,True,False,False,False,False,False,False,False,False,1,1,D1,False,False,False,False,False,False,False,False,False,False,0,0
257098489,2081,human_candidate,https://github.com/phel-lang/phel-lang/pull/2081,Code Smells and Structural Simplification,Replace Reflection with Direct Method Calls,majority_2_of_3,True,static-reasoning,True,True,False,False,False,False,False,False,False,False,False,False,0,0,,False,False,False,False,False,False,False,False,False,False,0,0
257098489,2108,human_candidate,https://github.com/phel-lang/phel-lang/pull/2108,Code Smells and Structural Simplification,Remove Unnecessary Method Calls,unanimous,False,none,False,False,False,False,False,False,False,False,False,False,False,False,0,0,,False,False,False,False,False,False,False,False,False,False,0,0
257098489,2109,human_candidate,https://github.com/phel-lang/phel-lang/pull/2109,Build & Compilation & Infrastructure Optimization,Enable Build-Time Optimizations,majority_2_of_3,True,static-reasoning,True,True,False,False,False,False,False,False,False,False,False,False,0,0,,False,False,False,False,False,False,False,False,False,False,0,0
257098489,2145,human_candidate,https://github.com/phel-lang/phel-lang/pull/2145,Build & Compilation & Infrastructure Optimization,Compiler Optimization Hints/Directives,unanimous,True,static-reasoning,True,True,False,False,False,False,False,False,False,False,False,False,0,0,,False,False,False,False,False,False,False,False,False,False,0,0
257098489,2152,human_candidate,https://github.com/phel-lang/phel-lang/pull/2152,Memory and Data Locality Optimizations,Optimize Object Use,unanimous,True,static-reasoning,True,True,False,False,False,False,False,False,False,False,False,False,0,0,,False,False,False,False,False,False,False,False,False,False,0,0
257485422,20513,agentic,https://github.com/vitejs/vite/pull/20513,Memory and Data Locality Optimizations,Caching,unanimous,True,benchmark,True,True,False,False,False,False,False,False,False,False,False,False,0,0,,False,False,False,False,False,False,False,False,False,False,0,0
257485422,22151,agentic,https://github.com/vitejs/vite/pull/22151,Control-Flow and Branching Optimizations,Rearranging for early return,unanimous,True,static-reasoning,True,True,False,False,False,False,False,False,False,False,False,False,0,0,,False,False,False,False,False,False,False,False,False,False,0,0
262395224,31015,agentic,https://github.com/dotnet/maui/pull/31015,Code Smells and Structural Simplification,Replace Reflection with Direct Method Calls,unanimous,True,static-reasoning,True,True,False,False,True,False,False,False,False,False,False,False,1,1,D2,False,False,True,False,False,False,False,False,False,False,1,0
262395224,31391,human_candidate,https://github.com/dotnet/maui/pull/31391,Code Smells and Structural Simplification,Remove Unnecessary Method Calls,unanimous,True,profiling,True,True,False,False,False,False,False,False,False,False,False,False,0,0,,False,False,False,False,False,False,False,False,False,False,0,0
262395224,31877,human_candidate,https://github.com/dotnet/maui/pull/31877,Memory and Data Locality Optimizations,Optimize Object Use,unanimous,True,benchmark,True,True,False,True,False,True,False,False,False,False,False,False,2,2,D1|D3,False,True,False,True,False,False,False,False,False,False,2,2
262395224,32382,human_candidate,https://github.com/dotnet/maui/pull/32382,Memory and Data Locality Optimizations,Optimize Object Use,majority_2_of_3,True,benchmark,True,True,False,True,False,True,False,False,False,False,False,False,2,2,D1|D3,False,True,False,True,False,False,False,False,False,False,2,2
262395224,32420,agentic,https://github.com/dotnet/maui/pull/32420,Code Smells and Structural Simplification,Remove Unnecessary Method Calls,unanimous,True,static-reasoning,True,True,False,False,False,False,False,False,True,False,False,False,1,1,D6,False,False,False,False,False,False,True,False,False,False,1,1
262395224,32447,agentic,https://github.com/dotnet/maui/pull/32447,Data Structure Selection and Adaptation,Darwinian Data Structure Selection,unanimous,True,static-reasoning,True,True,False,False,False,False,False,False,False,False,False,False,0,0,,False,False,False,False,False,False,False,False,False,False,0,0
262395224,35475,human_candidate,https://github.com/dotnet/maui/pull/35475,Memory and Data Locality Optimizations,Optimize Object Use,majority_2_of_3,True,benchmark,True,True,False,True,True,True,False,False,False,True,False,False,4,4,D1|D2|D3|D7,False,True,True,True,False,False,False,True,False,False,4,1
262862475,9794,agentic,https://github.com/amplication/amplication/pull/9794,"Network, Database, and Data Access Optimization",Relational Query Consolidation (N+1),unanimous,True,static-reasoning,True,True,False,False,False,False,False,True,False,False,False,False,1,1,D5,False,False,False,False,False,False,False,False,False,False,0,0
263364731,883,agentic,https://github.com/mlco2/codecarbon/pull/883,Code Smells and Structural Simplification,Remove Unnecessary Method Calls,majority_2_of_3,True,benchmark,True,True,False,True,False,False,True,False,False,False,False,False,2,2,D1|D4,False,True,False,False,True,False,False,False,False,False,2,2
265001214,3393,agentic,https://github.com/tokens-studio/figma-plugin/pull/3393,Algorithm-Level Optimizations,Select Computationally Efficient Algorithms,majority_2_of_3,True,benchmark,True,True,True,True,False,False,False,True,False,False,True,False,4,3,D0|D1|D5|D8,False,False,False,False,False,False,False,False,False,False,0,0
265001214,3401,agentic,https://github.com/tokens-studio/figma-plugin/pull/3401,"Network, Database, and Data Access Optimization",Lazy Loading / Deferred Initialization,unanimous,True,static-reasoning,True,True,False,False,False,False,False,False,False,False,False,False,0,0,,False,False,False,False,False,False,False,False,False,False,0,0
265001214,3412,agentic,https://github.com/tokens-studio/figma-plugin/pull/3412,Algorithm-Level Optimizations,Select Computationally Efficient Algorithms,unanimous,True,static-reasoning,True,True,False,False,False,False,False,False,False,False,False,False,0,0,,False,False,False,False,False,False,False,False,False,False,0,0
265001214,3422,agentic,https://github.com/tokens-studio/figma-plugin/pull/3422,Memory and Data Locality Optimizations,Caching,unanimous,True,static-reasoning,True,True,False,False,False,False,False,False,False,False,False,False,0,0,,False,False,False,False,False,False,False,False,False,False,0,0
265001214,3484,agentic,https://github.com/tokens-studio/figma-plugin/pull/3484,Algorithm-Level Optimizations,Select Computationally Efficient Algorithms,unanimous,True,static-reasoning,True,True,False,False,False,False,False,False,False,False,False,False,0,0,,False,False,False,False,False,False,False,False,False,False,0,0
265001214,3532,agentic,https://github.com/tokens-studio/figma-plugin/pull/3532,Memory and Data Locality Optimizations,Caching,unanimous,True,static-reasoning,True,True,False,False,False,False,False,False,False,False,False,False,0,0,,False,False,False,False,False,False,False,False,False,False,0,0
265001214,3655,agentic,https://github.com/tokens-studio/figma-plugin/pull/3655,Algorithm-Level Optimizations,Select Computationally Efficient Algorithms,unanimous,True,static-reasoning,True,True,True,True,False,False,False,False,False,False,False,False,2,1,D0|D1,True,True,False,False,False,False,False,False,False,False,2,2
265001214,3657,agentic,https://github.com/tokens-studio/figma-plugin/pull/3657,Algorithm-Level Optimizations,Select Computationally Efficient Algorithms,unanimous,True,benchmark,True,True,False,True,False,False,False,False,True,False,False,True,3,3,D1|D6|D9,False,True,False,False,False,False,False,False,False,True,2,2
267563398,940,agentic,https://github.com/bennycode/trading-signals/pull/940,I/O and Synchronization,Polling,majority_2_of_3,True,static-reasoning,True,True,False,False,False,False,False,False,False,False,False,False,0,0,,False,False,False,False,False,False,False,False,False,False,0,0
270441630,125,agentic,https://github.com/QuinnDamerell/OctoPrint-OctoEverywhere/pull/125,Code Smells and Structural Simplification,Remove Unnecessary Method Calls,majority_2_of_3,True,benchmark,True,True,True,False,False,False,False,False,False,False,False,False,1,0,D0,True,False,False,False,False,False,False,False,False,False,1,1
274495425,5228,human_candidate,https://github.com/remotion-dev/remotion/pull/5228,Algorithm-Level Optimizations,Select Computationally Efficient Algorithms,unanimous,True,unresolved,True,False,False,False,False,False,False,False,False,False,False,False,0,0,,False,False,False,False,False,False,False,False,False,False,0,0
274495425,7126,agentic,https://github.com/remotion-dev/remotion/pull/7126,Algorithm-Level Optimizations,Event-Driven Throttling,majority_2_of_3,False,none,False,False,False,False,False,False,False,False,False,False,False,False,0,0,,False,False,False,False,False,False,False,False,False,False,0,0
280159108,1833,agentic,https://github.com/lidofinance/core/pull/1833,Code Smells and Structural Simplification,Remove Unnecessary Method Calls,unanimous,True,static-reasoning,True,True,False,False,False,False,False,False,False,False,False,False,0,0,,False,False,False,False,False,False,False,False,False,False,0,0
281765424,17406,human_candidate,https://github.com/microsoft/azurelinux/pull/17406,I/O and Synchronization,Concurrency Control / Lock Optimization,unanimous,False,none,False,False,False,False,False,False,False,False,False,False,False,False,0,0,,False,False,False,False,False,False,False,False,False,False,0,0
284805743,3876,human_candidate,https://github.com/primer/view_components/pull/3876,Algorithm-Level Optimizations,Event-Driven Throttling,majority_2_of_3,False,none,False,False,False,False,False,False,False,False,False,False,False,False,0,0,,False,False,False,False,False,False,False,False,False,False,0,0
284805743,3950,agentic,https://github.com/primer/view_components/pull/3950,"Network, Database, and Data Access Optimization",Lazy Loading / Deferred Initialization,unanimous,True,static-reasoning,True,True,False,False,False,False,False,False,False,False,False,False,0,0,,False,False,False,False,False,False,False,False,False,False,0,0
292427680,2201,agentic,https://github.com/cloudposse/atmos/pull/2201,Code Smells and Structural Simplification,Replace Reflection with Direct Method Calls,majority_2_of_3,True,benchmark,True,True,True,True,False,True,False,False,False,False,False,False,3,2,D0|D1|D3,True,True,False,False,False,False,False,False,False,False,2,1
294371636,979,agentic,https://github.com/Lumiwealth/lumibot/pull/979,Memory and Data Locality Optimizations,Caching,unanimous,True,benchmark,True,True,False,True,False,False,False,False,False,False,False,False,1,1,D1,False,True,False,False,False,False,False,False,False,False,1,1
294371636,1011,agentic,https://github.com/Lumiwealth/lumibot/pull/1011,Build & Compilation & Infrastructure Optimization,Enable Lazy loading for resource,majority_2_of_3,True,benchmark,True,True,False,True,True,True,False,False,False,False,False,False,3,3,D1|D2|D3,False,False,True,True,False,False,False,False,False,False,2,2
294371636,1015,agentic,https://github.com/Lumiwealth/lumibot/pull/1015,Build & Compilation & Infrastructure Optimization,Enable Lazy loading for resource,unanimous,False,none,False,False,False,False,False,False,False,False,False,False,False,False,0,0,,False,False,False,False,False,False,False,False,False,False,0,0
294371636,1016,agentic,https://github.com/Lumiwealth/lumibot/pull/1016,Build & Compilation & Infrastructure Optimization,Enable Lazy loading for resource,majority_2_of_3,False,none,False,False,False,False,False,False,False,False,False,False,False,False,0,0,,False,False,False,False,False,False,False,False,False,False,0,0
294371636,1017,agentic,https://github.com/Lumiwealth/lumibot/pull/1017,Code Smells and Structural Simplification,Remove Unnecessary Method Calls,unanimous,False,none,False,False,False,False,False,False,False,False,False,False,False,False,0,0,,False,False,False,False,False,False,False,False,False,False,0,0
295810364,3864,human_candidate,https://github.com/Azure/azure-sdk-for-rust/pull/3864,Memory and Data Locality Optimizations,Caching,unanimous,True,static-reasoning,True,True,False,False,False,False,False,False,False,False,False,False,0,0,,False,False,False,False,False,False,False,False,False,False,0,0
297778512,8147,human_candidate,https://github.com/onflow/flow-go/pull/8147,Code Smells and Structural Simplification,Remove Unnecessary Method Calls,unanimous,True,static-reasoning,True,True,False,False,False,False,False,False,False,False,False,False,0,0,,False,False,False,False,False,False,False,False,False,False,0,0
298620687,11344,agentic,https://github.com/taiga-family/taiga-ui/pull/11344,"Network, Database, and Data Access Optimization",Lazy Loading / Deferred Initialization,unanimous,True,unresolved,True,False,False,True,False,False,False,False,False,False,False,False,1,1,D1,False,True,False,False,False,False,False,False,False,False,1,0
298620687,11573,agentic,https://github.com/taiga-family/taiga-ui/pull/11573,Algorithm-Level Optimizations,Select Computationally Efficient Algorithms,majority_2_of_3,True,static-reasoning,True,True,False,True,False,False,False,False,False,False,False,False,1,1,D1,False,True,False,False,False,False,False,False,False,False,1,0
302982238,300,agentic,https://github.com/Giorgi/DuckDB.NET/pull/300,Memory and Data Locality Optimizations,Optimize Object Use,unanimous,True,benchmark,True,True,False,False,False,True,False,False,False,False,False,False,1,1,D3,False,False,False,True,False,False,False,False,False,False,1,1
305144746,10761,human_candidate,https://github.com/tinygrad/tinygrad/pull/10761,Algorithm-Level Optimizations,Select Computationally Efficient Algorithms,unanimous,True,static-reasoning,True,True,False,False,False,False,False,False,False,False,False,False,0,0,,False,False,False,False,False,False,False,False,False,False,0,0
305144746,10805,human_candidate,https://github.com/tinygrad/tinygrad/pull/10805,Code Smells and Structural Simplification,Remove Unnecessary Method Calls,majority_2_of_3,True,anecdotal,True,True,False,False,False,False,False,False,False,False,False,False,0,0,,False,False,False,False,False,False,False,False,False,False,0,0
305144746,11149,human_candidate,https://github.com/tinygrad/tinygrad/pull/11149,Code Smells and Structural Simplification,Remove duplicate code,unanimous,False,none,False,False,False,False,False,False,False,False,False,False,False,False,0,0,,False,False,False,False,False,False,False,False,False,False,0,0
305144746,11155,human_candidate,https://github.com/tinygrad/tinygrad/pull/11155,Loop Transformations,Remove Conditional by Loop Unrolling,unanimous,False,none,False,False,False,False,False,False,False,False,False,False,False,False,0,0,,False,False,False,False,False,False,False,False,False,False,0,0
305144746,11437,human_candidate,https://github.com/tinygrad/tinygrad/pull/11437,Code Smells and Structural Simplification,Remove code bloat by removing optional features,unanimous,False,none,False,False,False,False,False,False,False,False,False,False,False,False,0,0,,False,False,False,False,False,False,False,False,False,False,0,0
305144746,11596,human_candidate,https://github.com/tinygrad/tinygrad/pull/11596,Code Smells and Structural Simplification,Remove code bloat by removing optional features,majority_2_of_3,True,unresolved,True,False,False,False,False,False,False,False,False,False,False,False,0,0,,False,False,False,False,False,False,False,False,False,False,0,0
305144746,12558,human_candidate,https://github.com/tinygrad/tinygrad/pull/12558,Code Smells and Structural Simplification,Remove Unnecessary Method Calls,unanimous,False,none,False,False,False,False,False,False,False,False,False,False,False,False,0,0,,False,False,False,False,False,False,False,False,False,False,0,0
305144746,14033,human_candidate,https://github.com/tinygrad/tinygrad/pull/14033,Loop Transformations,Loop Fusion,unanimous,False,none,False,False,False,False,False,False,False,False,False,False,False,False,0,0,,False,False,False,False,False,False,False,False,False,False,0,0
305144746,14119,human_candidate,https://github.com/tinygrad/tinygrad/pull/14119,Memory and Data Locality Optimizations,Caching,unanimous,True,unresolved,True,False,False,True,False,False,False,True,False,False,False,False,2,2,D1|D5,False,True,False,False,False,True,False,False,False,False,2,2
305144746,14595,human_candidate,https://github.com/tinygrad/tinygrad/pull/14595,Memory and Data Locality Optimizations,Caching,unanimous,True,benchmark,True,True,True,False,False,False,True,False,False,False,False,False,2,1,D0|D4,True,False,False,False,False,False,False,False,False,False,1,0
305144746,14679,human_candidate,https://github.com/tinygrad/tinygrad/pull/14679,Memory and Data Locality Optimizations,Caching,unanimous,False,none,False,False,False,False,False,False,False,False,False,False,False,False,0,0,,False,False,False,False,False,False,False,False,False,False,0,0
305144746,14823,human_candidate,https://github.com/tinygrad/tinygrad/pull/14823,Memory and Data Locality Optimizations,Optimize Object Use,unanimous,False,none,False,False,False,False,False,False,False,False,False,False,False,False,0,0,,False,False,False,False,False,False,False,False,False,False,0,0
305144746,15162,human_candidate,https://github.com/tinygrad/tinygrad/pull/15162,Algorithm-Level Optimizations,Select Computationally Efficient Algorithms,unanimous,False,none,False,False,False,False,False,False,False,False,False,False,False,False,0,0,,False,False,False,False,False,False,False,False,False,False,0,0
305144746,15214,human_candidate,https://github.com/tinygrad/tinygrad/pull/15214,Algorithm-Level Optimizations,Select Computationally Efficient Algorithms,unanimous,False,none,False,False,False,False,False,False,False,False,False,False,False,False,0,0,,False,False,False,False,False,False,False,False,False,False,0,0
305144746,15490,human_candidate,https://github.com/tinygrad/tinygrad/pull/15490,Algorithm-Level Optimizations,Select Computationally Efficient Algorithms,unanimous,True,benchmark,True,True,False,True,False,False,False,False,False,False,False,False,1,1,D1,False,True,False,False,False,False,False,False,False,False,1,1
305144746,15737,human_candidate,https://github.com/tinygrad/tinygrad/pull/15737,Memory and Data Locality Optimizations,Buffering,majority_2_of_3,False,none,False,False,False,False,False,False,False,False,False,False,False,False,0,0,,False,False,False,False,False,False,False,False,False,False,0,0
305144746,15953,human_candidate,https://github.com/tinygrad/tinygrad/pull/15953,Memory and Data Locality Optimizations,Caching,unanimous,False,none,False,False,False,False,False,False,False,False,False,False,False,False,0,0,,False,False,False,False,False,False,False,False,False,False,0,0
305144746,16039,human_candidate,https://github.com/tinygrad/tinygrad/pull/16039,Memory and Data Locality Optimizations,Caching,unanimous,False,none,False,False,False,False,False,False,False,False,False,False,False,False,0,0,,False,False,False,False,False,False,False,False,False,False,0,0
305144746,16059,human_candidate,https://github.com/tinygrad/tinygrad/pull/16059,Memory and Data Locality Optimizations,Improve cache locality - spatial locality,unanimous,True,benchmark,True,True,False,True,False,False,False,False,False,False,False,False,1,1,D1,False,True,False,False,False,False,False,False,False,False,1,1
305144746,16104,human_candidate,https://github.com/tinygrad/tinygrad/pull/16104,Algorithm-Level Optimizations,Select Computationally Efficient Algorithms,unanimous,True,benchmark,True,True,False,True,False,False,False,False,False,False,False,False,1,1,D1,False,True,False,False,False,False,False,False,False,False,1,1
305144746,16183,agentic,https://github.com/tinygrad/tinygrad/pull/16183,Code Smells and Structural Simplification,Remove Unnecessary Method Calls,majority_2_of_3,True,benchmark,True,True,False,True,False,False,False,False,False,False,False,False,1,1,D1,False,True,False,False,False,False,False,False,False,False,1,1
305438235,199,agentic,https://github.com/chrxh/alien/pull/199,Algorithm-Level Optimizations,Select Computationally Efficient Algorithms,unanimous,True,static-reasoning,True,True,True,True,False,False,False,True,False,False,False,False,3,2,D0|D1|D5,True,True,False,False,False,True,False,False,False,False,3,3
305438235,201,agentic,https://github.com/chrxh/alien/pull/201,Algorithm-Level Optimizations,Select Computationally Efficient Algorithms,unanimous,True,static-reasoning,True,True,False,True,False,False,False,False,False,False,False,False,1,1,D1,False,True,False,False,False,False,False,False,False,False,1,1
305438235,228,agentic,https://github.com/chrxh/alien/pull/228,Memory and Data Locality Optimizations,Optimize Object Use,majority_2_of_3,True,static-reasoning,True,True,False,False,False,False,False,False,False,False,False,False,0,0,,False,False,False,False,False,False,False,False,False,False,0,0
305438235,252,agentic,https://github.com/chrxh/alien/pull/252,Memory and Data Locality Optimizations,Optimize Object Use,majority_2_of_3,True,static-reasoning,True,True,False,False,False,False,False,False,False,False,False,False,0,0,,False,False,False,False,False,False,False,False,False,False,0,0
305438235,286,agentic,https://github.com/chrxh/alien/pull/286,Algorithm-Level Optimizations,Event-Driven Throttling,unanimous,True,benchmark,True,True,False,True,False,False,False,False,False,False,False,False,1,1,D1,False,True,False,False,False,False,False,False,False,False,1,1
305438235,321,agentic,https://github.com/chrxh/alien/pull/321,Algorithm-Level Optimizations,Select Computationally Efficient Algorithms,unanimous,True,static-reasoning,True,True,False,False,False,False,False,False,False,False,False,False,0,0,,False,False,False,False,False,False,False,False,False,False,0,0
305438235,346,agentic,https://github.com/chrxh/alien/pull/346,Algorithm-Level Optimizations,Select Computationally Efficient Algorithms,majority_2_of_3,True,static-reasoning,True,True,False,False,False,False,False,False,False,False,False,True,1,1,D9,False,False,False,False,False,False,False,False,False,True,1,0
305438235,369,agentic,https://github.com/chrxh/alien/pull/369,Algorithm-Level Optimizations,Select Computationally Efficient Algorithms,unanimous,True,static-reasoning,True,True,False,False,False,False,False,False,False,False,False,False,0,0,,False,False,False,False,False,False,False,False,False,False,0,0
305438235,400,agentic,https://github.com/chrxh/alien/pull/400,Control-Flow and Branching Optimizations,Rearranging for early return,majority_2_of_3,True,static-reasoning,True,True,False,False,False,False,False,False,False,False,False,True,1,1,D9,False,False,False,False,False,False,False,False,False,True,1,0
305438235,409,agentic,https://github.com/chrxh/alien/pull/409,Algorithm-Level Optimizations,Select Algorithm Based on Instruction Speed,majority_2_of_3,True,static-reasoning,True,True,True,True,False,True,False,False,True,False,False,True,5,4,D0|D1|D3|D6|D9,True,True,False,True,False,False,True,False,False,True,5,2
305438235,460,agentic,https://github.com/chrxh/alien/pull/460,Algorithm-Level Optimizations,Structure Algorithm to Support instruction level parallelism (ILP),majority_2_of_3,True,static-reasoning,True,True,False,False,False,False,False,False,False,False,False,True,1,1,D9,False,False,False,False,False,False,False,False,False,True,1,1
305438235,504,agentic,https://github.com/chrxh/alien/pull/504,Algorithm-Level Optimizations,Select Computationally Efficient Algorithms,unanimous,False,none,False,False,False,False,False,False,False,False,False,False,False,False,0,0,,False,False,False,False,False,False,False,False,False,False,0,0
305438235,523,agentic,https://github.com/chrxh/alien/pull/523,Algorithm-Level Optimizations,Select Computationally Efficient Algorithms,unanimous,True,static-reasoning,True,True,False,False,False,False,False,False,False,False,False,False,0,0,,False,False,False,False,False,False,False,False,False,False,0,0
305438235,537,agentic,https://github.com/chrxh/alien/pull/537,Code Smells and Structural Simplification,Remove Unnecessary Method Calls,majority_2_of_3,True,static-reasoning,True,True,False,True,False,False,False,False,False,False,False,False,1,1,D1,False,True,False,False,False,False,False,False,False,False,1,0
305438235,657,agentic,https://github.com/chrxh/alien/pull/657,Memory and Data Locality Optimizations,Optimize Object Use,unanimous,True,static-reasoning,True,True,False,False,False,False,False,False,False,False,False,False,0,0,,False,False,False,False,False,False,False,False,False,False,0,0
307616074,7,agentic,https://github.com/swhan0329/vehicle_speed_estimation/pull/7,Code Smells and Structural Simplification,Remove duplicate code,majority_2_of_3,False,none,False,False,False,False,False,False,False,False,False,False,False,False,0,0,,False,False,False,False,False,False,False,False,False,False,0,0
312271526,4462,human_candidate,https://github.com/oxcaml/oxcaml/pull/4462,Build & Compilation & Infrastructure Optimization,Reduce rebuilding size,majority_2_of_3,False,none,False,False,False,False,False,False,False,False,False,False,False,False,0,0,,False,False,False,False,False,False,False,False,False,False,0,0
312271526,4590,human_candidate,https://github.com/oxcaml/oxcaml/pull/4590,Code Smells and Structural Simplification,Remove Unnecessary Method Calls,majority_2_of_3,True,static-reasoning,True,True,False,False,False,False,False,False,False,False,False,False,0,0,,False,False,False,False,False,False,False,False,False,False,0,0
312271526,5200,human_candidate,https://github.com/oxcaml/oxcaml/pull/5200,Algorithm-Level Optimizations,Select Computationally Efficient Algorithms,majority_2_of_3,False,none,False,False,False,False,False,False,False,False,False,False,False,False,0,0,,False,False,False,False,False,False,False,False,False,False,0,0
312271526,5443,human_candidate,https://github.com/oxcaml/oxcaml/pull/5443,Memory and Data Locality Optimizations,Optimize Object Use,majority_2_of_3,True,static-reasoning,True,True,False,False,False,False,False,False,False,False,False,False,0,0,,False,False,False,False,False,False,False,False,False,False,0,0
312271526,5505,human_candidate,https://github.com/oxcaml/oxcaml/pull/5505,Build & Compilation & Infrastructure Optimization,Compiler Optimization Hints/Directives,unanimous,False,none,False,False,False,False,False,False,False,False,False,False,False,False,0,0,,False,False,False,False,False,False,False,False,False,False,0,0
312271526,5736,human_candidate,https://github.com/oxcaml/oxcaml/pull/5736,Code Smells and Structural Simplification,Remove Unnecessary Method Calls,unanimous,True,static-reasoning,True,True,False,False,False,False,False,False,False,False,False,False,0,0,,False,False,False,False,False,False,False,False,False,False,0,0
312271526,5762,human_candidate,https://github.com/oxcaml/oxcaml/pull/5762,Build & Compilation & Infrastructure Optimization,Enable Build-Time Optimizations,majority_2_of_3,False,none,False,False,False,False,False,False,False,False,False,False,False,False,0,0,,False,False,False,False,False,False,False,False,False,False,0,0
312271526,5863,human_candidate,https://github.com/oxcaml/oxcaml/pull/5863,Algorithm-Level Optimizations,Select Computationally Efficient Algorithms,unanimous,True,static-reasoning,True,True,False,False,False,False,False,False,False,False,False,False,0,0,,False,False,False,False,False,False,False,False,False,False,0,0
314197645,3375,agentic,https://github.com/zenml-io/zenml/pull/3375,I/O and Synchronization,Selection I/O size,majority_2_of_3,True,static-reasoning,True,True,False,False,False,False,False,False,True,False,False,False,1,1,D6,False,False,False,False,False,False,False,False,False,False,0,0
314197645,3684,human_candidate,https://github.com/zenml-io/zenml/pull/3684,"Network, Database, and Data Access Optimization",Minimize Payload Size / Pass Reference Instead of Value,unanimous,True,unresolved,True,False,False,False,False,False,False,False,False,False,False,False,0,0,,False,False,False,False,False,False,False,False,False,False,0,0
314230339,84,agentic,https://github.com/golang-design/clipboard/pull/84,Build & Compilation & Infrastructure Optimization,Enable Build-Time Optimizations,majority_2_of_3,True,benchmark,True,True,False,False,False,True,False,True,True,False,False,False,3,3,D3|D5|D6,False,False,False,False,False,False,False,False,False,False,0,0
320393623,594,agentic,https://github.com/kentcdodds/kentcdodds.com/pull/594,"Network, Database, and Data Access Optimization",Minimize Payload Size / Pass Reference Instead of Value,majority_2_of_3,True,static-reasoning,True,True,False,False,False,False,False,False,False,False,False,False,0,0,,False,False,False,False,False,False,False,False,False,False,0,0
320393623,681,agentic,https://github.com/kentcdodds/kentcdodds.com/pull/681,Memory and Data Locality Optimizations,Caching,unanimous,False,none,False,False,False,False,False,False,False,False,False,False,False,False,0,0,,False,False,False,False,False,False,False,False,False,False,0,0
320393623,683,agentic,https://github.com/kentcdodds/kentcdodds.com/pull/683,Memory and Data Locality Optimizations,Caching,unanimous,False,none,False,False,False,False,False,False,False,False,False,False,False,False,0,0,,False,False,False,False,False,False,False,False,False,False,0,0
320393623,694,agentic,https://github.com/kentcdodds/kentcdodds.com/pull/694,I/O and Synchronization,Non-Blocking I/O,unanimous,False,none,False,False,False,True,False,False,False,False,False,False,False,False,1,1,D1,False,True,False,False,False,False,False,False,False,False,1,1
320393623,712,agentic,https://github.com/kentcdodds/kentcdodds.com/pull/712,Algorithm-Level Optimizations,Event-Driven Throttling,unanimous,True,static-reasoning,True,True,False,True,False,False,False,False,False,False,False,False,1,1,D1,False,True,False,False,False,False,False,False,False,False,1,1
323665366,6671,agentic,https://github.com/microsoft/kiota/pull/6671,I/O and Synchronization,Non-Blocking I/O,unanimous,False,none,False,False,False,False,False,False,False,False,False,False,False,False,0,0,,False,False,False,False,False,False,False,False,False,False,0,0
327696712,5483,human_candidate,https://github.com/celestiaorg/celestia-app/pull/5483,Code Smells and Structural Simplification,Remove Unnecessary Method Calls,majority_2_of_3,True,static-reasoning,True,True,False,False,False,False,False,False,False,False,False,False,0,0,,False,False,False,False,False,False,False,False,False,False,0,0
327696712,6134,human_candidate,https://github.com/celestiaorg/celestia-app/pull/6134,Memory and Data Locality Optimizations,Caching,majority_2_of_3,True,static-reasoning,True,True,False,False,False,False,False,False,False,False,False,False,0,0,,False,False,False,False,False,False,False,False,False,False,0,0
327696712,7075,agentic,https://github.com/celestiaorg/celestia-app/pull/7075,I/O and Synchronization,Concurrency Control / Rate Limiting,unanimous,True,benchmark,True,True,False,True,False,True,False,False,False,False,False,False,2,2,D1|D3,False,True,False,True,False,False,False,False,False,False,2,2
327696712,7213,human_candidate,https://github.com/celestiaorg/celestia-app/pull/7213,Algorithm-Level Optimizations,Structure Algorithm to Support instruction level parallelism (ILP),majority_2_of_3,True,benchmark,True,True,False,True,False,False,False,False,False,False,False,False,1,1,D1,False,True,False,False,False,False,False,False,False,False,1,1
329185461,93,agentic,https://github.com/conchoecia/odp/pull/93,Memory and Data Locality Optimizations,Use Smaller Data Types,majority_2_of_3,True,static-reasoning,True,True,False,False,False,False,False,False,False,False,False,False,0,0,,False,False,False,False,False,False,False,False,False,False,0,0
329185461,107,agentic,https://github.com/conchoecia/odp/pull/107,"Network, Database, and Data Access Optimization",Minimize Payload Size / Pass Reference Instead of Value,majority_2_of_3,False,none,False,False,False,False,False,False,False,False,False,False,False,False,0,0,,False,False,False,False,False,False,False,False,False,False,0,0
336102115,6308,human_candidate,https://github.com/ethyca/fides/pull/6308,I/O and Synchronization,Non-Blocking I/O,unanimous,True,static-reasoning,True,True,False,False,False,False,False,False,False,False,False,False,0,0,,False,False,False,False,False,False,False,False,False,False,0,0
336102115,6310,agentic,https://github.com/ethyca/fides/pull/6310,I/O and Synchronization,Non-Blocking I/O,majority_2_of_3,True,static-reasoning,True,True,False,False,False,False,False,False,False,True,False,False,1,1,D7,False,False,False,False,False,False,False,True,False,False,1,0
336102115,6340,human_candidate,https://github.com/ethyca/fides/pull/6340,"Network, Database, and Data Access Optimization",Batch API Requests (N+1),unanimous,True,static-reasoning,True,True,False,False,False,False,False,False,False,True,False,False,1,1,D7,False,False,False,False,False,False,False,True,False,False,1,0
336102115,7387,human_candidate,https://github.com/ethyca/fides/pull/7387,Memory and Data Locality Optimizations,Optimize Object Use,unanimous,True,static-reasoning,True,True,False,False,False,False,False,False,False,False,False,False,0,0,,False,False,False,False,False,False,False,False,False,False,0,0
338529997,393,agentic,https://github.com/gridaco/grida/pull/393,Algorithm-Level Optimizations,Select Computationally Efficient Algorithms,majority_2_of_3,False,none,False,False,False,False,False,False,False,False,False,False,False,False,0,0,,False,False,False,False,False,False,False,False,False,False,0,0
348132133,4536,agentic,https://github.com/microsoft/fluentui-blazor/pull/4536,Code Smells and Structural Simplification,Remove Unnecessary Method Calls,unanimous,True,static-reasoning,True,True,False,False,False,False,False,False,False,False,False,False,0,0,,False,False,False,False,False,False,False,False,False,False,0,0
348132133,4537,agentic,https://github.com/microsoft/fluentui-blazor/pull/4537,Algorithm-Level Optimizations,Select Computationally Efficient Algorithms,unanimous,True,static-reasoning,True,True,False,False,False,False,False,False,False,False,False,False,0,0,,False,False,False,False,False,False,False,False,False,False,0,0
348132133,4552,agentic,https://github.com/microsoft/fluentui-blazor/pull/4552,Code Smells and Structural Simplification,Remove Unnecessary Method Calls,unanimous,True,static-reasoning,True,True,False,False,False,False,False,False,False,False,False,False,0,0,,False,False,False,False,False,False,False,False,False,False,0,0
348491018,326,agentic,https://github.com/gacela-project/gacela/pull/326,Memory and Data Locality Optimizations,Optimize Object Use,majority_2_of_3,False,none,False,False,False,False,False,False,False,False,False,False,False,False,0,0,,False,False,False,False,False,False,False,False,False,False,0,0
348491018,367,human_candidate,https://github.com/gacela-project/gacela/pull/367,Memory and Data Locality Optimizations,Buffering,unanimous,True,benchmark,True,True,False,True,False,False,False,False,False,False,False,False,1,1,D1,False,True,False,False,False,False,False,False,False,False,1,1
349372179,20288,human_candidate,https://github.com/lightdash/lightdash/pull/20288,"Network, Database, and Data Access Optimization",Minimize Payload Size / Pass Reference Instead of Value,majority_2_of_3,True,static-reasoning,True,True,False,False,False,False,False,False,False,False,False,False,0,0,,False,False,False,False,False,False,False,False,False,False,0,0
349372179,21313,human_candidate,https://github.com/lightdash/lightdash/pull/21313,Memory and Data Locality Optimizations,Caching,unanimous,True,benchmark,True,True,True,True,False,False,False,False,False,False,False,False,2,1,D0|D1,True,True,False,False,False,False,False,False,False,False,2,2
349372179,21547,human_candidate,https://github.com/lightdash/lightdash/pull/21547,Memory and Data Locality Optimizations,Caching,unanimous,False,none,False,False,False,False,False,False,False,False,False,False,False,False,0,0,,False,False,False,False,False,False,False,False,False,False,0,0
349372179,21551,human_candidate,https://github.com/lightdash/lightdash/pull/21551,"Network, Database, and Data Access Optimization",Minimize Payload Size / Pass Reference Instead of Value,unanimous,True,static-reasoning,True,True,False,False,False,False,False,False,False,False,False,False,0,0,,False,False,False,False,False,False,False,False,False,False,0,0
349372179,21627,human_candidate,https://github.com/lightdash/lightdash/pull/21627,Memory and Data Locality Optimizations,Caching,unanimous,True,unresolved,True,False,False,True,False,False,False,False,False,False,False,False,1,1,D1,False,True,False,False,False,False,False,False,False,False,1,1
349372179,21743,agentic,https://github.com/lightdash/lightdash/pull/21743,Memory and Data Locality Optimizations,Optimize Object Use,unanimous,True,profiling,True,True,False,False,False,False,False,False,False,False,False,False,0,0,,False,False,False,False,False,False,False,False,False,False,0,0
349372179,21745,agentic,https://github.com/lightdash/lightdash/pull/21745,Memory and Data Locality Optimizations,Optimize Object Use,unanimous,True,profiling,True,True,False,False,False,False,False,False,False,False,False,False,0,0,,False,False,False,False,False,False,False,False,False,False,0,0
351806852,11990,human_candidate,https://github.com/neondatabase/neon/pull/11990,Memory and Data Locality Optimizations,Caching,unanimous,False,none,False,False,False,False,False,False,False,False,False,False,False,False,0,0,,False,False,False,False,False,False,False,False,False,False,0,0
351806852,12118,human_candidate,https://github.com/neondatabase/neon/pull/12118,I/O and Synchronization,Concurrency Control / Rate Limiting,majority_2_of_3,True,benchmark,True,True,False,False,False,False,False,False,False,True,False,False,1,1,D7,False,False,False,False,False,False,False,True,False,False,1,1
351806852,12660,human_candidate,https://github.com/neondatabase/neon/pull/12660,"Network, Database, and Data Access Optimization",Lazy Loading / Deferred Initialization,majority_2_of_3,True,static-reasoning,True,True,False,False,False,False,False,False,False,False,False,False,0,0,,False,False,False,False,False,False,False,False,False,False,0,0
352933140,13543,human_candidate,https://github.com/ToolJet/ToolJet/pull/13543,Code Smells and Structural Simplification,Remove Unnecessary Method Calls,unanimous,True,static-reasoning,True,True,False,False,False,False,False,False,False,False,False,False,0,0,,False,False,False,False,False,False,False,False,False,False,0,0
360211540,141,agentic,https://github.com/shinnku-nikaidou/shinnku-com/pull/141,I/O and Synchronization,Non-Blocking I/O,unanimous,False,none,False,False,False,False,False,False,False,False,False,False,False,False,0,0,,False,False,False,False,False,False,False,False,False,False,0,0
360238600,6650,human_candidate,https://github.com/medplum/medplum/pull/6650,Control-Flow and Branching Optimizations,Rearranging for early return,majority_2_of_3,False,none,False,False,False,True,False,False,False,False,False,False,False,False,1,1,D1,False,False,False,False,False,False,False,False,False,False,0,0
360238600,7965,human_candidate,https://github.com/medplum/medplum/pull/7965,Algorithm-Level Optimizations,Select Computationally Efficient Algorithms,unanimous,True,benchmark,True,True,True,True,False,False,False,False,False,False,False,False,2,1,D0|D1,True,True,False,False,False,False,False,False,False,False,2,1
360238600,8574,human_candidate,https://github.com/medplum/medplum/pull/8574,Memory and Data Locality Optimizations,Caching,unanimous,False,none,False,False,False,False,False,False,False,False,False,False,False,False,0,0,,False,False,False,False,False,False,False,False,False,False,0,0
360238600,8767,human_candidate,https://github.com/medplum/medplum/pull/8767,Memory and Data Locality Optimizations,Optimize Object Use,majority_2_of_3,False,none,False,False,False,False,False,False,False,False,False,False,False,False,0,0,,False,False,False,False,False,False,False,False,False,False,0,0
365250183,5653,human_candidate,https://github.com/zauberzeug/nicegui/pull/5653,"Network, Database, and Data Access Optimization",Minimize Payload Size / Pass Reference Instead of Value,unanimous,False,none,False,False,False,False,False,False,False,False,False,False,False,False,0,0,,False,False,False,False,False,False,False,False,False,False,0,0
365739812,6175,human_candidate,https://github.com/tldraw/tldraw/pull/6175,Code Smells and Structural Simplification,Remove Unnecessary Method Calls,unanimous,True,static-reasoning,True,True,False,False,False,False,False,False,False,False,False,False,0,0,,False,False,False,False,False,False,False,False,False,False,0,0
365739812,6252,human_candidate,https://github.com/tldraw/tldraw/pull/6252,Memory and Data Locality Optimizations,Caching,unanimous,True,unresolved,True,False,False,False,False,False,False,False,False,False,False,False,0,0,,False,False,False,False,False,False,False,False,False,False,0,0
365739812,7433,human_candidate,https://github.com/tldraw/tldraw/pull/7433,Memory and Data Locality Optimizations,Optimize Object Use,unanimous,True,static-reasoning,True,True,False,False,False,False,False,False,False,False,False,False,0,0,,False,False,False,False,False,False,False,False,False,False,0,0
365739812,8778,human_candidate,https://github.com/tldraw/tldraw/pull/8778,Algorithm-Level Optimizations,Select Computationally Efficient Algorithms,majority_2_of_3,True,benchmark,True,True,False,True,False,False,False,False,False,False,False,False,1,1,D1,False,True,False,False,False,False,False,False,False,False,1,1
368236463,714,human_candidate,https://github.com/syntasso/kratix/pull/714,Build & Compilation & Infrastructure Optimization,Performance-Optimized Dependency Selection,majority_2_of_3,False,none,False,False,False,False,False,False,False,False,False,False,False,False,0,0,,False,False,False,False,False,False,False,False,False,False,0,0
374381865,349,agentic,https://github.com/stack-chan/stack-chan/pull/349,I/O and Synchronization,Selection I/O size,unanimous,False,none,False,False,False,False,False,False,False,False,False,False,False,False,0,0,,False,False,False,False,False,False,False,False,False,False,0,0
376974418,171,agentic,https://github.com/c3rb3ru5d3d53c/binlex/pull/171,Build & Compilation & Infrastructure Optimization,Performance-Optimized Dependency Selection,majority_2_of_3,False,none,False,False,False,True,True,False,False,False,False,False,False,False,2,2,D1|D2,False,False,False,False,False,False,False,False,False,False,0,0
380002519,696,agentic,https://github.com/theosanderson/taxonium/pull/696,Build & Compilation & Infrastructure Optimization,Enable Lazy loading for resource,unanimous,False,none,False,False,False,False,False,False,False,False,False,False,False,False,0,0,,False,False,False,False,False,False,False,False,False,False,0,0
381857226,8169,agentic,https://github.com/microsoft/typespec/pull/8169,Code Smells and Structural Simplification,Remove Unnecessary Method Calls,unanimous,False,none,False,False,False,False,False,False,False,False,False,False,False,False,0,0,,False,False,False,False,False,False,False,False,False,False,0,0
381857226,9184,agentic,https://github.com/microsoft/typespec/pull/9184,I/O and Synchronization,Streaming Implementation Or Optimization),majority_2_of_3,True,static-reasoning,True,True,False,False,False,False,False,False,False,False,False,False,0,0,,False,False,False,False,False,False,False,False,False,False,0,0
381857226,9551,agentic,https://github.com/microsoft/typespec/pull/9551,Memory and Data Locality Optimizations,Optimize Object Use,unanimous,True,unresolved,True,False,True,False,False,False,False,False,False,False,False,False,1,0,D0,True,False,False,False,False,False,False,False,False,False,1,1
381857226,9760,human_candidate,https://github.com/microsoft/typespec/pull/9760,I/O and Synchronization,Non-Blocking I/O,unanimous,False,none,False,False,False,False,False,False,False,False,False,False,False,False,0,0,,False,False,False,False,False,False,False,False,False,False,0,0
381857226,10446,agentic,https://github.com/microsoft/typespec/pull/10446,Memory and Data Locality Optimizations,Optimize Object Use,unanimous,True,static-reasoning,True,True,False,False,False,False,False,False,False,False,False,False,0,0,,False,False,False,False,False,False,False,False,False,False,0,0
381857226,10718,agentic,https://github.com/microsoft/typespec/pull/10718,Memory and Data Locality Optimizations,Caching,unanimous,True,static-reasoning,True,True,False,False,False,True,False,False,False,False,False,False,1,1,D3,False,False,False,True,False,False,False,False,False,False,1,0
385265509,439,agentic,https://github.com/facioquo/stock-indicators-python/pull/439,Algorithm-Level Optimizations,Select Computationally Efficient Algorithms,majority_2_of_3,True,benchmark,True,True,True,True,False,False,False,False,False,False,False,True,3,2,D0|D1|D9,True,True,False,False,False,False,False,False,False,True,3,1
386644013,2234,human_candidate,https://github.com/freenet/freenet-core/pull/2234,I/O and Synchronization,Selection I/O size,unanimous,False,none,False,False,True,True,True,False,False,True,False,False,False,True,5,4,D0|D1|D2|D5|D9,True,True,True,False,False,True,False,False,False,False,4,0
388547709,450,human_candidate,https://github.com/microsoft/Nova/pull/450,Algorithm-Level Optimizations,Select Computationally Efficient Algorithms,unanimous,True,static-reasoning,True,True,False,True,False,False,False,False,False,False,False,False,1,1,D1,False,True,False,False,False,False,False,False,False,False,1,1
388872173,4725,agentic,https://github.com/gear-tech/gear/pull/4725,Memory and Data Locality Optimizations,Optimize Object Use,unanimous,True,static-reasoning,True,True,False,False,False,False,False,False,False,False,False,False,0,0,,False,False,False,False,False,False,False,False,False,False,0,0
388872173,5024,agentic,https://github.com/gear-tech/gear/pull/5024,Memory and Data Locality Optimizations,Optimize Object Use,unanimous,False,none,False,False,False,False,False,False,False,False,False,False,False,False,0,0,,False,False,False,False,False,False,False,False,False,False,0,0
391740664,21376,human_candidate,https://github.com/open-metadata/OpenMetadata/pull/21376,Memory and Data Locality Optimizations,Caching,unanimous,False,none,False,False,False,True,False,False,False,False,False,False,False,False,1,1,D1,False,False,False,False,False,False,False,False,False,False,0,0
391740664,22140,human_candidate,https://github.com/open-metadata/OpenMetadata/pull/22140,Build & Compilation & Infrastructure Optimization,Performance-Optimized Dependency Selection,unanimous,False,none,False,False,False,False,False,False,False,False,False,False,False,False,0,0,,False,False,False,False,False,False,False,False,False,False,0,0
391740664,24709,agentic,https://github.com/open-metadata/OpenMetadata/pull/24709,Memory and Data Locality Optimizations,Optimize Object Use,majority_2_of_3,False,none,False,False,False,False,False,False,False,False,False,False,False,False,0,0,,False,False,False,False,False,False,False,False,False,False,0,0
391740664,26022,human_candidate,https://github.com/open-metadata/OpenMetadata/pull/26022,"Network, Database, and Data Access Optimization",Minimize Payload Size / Pass Reference Instead of Value,unanimous,True,static-reasoning,True,True,False,False,False,False,False,False,False,False,False,False,0,0,,False,False,False,False,False,False,False,False,False,False,0,0
391740664,26485,agentic,https://github.com/open-metadata/OpenMetadata/pull/26485,Code Smells and Structural Simplification,Remove Unnecessary Method Calls,unanimous,True,static-reasoning,True,True,False,False,False,False,False,False,False,False,False,False,0,0,,False,False,False,False,False,False,False,False,False,False,0,0
391740664,28544,human_candidate,https://github.com/open-metadata/OpenMetadata/pull/28544,I/O and Synchronization,Concurrency Control / Rate Limiting,unanimous,True,benchmark,True,True,False,True,False,False,False,False,False,False,False,True,2,2,D1|D9,False,True,False,False,False,False,False,False,False,True,2,2
395140743,4802,human_candidate,https://github.com/skypilot-org/skypilot/pull/4802,Build & Compilation & Infrastructure Optimization,Enable Lazy loading for resource,majority_2_of_3,True,benchmark,True,True,True,True,False,False,False,False,False,False,False,False,2,1,D0|D1,True,True,False,False,False,False,False,False,False,False,2,1
395140743,6879,human_candidate,https://github.com/skypilot-org/skypilot/pull/6879,I/O and Synchronization,Non-Blocking I/O,unanimous,True,static-reasoning,True,True,False,False,False,False,False,False,False,False,False,False,0,0,,False,False,False,False,False,False,False,False,False,False,0,0
395140743,6883,human_candidate,https://github.com/skypilot-org/skypilot/pull/6883,Algorithm-Level Optimizations,Select Computationally Efficient Algorithms,unanimous,True,benchmark,True,True,False,True,False,False,False,False,False,False,False,False,1,1,D1,False,True,False,False,False,False,False,False,False,False,1,1
395140743,6948,human_candidate,https://github.com/skypilot-org/skypilot/pull/6948,I/O and Synchronization,Non-Blocking I/O,unanimous,True,benchmark,True,True,False,True,False,False,False,False,False,False,False,False,1,1,D1,False,True,False,False,False,False,False,False,False,False,1,1
395140743,7690,human_candidate,https://github.com/skypilot-org/skypilot/pull/7690,Memory and Data Locality Optimizations,Caching,unanimous,True,benchmark,True,True,False,False,False,False,False,False,False,False,False,True,1,1,D9,False,False,False,False,False,False,False,False,False,True,1,1
395140743,8342,human_candidate,https://github.com/skypilot-org/skypilot/pull/8342,"Network, Database, and Data Access Optimization",Minimize Payload Size / Pass Reference Instead of Value,majority_2_of_3,False,none,False,False,False,False,False,False,False,False,False,False,False,False,0,0,,False,False,False,False,False,False,False,False,False,False,0,0
395140743,9636,agentic,https://github.com/skypilot-org/skypilot/pull/9636,"Network, Database, and Data Access Optimization",Batch API Requests (N+1),unanimous,True,benchmark,True,True,False,True,False,False,False,True,False,False,False,True,3,3,D1|D5|D9,False,True,False,False,False,True,False,False,False,True,3,0
395140743,9695,human_candidate,https://github.com/skypilot-org/skypilot/pull/9695,I/O and Synchronization,Non-Blocking I/O,unanimous,True,static-reasoning,True,True,False,False,False,False,False,False,False,False,False,False,0,0,,False,False,False,False,False,False,False,False,False,False,0,0
398753576,711,agentic,https://github.com/pdfme/pdfme/pull/711,Memory and Data Locality Optimizations,Caching,unanimous,True,benchmark,True,True,False,True,False,False,False,False,False,False,False,False,1,1,D1,False,True,False,False,False,False,False,False,False,False,1,1
398753576,1225,agentic,https://github.com/pdfme/pdfme/pull/1225,Algorithm-Level Optimizations,Select Computationally Efficient Algorithms,unanimous,True,benchmark,True,True,True,True,False,False,False,False,False,False,False,False,2,1,D0|D1,False,True,False,False,False,False,False,False,False,False,1,1
398753576,1462,agentic,https://github.com/pdfme/pdfme/pull/1462,Memory and Data Locality Optimizations,Caching,unanimous,True,benchmark,True,True,False,True,False,False,False,False,False,False,False,False,1,1,D1,False,True,False,False,False,False,False,False,False,False,1,1
400215964,9138,human_candidate,https://github.com/novuhq/novu/pull/9138,"Network, Database, and Data Access Optimization",Relational Query Consolidation (N+1),majority_2_of_3,False,none,False,False,False,False,False,False,False,False,False,False,False,False,0,0,,False,False,False,False,False,False,False,False,False,False,0,0
400215964,9424,agentic,https://github.com/novuhq/novu/pull/9424,Algorithm-Level Optimizations,Event-Driven Throttling,unanimous,False,none,False,False,False,False,False,False,False,False,False,False,False,False,0,0,,False,False,False,False,False,False,False,False,False,False,0,0
400215964,9771,agentic,https://github.com/novuhq/novu/pull/9771,"Network, Database, and Data Access Optimization",Minimize Payload Size / Pass Reference Instead of Value,majority_2_of_3,True,static-reasoning,True,True,False,False,False,False,False,False,False,False,False,False,0,0,,False,False,False,False,False,False,False,False,False,False,0,0
400215964,9774,agentic,https://github.com/novuhq/novu/pull/9774,I/O and Synchronization,Selection I/O size,unanimous,False,none,False,False,False,False,False,False,False,False,False,False,False,False,0,0,,False,False,False,False,False,False,False,False,False,False,0,0
400215964,9818,agentic,https://github.com/novuhq/novu/pull/9818,"Network, Database, and Data Access Optimization",Batch API Requests (N+1),unanimous,True,static-reasoning,True,True,False,False,False,False,False,True,False,False,False,False,1,1,D5,False,False,False,False,False,True,False,False,False,False,1,1
400215964,9888,agentic,https://github.com/novuhq/novu/pull/9888,I/O and Synchronization,Selection I/O size,unanimous,False,none,False,False,False,False,False,False,False,False,False,False,False,False,0,0,,False,False,False,False,False,False,False,False,False,False,0,0
400215964,10049,human_candidate,https://github.com/novuhq/novu/pull/10049,Code Smells and Structural Simplification,Remove Unnecessary Method Calls,unanimous,True,static-reasoning,True,True,False,False,False,False,False,False,False,False,False,False,0,0,,False,False,False,False,False,False,False,False,False,False,0,0
400215964,10309,agentic,https://github.com/novuhq/novu/pull/10309,"Network, Database, and Data Access Optimization",Batch API Requests (N+1),unanimous,True,static-reasoning,True,True,False,False,False,False,False,True,False,False,False,True,2,2,D5|D9,False,False,False,False,False,True,False,False,False,True,2,0
400215964,10657,agentic,https://github.com/novuhq/novu/pull/10657,"Network, Database, and Data Access Optimization",Minimize Payload Size / Pass Reference Instead of Value,majority_2_of_3,True,profiling,True,True,False,False,False,False,False,False,False,False,False,False,0,0,,False,False,False,False,False,False,False,False,False,False,0,0
400215964,10665,agentic,https://github.com/novuhq/novu/pull/10665,Algorithm-Level Optimizations,Select Computationally Efficient Algorithms,unanimous,True,profiling,True,True,False,False,False,False,False,False,False,False,False,False,0,0,,False,False,False,False,False,False,False,False,False,False,0,0
400215964,10674,agentic,https://github.com/novuhq/novu/pull/10674,"Network, Database, and Data Access Optimization",Batch API Requests (N+1),unanimous,True,profiling,True,True,False,False,False,False,False,False,False,False,False,False,0,0,,False,False,False,False,False,False,False,False,False,False,0,0
400215964,10698,agentic,https://github.com/novuhq/novu/pull/10698,"Network, Database, and Data Access Optimization",Relational Query Consolidation (N+1),majority_2_of_3,True,unresolved,True,False,False,False,False,False,False,False,False,False,False,False,0,0,,False,False,False,False,False,False,False,False,False,False,0,0
400215964,11284,agentic,https://github.com/novuhq/novu/pull/11284,"Network, Database, and Data Access Optimization",Batch API Requests (N+1),majority_2_of_3,True,static-reasoning,True,True,False,False,False,False,False,False,False,False,False,True,1,1,D9,False,False,False,False,False,False,False,False,False,True,1,1
400215964,11360,agentic,https://github.com/novuhq/novu/pull/11360,Memory and Data Locality Optimizations,Caching,majority_2_of_3,True,profiling,True,True,False,False,False,False,False,False,False,False,False,False,0,0,,False,False,False,False,False,False,False,False,False,False,0,0
401807767,2631,human_candidate,https://github.com/Azure/data-api-builder/pull/2631,Algorithm-Level Optimizations,Select Computationally Efficient Algorithms,unanimous,True,unresolved,True,False,False,False,False,False,False,False,False,False,False,False,0,0,,False,False,False,False,False,False,False,False,False,False,0,0
410897288,3413,human_candidate,https://github.com/OffchainLabs/nitro/pull/3413,"Network, Database, and Data Access Optimization",Batch API Requests (N+1),unanimous,False,none,False,False,False,False,False,False,False,False,False,False,False,False,0,0,,False,False,False,False,False,False,False,False,False,False,0,0
410897288,3500,human_candidate,https://github.com/OffchainLabs/nitro/pull/3500,Memory and Data Locality Optimizations,Optimize Object Use,unanimous,True,static-reasoning,True,True,False,False,False,True,False,False,False,False,False,False,1,1,D3,False,False,False,True,False,False,False,False,False,False,1,1
410897288,4079,human_candidate,https://github.com/OffchainLabs/nitro/pull/4079,Memory and Data Locality Optimizations,Caching,unanimous,True,static-reasoning,True,True,False,False,False,False,False,False,False,False,False,False,0,0,,False,False,False,False,False,False,False,False,False,False,0,0
410897288,4474,human_candidate,https://github.com/OffchainLabs/nitro/pull/4474,Build & Compilation & Infrastructure Optimization,Reduce rebuilding size,unanimous,True,benchmark,True,True,False,True,False,False,False,True,False,False,False,True,3,3,D1|D5|D9,False,True,False,False,False,False,False,False,False,False,1,0
410897288,4482,human_candidate,https://github.com/OffchainLabs/nitro/pull/4482,Code Smells and Structural Simplification,Remove Unnecessary Method Calls,majority_2_of_3,True,static-reasoning,True,True,False,True,False,True,False,False,False,False,False,False,2,2,D1|D3,False,True,False,True,False,False,False,False,False,False,2,0
410897288,4605,agentic,https://github.com/OffchainLabs/nitro/pull/4605,Memory and Data Locality Optimizations,Optimize Object Use,unanimous,True,static-reasoning,True,True,False,True,False,False,False,False,False,False,False,False,1,1,D1,False,True,False,False,False,False,False,False,False,False,1,0
412511427,197,agentic,https://github.com/fgilde/MudBlazor.Extensions/pull/197,Memory and Data Locality Optimizations,Caching,unanimous,True,static-reasoning,True,True,False,False,False,False,False,False,False,False,False,False,0,0,,False,False,False,False,False,False,False,False,False,False,0,0
412759104,408,human_candidate,https://github.com/mikepenz/multiplatform-markdown-renderer/pull/408,Memory and Data Locality Optimizations,Caching,unanimous,False,none,False,False,False,False,False,False,False,False,False,False,False,False,0,0,,False,False,False,False,False,False,False,False,False,False,0,0
413794983,2221,human_candidate,https://github.com/microsoft/AL-Go/pull/2221,"Network, Database, and Data Access Optimization",Minimize Payload Size / Pass Reference Instead of Value,majority_2_of_3,True,static-reasoning,True,True,False,False,False,False,False,False,False,False,False,False,0,0,,False,False,False,False,False,False,False,False,False,False,0,0
413918947,10623,agentic,https://github.com/vercel/turborepo/pull/10623,I/O and Synchronization,Streaming Implementation Or Optimization),unanimous,True,static-reasoning,True,True,False,False,False,True,False,False,False,False,False,False,1,1,D3,False,False,False,True,False,False,False,False,False,False,1,1
413918947,11887,human_candidate,https://github.com/vercel/turborepo/pull/11887,"Network, Database, and Data Access Optimization",Batch API Requests (N+1),majority_2_of_3,True,benchmark,True,True,False,True,False,False,False,False,False,False,False,False,1,1,D1,False,True,False,False,False,False,False,False,False,False,1,1
413918947,11915,human_candidate,https://github.com/vercel/turborepo/pull/11915,Memory and Data Locality Optimizations,Optimize Object Use,unanimous,True,benchmark,True,True,False,True,False,True,False,True,False,False,False,False,3,3,D1|D3|D5,False,True,False,True,False,True,False,False,False,False,3,3
413918947,11929,human_candidate,https://github.com/vercel/turborepo/pull/11929,Memory and Data Locality Optimizations,Optimize Object Use,majority_2_of_3,True,unresolved,True,False,False,True,False,False,False,False,False,False,False,True,2,2,D1|D9,False,True,False,False,False,False,False,False,False,True,2,2
413918947,11965,human_candidate,https://github.com/vercel/turborepo/pull/11965,Build & Compilation & Infrastructure Optimization,Compiler Optimization Hints/Directives,majority_2_of_3,True,profiling,True,True,False,True,False,False,False,False,False,False,False,False,1,1,D1,False,True,False,False,False,False,False,False,False,False,1,1
413918947,11988,human_candidate,https://github.com/vercel/turborepo/pull/11988,Memory and Data Locality Optimizations,Optimize Object Use,majority_2_of_3,True,benchmark,True,True,False,True,False,False,False,False,False,False,False,False,1,1,D1,False,True,False,False,False,False,False,False,False,False,1,1
413918947,12569,human_candidate,https://github.com/vercel/turborepo/pull/12569,Memory and Data Locality Optimizations,Caching,majority_2_of_3,True,static-reasoning,True,True,False,False,False,False,False,False,False,False,False,False,0,0,,False,False,False,False,False,False,False,False,False,False,0,0
422711680,2146,agentic,https://github.com/jaseci-labs/jaseci/pull/2146,Build & Compilation & Infrastructure Optimization,Enable Lazy loading for resource,majority_2_of_3,True,static-reasoning,True,True,False,False,False,False,False,False,False,False,False,False,0,0,,False,False,False,False,False,False,False,False,False,False,0,0
422711680,5232,human_candidate,https://github.com/jaseci-labs/jaseci/pull/5232,Memory and Data Locality Optimizations,Caching,unanimous,False,none,False,False,False,False,False,False,False,False,False,False,False,False,0,0,,False,False,False,False,False,False,False,False,False,False,0,0
422711680,5269,human_candidate,https://github.com/jaseci-labs/jaseci/pull/5269,Memory and Data Locality Optimizations,Caching,unanimous,True,benchmark,True,True,False,True,False,False,False,False,False,False,False,False,1,1,D1,False,True,False,False,False,False,False,False,False,False,1,1
422711680,5574,human_candidate,https://github.com/jaseci-labs/jaseci/pull/5574,Memory and Data Locality Optimizations,Caching,unanimous,True,benchmark,True,True,False,True,False,False,False,False,False,False,False,False,1,1,D1,False,True,False,False,False,False,False,False,False,False,1,0
426970395,60,agentic,https://github.com/gindemit/unity-rlottie/pull/60,I/O and Synchronization,Concurrency Control / Rate Limiting,unanimous,False,none,False,False,False,False,False,False,False,False,False,False,False,False,0,0,,False,False,False,False,False,False,False,False,False,False,0,0
429221032,208,agentic,https://github.com/andrewlock/NetEscapades.EnumGenerators/pull/208,Code Smells and Structural Simplification,Replace Reflection with Direct Method Calls,unanimous,False,none,False,False,False,False,False,False,False,False,False,False,False,False,0,0,,False,False,False,False,False,False,False,False,False,False,0,0
430749584,11267,human_candidate,https://github.com/OneKeyHQ/app-monorepo/pull/11267,"Network, Database, and Data Access Optimization",Lazy Loading / Deferred Initialization,unanimous,True,static-reasoning,True,True,False,False,False,False,False,False,False,False,False,False,0,0,,False,False,False,False,False,False,False,False,False,False,0,0
430749584,11798,agentic,https://github.com/OneKeyHQ/app-monorepo/pull/11798,Memory and Data Locality Optimizations,Caching,unanimous,False,none,False,False,False,True,False,False,True,False,False,False,False,False,2,2,D1|D4,False,True,False,False,True,False,False,False,False,False,2,0
433321004,3615,agentic,https://github.com/manifoldmarkets/manifold/pull/3615,Algorithm-Level Optimizations,Select Computationally Efficient Algorithms,majority_2_of_3,False,none,False,False,False,False,False,False,False,False,False,False,False,False,0,0,,False,False,False,False,False,False,False,False,False,False,0,0
433321004,3616,agentic,https://github.com/manifoldmarkets/manifold/pull/3616,Algorithm-Level Optimizations,Select Computationally Efficient Algorithms,unanimous,False,none,False,False,False,False,False,False,False,False,False,False,False,False,0,0,,False,False,False,False,False,False,False,False,False,False,0,0
434366539,388,agentic,https://github.com/cschleiden/go-workflows/pull/388,I/O and Synchronization,Concurrency Control / Rate Limiting,unanimous,False,none,False,False,False,False,False,False,False,False,False,False,False,False,0,0,,False,False,False,False,False,False,False,False,False,False,0,0
436466520,9067,agentic,https://github.com/rilldata/rill/pull/9067,Algorithm-Level Optimizations,Event-Driven Throttling,unanimous,True,static-reasoning,True,True,False,False,False,False,False,False,False,False,False,False,0,0,,False,False,False,False,False,False,False,False,False,False,0,0
436658287,5745,human_candidate,https://github.com/surrealdb/surrealdb/pull/5745,I/O and Synchronization,Streaming Implementation Or Optimization),majority_2_of_3,True,static-reasoning,True,True,False,False,False,False,False,False,False,False,False,False,0,0,,False,False,False,False,False,False,False,False,False,False,0,0
436658287,6700,human_candidate,https://github.com/surrealdb/surrealdb/pull/6700,Algorithm-Level Optimizations,Select Computationally Efficient Algorithms,unanimous,True,unresolved,True,False,False,True,False,False,False,False,False,False,False,False,1,1,D1,False,True,False,False,False,False,False,False,False,False,1,1
436658287,6824,human_candidate,https://github.com/surrealdb/surrealdb/pull/6824,Memory and Data Locality Optimizations,Cache Eviction Policy,majority_2_of_3,False,none,False,False,False,False,False,True,False,False,False,False,False,False,1,1,D3,False,False,False,False,False,False,False,False,False,False,0,0
436658287,7081,human_candidate,https://github.com/surrealdb/surrealdb/pull/7081,Algorithm-Level Optimizations,Select Computationally Efficient Algorithms,unanimous,True,benchmark,True,True,False,True,False,False,False,False,False,False,False,False,1,1,D1,False,True,False,False,False,False,False,False,False,False,1,1
440017777,218,agentic,https://github.com/softmaple/softmaple/pull/218,Build & Compilation & Infrastructure Optimization,Enable Lazy loading for resource,unanimous,True,benchmark,True,True,False,False,False,False,False,False,True,False,False,False,1,1,D6,False,False,False,False,False,False,True,False,False,False,1,1
440017777,677,agentic,https://github.com/softmaple/softmaple/pull/677,Algorithm-Level Optimizations,Select Computationally Efficient Algorithms,unanimous,True,static-reasoning,True,True,False,False,False,False,False,False,False,False,False,False,0,0,,False,False,False,False,False,False,False,False,False,False,0,0
440017777,678,agentic,https://github.com/softmaple/softmaple/pull/678,Algorithm-Level Optimizations,Select Computationally Efficient Algorithms,unanimous,True,benchmark,True,True,False,False,False,False,False,False,False,False,False,False,0,0,,False,False,False,False,False,False,False,False,False,False,0,0
440017777,680,agentic,https://github.com/softmaple/softmaple/pull/680,Algorithm-Level Optimizations,Select Computationally Efficient Algorithms,unanimous,True,benchmark,True,True,False,True,False,False,False,False,False,False,False,False,1,1,D1,False,True,False,False,False,False,False,False,False,False,1,1
440017777,682,agentic,https://github.com/softmaple/softmaple/pull/682,Algorithm-Level Optimizations,Select Computationally Efficient Algorithms,unanimous,True,static-reasoning,True,True,False,False,False,False,False,False,False,False,False,False,0,0,,False,False,False,False,False,False,False,False,False,False,0,0
440017777,683,agentic,https://github.com/softmaple/softmaple/pull/683,Algorithm-Level Optimizations,Select Computationally Efficient Algorithms,majority_2_of_3,True,benchmark,True,True,False,True,False,False,False,False,False,False,False,False,1,1,D1,False,True,False,False,False,False,False,False,False,False,1,1
440017777,684,agentic,https://github.com/softmaple/softmaple/pull/684,"Network, Database, and Data Access Optimization",Minimize Payload Size / Pass Reference Instead of Value,majority_2_of_3,True,benchmark,True,True,False,False,False,True,False,True,False,False,False,True,3,3,D3|D5|D9,False,False,False,False,False,True,False,False,False,True,2,0
440017777,693,agentic,https://github.com/softmaple/softmaple/pull/693,Algorithm-Level Optimizations,Select Computationally Efficient Algorithms,majority_2_of_3,True,benchmark,True,True,False,True,False,False,False,False,False,False,False,False,1,1,D1,False,True,False,False,False,False,False,False,False,False,1,0
442321089,1066,agentic,https://github.com/Cap-go/capgo/pull/1066,"Network, Database, and Data Access Optimization",Batch API Requests (N+1),unanimous,True,static-reasoning,True,True,False,False,False,False,False,False,False,False,False,False,0,0,,False,False,False,False,False,False,False,False,False,False,0,0
442321089,1108,agentic,https://github.com/Cap-go/capgo/pull/1108,"Network, Database, and Data Access Optimization",Relational Query Consolidation (N+1),majority_2_of_3,True,static-reasoning,True,True,False,False,False,False,False,False,False,False,False,False,0,0,,False,False,False,False,False,False,False,False,False,False,0,0
442321089,1868,agentic,https://github.com/Cap-go/capgo/pull/1868,Code Smells and Structural Simplification,Remove Unnecessary Method Calls,unanimous,True,unresolved,True,False,False,False,False,False,False,False,False,False,False,False,0,0,,False,False,False,False,False,False,False,False,False,False,0,0
442321089,1908,agentic,https://github.com/Cap-go/capgo/pull/1908,"Network, Database, and Data Access Optimization",Lazy Loading / Deferred Initialization,unanimous,True,static-reasoning,True,True,False,False,False,False,False,False,False,False,False,False,0,0,,False,False,False,False,False,False,False,False,False,False,0,0
442321089,2042,agentic,https://github.com/Cap-go/capgo/pull/2042,"Network, Database, and Data Access Optimization",Lazy Loading / Deferred Initialization,majority_2_of_3,True,benchmark,True,True,False,False,False,False,False,False,False,False,False,False,0,0,,False,False,False,False,False,False,False,False,False,False,0,0
442321089,2044,agentic,https://github.com/Cap-go/capgo/pull/2044,"Network, Database, and Data Access Optimization",Lazy Loading / Deferred Initialization,majority_2_of_3,True,benchmark,True,True,False,False,False,False,False,False,False,False,False,False,0,0,,False,False,False,False,False,False,False,False,False,False,0,0
442321089,2073,agentic,https://github.com/Cap-go/capgo/pull/2073,"Network, Database, and Data Access Optimization",Relational Query Consolidation (N+1),majority_2_of_3,True,benchmark,True,True,False,False,False,False,False,False,False,False,False,False,0,0,,False,False,False,False,False,False,False,False,False,False,0,0
442321089,2076,agentic,https://github.com/Cap-go/capgo/pull/2076,Code Smells and Structural Simplification,Remove code bloat by removing optional features,majority_2_of_3,True,benchmark,True,True,False,True,False,False,False,False,False,False,False,False,1,1,D1,False,True,False,False,False,False,False,False,False,False,1,0
442321089,2273,agentic,https://github.com/Cap-go/capgo/pull/2273,Code Smells and Structural Simplification,Remove duplicate code,unanimous,True,static-reasoning,True,True,False,False,False,False,False,False,False,False,False,False,0,0,,False,False,False,False,False,False,False,False,False,False,0,0
442321089,2337,agentic,https://github.com/Cap-go/capgo/pull/2337,Code Smells and Structural Simplification,Remove code bloat by removing optional features,unanimous,True,benchmark,True,True,False,False,False,False,False,False,False,False,False,False,0,0,,False,False,False,False,False,False,False,False,False,False,0,0
445862991,181,agentic,https://github.com/tomhrr/cosh/pull/181,Memory and Data Locality Optimizations,Caching,unanimous,True,static-reasoning,True,True,False,False,False,False,False,False,False,False,False,False,0,0,,False,False,False,False,False,False,False,False,False,False,0,0
446093093,961,agentic,https://github.com/elementary-data/dbt-data-reliability/pull/961,"Network, Database, and Data Access Optimization",Batch API Requests (N+1),unanimous,True,static-reasoning,True,True,False,False,False,False,False,False,False,False,False,False,0,0,,False,False,False,False,False,False,False,False,False,False,0,0
448599559,11637,human_candidate,https://github.com/deepflowio/deepflow/pull/11637,I/O and Synchronization,Concurrency Control / Rate Limiting,unanimous,False,none,False,False,False,False,False,False,False,False,False,False,False,False,0,0,,False,False,False,False,False,False,False,False,False,False,0,0
449656810,2166,agentic,https://github.com/pkuehnel/TeslaSolarCharger/pull/2166,I/O and Synchronization,Streaming Implementation Or Optimization),unanimous,True,static-reasoning,True,True,False,False,False,False,False,False,True,False,False,False,1,1,D6,False,False,False,False,False,False,True,False,False,False,1,0
452221115,2691,agentic,https://github.com/dlt-hub/dlt/pull/2691,Build & Compilation & Infrastructure Optimization,Reduce rebuilding size,unanimous,True,static-reasoning,True,True,False,False,False,False,False,False,False,False,False,False,0,0,,False,False,False,False,False,False,False,False,False,False,0,0
453068084,22069,human_candidate,https://github.com/risingwavelabs/risingwave/pull/22069,Algorithm-Level Optimizations,Select Computationally Efficient Algorithms,majority_2_of_3,True,unresolved,True,False,False,False,False,False,False,False,False,False,False,False,0,0,,False,False,False,False,False,False,False,False,False,False,0,0
453068084,23987,human_candidate,https://github.com/risingwavelabs/risingwave/pull/23987,Code Smells and Structural Simplification,Remove code bloat by removing optional features,unanimous,True,static-reasoning,True,True,False,False,False,False,False,False,False,False,False,False,0,0,,False,False,False,False,False,False,False,False,False,False,0,0
453068084,25764,human_candidate,https://github.com/risingwavelabs/risingwave/pull/25764,"Network, Database, and Data Access Optimization",Minimize Payload Size / Pass Reference Instead of Value,majority_2_of_3,True,benchmark,True,True,False,False,False,False,False,False,False,False,False,False,0,0,,False,False,False,False,False,False,False,False,False,False,0,0
456470362,3129,agentic,https://github.com/polkadot-cloud/polkadot-staking-dashboard/pull/3129,Algorithm-Level Optimizations,Select Computationally Efficient Algorithms,majority_2_of_3,True,static-reasoning,True,True,False,False,False,False,False,False,False,False,False,False,0,0,,False,False,False,False,False,False,False,False,False,False,0,0
456470362,3321,agentic,https://github.com/polkadot-cloud/polkadot-staking-dashboard/pull/3321,Code Smells and Structural Simplification,Remove Unnecessary Method Calls,unanimous,True,static-reasoning,True,True,False,False,False,False,False,False,False,False,False,False,0,0,,False,False,False,False,False,False,False,False,False,False,0,0
460125865,3058,agentic,https://github.com/demergent-labs/azle/pull/3058,Code Smells and Structural Simplification,Remove code bloat by removing optional features,majority_2_of_3,True,unresolved,True,False,False,False,False,False,False,False,False,False,False,False,0,0,,False,False,False,False,False,False,False,False,False,False,0,0
460609164,902,agentic,https://github.com/writer/writer-framework/pull/902,Algorithm-Level Optimizations,Select Computationally Efficient Algorithms,unanimous,True,static-reasoning,True,True,False,False,False,False,False,False,False,False,False,False,0,0,,False,False,False,False,False,False,False,False,False,False,0,0
464577591,2441,human_candidate,https://github.com/microsoft/onnxscript/pull/2441,Code Smells and Structural Simplification,Remove Unnecessary Method Calls,unanimous,False,none,False,False,False,True,False,False,False,False,False,False,False,False,1,1,D1,False,True,False,False,False,False,False,False,False,False,1,0
464630029,5140,human_candidate,https://github.com/getlago/lago-api/pull/5140,"Network, Database, and Data Access Optimization",Relational Query Consolidation (N+1),majority_2_of_3,True,benchmark,True,True,False,True,False,False,False,False,False,False,False,False,1,1,D1,False,True,False,False,False,False,False,False,False,False,1,1
464630029,5455,human_candidate,https://github.com/getlago/lago-api/pull/5455,Algorithm-Level Optimizations,Select Computationally Efficient Algorithms,majority_2_of_3,True,benchmark,True,True,False,True,False,False,False,False,False,False,False,False,1,1,D1,False,True,False,False,False,False,False,False,False,False,1,1
464630029,5593,human_candidate,https://github.com/getlago/lago-api/pull/5593,"Network, Database, and Data Access Optimization",Relational Query Consolidation (N+1),majority_2_of_3,True,static-reasoning,True,True,False,False,False,False,False,False,False,False,False,False,0,0,,False,False,False,False,False,False,False,False,False,False,0,0
466513703,705,human_candidate,https://github.com/kornia/kornia-rs/pull/705,Memory and Data Locality Optimizations,Optimize Object Use,unanimous,True,static-reasoning,True,True,False,False,False,False,False,False,False,False,False,False,0,0,,False,False,False,False,False,False,False,False,False,False,0,0
475909036,308,human_candidate,https://github.com/microsoft/go-mssqldb/pull/308,Memory and Data Locality Optimizations,Optimize Object Use,unanimous,True,profiling,True,True,False,False,False,False,False,False,False,False,False,False,0,0,,False,False,False,False,False,False,False,False,False,False,0,0
476642602,10648,human_candidate,https://github.com/web-infra-dev/rspack/pull/10648,Build & Compilation & Infrastructure Optimization,Reduce rebuilding size,unanimous,True,benchmark,True,True,False,False,False,False,False,False,False,False,False,False,0,0,,False,False,False,False,False,False,False,False,False,False,0,0
476642602,10677,agentic,https://github.com/web-infra-dev/rspack/pull/10677,Data Structure Selection and Adaptation,Darwinian Data Structure Selection,unanimous,True,benchmark,True,True,False,False,False,False,False,False,False,False,False,False,0,0,,False,False,False,False,False,False,False,False,False,False,0,0
476642602,11179,human_candidate,https://github.com/web-infra-dev/rspack/pull/11179,Memory and Data Locality Optimizations,Optimize Object Use,majority_2_of_3,True,benchmark,True,True,False,False,False,False,False,False,False,False,False,False,0,0,,False,False,False,False,False,False,False,False,False,False,0,0
476642602,11320,agentic,https://github.com/web-infra-dev/rspack/pull/11320,Algorithm-Level Optimizations,Select Computationally Efficient Algorithms,unanimous,True,benchmark,True,True,False,False,False,False,False,False,False,False,False,False,0,0,,False,False,False,False,False,False,False,False,False,False,0,0
476642602,12058,agentic,https://github.com/web-infra-dev/rspack/pull/12058,Memory and Data Locality Optimizations,Optimize Object Use,unanimous,True,benchmark,True,True,False,False,False,False,False,False,False,False,False,False,0,0,,False,False,False,False,False,False,False,False,False,False,0,0
476642602,12560,agentic,https://github.com/web-infra-dev/rspack/pull/12560,Data Structure Selection and Adaptation,Darwinian Data Structure Selection,unanimous,True,benchmark,True,True,False,True,False,True,False,False,True,False,False,False,3,3,D1|D3|D6,False,True,False,True,False,False,True,False,False,False,3,0
476642602,13010,agentic,https://github.com/web-infra-dev/rspack/pull/13010,Memory and Data Locality Optimizations,Optimize Object Use,majority_2_of_3,True,benchmark,True,True,False,False,False,False,False,False,True,False,False,False,1,1,D6,False,False,False,False,False,False,True,False,False,False,1,0
476642602,13011,agentic,https://github.com/web-infra-dev/rspack/pull/13011,Memory and Data Locality Optimizations,Optimize Object Use,unanimous,False,none,False,False,False,False,False,False,False,False,False,False,False,False,0,0,,False,False,False,False,False,False,False,False,False,False,0,0
476642602,13020,agentic,https://github.com/web-infra-dev/rspack/pull/13020,Code Smells and Structural Simplification,Remove code bloat by removing optional features,unanimous,True,benchmark,True,True,False,True,False,True,False,False,True,False,False,False,3,3,D1|D3|D6,False,True,False,True,False,False,True,False,False,False,3,0
476642602,13024,agentic,https://github.com/web-infra-dev/rspack/pull/13024,Memory and Data Locality Optimizations,Caching,unanimous,True,benchmark,True,True,False,True,False,True,False,False,True,False,False,False,3,3,D1|D3|D6,False,True,False,True,False,False,True,False,False,False,3,0
476642602,13068,human_candidate,https://github.com/web-infra-dev/rspack/pull/13068,Memory and Data Locality Optimizations,Caching,unanimous,True,benchmark,True,True,False,True,False,True,False,False,True,False,False,False,3,3,D1|D3|D6,False,True,False,True,False,False,True,False,False,False,3,0
476642602,13069,agentic,https://github.com/web-infra-dev/rspack/pull/13069,Memory and Data Locality Optimizations,Optimize Object Use,unanimous,True,benchmark,True,True,False,False,False,False,False,False,True,False,False,False,1,1,D6,False,False,False,False,False,False,True,False,False,False,1,0
476642602,13130,agentic,https://github.com/web-infra-dev/rspack/pull/13130,Algorithm-Level Optimizations,Select Computationally Efficient Algorithms,majority_2_of_3,True,unresolved,True,False,False,False,False,False,False,False,True,False,False,False,1,1,D6,False,False,False,False,False,False,True,False,False,False,1,0
476642602,13131,agentic,https://github.com/web-infra-dev/rspack/pull/13131,Algorithm-Level Optimizations,Structure Algorithm to Support instruction level parallelism (ILP),majority_2_of_3,True,benchmark,True,True,False,True,False,True,False,False,True,False,False,False,3,3,D1|D3|D6,False,True,False,True,False,False,True,False,False,False,3,0
476642602,13133,agentic,https://github.com/web-infra-dev/rspack/pull/13133,I/O and Synchronization,Non-Blocking I/O,majority_2_of_3,True,benchmark,True,True,False,True,False,True,False,False,True,False,False,False,3,3,D1|D3|D6,False,True,False,True,False,False,True,False,False,False,3,0
476642602,13142,agentic,https://github.com/web-infra-dev/rspack/pull/13142,Data Structure Selection and Adaptation,Darwinian Data Structure Selection,unanimous,True,benchmark,True,True,False,False,False,False,False,False,True,False,False,False,1,1,D6,False,False,False,False,False,False,True,False,False,False,1,0
476642602,13143,agentic,https://github.com/web-infra-dev/rspack/pull/13143,Data Structure Selection and Adaptation,Darwinian Data Structure Selection,unanimous,True,benchmark,True,True,False,True,False,True,False,False,True,False,False,False,3,3,D1|D3|D6,False,True,False,True,False,False,True,False,False,False,3,0
476642602,13158,agentic,https://github.com/web-infra-dev/rspack/pull/13158,Memory and Data Locality Optimizations,Optimize Object Use,unanimous,True,benchmark,True,True,False,True,False,True,False,False,True,False,False,False,3,3,D1|D3|D6,False,True,False,True,False,False,True,False,False,False,3,0
476642602,13191,human_candidate,https://github.com/web-infra-dev/rspack/pull/13191,Algorithm-Level Optimizations,Select Computationally Efficient Algorithms,unanimous,True,benchmark,True,True,False,True,False,True,False,False,True,False,False,False,3,3,D1|D3|D6,False,True,False,True,False,False,True,False,False,False,3,0
476642602,13227,agentic,https://github.com/web-infra-dev/rspack/pull/13227,Memory and Data Locality Optimizations,Optimize Object Use,majority_2_of_3,True,benchmark,True,True,False,True,False,True,False,False,True,False,False,False,3,3,D1|D3|D6,False,True,False,True,False,False,True,False,False,False,3,0
476642602,13228,agentic,https://github.com/web-infra-dev/rspack/pull/13228,Data Structure Selection and Adaptation,Darwinian Data Structure Selection,unanimous,True,benchmark,True,True,False,True,False,True,False,False,True,False,False,False,3,3,D1|D3|D6,False,True,False,True,False,False,True,False,False,False,3,0
476642602,13229,human_candidate,https://github.com/web-infra-dev/rspack/pull/13229,Algorithm-Level Optimizations,Select Computationally Efficient Algorithms,unanimous,True,benchmark,True,True,False,True,False,True,False,False,True,False,False,False,3,3,D1|D3|D6,False,True,False,True,False,False,True,False,False,False,3,0
476642602,13243,agentic,https://github.com/web-infra-dev/rspack/pull/13243,Memory and Data Locality Optimizations,Optimize Object Use,unanimous,True,benchmark,True,True,False,True,False,True,False,False,True,False,False,False,3,3,D1|D3|D6,False,True,False,True,False,False,True,False,False,False,3,0
476642602,13272,agentic,https://github.com/web-infra-dev/rspack/pull/13272,Code Smells and Structural Simplification,Remove code bloat by removing optional features,majority_2_of_3,True,benchmark,True,True,False,True,False,True,False,False,True,False,False,False,3,3,D1|D3|D6,False,True,False,True,False,False,True,False,False,False,3,0
476642602,13306,agentic,https://github.com/web-infra-dev/rspack/pull/13306,Memory and Data Locality Optimizations,Optimize Object Use,unanimous,True,benchmark,True,True,False,True,False,True,False,False,True,False,False,False,3,3,D1|D3|D6,False,True,False,True,False,False,True,False,False,False,3,0
476642602,13309,human_candidate,https://github.com/web-infra-dev/rspack/pull/13309,Code Smells and Structural Simplification,Remove code bloat by removing optional features,majority_2_of_3,True,benchmark,True,True,False,True,False,True,False,False,True,False,False,False,3,3,D1|D3|D6,False,True,False,True,False,False,True,False,False,False,3,0
476642602,13338,agentic,https://github.com/web-infra-dev/rspack/pull/13338,Memory and Data Locality Optimizations,Use Smaller Data Types,unanimous,True,benchmark,True,True,False,False,False,False,False,False,True,False,False,False,1,1,D6,False,False,False,False,False,False,True,False,False,False,1,0
476642602,13478,agentic,https://github.com/web-infra-dev/rspack/pull/13478,Code Smells and Structural Simplification,Remove Unnecessary Method Calls,unanimous,True,benchmark,True,True,False,True,False,True,False,False,True,False,False,False,3,3,D1|D3|D6,False,True,False,True,False,False,True,False,False,False,3,0
476642602,13490,agentic,https://github.com/web-infra-dev/rspack/pull/13490,Memory and Data Locality Optimizations,Caching,unanimous,True,benchmark,True,True,False,True,False,True,False,False,True,False,False,False,3,3,D1|D3|D6,False,True,False,True,False,False,True,False,False,False,3,0
476642602,13493,agentic,https://github.com/web-infra-dev/rspack/pull/13493,Memory and Data Locality Optimizations,Optimize Object Use,unanimous,True,benchmark,True,True,False,True,False,True,False,False,True,False,False,False,3,3,D1|D3|D6,False,True,False,True,False,False,True,False,False,False,3,0
476642602,13495,agentic,https://github.com/web-infra-dev/rspack/pull/13495,Memory and Data Locality Optimizations,Optimize Object Use,majority_2_of_3,True,benchmark,True,True,False,True,False,True,False,False,True,False,False,False,3,3,D1|D3|D6,False,True,False,True,False,False,True,False,False,False,3,0
476642602,13501,agentic,https://github.com/web-infra-dev/rspack/pull/13501,Memory and Data Locality Optimizations,Caching,unanimous,True,benchmark,True,True,False,True,False,True,False,False,True,False,False,False,3,3,D1|D3|D6,False,True,False,True,False,False,True,False,False,False,3,0
476642602,13509,agentic,https://github.com/web-infra-dev/rspack/pull/13509,Memory and Data Locality Optimizations,Optimize Object Use,unanimous,True,benchmark,True,True,False,True,False,True,False,False,True,False,False,False,3,3,D1|D3|D6,False,True,False,True,False,False,True,False,False,False,3,0
476642602,13513,agentic,https://github.com/web-infra-dev/rspack/pull/13513,Memory and Data Locality Optimizations,Optimize Object Use,majority_2_of_3,True,benchmark,True,True,False,True,False,True,False,False,True,False,False,False,3,3,D1|D3|D6,False,True,False,True,False,False,True,False,False,False,3,0
476642602,13535,agentic,https://github.com/web-infra-dev/rspack/pull/13535,Algorithm-Level Optimizations,Select Computationally Efficient Algorithms,majority_2_of_3,True,benchmark,True,True,False,True,False,True,False,False,True,False,False,False,3,3,D1|D3|D6,False,True,False,True,False,False,True,False,False,False,3,0
476642602,13536,agentic,https://github.com/web-infra-dev/rspack/pull/13536,Algorithm-Level Optimizations,Select Computationally Efficient Algorithms,unanimous,True,benchmark,True,True,False,True,False,True,False,False,True,False,False,False,3,3,D1|D3|D6,False,True,False,True,False,False,True,False,False,False,3,0
476642602,13545,agentic,https://github.com/web-infra-dev/rspack/pull/13545,Memory and Data Locality Optimizations,Optimize Object Use,majority_2_of_3,True,benchmark,True,True,False,True,False,True,False,False,True,False,False,False,3,3,D1|D3|D6,False,True,False,True,False,False,True,False,False,False,3,0
476642602,13556,agentic,https://github.com/web-infra-dev/rspack/pull/13556,Algorithm-Level Optimizations,Select Computationally Efficient Algorithms,majority_2_of_3,True,benchmark,True,True,False,True,False,True,False,False,True,False,False,False,3,3,D1|D3|D6,False,True,False,True,False,False,True,False,False,False,3,0
476642602,13564,agentic,https://github.com/web-infra-dev/rspack/pull/13564,Data Structure Selection and Adaptation,Darwinian Data Structure Selection,majority_2_of_3,True,benchmark,True,True,True,True,False,True,False,False,True,False,False,False,4,3,D0|D1|D3|D6,True,True,False,True,False,False,True,False,False,False,4,0
476642602,13566,agentic,https://github.com/web-infra-dev/rspack/pull/13566,Code Smells and Structural Simplification,Remove Unnecessary Method Calls,unanimous,True,benchmark,True,True,False,True,False,True,False,False,True,False,False,False,3,3,D1|D3|D6,False,True,False,True,False,False,True,False,False,False,3,0
476642602,13578,agentic,https://github.com/web-infra-dev/rspack/pull/13578,Algorithm-Level Optimizations,Select Computationally Efficient Algorithms,majority_2_of_3,True,benchmark,True,True,False,True,False,False,False,False,True,False,False,False,2,2,D1|D6,False,True,False,False,False,False,True,False,False,False,2,0
476642602,13579,agentic,https://github.com/web-infra-dev/rspack/pull/13579,Memory and Data Locality Optimizations,Caching,unanimous,True,benchmark,True,True,True,True,False,False,False,False,True,False,False,False,3,2,D0|D1|D6,True,True,False,False,False,False,True,False,False,False,3,0
476642602,13581,agentic,https://github.com/web-infra-dev/rspack/pull/13581,Memory and Data Locality Optimizations,Optimize Object Use,unanimous,True,benchmark,True,True,False,True,False,False,False,False,True,False,False,False,2,2,D1|D6,False,True,False,False,False,False,True,False,False,False,2,0
476642602,13609,agentic,https://github.com/web-infra-dev/rspack/pull/13609,Algorithm-Level Optimizations,Select Computationally Efficient Algorithms,unanimous,True,benchmark,True,True,True,True,False,True,False,False,True,False,False,False,4,3,D0|D1|D3|D6,True,True,False,True,False,False,True,False,False,False,4,0
476642602,13617,agentic,https://github.com/web-infra-dev/rspack/pull/13617,Memory and Data Locality Optimizations,Caching,unanimous,True,benchmark,True,True,False,True,False,True,False,False,True,False,False,False,3,3,D1|D3|D6,False,True,False,True,False,False,True,False,False,False,3,0
476642602,13631,agentic,https://github.com/web-infra-dev/rspack/pull/13631,Code Smells and Structural Simplification,Remove code bloat by removing optional features,unanimous,True,benchmark,True,True,True,True,False,False,False,False,True,False,False,False,3,2,D0|D1|D6,True,True,False,False,False,False,True,False,False,False,3,0
476642602,13634,agentic,https://github.com/web-infra-dev/rspack/pull/13634,Memory and Data Locality Optimizations,Optimize Object Use,unanimous,True,benchmark,True,True,False,True,False,True,False,False,True,False,False,False,3,3,D1|D3|D6,False,True,False,True,False,False,True,False,False,False,3,0
476642602,13646,agentic,https://github.com/web-infra-dev/rspack/pull/13646,Algorithm-Level Optimizations,Select Computationally Efficient Algorithms,majority_2_of_3,True,benchmark,True,True,False,True,False,True,False,False,True,False,False,False,3,3,D1|D3|D6,False,True,False,True,False,False,True,False,False,False,3,0
476642602,13647,agentic,https://github.com/web-infra-dev/rspack/pull/13647,Code Smells and Structural Simplification,Remove Unnecessary Method Calls,majority_2_of_3,True,benchmark,True,True,False,True,False,True,False,False,True,False,False,False,3,3,D1|D3|D6,False,True,False,True,False,False,True,False,False,False,3,0
476642602,13662,agentic,https://github.com/web-infra-dev/rspack/pull/13662,"Network, Database, and Data Access Optimization",Lazy Loading / Deferred Initialization,majority_2_of_3,True,benchmark,True,True,False,True,False,True,False,False,True,False,False,False,3,3,D1|D3|D6,False,True,False,True,False,False,True,False,False,False,3,0
476642602,13668,agentic,https://github.com/web-infra-dev/rspack/pull/13668,Memory and Data Locality Optimizations,Caching,unanimous,True,benchmark,True,True,False,True,False,True,False,False,True,False,False,False,3,3,D1|D3|D6,False,True,False,True,False,False,True,False,False,False,3,0
476642602,13674,agentic,https://github.com/web-infra-dev/rspack/pull/13674,Memory and Data Locality Optimizations,Caching,majority_2_of_3,True,benchmark,True,True,False,True,False,True,False,False,True,True,False,False,4,4,D1|D3|D6|D7,False,True,False,True,False,False,True,True,False,False,4,0
476642602,13714,agentic,https://github.com/web-infra-dev/rspack/pull/13714,Memory and Data Locality Optimizations,Caching,unanimous,True,benchmark,True,True,False,True,False,True,False,False,False,False,False,False,2,2,D1|D3,False,True,False,True,False,False,False,False,False,False,2,0
476642602,13759,agentic,https://github.com/web-infra-dev/rspack/pull/13759,Memory and Data Locality Optimizations,Optimize Object Use,majority_2_of_3,True,benchmark,True,True,False,True,False,True,False,False,True,False,False,False,3,3,D1|D3|D6,False,True,False,True,False,False,True,False,False,False,3,0
476642602,13774,agentic,https://github.com/web-infra-dev/rspack/pull/13774,Data Structure Selection and Adaptation,Darwinian Data Structure Selection,majority_2_of_3,True,benchmark,True,True,False,True,False,False,False,False,True,False,False,False,2,2,D1|D6,False,True,False,False,False,False,True,False,False,False,2,0
476642602,13787,agentic,https://github.com/web-infra-dev/rspack/pull/13787,Memory and Data Locality Optimizations,Optimize Object Use,unanimous,True,benchmark,True,True,False,True,False,False,False,False,True,False,False,False,2,2,D1|D6,False,True,False,False,False,False,True,False,False,False,2,0
476642602,13788,agentic,https://github.com/web-infra-dev/rspack/pull/13788,Memory and Data Locality Optimizations,Optimize Object Use,unanimous,True,benchmark,True,True,False,True,False,True,False,False,True,False,False,False,3,3,D1|D3|D6,False,True,False,True,False,False,True,False,False,False,3,0
476642602,13806,agentic,https://github.com/web-infra-dev/rspack/pull/13806,Memory and Data Locality Optimizations,Optimize Object Use,majority_2_of_3,True,benchmark,True,True,False,True,False,False,False,False,True,False,False,False,2,2,D1|D6,False,True,False,False,False,False,True,False,False,False,2,0
476642602,13808,agentic,https://github.com/web-infra-dev/rspack/pull/13808,Memory and Data Locality Optimizations,Caching,unanimous,True,benchmark,True,True,False,True,False,True,False,False,True,False,False,False,3,3,D1|D3|D6,False,True,False,True,False,False,True,False,False,False,3,0
476642602,13821,agentic,https://github.com/web-infra-dev/rspack/pull/13821,Memory and Data Locality Optimizations,Optimize Object Use,unanimous,True,benchmark,True,True,False,True,False,False,False,False,True,False,False,False,2,2,D1|D6,False,True,False,False,False,False,True,False,False,False,2,0
476642602,13841,agentic,https://github.com/web-infra-dev/rspack/pull/13841,Memory and Data Locality Optimizations,Optimize Object Use,unanimous,True,benchmark,True,True,False,True,False,False,False,False,True,False,False,False,2,2,D1|D6,False,True,False,False,False,False,True,False,False,False,2,0
476642602,13842,agentic,https://github.com/web-infra-dev/rspack/pull/13842,Memory and Data Locality Optimizations,Optimize Object Use,unanimous,True,benchmark,True,True,False,True,False,False,False,False,False,False,False,False,1,1,D1,False,True,False,False,False,False,False,False,False,False,1,0
476642602,13851,agentic,https://github.com/web-infra-dev/rspack/pull/13851,Memory and Data Locality Optimizations,Optimize Object Use,unanimous,True,static-reasoning,True,True,False,False,False,False,False,False,True,False,False,False,1,1,D6,False,False,False,False,False,False,True,False,False,False,1,0
476642602,13854,agentic,https://github.com/web-infra-dev/rspack/pull/13854,Memory and Data Locality Optimizations,Caching,majority_2_of_3,True,benchmark,True,True,False,True,False,True,False,True,False,False,False,False,3,3,D1|D3|D5,False,True,False,True,False,True,False,False,False,False,3,0
476642602,13858,agentic,https://github.com/web-infra-dev/rspack/pull/13858,Code Smells and Structural Simplification,Remove Unnecessary Method Calls,majority_2_of_3,True,benchmark,True,True,False,False,False,False,False,False,True,False,False,False,1,1,D6,False,False,False,False,False,False,True,False,False,False,1,0
476642602,13859,agentic,https://github.com/web-infra-dev/rspack/pull/13859,Memory and Data Locality Optimizations,Optimize Object Use,majority_2_of_3,True,benchmark,True,True,False,True,False,True,False,True,True,False,False,False,4,4,D1|D3|D5|D6,False,True,False,True,False,True,True,False,False,False,4,0
476642602,13873,agentic,https://github.com/web-infra-dev/rspack/pull/13873,Data Structure Selection and Adaptation,Darwinian Data Structure Selection,unanimous,True,benchmark,True,True,False,True,False,True,False,True,True,False,False,False,4,4,D1|D3|D5|D6,False,True,False,True,False,True,True,False,False,False,4,0
476642602,13876,agentic,https://github.com/web-infra-dev/rspack/pull/13876,Memory and Data Locality Optimizations,Optimize Object Use,unanimous,True,benchmark,True,True,False,True,False,True,False,True,True,False,False,False,4,4,D1|D3|D5|D6,False,True,False,True,False,True,True,False,False,False,4,0
476642602,13926,agentic,https://github.com/web-infra-dev/rspack/pull/13926,Memory and Data Locality Optimizations,Optimize Object Use,majority_2_of_3,True,benchmark,True,True,False,True,False,True,False,True,True,False,False,False,4,4,D1|D3|D5|D6,False,True,False,True,False,True,True,False,False,False,4,0
476642602,13932,agentic,https://github.com/web-infra-dev/rspack/pull/13932,Code Smells and Structural Simplification,Remove code bloat by removing optional features,unanimous,True,benchmark,True,True,False,False,False,False,False,False,False,False,False,False,0,0,,False,False,False,False,False,False,False,False,False,False,0,0
476642602,13935,agentic,https://github.com/web-infra-dev/rspack/pull/13935,Memory and Data Locality Optimizations,Optimize Object Use,unanimous,True,benchmark,True,True,False,False,False,False,False,False,False,False,False,False,0,0,,False,False,False,False,False,False,False,False,False,False,0,0
476642602,13936,agentic,https://github.com/web-infra-dev/rspack/pull/13936,Memory and Data Locality Optimizations,Optimize Object Use,unanimous,True,benchmark,True,True,False,True,False,True,False,True,True,False,False,False,4,4,D1|D3|D5|D6,False,True,False,True,False,True,True,False,False,False,4,0
476642602,13951,agentic,https://github.com/web-infra-dev/rspack/pull/13951,"Network, Database, and Data Access Optimization",Lazy Loading / Deferred Initialization,majority_2_of_3,True,benchmark,True,True,False,False,False,False,False,False,True,False,False,False,1,1,D6,False,False,False,False,False,False,True,False,False,False,1,0
476642602,13955,agentic,https://github.com/web-infra-dev/rspack/pull/13955,Memory and Data Locality Optimizations,Caching,majority_2_of_3,True,benchmark,True,True,False,False,False,False,False,False,True,False,False,False,1,1,D6,False,False,False,False,False,False,True,False,False,False,1,0
476642602,13968,agentic,https://github.com/web-infra-dev/rspack/pull/13968,Memory and Data Locality Optimizations,Optimize Object Use,unanimous,True,benchmark,True,True,False,True,False,True,False,True,False,False,False,False,3,3,D1|D3|D5,False,True,False,True,False,True,False,False,False,False,3,0
476642602,13973,agentic,https://github.com/web-infra-dev/rspack/pull/13973,Memory and Data Locality Optimizations,Optimize Object Use,unanimous,True,benchmark,True,True,False,True,False,True,False,True,False,False,False,False,3,3,D1|D3|D5,False,True,False,True,False,True,False,False,False,False,3,0
476642602,13975,agentic,https://github.com/web-infra-dev/rspack/pull/13975,Memory and Data Locality Optimizations,Caching,majority_2_of_3,True,benchmark,True,True,False,False,False,False,False,False,False,False,False,False,0,0,,False,False,False,False,False,False,False,False,False,False,0,0
476642602,13990,agentic,https://github.com/web-infra-dev/rspack/pull/13990,Data Structure Selection and Adaptation,Darwinian Data Structure Selection,majority_2_of_3,True,benchmark,True,True,False,True,False,False,False,False,True,False,False,False,2,2,D1|D6,False,True,False,False,False,False,True,False,False,False,2,0
476642602,14013,agentic,https://github.com/web-infra-dev/rspack/pull/14013,Algorithm-Level Optimizations,Select Computationally Efficient Algorithms,unanimous,True,unresolved,True,False,False,False,False,False,False,False,True,False,False,False,1,1,D6,False,False,False,False,False,False,True,False,False,False,1,0
476642602,14014,agentic,https://github.com/web-infra-dev/rspack/pull/14014,Memory and Data Locality Optimizations,Caching,unanimous,True,benchmark,True,True,False,False,False,False,False,False,True,False,False,False,1,1,D6,False,False,False,False,False,False,True,False,False,False,1,0
476642602,14019,agentic,https://github.com/web-infra-dev/rspack/pull/14019,Memory and Data Locality Optimizations,Optimize Object Use,majority_2_of_3,True,profiling,True,True,False,False,False,False,False,False,True,False,False,False,1,1,D6,False,False,False,False,False,False,True,False,False,False,1,0
476642602,14020,agentic,https://github.com/web-infra-dev/rspack/pull/14020,Algorithm-Level Optimizations,Select Computationally Efficient Algorithms,unanimous,True,unresolved,True,False,False,True,False,False,False,False,True,False,False,False,2,2,D1|D6,False,True,False,False,False,False,True,False,False,False,2,0
476642602,14041,agentic,https://github.com/web-infra-dev/rspack/pull/14041,Memory and Data Locality Optimizations,Optimize Object Use,majority_2_of_3,True,benchmark,True,True,False,True,False,True,False,False,True,False,True,False,4,4,D1|D3|D6|D8,False,True,False,True,False,False,True,False,True,False,4,0
476642602,14042,agentic,https://github.com/web-infra-dev/rspack/pull/14042,Memory and Data Locality Optimizations,Optimize Object Use,unanimous,True,benchmark,True,True,False,False,False,False,False,False,True,False,False,False,1,1,D6,False,False,False,False,False,False,True,False,False,False,1,0
476642602,14075,agentic,https://github.com/web-infra-dev/rspack/pull/14075,Memory and Data Locality Optimizations,Optimize Object Use,majority_2_of_3,True,benchmark,True,True,False,True,False,True,False,True,True,False,False,False,4,4,D1|D3|D5|D6,False,True,False,True,False,True,True,False,False,False,4,0
476642602,14097,agentic,https://github.com/web-infra-dev/rspack/pull/14097,Memory and Data Locality Optimizations,Optimize Object Use,unanimous,True,benchmark,True,True,False,False,False,False,False,False,True,False,False,False,1,1,D6,False,False,False,False,False,False,True,False,False,False,1,0
476642602,14101,agentic,https://github.com/web-infra-dev/rspack/pull/14101,Code Smells and Structural Simplification,Remove Unnecessary Method Calls,unanimous,True,benchmark,True,True,False,True,False,False,False,False,False,False,False,False,1,1,D1,False,True,False,False,False,False,False,False,False,False,1,0
476642602,14103,human_candidate,https://github.com/web-infra-dev/rspack/pull/14103,Build & Compilation & Infrastructure Optimization,Compiler Optimization Hints/Directives,unanimous,True,benchmark,True,True,False,True,False,True,False,True,True,False,False,False,4,4,D1|D3|D5|D6,False,True,False,True,False,True,True,False,False,False,4,0
476642602,14148,agentic,https://github.com/web-infra-dev/rspack/pull/14148,Data Structure Selection and Adaptation,Darwinian Data Structure Selection,unanimous,True,benchmark,True,True,False,True,False,True,False,True,True,False,False,False,4,4,D1|D3|D5|D6,False,True,False,True,False,True,True,False,False,False,4,0
476642602,14149,agentic,https://github.com/web-infra-dev/rspack/pull/14149,Memory and Data Locality Optimizations,Caching,unanimous,True,benchmark,True,True,False,False,False,False,False,False,True,False,False,False,1,1,D6,False,False,False,False,False,False,True,False,False,False,1,0
476642602,14164,agentic,https://github.com/web-infra-dev/rspack/pull/14164,Algorithm-Level Optimizations,Select Computationally Efficient Algorithms,unanimous,True,unresolved,True,False,False,False,False,False,False,False,True,False,False,False,1,1,D6,False,False,False,False,False,False,True,False,False,False,1,0
476642602,14172,agentic,https://github.com/web-infra-dev/rspack/pull/14172,Memory and Data Locality Optimizations,Optimize Object Use,unanimous,True,benchmark,True,True,False,False,False,False,False,False,True,False,False,False,1,1,D6,False,False,False,False,False,False,True,False,False,False,1,0
476642602,14186,human_candidate,https://github.com/web-infra-dev/rspack/pull/14186,Algorithm-Level Optimizations,Select Computationally Efficient Algorithms,unanimous,True,benchmark,True,True,False,True,False,True,False,True,True,False,False,False,4,4,D1|D3|D5|D6,False,True,False,True,False,True,True,False,False,False,4,0
476642602,14196,agentic,https://github.com/web-infra-dev/rspack/pull/14196,Algorithm-Level Optimizations,Select Computationally Efficient Algorithms,majority_2_of_3,True,benchmark,True,True,False,True,False,False,False,False,True,False,False,False,2,2,D1|D6,False,True,False,False,False,False,True,False,False,False,2,0
476642602,14205,agentic,https://github.com/web-infra-dev/rspack/pull/14205,Data Structure Selection and Adaptation,Darwinian Data Structure Selection,unanimous,True,benchmark,True,True,False,True,False,False,False,False,True,False,False,False,2,2,D1|D6,False,True,False,False,False,False,True,False,False,False,2,0
476642602,14209,human_candidate,https://github.com/web-infra-dev/rspack/pull/14209,Memory and Data Locality Optimizations,Caching,unanimous,True,benchmark,True,True,False,True,False,True,False,True,True,False,False,False,4,4,D1|D3|D5|D6,False,True,False,True,False,True,True,False,False,False,4,0
476642602,14229,agentic,https://github.com/web-infra-dev/rspack/pull/14229,Memory and Data Locality Optimizations,Optimize Object Use,unanimous,True,benchmark,True,True,False,True,False,False,False,False,True,False,False,False,2,2,D1|D6,False,True,False,False,False,False,True,False,False,False,2,0
476642602,14242,agentic,https://github.com/web-infra-dev/rspack/pull/14242,Memory and Data Locality Optimizations,Caching,majority_2_of_3,True,benchmark,True,True,False,False,False,False,False,False,True,False,False,False,1,1,D6,False,False,False,False,False,False,True,False,False,False,1,0
478037973,3131,human_candidate,https://github.com/embeddings-benchmark/mteb/pull/3131,I/O and Synchronization,Streaming Implementation Or Optimization),majority_2_of_3,False,none,False,False,False,True,False,False,False,False,False,False,False,False,1,1,D1,False,False,False,False,False,False,False,False,False,False,0,0
478037973,4467,human_candidate,https://github.com/embeddings-benchmark/mteb/pull/4467,Memory and Data Locality Optimizations,Caching,unanimous,True,unresolved,True,False,False,True,False,True,False,False,False,False,False,False,2,2,D1|D3,False,True,False,True,False,False,False,False,False,False,2,2
481206475,1005,human_candidate,https://github.com/eigenwallet/core/pull/1005,Memory and Data Locality Optimizations,Caching,unanimous,True,static-reasoning,True,True,False,False,False,False,False,False,False,False,False,False,0,0,,False,False,False,False,False,False,False,False,False,False,0,0
486815039,5899,agentic,https://github.com/actualbudget/actual/pull/5899,"Network, Database, and Data Access Optimization",Lazy Loading / Deferred Initialization,majority_2_of_3,False,none,False,False,False,False,False,False,False,False,True,False,False,False,1,1,D6,False,False,False,False,False,False,True,False,False,False,1,0
486815039,5921,agentic,https://github.com/actualbudget/actual/pull/5921,"Network, Database, and Data Access Optimization",Lazy Loading / Deferred Initialization,majority_2_of_3,False,none,False,False,False,False,False,False,False,False,True,False,False,False,1,1,D6,False,False,False,False,False,False,True,False,False,False,1,0
490854123,1381,human_candidate,https://github.com/rocket-admin/rocketadmin/pull/1381,Memory and Data Locality Optimizations,Caching,majority_2_of_3,False,none,False,False,False,False,False,False,False,False,False,False,False,False,0,0,,False,False,False,False,False,False,False,False,False,False,0,0
501095512,3389,human_candidate,https://github.com/odigos-io/odigos/pull/3389,Build & Compilation & Infrastructure Optimization,Enable Build-Time Optimizations,unanimous,True,benchmark,True,True,False,False,False,False,False,False,True,False,False,False,1,1,D6,False,False,False,False,False,False,False,False,False,False,0,0
501095512,3595,human_candidate,https://github.com/odigos-io/odigos/pull/3595,Code Smells and Structural Simplification,Remove code bloat by removing optional features,unanimous,True,benchmark,True,True,False,False,False,True,False,False,False,False,False,False,1,1,D3,False,False,False,True,False,False,False,False,False,False,1,1
501095512,4388,human_candidate,https://github.com/odigos-io/odigos/pull/4388,Memory and Data Locality Optimizations,Optimize Object Use,unanimous,False,none,False,False,False,False,False,False,False,False,False,False,False,False,0,0,,False,False,False,False,False,False,False,False,False,False,0,0
501372599,2492,human_candidate,https://github.com/openfga/openfga/pull/2492,Code Smells and Structural Simplification,Remove Unnecessary Method Calls,majority_2_of_3,False,none,False,False,False,False,False,False,False,False,False,False,False,False,0,0,,False,False,False,False,False,False,False,False,False,False,0,0
509436902,933,human_candidate,https://github.com/PriorLabs/TabPFN/pull/933,Memory and Data Locality Optimizations,Optimize Object Use,majority_2_of_3,True,static-reasoning,True,True,False,False,False,False,False,False,False,False,False,False,0,0,,False,False,False,False,False,False,False,False,False,False,0,0
510889311,6418,agentic,https://github.com/Azure/azure-dev/pull/6418,Memory and Data Locality Optimizations,Caching,unanimous,True,benchmark,True,True,True,True,False,False,False,False,False,False,False,False,2,1,D0|D1,True,True,False,False,False,False,False,False,False,False,2,2
510889311,6963,human_candidate,https://github.com/Azure/azure-dev/pull/6963,Memory and Data Locality Optimizations,Caching,unanimous,True,static-reasoning,True,True,False,False,False,False,False,False,False,False,False,False,0,0,,False,False,False,False,False,False,False,False,False,False,0,0
510889311,7332,agentic,https://github.com/Azure/azure-dev/pull/7332,"Network, Database, and Data Access Optimization",Batch API Requests (N+1),unanimous,True,benchmark,True,True,False,True,False,False,False,False,False,False,False,False,1,1,D1,False,True,False,False,False,False,False,False,False,False,1,1
510889311,7600,human_candidate,https://github.com/Azure/azure-dev/pull/7600,Memory and Data Locality Optimizations,Caching,unanimous,True,unresolved,True,False,False,True,False,False,True,False,False,True,False,True,4,4,D1|D4|D7|D9,False,True,False,False,False,False,False,True,False,True,3,2
510889311,8458,agentic,https://github.com/Azure/azure-dev/pull/8458,Memory and Data Locality Optimizations,Caching,unanimous,True,benchmark,True,True,False,True,False,False,False,False,False,False,False,False,1,1,D1,False,True,False,False,False,False,False,False,False,False,1,1
511003180,2051,human_candidate,https://github.com/basetenlabs/truss/pull/2051,I/O and Synchronization,Polling,majority_2_of_3,True,static-reasoning,True,True,False,True,False,False,False,False,False,False,False,False,1,1,D1,False,True,False,False,False,False,False,False,False,False,1,1
512270340,911,human_candidate,https://github.com/renegade-fi/renegade/pull/911,I/O and Synchronization,Concurrency Control / Rate Limiting,unanimous,False,none,False,False,False,True,False,False,False,False,False,False,False,False,1,1,D1,False,False,False,False,False,False,False,False,False,False,0,0
512270340,1091,human_candidate,https://github.com/renegade-fi/renegade/pull/1091,I/O and Synchronization,Concurrency Control / Lock Optimization,majority_2_of_3,True,static-reasoning,True,True,False,False,False,False,False,False,False,False,False,False,0,0,,False,False,False,False,False,False,False,False,False,False,0,0
513328880,1322,agentic,https://github.com/obi1kenobi/cargo-semver-checks/pull/1322,I/O and Synchronization,Concurrency Control / Rate Limiting,majority_2_of_3,False,none,False,False,False,False,False,False,False,False,False,False,False,False,0,0,,False,False,False,False,False,False,False,False,False,False,0,0
513328880,1338,agentic,https://github.com/obi1kenobi/cargo-semver-checks/pull/1338,I/O and Synchronization,Concurrency Control / Rate Limiting,majority_2_of_3,False,none,False,False,False,False,False,False,False,False,False,False,False,False,0,0,,False,False,False,False,False,False,False,False,False,False,0,0
517126881,534,agentic,https://github.com/lumen-notes/lumen/pull/534,"Network, Database, and Data Access Optimization",Lazy Loading / Deferred Initialization,majority_2_of_3,True,unresolved,True,False,False,False,False,False,False,False,False,False,False,False,0,0,,False,False,False,False,False,False,False,False,False,False,0,0
520315548,134,agentic,https://github.com/beihaili/Get-Started-with-Web3/pull/134,"Network, Database, and Data Access Optimization",Lazy Loading / Deferred Initialization,majority_2_of_3,True,benchmark,True,True,False,False,False,False,False,False,False,False,False,False,0,0,,False,False,False,False,False,False,False,False,False,False,0,0
520315548,138,agentic,https://github.com/beihaili/Get-Started-with-Web3/pull/138,Build & Compilation & Infrastructure Optimization,Enable Lazy loading for resource,unanimous,True,benchmark,True,True,False,False,False,False,False,False,True,False,False,False,1,1,D6,False,False,False,False,False,False,True,False,False,False,1,1
523043277,20030,human_candidate,https://github.com/astral-sh/ruff/pull/20030,Memory and Data Locality Optimizations,Caching,unanimous,True,benchmark,True,True,False,True,False,False,False,False,False,False,False,False,1,1,D1,False,True,False,False,False,False,False,False,False,False,1,0
523043277,20128,human_candidate,https://github.com/astral-sh/ruff/pull/20128,Code Smells and Structural Simplification,Remove code bloat by removing optional features,majority_2_of_3,True,benchmark,True,True,False,True,False,False,False,False,False,False,False,False,1,1,D1,False,True,False,False,False,False,False,False,False,False,1,0
523043277,22195,human_candidate,https://github.com/astral-sh/ruff/pull/22195,Build & Compilation & Infrastructure Optimization,Reduce rebuilding size,majority_2_of_3,True,benchmark,True,True,False,False,False,False,False,False,False,False,False,False,0,0,,False,False,False,False,False,False,False,False,False,False,0,0
523043277,22337,human_candidate,https://github.com/astral-sh/ruff/pull/22337,Memory and Data Locality Optimizations,Caching,unanimous,True,benchmark,True,True,False,True,False,False,False,False,False,False,False,False,1,1,D1,False,True,False,False,False,False,False,False,False,False,1,0
523043277,24057,human_candidate,https://github.com/astral-sh/ruff/pull/24057,Memory and Data Locality Optimizations,Caching,unanimous,True,unresolved,True,False,False,True,False,True,False,False,False,False,False,False,2,2,D1|D3,False,True,False,True,False,False,False,False,False,False,2,0
523043277,24311,human_candidate,https://github.com/astral-sh/ruff/pull/24311,Memory and Data Locality Optimizations,Use Smaller Data Types,majority_2_of_3,True,benchmark,True,True,False,False,False,False,False,False,False,False,False,False,0,0,,False,False,False,False,False,False,False,False,False,False,0,0
523043277,24622,agentic,https://github.com/astral-sh/ruff/pull/24622,Code Smells and Structural Simplification,Remove Unnecessary Method Calls,majority_2_of_3,True,benchmark,True,True,False,False,False,False,False,False,False,False,False,False,0,0,,False,False,False,False,False,False,False,False,False,False,0,0
523043277,24623,agentic,https://github.com/astral-sh/ruff/pull/24623,Algorithm-Level Optimizations,Select Algorithm Based on Instruction Speed,majority_2_of_3,True,benchmark,True,True,False,False,False,False,False,False,False,False,False,False,0,0,,False,False,False,False,False,False,False,False,False,False,0,0
523043277,24624,agentic,https://github.com/astral-sh/ruff/pull/24624,Code Smells and Structural Simplification,Remove Unnecessary Method Calls,unanimous,True,benchmark,True,True,False,False,False,False,False,False,False,False,False,False,0,0,,False,False,False,False,False,False,False,False,False,False,0,0
523043277,24625,agentic,https://github.com/astral-sh/ruff/pull/24625,Code Smells and Structural Simplification,Remove Unnecessary Method Calls,unanimous,True,benchmark,True,True,False,False,False,False,False,False,False,False,False,False,0,0,,False,False,False,False,False,False,False,False,False,False,0,0
523043277,24626,agentic,https://github.com/astral-sh/ruff/pull/24626,Code Smells and Structural Simplification,Remove Unnecessary Method Calls,unanimous,True,benchmark,True,True,False,False,False,False,False,False,False,False,False,False,0,0,,False,False,False,False,False,False,False,False,False,False,0,0
523043277,24842,human_candidate,https://github.com/astral-sh/ruff/pull/24842,Memory and Data Locality Optimizations,Optimize Object Use,majority_2_of_3,True,benchmark,True,True,False,True,False,True,False,False,False,False,False,False,2,2,D1|D3,False,True,False,True,False,False,False,False,False,False,2,0
523043277,25227,human_candidate,https://github.com/astral-sh/ruff/pull/25227,Data Structure Selection and Adaptation,Darwinian Data Structure Selection,majority_2_of_3,True,benchmark,True,True,False,True,False,False,False,False,False,False,False,False,1,1,D1,False,True,False,False,False,False,False,False,False,False,1,0
523043277,25244,human_candidate,https://github.com/astral-sh/ruff/pull/25244,Algorithm-Level Optimizations,Select Computationally Efficient Algorithms,majority_2_of_3,True,benchmark,True,True,False,False,False,False,False,False,False,False,False,False,0,0,,False,False,False,False,False,False,False,False,False,False,0,0
523043277,25266,human_candidate,https://github.com/astral-sh/ruff/pull/25266,Data Structure Selection and Adaptation,Darwinian Data Structure Selection,unanimous,True,benchmark,True,True,False,True,False,False,False,False,False,False,False,False,1,1,D1,False,True,False,False,False,False,False,False,False,False,1,1
523043277,25293,human_candidate,https://github.com/astral-sh/ruff/pull/25293,Memory and Data Locality Optimizations,Optimize Object Use,majority_2_of_3,True,benchmark,True,True,False,True,False,True,False,False,False,False,False,False,2,2,D1|D3,False,True,False,True,False,False,False,False,False,False,2,0
523043277,25351,human_candidate,https://github.com/astral-sh/ruff/pull/25351,Build & Compilation & Infrastructure Optimization,Compiler Optimization Hints/Directives,unanimous,True,benchmark,True,True,False,False,False,False,False,False,False,False,False,False,0,0,,False,False,False,False,False,False,False,False,False,False,0,0
525592995,8197,human_candidate,https://github.com/invoke-ai/InvokeAI/pull/8197,Memory and Data Locality Optimizations,Caching,unanimous,True,static-reasoning,True,True,False,False,False,False,False,False,False,False,False,False,0,0,,False,False,False,False,False,False,False,False,False,False,0,0
526156868,966,human_candidate,https://github.com/gravity-ui/markdown-editor/pull/966,Algorithm-Level Optimizations,Select Computationally Efficient Algorithms,unanimous,True,static-reasoning,True,True,False,False,False,False,False,False,False,False,False,False,0,0,,False,False,False,False,False,False,False,False,False,False,0,0
528799794,6580,human_candidate,https://github.com/opsmill/infrahub/pull/6580,Algorithm-Level Optimizations,Select Space Efficient Algorithm,unanimous,True,unresolved,True,False,False,True,False,True,False,False,False,False,False,False,2,2,D1|D3,False,True,False,True,False,False,False,False,False,False,2,2
530343316,1077,human_candidate,https://github.com/hoophq/hoop/pull/1077,Memory and Data Locality Optimizations,Caching,unanimous,True,static-reasoning,True,True,True,True,False,False,False,False,False,False,False,False,2,1,D0|D1,True,True,False,False,False,False,False,False,False,False,2,2
533537084,812,human_candidate,https://github.com/AnswerOverflow/AnswerOverflow/pull/812,I/O and Synchronization,Non-Blocking I/O,unanimous,True,static-reasoning,True,True,False,False,False,False,False,False,False,False,False,False,0,0,,False,False,False,False,False,False,False,False,False,False,0,0
537085161,4452,human_candidate,https://github.com/cloudflare/workerd/pull/4452,Algorithm-Level Optimizations,Select Computationally Efficient Algorithms,majority_2_of_3,True,benchmark,True,True,False,False,False,False,False,False,False,False,False,False,0,0,,False,False,False,False,False,False,False,False,False,False,0,0
537085161,4472,human_candidate,https://github.com/cloudflare/workerd/pull/4472,Memory and Data Locality Optimizations,Optimize Object Use,unanimous,True,benchmark,True,True,False,True,False,False,False,False,False,False,False,False,1,1,D1,False,True,False,False,False,False,False,False,False,False,1,0
537085161,5544,human_candidate,https://github.com/cloudflare/workerd/pull/5544,Memory and Data Locality Optimizations,Optimize Object Use,unanimous,True,static-reasoning,True,True,False,False,False,False,False,False,False,False,False,False,0,0,,False,False,False,False,False,False,False,False,False,False,0,0
537085161,5554,human_candidate,https://github.com/cloudflare/workerd/pull/5554,Build & Compilation & Infrastructure Optimization,Enable Build-Time Optimizations,unanimous,False,none,False,False,False,False,False,False,False,False,False,False,False,False,0,0,,False,False,False,False,False,False,False,False,False,False,0,0
537085161,6183,human_candidate,https://github.com/cloudflare/workerd/pull/6183,I/O and Synchronization,Selection I/O size,unanimous,True,static-reasoning,True,True,False,False,False,True,False,False,False,False,False,False,1,1,D3,False,False,False,True,False,False,False,False,False,False,1,0
537233603,16242,human_candidate,https://github.com/paradigmxyz/reth/pull/16242,Memory and Data Locality Optimizations,Optimize Object Use,unanimous,False,none,False,False,False,False,False,False,False,False,False,False,False,False,0,0,,False,False,False,False,False,False,False,False,False,False,0,0
537233603,16836,human_candidate,https://github.com/paradigmxyz/reth/pull/16836,Memory and Data Locality Optimizations,Optimize Object Use,unanimous,True,static-reasoning,True,True,False,False,False,False,False,False,False,False,False,False,0,0,,False,False,False,False,False,False,False,False,False,False,0,0
537233603,16894,human_candidate,https://github.com/paradigmxyz/reth/pull/16894,Algorithm-Level Optimizations,Select Computationally Efficient Algorithms,unanimous,True,benchmark,True,True,False,True,False,False,False,False,False,False,False,False,1,1,D1,False,True,False,False,False,False,False,False,False,False,1,0
537233603,17388,human_candidate,https://github.com/paradigmxyz/reth/pull/17388,Code Smells and Structural Simplification,Remove Unnecessary Method Calls,majority_2_of_3,True,static-reasoning,True,True,False,False,False,False,False,False,False,False,False,False,0,0,,False,False,False,False,False,False,False,False,False,False,0,0
537233603,17651,human_candidate,https://github.com/paradigmxyz/reth/pull/17651,Code Smells and Structural Simplification,Remove Unnecessary Method Calls,unanimous,False,none,False,False,False,False,False,False,False,False,False,False,False,False,0,0,,False,False,False,False,False,False,False,False,False,False,0,0
537233603,18072,agentic,https://github.com/paradigmxyz/reth/pull/18072,Memory and Data Locality Optimizations,Optimize Object Use,unanimous,True,benchmark,True,True,False,True,False,False,False,False,False,False,False,False,1,1,D1,False,True,False,False,False,False,False,False,False,False,1,1
537233603,20488,human_candidate,https://github.com/paradigmxyz/reth/pull/20488,Memory and Data Locality Optimizations,Optimize Object Use,unanimous,True,static-reasoning,True,True,False,False,False,False,False,False,False,False,False,False,0,0,,False,False,False,False,False,False,False,False,False,False,0,0
537233603,20659,human_candidate,https://github.com/paradigmxyz/reth/pull/20659,Memory and Data Locality Optimizations,Improve cache locality - spatial locality,unanimous,True,benchmark,True,True,True,True,False,False,False,False,False,False,False,False,2,1,D0|D1,True,True,False,False,False,False,False,False,False,False,2,2
537233603,20720,human_candidate,https://github.com/paradigmxyz/reth/pull/20720,Memory and Data Locality Optimizations,Optimize Object Use,unanimous,False,none,False,False,False,False,False,False,False,False,False,False,False,False,0,0,,False,False,False,False,False,False,False,False,False,False,0,0
537233603,20732,human_candidate,https://github.com/paradigmxyz/reth/pull/20732,Memory and Data Locality Optimizations,Optimize Object Use,majority_2_of_3,True,static-reasoning,True,True,False,False,False,False,False,False,False,False,False,False,0,0,,False,False,False,False,False,False,False,False,False,False,0,0
537233603,20863,human_candidate,https://github.com/paradigmxyz/reth/pull/20863,Memory and Data Locality Optimizations,Optimize Object Use,majority_2_of_3,True,static-reasoning,True,True,False,False,False,False,False,False,False,False,False,False,0,0,,False,False,False,False,False,False,False,False,False,False,0,0
537233603,20873,human_candidate,https://github.com/paradigmxyz/reth/pull/20873,"Network, Database, and Data Access Optimization",Lazy Loading / Deferred Initialization,unanimous,True,benchmark,True,True,False,True,False,False,False,False,False,False,False,False,1,1,D1,False,True,False,False,False,False,False,False,False,False,1,1
537233603,20954,human_candidate,https://github.com/paradigmxyz/reth/pull/20954,Code Smells and Structural Simplification,Remove Unnecessary Method Calls,majority_2_of_3,True,static-reasoning,True,True,False,False,False,False,False,False,False,False,False,False,0,0,,False,False,False,False,False,False,False,False,False,False,0,0
537233603,21010,human_candidate,https://github.com/paradigmxyz/reth/pull/21010,I/O and Synchronization,Concurrency Control / Rate Limiting,unanimous,True,static-reasoning,True,True,False,False,False,False,False,False,False,False,False,True,1,1,D9,False,False,False,False,False,False,False,False,False,True,1,1
537233603,21105,human_candidate,https://github.com/paradigmxyz/reth/pull/21105,Memory and Data Locality Optimizations,Optimize Object Use,unanimous,True,static-reasoning,True,True,False,False,False,False,False,False,False,False,False,False,0,0,,False,False,False,False,False,False,False,False,False,False,0,0
537233603,21168,human_candidate,https://github.com/paradigmxyz/reth/pull/21168,Code Smells and Structural Simplification,Remove Unnecessary Method Calls,majority_2_of_3,False,none,False,False,False,False,False,False,False,False,False,False,False,False,0,0,,False,False,False,False,False,False,False,False,False,False,0,0
537233603,21408,human_candidate,https://github.com/paradigmxyz/reth/pull/21408,I/O and Synchronization,Selection I/O size,unanimous,True,benchmark,True,True,False,True,True,True,False,False,False,False,False,False,3,3,D1|D2|D3,False,True,True,True,False,False,False,False,False,False,3,3
537233603,21645,human_candidate,https://github.com/paradigmxyz/reth/pull/21645,Memory and Data Locality Optimizations,Optimize Object Use,unanimous,True,static-reasoning,True,True,False,False,False,False,False,False,False,False,False,False,0,0,,False,False,False,False,False,False,False,False,False,False,0,0
537233603,21684,human_candidate,https://github.com/paradigmxyz/reth/pull/21684,Algorithm-Level Optimizations,Select Computationally Efficient Algorithms,majority_2_of_3,True,static-reasoning,True,True,False,False,False,False,False,False,False,False,False,False,0,0,,False,False,False,False,False,False,False,False,False,False,0,0
537233603,21687,human_candidate,https://github.com/paradigmxyz/reth/pull/21687,I/O and Synchronization,Concurrency Control / Lock Optimization,majority_2_of_3,True,static-reasoning,True,True,False,False,False,False,False,False,False,False,False,False,0,0,,False,False,False,False,False,False,False,False,False,False,0,0
537233603,21780,human_candidate,https://github.com/paradigmxyz/reth/pull/21780,I/O and Synchronization,Non-Blocking I/O,unanimous,True,unresolved,True,False,False,True,False,False,False,False,False,False,False,False,1,1,D1,False,True,False,False,False,False,False,False,False,False,1,1
537233603,21835,human_candidate,https://github.com/paradigmxyz/reth/pull/21835,Algorithm-Level Optimizations,Select Computationally Efficient Algorithms,majority_2_of_3,True,benchmark,True,True,False,True,False,False,False,False,False,False,False,False,1,1,D1,False,True,False,False,False,False,False,False,False,False,1,1
537233603,21920,human_candidate,https://github.com/paradigmxyz/reth/pull/21920,Code Smells and Structural Simplification,Remove Unnecessary Method Calls,majority_2_of_3,True,static-reasoning,True,True,False,False,False,False,False,False,False,False,False,False,0,0,,False,False,False,False,False,False,False,False,False,False,0,0
537233603,22121,human_candidate,https://github.com/paradigmxyz/reth/pull/22121,Algorithm-Level Optimizations,Select Computationally Efficient Algorithms,unanimous,True,benchmark,True,True,False,True,False,False,False,False,False,False,False,False,1,1,D1,False,True,False,False,False,False,False,False,False,False,1,0
537233603,22127,human_candidate,https://github.com/paradigmxyz/reth/pull/22127,Algorithm-Level Optimizations,Select Computationally Efficient Algorithms,unanimous,True,profiling,True,True,False,True,False,False,False,False,False,False,False,False,1,1,D1,False,True,False,False,False,False,False,False,False,False,1,1
537233603,22147,human_candidate,https://github.com/paradigmxyz/reth/pull/22147,Control-Flow and Branching Optimizations,Rearranging for early return,majority_2_of_3,True,static-reasoning,True,True,False,False,False,False,False,False,False,False,False,False,0,0,,False,False,False,False,False,False,False,False,False,False,0,0
537233603,22188,human_candidate,https://github.com/paradigmxyz/reth/pull/22188,Code Smells and Structural Simplification,Remove Unnecessary Method Calls,unanimous,False,none,False,False,False,False,False,False,False,False,False,False,False,False,0,0,,False,False,False,False,False,False,False,False,False,False,0,0
537233603,22206,human_candidate,https://github.com/paradigmxyz/reth/pull/22206,Data Structure Selection and Adaptation,Darwinian Data Structure Selection,majority_2_of_3,True,benchmark,True,True,False,True,False,False,False,False,False,False,False,False,1,1,D1,False,True,False,False,False,False,False,False,False,False,1,0
537233603,22348,agentic,https://github.com/paradigmxyz/reth/pull/22348,Memory and Data Locality Optimizations,Caching,unanimous,True,static-reasoning,True,True,False,False,False,True,False,False,False,False,False,False,1,1,D3,False,False,False,True,False,False,False,False,False,False,1,0
537233603,22350,agentic,https://github.com/paradigmxyz/reth/pull/22350,I/O and Synchronization,Concurrency Control / Lock Optimization,unanimous,True,static-reasoning,True,True,False,False,False,True,False,False,False,False,False,False,1,1,D3,False,False,False,True,False,False,False,False,False,False,1,0
537233603,22351,agentic,https://github.com/paradigmxyz/reth/pull/22351,Algorithm-Level Optimizations,Event-Driven Throttling,majority_2_of_3,True,static-reasoning,True,True,False,False,False,True,False,False,False,False,False,False,1,1,D3,False,False,False,True,False,False,False,False,False,False,1,0
537233603,22353,agentic,https://github.com/paradigmxyz/reth/pull/22353,Memory and Data Locality Optimizations,Caching,unanimous,True,static-reasoning,True,True,False,False,False,True,False,False,False,False,False,False,1,1,D3,False,False,False,True,False,False,False,False,False,False,1,0
537233603,22354,agentic,https://github.com/paradigmxyz/reth/pull/22354,Memory and Data Locality Optimizations,Caching,majority_2_of_3,True,static-reasoning,True,True,False,False,False,True,False,False,False,False,False,False,1,1,D3,False,False,False,True,False,False,False,False,False,False,1,0
537233603,22398,agentic,https://github.com/paradigmxyz/reth/pull/22398,Code Smells and Structural Simplification,Remove Unnecessary Method Calls,majority_2_of_3,True,profiling,True,True,False,False,False,False,False,False,False,False,False,False,0,0,,False,False,False,False,False,False,False,False,False,False,0,0
537233603,22399,agentic,https://github.com/paradigmxyz/reth/pull/22399,Build & Compilation & Infrastructure Optimization,Enable Lazy loading for resource,majority_2_of_3,True,unresolved,True,False,False,False,False,False,False,False,False,False,False,False,0,0,,False,False,False,False,False,False,False,False,False,False,0,0
537233603,22400,agentic,https://github.com/paradigmxyz/reth/pull/22400,Algorithm-Level Optimizations,Select Computationally Efficient Algorithms,majority_2_of_3,True,profiling,True,True,False,False,False,False,False,False,False,False,False,False,0,0,,False,False,False,False,False,False,False,False,False,False,0,0
537233603,22401,human_candidate,https://github.com/paradigmxyz/reth/pull/22401,Algorithm-Level Optimizations,Select Computationally Efficient Algorithms,unanimous,True,unresolved,True,False,False,False,False,False,False,False,False,False,False,False,0,0,,False,False,False,False,False,False,False,False,False,False,0,0
537233603,22407,agentic,https://github.com/paradigmxyz/reth/pull/22407,I/O and Synchronization,Concurrency Control / Lock Optimization,unanimous,True,static-reasoning,True,True,False,False,False,False,False,False,False,False,False,False,0,0,,False,False,False,False,False,False,False,False,False,False,0,0
537233603,22411,agentic,https://github.com/paradigmxyz/reth/pull/22411,Algorithm-Level Optimizations,Select Computationally Efficient Algorithms,unanimous,True,benchmark,True,True,False,False,False,False,False,False,False,False,False,False,0,0,,False,False,False,False,False,False,False,False,False,False,0,0
537233603,22448,human_candidate,https://github.com/paradigmxyz/reth/pull/22448,Code Smells and Structural Simplification,Remove Unnecessary Method Calls,unanimous,True,benchmark,True,True,False,True,True,False,False,False,False,False,False,False,2,2,D1|D2,False,True,True,False,False,False,False,False,False,False,2,0
537233603,22486,agentic,https://github.com/paradigmxyz/reth/pull/22486,Memory and Data Locality Optimizations,Optimize Object Use,unanimous,True,benchmark,True,True,False,True,False,True,False,False,False,False,False,False,2,2,D1|D3,False,True,False,True,False,False,False,False,False,False,2,1
537233603,22487,agentic,https://github.com/paradigmxyz/reth/pull/22487,Memory and Data Locality Optimizations,Caching,unanimous,True,benchmark,True,True,False,True,False,False,False,False,False,False,False,False,1,1,D1,False,True,False,False,False,False,False,False,False,False,1,1
537233603,22547,human_candidate,https://github.com/paradigmxyz/reth/pull/22547,Memory and Data Locality Optimizations,Caching,unanimous,True,static-reasoning,True,True,False,False,False,False,False,False,False,False,False,False,0,0,,False,False,False,False,False,False,False,False,False,False,0,0
537233603,22567,human_candidate,https://github.com/paradigmxyz/reth/pull/22567,Code Smells and Structural Simplification,Remove Unnecessary Method Calls,majority_2_of_3,True,static-reasoning,True,True,False,False,False,False,False,False,False,False,False,False,0,0,,False,False,False,False,False,False,False,False,False,False,0,0
537233603,22711,human_candidate,https://github.com/paradigmxyz/reth/pull/22711,I/O and Synchronization,Non-Blocking I/O,majority_2_of_3,True,benchmark,True,True,False,True,False,False,False,False,False,False,False,False,1,1,D1,False,True,False,False,False,False,False,False,False,False,1,0
537233603,22724,human_candidate,https://github.com/paradigmxyz/reth/pull/22724,Memory and Data Locality Optimizations,Caching,unanimous,True,static-reasoning,True,True,False,False,False,False,False,False,False,False,False,False,0,0,,False,False,False,False,False,False,False,False,False,False,0,0
537233603,22747,human_candidate,https://github.com/paradigmxyz/reth/pull/22747,Code Smells and Structural Simplification,Remove Unnecessary Method Calls,majority_2_of_3,True,static-reasoning,True,True,False,False,False,False,False,False,False,False,False,False,0,0,,False,False,False,False,False,False,False,False,False,False,0,0
537233603,22786,human_candidate,https://github.com/paradigmxyz/reth/pull/22786,Memory and Data Locality Optimizations,Caching,unanimous,True,static-reasoning,True,True,False,False,False,False,False,False,False,False,False,False,0,0,,False,False,False,False,False,False,False,False,False,False,0,0
537233603,22812,human_candidate,https://github.com/paradigmxyz/reth/pull/22812,Code Smells and Structural Simplification,Remove Unnecessary Method Calls,unanimous,True,static-reasoning,True,True,False,False,False,False,False,False,False,False,False,False,0,0,,False,False,False,False,False,False,False,False,False,False,0,0
537233603,23181,human_candidate,https://github.com/paradigmxyz/reth/pull/23181,I/O and Synchronization,Non-Blocking I/O,majority_2_of_3,True,static-reasoning,True,True,False,False,False,False,False,False,False,False,False,False,0,0,,False,False,False,False,False,False,False,False,False,False,0,0
537233603,23199,agentic,https://github.com/paradigmxyz/reth/pull/23199,I/O and Synchronization,Streaming Implementation Or Optimization),majority_2_of_3,True,static-reasoning,True,True,False,False,False,False,False,False,False,False,False,False,0,0,,False,False,False,False,False,False,False,False,False,False,0,0
537233603,23283,human_candidate,https://github.com/paradigmxyz/reth/pull/23283,Memory and Data Locality Optimizations,Improve cache locality - temporal locality,majority_2_of_3,True,benchmark,True,True,False,True,False,False,False,False,False,False,False,False,1,1,D1,False,True,False,False,False,False,False,False,False,False,1,1
537233603,23287,human_candidate,https://github.com/paradigmxyz/reth/pull/23287,Memory and Data Locality Optimizations,Improve cache locality - spatial locality,majority_2_of_3,True,benchmark,True,True,False,True,False,False,False,False,False,False,False,False,1,1,D1,False,True,False,False,False,False,False,False,False,False,1,0
537233603,23295,agentic,https://github.com/paradigmxyz/reth/pull/23295,Code Smells and Structural Simplification,Remove Unnecessary Method Calls,majority_2_of_3,True,benchmark,True,True,False,True,False,False,False,False,False,False,False,False,1,1,D1,False,True,False,False,False,False,False,False,False,False,1,1
537233603,23300,human_candidate,https://github.com/paradigmxyz/reth/pull/23300,Memory and Data Locality Optimizations,Buffering,unanimous,True,benchmark,True,True,False,True,False,False,False,False,False,False,False,False,1,1,D1,False,True,False,False,False,False,False,False,False,False,1,1
537233603,23334,human_candidate,https://github.com/paradigmxyz/reth/pull/23334,Memory and Data Locality Optimizations,Optimize Object Use,unanimous,True,static-reasoning,True,True,False,False,False,False,False,False,False,False,False,False,0,0,,False,False,False,False,False,False,False,False,False,False,0,0
537233603,23386,agentic,https://github.com/paradigmxyz/reth/pull/23386,Algorithm-Level Optimizations,Select Computationally Efficient Algorithms,majority_2_of_3,False,none,False,False,False,False,False,False,False,False,False,False,False,False,0,0,,False,False,False,False,False,False,False,False,False,False,0,0
537233603,23423,human_candidate,https://github.com/paradigmxyz/reth/pull/23423,I/O and Synchronization,Streaming Implementation Or Optimization),majority_2_of_3,True,static-reasoning,True,True,False,False,False,False,False,False,False,False,False,False,0,0,,False,False,False,False,False,False,False,False,False,False,0,0
537233603,23492,human_candidate,https://github.com/paradigmxyz/reth/pull/23492,Memory and Data Locality Optimizations,Buffering,majority_2_of_3,True,benchmark,True,True,False,True,False,False,False,False,False,False,False,False,1,1,D1,False,True,False,False,False,False,False,False,False,False,1,0
537233603,23507,human_candidate,https://github.com/paradigmxyz/reth/pull/23507,Code Smells and Structural Simplification,Remove Unnecessary Method Calls,unanimous,True,profiling,True,True,False,False,False,False,False,False,False,False,False,False,0,0,,False,False,False,False,False,False,False,False,False,False,0,0
537233603,23543,human_candidate,https://github.com/paradigmxyz/reth/pull/23543,Memory and Data Locality Optimizations,Optimize Object Use,majority_2_of_3,True,benchmark,True,True,False,True,False,False,False,False,False,False,False,False,1,1,D1,False,True,False,False,False,False,False,False,False,False,1,0
537233603,23617,human_candidate,https://github.com/paradigmxyz/reth/pull/23617,Memory and Data Locality Optimizations,Cache Eviction Policy,majority_2_of_3,True,benchmark,True,True,True,True,False,False,False,False,False,False,False,False,2,1,D0|D1,True,True,False,False,False,False,False,False,False,False,2,2
537233603,23620,human_candidate,https://github.com/paradigmxyz/reth/pull/23620,Memory and Data Locality Optimizations,Optimize Object Use,majority_2_of_3,True,static-reasoning,True,True,False,False,False,False,False,False,False,False,False,False,0,0,,False,False,False,False,False,False,False,False,False,False,0,0
537233603,23647,human_candidate,https://github.com/paradigmxyz/reth/pull/23647,Code Smells and Structural Simplification,Remove Unnecessary Method Calls,majority_2_of_3,True,benchmark,True,True,False,True,False,False,False,False,False,False,False,False,1,1,D1,False,True,False,False,False,False,False,False,False,False,1,0
537233603,23651,human_candidate,https://github.com/paradigmxyz/reth/pull/23651,I/O and Synchronization,Concurrency Control / Rate Limiting,majority_2_of_3,True,benchmark,True,True,True,True,False,False,False,False,False,False,False,True,3,2,D0|D1|D9,True,True,False,False,False,False,False,False,False,True,3,3
537233603,23653,human_candidate,https://github.com/paradigmxyz/reth/pull/23653,Algorithm-Level Optimizations,Event-Driven Throttling,unanimous,True,benchmark,True,True,False,True,False,False,False,False,False,False,False,False,1,1,D1,False,True,False,False,False,False,False,False,False,False,1,0
537233603,23657,human_candidate,https://github.com/paradigmxyz/reth/pull/23657,Memory and Data Locality Optimizations,Caching,unanimous,True,benchmark,True,True,False,True,False,False,False,True,False,False,False,False,2,2,D1|D5,False,True,False,False,False,True,False,False,False,False,2,1
537233603,23660,human_candidate,https://github.com/paradigmxyz/reth/pull/23660,Memory and Data Locality Optimizations,Improve cache locality - temporal locality,unanimous,True,benchmark,True,True,False,True,False,False,False,False,False,False,False,False,1,1,D1,False,True,False,False,False,False,False,False,False,False,1,0
537233603,23696,human_candidate,https://github.com/paradigmxyz/reth/pull/23696,I/O and Synchronization,Concurrency Control / Rate Limiting,majority_2_of_3,True,static-reasoning,True,True,False,False,False,False,False,False,False,False,False,False,0,0,,False,False,False,False,False,False,False,False,False,False,0,0
537233603,23761,agentic,https://github.com/paradigmxyz/reth/pull/23761,Memory and Data Locality Optimizations,Increase Workload to Mitigate Memory Access Latency,majority_2_of_3,True,static-reasoning,True,True,False,False,False,False,False,False,False,False,False,False,0,0,,False,False,False,False,False,False,False,False,False,False,0,0
537233603,23792,human_candidate,https://github.com/paradigmxyz/reth/pull/23792,I/O and Synchronization,Streaming Implementation Or Optimization),majority_2_of_3,True,benchmark,True,True,False,True,False,False,False,False,False,False,False,False,1,1,D1,False,True,False,False,False,False,False,False,False,False,1,0
537233603,23793,human_candidate,https://github.com/paradigmxyz/reth/pull/23793,Memory and Data Locality Optimizations,Optimize Object Use,unanimous,True,benchmark,True,True,False,True,False,False,False,False,False,False,False,False,1,1,D1,False,True,False,False,False,False,False,False,False,False,1,0
537233603,23813,human_candidate,https://github.com/paradigmxyz/reth/pull/23813,Algorithm-Level Optimizations,Select Computationally Efficient Algorithms,unanimous,True,benchmark,True,True,False,True,False,False,False,False,False,False,False,False,1,1,D1,False,True,False,False,False,False,False,False,False,False,1,0
537233603,23892,human_candidate,https://github.com/paradigmxyz/reth/pull/23892,Code Smells and Structural Simplification,Remove Unnecessary Method Calls,unanimous,True,benchmark,True,True,False,True,False,False,False,False,False,False,False,False,1,1,D1,False,True,False,False,False,False,False,False,False,False,1,0
537233603,23926,human_candidate,https://github.com/paradigmxyz/reth/pull/23926,Memory and Data Locality Optimizations,Optimize Object Use,majority_2_of_3,True,benchmark,True,True,False,True,False,False,False,False,False,False,False,False,1,1,D1,False,True,False,False,False,False,False,False,False,False,1,0
537233603,23934,human_candidate,https://github.com/paradigmxyz/reth/pull/23934,Algorithm-Level Optimizations,Select Computationally Efficient Algorithms,unanimous,True,benchmark,True,True,False,True,False,False,False,False,False,False,False,False,1,1,D1,False,True,False,False,False,False,False,False,False,False,1,0
537233603,23948,human_candidate,https://github.com/paradigmxyz/reth/pull/23948,Control-Flow and Branching Optimizations,Rearranging for early return,unanimous,True,benchmark,True,True,False,True,False,False,False,False,False,False,False,False,1,1,D1,False,True,False,False,False,False,False,False,False,False,1,0
537233603,23957,human_candidate,https://github.com/paradigmxyz/reth/pull/23957,Memory and Data Locality Optimizations,Caching,unanimous,True,benchmark,True,True,False,True,False,False,False,False,False,False,False,False,1,1,D1,False,True,False,False,False,False,False,False,False,False,1,0
537233603,23967,human_candidate,https://github.com/paradigmxyz/reth/pull/23967,Memory and Data Locality Optimizations,Optimize Object Use,unanimous,True,benchmark,True,True,False,True,False,False,False,False,False,False,False,False,1,1,D1,False,True,False,False,False,False,False,False,False,False,1,0
537233603,24134,agentic,https://github.com/paradigmxyz/reth/pull/24134,I/O and Synchronization,Concurrency Control / Rate Limiting,unanimous,True,benchmark,True,True,False,True,False,False,False,False,False,False,False,False,1,1,D1,False,True,False,False,False,False,False,False,False,False,1,0
537233603,24237,human_candidate,https://github.com/paradigmxyz/reth/pull/24237,Data Structure Selection and Adaptation,Darwinian Data Structure Selection,majority_2_of_3,True,benchmark,True,True,False,True,False,False,False,False,False,False,False,False,1,1,D1,False,True,False,False,False,False,False,False,False,False,1,0
550054675,9105,agentic,https://github.com/public-ui/kolibri/pull/9105,Algorithm-Level Optimizations,Event-Driven Throttling,majority_2_of_3,True,static-reasoning,True,True,False,False,False,False,False,False,False,False,False,False,0,0,,False,False,False,False,False,False,False,False,False,False,0,0
550054675,9701,agentic,https://github.com/public-ui/kolibri/pull/9701,Memory and Data Locality Optimizations,Caching,unanimous,True,static-reasoning,True,True,False,False,False,False,False,False,False,False,False,False,0,0,,False,False,False,False,False,False,False,False,False,False,0,0
550902717,6008,agentic,https://github.com/dotnet/dotnet/pull/6008,Code Smells and Structural Simplification,Remove Unnecessary Method Calls,majority_2_of_3,True,static-reasoning,True,True,False,False,False,False,False,False,False,False,False,False,0,0,,False,False,False,False,False,False,False,False,False,False,0,0
552661142,31659,human_candidate,https://github.com/langchain-ai/langchain/pull/31659,Memory and Data Locality Optimizations,Caching,unanimous,True,benchmark,True,True,False,True,False,False,False,False,False,False,False,False,1,1,D1,False,True,False,False,False,False,False,False,False,False,1,1
552661142,36375,human_candidate,https://github.com/langchain-ai/langchain/pull/36375,Memory and Data Locality Optimizations,Caching,unanimous,True,benchmark,True,True,True,False,False,False,False,False,False,False,False,False,1,0,D0,True,False,False,False,False,False,False,False,False,False,1,1
552661142,36649,human_candidate,https://github.com/langchain-ai/langchain/pull/36649,Memory and Data Locality Optimizations,Caching,unanimous,True,benchmark,True,True,False,True,False,False,False,False,False,False,False,False,1,1,D1,False,True,False,False,False,False,False,False,False,False,1,0
552661142,37101,human_candidate,https://github.com/langchain-ai/langchain/pull/37101,Memory and Data Locality Optimizations,Caching,unanimous,True,benchmark,True,True,False,False,False,False,False,False,False,False,False,False,0,0,,False,False,False,False,False,False,False,False,False,False,0,0
565750987,12,agentic,https://github.com/joamag/boytacean/pull/12,Memory and Data Locality Optimizations,Caching,majority_2_of_3,True,benchmark,True,True,False,False,False,False,True,False,False,False,False,False,1,1,D4,False,False,False,False,True,False,False,False,False,False,1,1
569233100,975,human_candidate,https://github.com/HotCakeX/Harden-Windows-Security/pull/975,Code Smells and Structural Simplification,Remove duplicate code,majority_2_of_3,False,none,False,False,False,True,False,False,False,False,False,False,False,False,1,1,D1,False,False,False,False,False,False,False,False,False,False,0,0
571475096,108,agentic,https://github.com/thorek1/MacroModelling.jl/pull/108,Memory and Data Locality Optimizations,Caching,majority_2_of_3,False,none,False,False,False,False,False,False,False,False,False,False,False,False,0,0,,False,False,False,False,False,False,False,False,False,False,0,0
571475096,112,agentic,https://github.com/thorek1/MacroModelling.jl/pull/112,Memory and Data Locality Optimizations,Caching,unanimous,False,none,False,False,False,False,False,False,False,False,False,False,False,False,0,0,,False,False,False,False,False,False,False,False,False,False,0,0
571475096,118,agentic,https://github.com/thorek1/MacroModelling.jl/pull/118,Algorithm-Level Optimizations,Select Computationally Efficient Algorithms,majority_2_of_3,True,benchmark,True,True,False,False,False,True,False,False,False,False,False,False,1,1,D3,False,False,False,False,False,False,False,False,False,False,0,0
571475096,234,agentic,https://github.com/thorek1/MacroModelling.jl/pull/234,Memory and Data Locality Optimizations,Caching,majority_2_of_3,True,static-reasoning,True,True,False,False,False,True,False,False,False,False,False,False,1,1,D3,False,False,False,True,False,False,False,False,False,False,1,0
571475096,261,agentic,https://github.com/thorek1/MacroModelling.jl/pull/261,Memory and Data Locality Optimizations,Optimize Object Use,unanimous,True,benchmark,True,True,False,True,False,True,False,False,False,False,False,False,2,2,D1|D3,False,True,False,True,False,False,False,False,False,False,2,2
572570113,3395,agentic,https://github.com/triggerdotdev/trigger.dev/pull/3395,"Network, Database, and Data Access Optimization",Relational Query Consolidation (N+1),unanimous,True,static-reasoning,True,True,False,False,False,False,False,False,False,False,False,False,0,0,,False,False,False,False,False,False,False,False,False,False,0,0
572570113,3525,human_candidate,https://github.com/triggerdotdev/trigger.dev/pull/3525,"Network, Database, and Data Access Optimization",Minimize Payload Size / Pass Reference Instead of Value,unanimous,True,unresolved,True,False,False,False,False,False,False,False,False,False,False,False,0,0,,False,False,False,False,False,False,False,False,False,False,0,0
572570113,3625,human_candidate,https://github.com/triggerdotdev/trigger.dev/pull/3625,Memory and Data Locality Optimizations,Caching,unanimous,True,benchmark,True,True,False,True,True,False,False,False,False,False,False,True,3,3,D1|D2|D9,False,True,True,False,False,False,False,False,False,True,3,3
572984571,12652,human_candidate,https://github.com/twentyhq/twenty/pull/12652,"Network, Database, and Data Access Optimization",Lazy Loading / Deferred Initialization,majority_2_of_3,True,unresolved,True,False,False,False,False,False,False,False,False,False,False,False,0,0,,False,False,False,False,False,False,False,False,False,False,0,0
572984571,13704,human_candidate,https://github.com/twentyhq/twenty/pull/13704,"Network, Database, and Data Access Optimization",Batch API Requests (N+1),unanimous,False,none,False,False,False,False,False,False,False,False,False,False,False,False,0,0,,False,False,False,False,False,False,False,False,False,False,0,0
572984571,19253,human_candidate,https://github.com/twentyhq/twenty/pull/19253,Algorithm-Level Optimizations,Select Computationally Efficient Algorithms,majority_2_of_3,True,benchmark,True,True,False,True,False,False,False,False,False,False,False,False,1,1,D1,False,True,False,False,False,False,False,False,False,False,1,0
572984571,19933,human_candidate,https://github.com/twentyhq/twenty/pull/19933,"Network, Database, and Data Access Optimization",Minimize Payload Size / Pass Reference Instead of Value,majority_2_of_3,True,benchmark,True,True,False,False,False,False,False,False,False,False,True,False,1,1,D8,False,False,False,False,False,False,False,False,True,False,1,1
573411360,957,agentic,https://github.com/vitejs/vite-plugin-react/pull/957,Code Smells and Structural Simplification,Remove Unnecessary Method Calls,unanimous,True,static-reasoning,True,True,False,False,False,False,False,False,False,False,False,False,0,0,,False,False,False,False,False,False,False,False,False,False,0,0
573661753,9982,agentic,https://github.com/activepieces/activepieces/pull/9982,"Network, Database, and Data Access Optimization",Batch API Requests (N+1),unanimous,False,none,False,False,False,True,False,False,False,False,False,False,False,False,1,1,D1,False,True,False,False,False,False,False,False,False,False,1,0
573661753,12733,human_candidate,https://github.com/activepieces/activepieces/pull/12733,Build & Compilation & Infrastructure Optimization,Enable Build-Time Optimizations,unanimous,True,benchmark,True,True,False,False,False,True,False,False,True,False,False,False,2,2,D3|D6,False,False,False,True,False,False,True,False,False,False,2,2
575321313,1898,agentic,https://github.com/langbot-app/LangBot/pull/1898,Code Smells and Structural Simplification,Remove Unnecessary Method Calls,majority_2_of_3,False,none,False,False,False,False,False,False,False,False,False,False,False,False,0,0,,False,False,False,False,False,False,False,False,False,False,0,0
575321313,2013,human_candidate,https://github.com/langbot-app/LangBot/pull/2013,Memory and Data Locality Optimizations,Optimize Object Use,majority_2_of_3,True,benchmark,True,True,False,False,False,True,False,False,False,False,False,False,1,1,D3,False,False,False,True,False,False,False,False,False,False,1,1
575865240,3246,agentic,https://github.com/AstrBotDevs/AstrBot/pull/3246,Memory and Data Locality Optimizations,Optimize Object Use,majority_2_of_3,True,benchmark,True,True,False,True,False,False,False,False,False,False,False,False,1,1,D1,False,True,False,False,False,False,False,False,False,False,1,1
575865240,3825,human_candidate,https://github.com/AstrBotDevs/AstrBot/pull/3825,Code Smells and Structural Simplification,Remove code bloat by removing optional features,majority_2_of_3,False,none,False,False,False,False,False,False,False,False,False,False,False,False,0,0,,False,False,False,False,False,False,False,False,False,False,0,0
575865240,4259,agentic,https://github.com/AstrBotDevs/AstrBot/pull/4259,Code Smells and Structural Simplification,Remove duplicate code,majority_2_of_3,False,none,False,False,False,False,False,False,False,False,False,False,False,False,0,0,,False,False,False,False,False,False,False,False,False,False,0,0
575865240,6532,human_candidate,https://github.com/AstrBotDevs/AstrBot/pull/6532,Build & Compilation & Infrastructure Optimization,Enable Build-Time Optimizations,unanimous,True,benchmark,True,True,False,True,False,False,False,False,False,False,False,False,1,1,D1,False,True,False,False,False,False,False,False,False,False,1,1
577975610,1323,agentic,https://github.com/reflex-dev/reflex-web/pull/1323,Algorithm-Level Optimizations,Event-Driven Throttling,unanimous,False,none,False,False,False,False,False,False,False,False,False,False,False,False,0,0,,False,False,False,False,False,False,False,False,False,False,0,0
581186630,89,agentic,https://github.com/jodendaal/OpenAI.Net/pull/89,Data Structure Selection and Adaptation,Darwinian Data Structure Selection,unanimous,True,static-reasoning,True,True,False,False,False,False,False,False,False,False,False,False,0,0,,False,False,False,False,False,False,False,False,False,False,0,0
583528771,574,agentic,https://github.com/safedep/vet/pull/574,"Network, Database, and Data Access Optimization",Minimize Payload Size / Pass Reference Instead of Value,unanimous,True,static-reasoning,True,True,False,False,False,False,False,False,False,False,False,False,0,0,,False,False,False,False,False,False,False,False,False,False,0,0
586920414,9575,agentic,https://github.com/jdx/mise/pull/9575,"Network, Database, and Data Access Optimization",Lazy Loading / Deferred Initialization,unanimous,True,benchmark,True,True,False,True,False,False,False,False,False,False,False,False,1,1,D1,False,True,False,False,False,False,False,False,False,False,1,0
586920414,9833,agentic,https://github.com/jdx/mise/pull/9833,Code Smells and Structural Simplification,Remove Unnecessary Method Calls,majority_2_of_3,True,static-reasoning,True,True,False,False,False,False,False,False,False,False,False,False,0,0,,False,False,False,False,False,False,False,False,False,False,0,0
586920414,10068,agentic,https://github.com/jdx/mise/pull/10068,Memory and Data Locality Optimizations,Caching,unanimous,True,benchmark,True,True,False,True,False,False,False,False,False,False,False,False,1,1,D1,False,True,False,False,False,False,False,False,False,False,1,0
587050620,8596,human_candidate,https://github.com/stanfordnlp/dspy/pull/8596,Algorithm-Level Optimizations,Select Computationally Efficient Algorithms,unanimous,True,anecdotal,True,True,False,False,False,False,False,False,False,False,False,False,0,0,,False,False,False,False,False,False,False,False,False,False,0,0
587937846,7997,human_candidate,https://github.com/KittyCAD/modeling-app/pull/7997,Memory and Data Locality Optimizations,Optimize Object Use,majority_2_of_3,True,benchmark,True,True,False,False,False,True,False,False,False,False,False,False,1,1,D3,False,False,False,True,False,False,False,False,False,False,1,0
593184777,268,agentic,https://github.com/epicweb-dev/epicshop/pull/268,Memory and Data Locality Optimizations,Caching,unanimous,True,benchmark,True,True,False,True,False,False,False,False,False,False,False,False,1,1,D1,False,True,False,False,False,False,False,False,False,False,1,1
593184777,422,agentic,https://github.com/epicweb-dev/epicshop/pull/422,Algorithm-Level Optimizations,Event-Driven Throttling,majority_2_of_3,False,none,False,False,False,True,False,False,False,False,False,False,False,False,1,1,D1,False,True,False,False,False,False,False,False,False,False,1,0
593184777,458,agentic,https://github.com/epicweb-dev/epicshop/pull/458,I/O and Synchronization,Concurrency Control / Rate Limiting,unanimous,True,static-reasoning,True,True,False,True,False,False,False,False,False,False,False,False,1,1,D1,False,True,False,False,False,False,False,False,False,False,1,0
593184777,551,agentic,https://github.com/epicweb-dev/epicshop/pull/551,"Network, Database, and Data Access Optimization",Lazy Loading / Deferred Initialization,unanimous,True,static-reasoning,True,True,False,True,False,False,False,False,False,False,False,False,1,1,D1,False,True,False,False,False,False,False,False,False,False,1,0
593184777,553,agentic,https://github.com/epicweb-dev/epicshop/pull/553,"Network, Database, and Data Access Optimization",Lazy Loading / Deferred Initialization,unanimous,False,none,False,False,False,True,False,False,False,False,False,False,False,False,1,1,D1,False,True,False,False,False,False,False,False,False,False,1,0
593184777,568,agentic,https://github.com/epicweb-dev/epicshop/pull/568,Memory and Data Locality Optimizations,Optimize Object Use,unanimous,True,static-reasoning,True,True,False,True,False,False,False,False,False,False,False,False,1,1,D1,False,True,False,False,False,False,False,False,False,False,1,0
594155488,3992,agentic,https://github.com/Stirling-Tools/Stirling-PDF/pull/3992,I/O and Synchronization,Streaming Implementation Or Optimization),majority_2_of_3,False,none,False,False,False,True,False,False,False,False,False,False,False,False,1,1,D1,False,False,False,False,False,False,False,False,False,False,0,0
595526110,2885,human_candidate,https://github.com/akto-api-security/akto/pull/2885,"Network, Database, and Data Access Optimization",Minimize Payload Size / Pass Reference Instead of Value,unanimous,False,none,False,False,False,False,False,False,False,False,False,False,False,False,0,0,,False,False,False,False,False,False,False,False,False,False,0,0
595526110,2893,human_candidate,https://github.com/akto-api-security/akto/pull/2893,Memory and Data Locality Optimizations,Caching,majority_2_of_3,True,static-reasoning,True,True,False,False,False,False,False,False,False,False,False,False,0,0,,False,False,False,False,False,False,False,False,False,False,0,0
595526110,3951,human_candidate,https://github.com/akto-api-security/akto/pull/3951,Algorithm-Level Optimizations,Select Computationally Efficient Algorithms,majority_2_of_3,False,none,False,False,False,False,False,False,False,False,False,False,False,False,0,0,,False,False,False,False,False,False,False,False,False,False,0,0
595526110,3971,human_candidate,https://github.com/akto-api-security/akto/pull/3971,Memory and Data Locality Optimizations,Caching,majority_2_of_3,True,static-reasoning,True,True,False,False,False,False,False,False,False,False,False,False,0,0,,False,False,False,False,False,False,False,False,False,False,0,0
595832198,4201,agentic,https://github.com/Helicone/helicone/pull/4201,Build & Compilation & Infrastructure Optimization,Enable Build-Time Optimizations,unanimous,True,static-reasoning,True,True,False,False,False,False,False,False,False,False,False,False,0,0,,False,False,False,False,False,False,False,False,False,False,0,0
595832198,5456,human_candidate,https://github.com/Helicone/helicone/pull/5456,Memory and Data Locality Optimizations,Caching,unanimous,False,none,False,False,False,False,False,False,False,False,False,False,False,False,0,0,,False,False,False,False,False,False,False,False,False,False,0,0
598846021,913,agentic,https://github.com/christianhelle/refitter/pull/913,Memory and Data Locality Optimizations,Optimize Object Use,majority_2_of_3,True,static-reasoning,True,True,False,False,False,False,False,False,False,False,False,False,0,0,,False,False,False,False,False,False,False,False,False,False,0,0
598846021,937,agentic,https://github.com/christianhelle/refitter/pull/937,Memory and Data Locality Optimizations,Optimize Object Use,unanimous,True,static-reasoning,True,True,False,False,False,False,False,False,False,False,False,False,0,0,,False,False,False,False,False,False,False,False,False,False,0,0
598998398,4411,agentic,https://github.com/shesha-io/shesha-framework/pull/4411,Build & Compilation & Infrastructure Optimization,Reduce rebuilding size,unanimous,False,none,False,False,False,False,False,False,False,False,False,False,False,False,0,0,,False,False,False,False,False,False,False,False,False,False,0,0
599320067,10993,agentic,https://github.com/langflow-ai/langflow/pull/10993,Memory and Data Locality Optimizations,Optimize Object Use,unanimous,True,static-reasoning,True,True,False,False,False,False,False,False,False,False,False,False,0,0,,False,False,False,False,False,False,False,False,False,False,0,0
599431918,10242,human_candidate,https://github.com/oxc-project/oxc/pull/10242,Loop Transformations,Loop Peeling,majority_2_of_3,True,benchmark,True,True,False,False,False,False,False,False,False,False,False,False,0,0,,False,False,False,False,False,False,False,False,False,False,0,0
599431918,10452,human_candidate,https://github.com/oxc-project/oxc/pull/10452,Data Structure Selection and Adaptation,Darwinian Data Structure Selection,unanimous,True,benchmark,True,True,False,False,False,False,False,False,False,False,False,False,0,0,,False,False,False,False,False,False,False,False,False,False,0,0
599431918,11323,human_candidate,https://github.com/oxc-project/oxc/pull/11323,Code Smells and Structural Simplification,Remove Unnecessary Method Calls,unanimous,True,benchmark,True,True,False,False,False,False,False,False,False,False,False,False,0,0,,False,False,False,False,False,False,False,False,False,False,0,0
599431918,11423,human_candidate,https://github.com/oxc-project/oxc/pull/11423,Code Smells and Structural Simplification,Remove Unnecessary Method Calls,majority_2_of_3,True,benchmark,True,True,False,True,False,False,False,False,False,False,False,False,1,1,D1,False,True,False,False,False,False,False,False,False,False,1,0
599431918,11698,human_candidate,https://github.com/oxc-project/oxc/pull/11698,Code Smells and Structural Simplification,Remove Unnecessary Method Calls,unanimous,True,static-reasoning,True,True,False,False,False,False,False,False,False,False,False,False,0,0,,False,False,False,False,False,False,False,False,False,False,0,0
599431918,11776,human_candidate,https://github.com/oxc-project/oxc/pull/11776,Algorithm-Level Optimizations,Select Algorithm Based on Instruction Speed,majority_2_of_3,True,static-reasoning,True,True,False,False,False,False,False,False,False,False,False,False,0,0,,False,False,False,False,False,False,False,False,False,False,0,0
599431918,12056,human_candidate,https://github.com/oxc-project/oxc/pull/12056,Code Smells and Structural Simplification,Remove Unnecessary Method Calls,unanimous,True,benchmark,True,True,False,False,False,False,False,False,False,False,False,False,0,0,,False,False,False,False,False,False,False,False,False,False,0,0
599431918,12080,human_candidate,https://github.com/oxc-project/oxc/pull/12080,Build & Compilation & Infrastructure Optimization,Compiler Optimization Hints/Directives,majority_2_of_3,True,benchmark,True,True,False,False,False,False,False,False,False,False,False,False,0,0,,False,False,False,False,False,False,False,False,False,False,0,0
599431918,12093,human_candidate,https://github.com/oxc-project/oxc/pull/12093,Control-Flow and Branching Optimizations,Rearranging for early return,unanimous,True,benchmark,True,True,False,True,False,False,False,False,False,False,False,False,1,1,D1,False,True,False,False,False,False,False,False,False,False,1,0
599431918,12138,human_candidate,https://github.com/oxc-project/oxc/pull/12138,Control-Flow and Branching Optimizations,Rearranging for early return,majority_2_of_3,True,benchmark,True,True,False,False,False,False,False,False,False,False,False,False,0,0,,False,False,False,False,False,False,False,False,False,False,0,0
599431918,12277,human_candidate,https://github.com/oxc-project/oxc/pull/12277,Algorithm-Level Optimizations,Select Space Efficient Algorithm,majority_2_of_3,True,benchmark,True,True,False,False,False,True,False,False,False,False,False,False,1,1,D3,False,False,False,True,False,False,False,False,False,False,1,1
599431918,12329,human_candidate,https://github.com/oxc-project/oxc/pull/12329,Algorithm-Level Optimizations,Select Computationally Efficient Algorithms,unanimous,True,benchmark,True,True,False,False,False,False,False,False,False,False,False,False,0,0,,False,False,False,False,False,False,False,False,False,False,0,0
599431918,12521,human_candidate,https://github.com/oxc-project/oxc/pull/12521,Loop Transformations,Loop Peeling,majority_2_of_3,True,benchmark,True,True,False,True,False,False,False,False,False,False,False,False,1,1,D1,False,True,False,False,False,False,False,False,False,False,1,0
599431918,12599,agentic,https://github.com/oxc-project/oxc/pull/12599,Algorithm-Level Optimizations,Select Space Efficient Algorithm,majority_2_of_3,True,benchmark,True,True,False,False,False,False,False,False,False,False,False,False,0,0,,False,False,False,False,False,False,False,False,False,False,0,0
599431918,12676,human_candidate,https://github.com/oxc-project/oxc/pull/12676,Memory and Data Locality Optimizations,Optimize Object Use,majority_2_of_3,True,benchmark,True,True,False,False,False,False,False,False,False,False,False,False,0,0,,False,False,False,False,False,False,False,False,False,False,0,0
599431918,12684,agentic,https://github.com/oxc-project/oxc/pull/12684,Build & Compilation & Infrastructure Optimization,Compiler Optimization Hints/Directives,unanimous,True,benchmark,True,True,False,True,True,True,False,False,False,False,False,False,3,3,D1|D2|D3,False,True,True,True,False,False,False,False,False,False,3,2
599431918,12685,agentic,https://github.com/oxc-project/oxc/pull/12685,Control-Flow and Branching Optimizations,Remove branching with masking,majority_2_of_3,True,benchmark,True,True,False,True,False,False,False,False,False,False,False,False,1,1,D1,False,True,False,False,False,False,False,False,False,False,1,0
599431918,12694,agentic,https://github.com/oxc-project/oxc/pull/12694,Control-Flow and Branching Optimizations,Make Conditional Branches More Predictable,majority_2_of_3,True,benchmark,True,True,False,False,False,False,False,False,False,False,False,False,0,0,,False,False,False,False,False,False,False,False,False,False,0,0
599431918,12709,agentic,https://github.com/oxc-project/oxc/pull/12709,Build & Compilation & Infrastructure Optimization,Enable Build-Time Optimizations,majority_2_of_3,True,unresolved,True,False,False,False,False,True,False,True,True,False,False,False,3,3,D3|D5|D6,False,False,False,False,False,False,True,False,False,False,1,1
599431918,12727,agentic,https://github.com/oxc-project/oxc/pull/12727,Code Smells and Structural Simplification,Remove Unnecessary Method Calls,unanimous,True,benchmark,True,True,True,False,False,False,False,False,False,False,False,False,1,0,D0,True,False,False,False,False,False,False,False,False,False,1,1
599431918,12735,agentic,https://github.com/oxc-project/oxc/pull/12735,Data Structure Selection and Adaptation,Darwinian Data Structure Selection,unanimous,True,static-reasoning,True,True,False,False,False,False,False,False,False,False,False,False,0,0,,False,False,False,False,False,False,False,False,False,False,0,0
599431918,12765,agentic,https://github.com/oxc-project/oxc/pull/12765,Algorithm-Level Optimizations,Select Algorithm Based on Instruction Speed,unanimous,True,benchmark,True,True,False,False,False,False,False,False,False,False,False,False,0,0,,False,False,False,False,False,False,False,False,False,False,0,0
599431918,12768,agentic,https://github.com/oxc-project/oxc/pull/12768,Build & Compilation & Infrastructure Optimization,Compiler Optimization Hints/Directives,unanimous,True,benchmark,True,True,False,True,False,False,False,False,False,False,False,False,1,1,D1,False,True,False,False,False,False,False,False,False,False,1,0
599431918,12776,agentic,https://github.com/oxc-project/oxc/pull/12776,Memory and Data Locality Optimizations,Optimize Object Use,unanimous,True,benchmark,True,True,False,False,False,False,False,False,False,False,False,False,0,0,,False,False,False,False,False,False,False,False,False,False,0,0
599431918,12778,human_candidate,https://github.com/oxc-project/oxc/pull/12778,Build & Compilation & Infrastructure Optimization,Compiler Optimization Hints/Directives,majority_2_of_3,True,benchmark,True,True,False,False,False,False,False,False,False,False,False,False,0,0,,False,False,False,False,False,False,False,False,False,False,0,0
599431918,12821,agentic,https://github.com/oxc-project/oxc/pull/12821,Build & Compilation & Infrastructure Optimization,Performance-Optimized Dependency Selection,majority_2_of_3,True,benchmark,True,True,False,True,False,False,False,False,False,False,False,False,1,1,D1,False,True,False,False,False,False,False,False,False,False,1,0
599431918,12847,agentic,https://github.com/oxc-project/oxc/pull/12847,Memory and Data Locality Optimizations,Optimize Object Use,unanimous,True,benchmark,True,True,True,False,False,True,False,False,False,False,False,False,2,1,D0|D3,True,False,False,True,False,False,False,False,False,False,2,0
599431918,12852,agentic,https://github.com/oxc-project/oxc/pull/12852,Algorithm-Level Optimizations,Select Algorithm Based on Instruction Speed,majority_2_of_3,True,benchmark,True,True,True,True,False,True,False,False,False,False,False,False,3,2,D0|D1|D3,False,True,False,True,False,False,False,False,False,False,2,2
599431918,12883,human_candidate,https://github.com/oxc-project/oxc/pull/12883,Memory and Data Locality Optimizations,Optimize Object Use,majority_2_of_3,True,unresolved,True,False,False,False,False,False,False,False,False,False,False,False,0,0,,False,False,False,False,False,False,False,False,False,False,0,0
599431918,12884,agentic,https://github.com/oxc-project/oxc/pull/12884,Memory and Data Locality Optimizations,Optimize Object Use,unanimous,True,benchmark,True,True,True,False,False,False,False,False,False,False,False,False,1,0,D0,True,False,False,False,False,False,False,False,False,False,1,0
599431918,13097,agentic,https://github.com/oxc-project/oxc/pull/13097,Code Smells and Structural Simplification,Remove Unnecessary Method Calls,majority_2_of_3,True,benchmark,True,True,False,False,False,False,False,False,False,False,False,False,0,0,,False,False,False,False,False,False,False,False,False,False,0,0
599431918,13098,agentic,https://github.com/oxc-project/oxc/pull/13098,I/O and Synchronization,Streaming Implementation Or Optimization),unanimous,True,static-reasoning,True,True,False,False,False,False,False,True,False,False,False,False,1,1,D5,False,False,False,False,False,False,False,False,False,False,0,0
599431918,13419,human_candidate,https://github.com/oxc-project/oxc/pull/13419,Data Structure Selection and Adaptation,Darwinian Data Structure Selection,majority_2_of_3,True,benchmark,True,True,False,True,False,False,False,False,False,False,False,False,1,1,D1,False,True,False,False,False,False,False,False,False,False,1,0
599431918,13593,agentic,https://github.com/oxc-project/oxc/pull/13593,Algorithm-Level Optimizations,Structure Algorithm to Support instruction level parallelism (ILP),unanimous,True,benchmark,True,True,False,False,False,False,False,False,False,False,False,False,0,0,,False,False,False,False,False,False,False,False,False,False,0,0
599431918,14397,agentic,https://github.com/oxc-project/oxc/pull/14397,Algorithm-Level Optimizations,Select Computationally Efficient Algorithms,unanimous,True,benchmark,True,True,False,False,False,True,False,False,False,False,False,False,1,1,D3,False,False,False,True,False,False,False,False,False,False,1,1
599431918,14519,human_candidate,https://github.com/oxc-project/oxc/pull/14519,Algorithm-Level Optimizations,Select Computationally Efficient Algorithms,unanimous,True,benchmark,True,True,False,False,False,False,False,False,False,False,False,False,0,0,,False,False,False,False,False,False,False,False,False,False,0,0
599431918,14630,human_candidate,https://github.com/oxc-project/oxc/pull/14630,Code Smells and Structural Simplification,Remove Unnecessary Method Calls,unanimous,True,benchmark,True,True,True,False,False,False,False,False,False,False,False,False,1,0,D0,True,False,False,False,False,False,False,False,False,False,1,1
599431918,14695,human_candidate,https://github.com/oxc-project/oxc/pull/14695,Algorithm-Level Optimizations,Select Computationally Efficient Algorithms,majority_2_of_3,True,benchmark,True,True,False,False,False,False,False,False,False,False,False,False,0,0,,False,False,False,False,False,False,False,False,False,False,0,0
599431918,14802,agentic,https://github.com/oxc-project/oxc/pull/14802,Algorithm-Level Optimizations,Select Computationally Efficient Algorithms,majority_2_of_3,True,benchmark,True,True,False,False,False,False,False,False,False,False,False,False,0,0,,False,False,False,False,False,False,False,False,False,False,0,0
599431918,16630,human_candidate,https://github.com/oxc-project/oxc/pull/16630,Code Smells and Structural Simplification,Remove Unnecessary Method Calls,unanimous,True,benchmark,True,True,False,True,False,False,False,False,False,False,False,False,1,1,D1,False,True,False,False,False,False,False,False,False,False,1,0
599431918,16835,human_candidate,https://github.com/oxc-project/oxc/pull/16835,Control-Flow and Branching Optimizations,Combining branches,majority_2_of_3,True,static-reasoning,True,True,False,False,False,False,False,False,False,False,False,False,0,0,,False,False,False,False,False,False,False,False,False,False,0,0
599431918,17379,human_candidate,https://github.com/oxc-project/oxc/pull/17379,Algorithm-Level Optimizations,Select Computationally Efficient Algorithms,majority_2_of_3,True,benchmark,True,True,False,True,False,True,False,False,False,False,False,False,2,2,D1|D3,False,True,False,False,False,False,False,False,False,False,1,0
599431918,17399,human_candidate,https://github.com/oxc-project/oxc/pull/17399,Code Smells and Structural Simplification,Remove Unnecessary Method Calls,majority_2_of_3,True,benchmark,True,True,False,False,False,False,False,False,False,False,False,False,0,0,,False,False,False,False,False,False,False,False,False,False,0,0
599431918,17797,human_candidate,https://github.com/oxc-project/oxc/pull/17797,Memory and Data Locality Optimizations,Optimize Object Use,unanimous,True,unresolved,True,False,False,False,False,False,False,False,False,False,False,False,0,0,,False,False,False,False,False,False,False,False,False,False,0,0
599431918,18034,human_candidate,https://github.com/oxc-project/oxc/pull/18034,Build & Compilation & Infrastructure Optimization,Compiler Optimization Hints/Directives,unanimous,True,benchmark,True,True,False,False,False,False,False,False,False,False,False,False,0,0,,False,False,False,False,False,False,False,False,False,False,0,0
599431918,18175,agentic,https://github.com/oxc-project/oxc/pull/18175,Code Smells and Structural Simplification,Remove code bloat by removing optional features,majority_2_of_3,True,unresolved,True,False,False,False,False,False,False,False,False,False,False,False,0,0,,False,False,False,False,False,False,False,False,False,False,0,0
599431918,18454,agentic,https://github.com/oxc-project/oxc/pull/18454,Memory and Data Locality Optimizations,Improve cache locality - temporal locality,majority_2_of_3,True,benchmark,True,True,False,True,False,False,False,False,False,False,False,False,1,1,D1,False,True,False,False,False,False,False,False,False,False,1,0
599431918,18476,agentic,https://github.com/oxc-project/oxc/pull/18476,Memory and Data Locality Optimizations,Caching,unanimous,True,benchmark,True,True,False,False,False,False,False,False,False,False,False,False,0,0,,False,False,False,False,False,False,False,False,False,False,0,0
599431918,18584,agentic,https://github.com/oxc-project/oxc/pull/18584,Memory and Data Locality Optimizations,Caching,majority_2_of_3,True,benchmark,True,True,True,True,False,False,False,False,False,False,False,False,2,1,D0|D1,True,True,False,False,False,False,False,False,False,False,2,1
599431918,18921,agentic,https://github.com/oxc-project/oxc/pull/18921,Memory and Data Locality Optimizations,Optimize Object Use,unanimous,True,benchmark,True,True,False,False,False,False,False,False,False,False,False,False,0,0,,False,False,False,False,False,False,False,False,False,False,0,0
599431918,19028,human_candidate,https://github.com/oxc-project/oxc/pull/19028,Data Structure Selection and Adaptation,Darwinian Data Structure Selection,unanimous,True,benchmark,True,True,False,True,False,False,False,False,False,False,False,False,1,1,D1,False,True,False,False,False,False,False,False,False,False,1,0
599431918,19543,human_candidate,https://github.com/oxc-project/oxc/pull/19543,Memory and Data Locality Optimizations,Optimize Object Use,unanimous,True,benchmark,True,True,True,True,False,True,False,False,False,False,False,False,3,2,D0|D1|D3,True,True,False,True,False,False,False,False,False,False,3,1
599431918,19851,human_candidate,https://github.com/oxc-project/oxc/pull/19851,Memory and Data Locality Optimizations,Optimize Object Use,unanimous,True,benchmark,True,True,False,True,False,False,False,False,False,False,False,False,1,1,D1,False,True,False,False,False,False,False,False,False,False,1,0
599431918,20136,agentic,https://github.com/oxc-project/oxc/pull/20136,Memory and Data Locality Optimizations,Optimize Object Use,unanimous,True,benchmark,True,True,False,False,False,False,False,False,False,False,False,False,0,0,,False,False,False,False,False,False,False,False,False,False,0,0
599431918,20189,human_candidate,https://github.com/oxc-project/oxc/pull/20189,Control-Flow and Branching Optimizations,Remove branches by doing extra work,majority_2_of_3,True,static-reasoning,True,True,False,False,False,False,False,False,False,False,False,False,0,0,,False,False,False,False,False,False,False,False,False,False,0,0
599431918,20249,human_candidate,https://github.com/oxc-project/oxc/pull/20249,Memory and Data Locality Optimizations,Caching,majority_2_of_3,True,static-reasoning,True,True,False,False,False,False,False,False,False,False,False,False,0,0,,False,False,False,False,False,False,False,False,False,False,0,0
599431918,20312,human_candidate,https://github.com/oxc-project/oxc/pull/20312,Build & Compilation & Infrastructure Optimization,Compiler Optimization Hints/Directives,unanimous,True,static-reasoning,True,True,False,False,False,False,False,False,False,False,False,False,0,0,,False,False,False,False,False,False,False,False,False,False,0,0
599431918,20318,human_candidate,https://github.com/oxc-project/oxc/pull/20318,Memory and Data Locality Optimizations,Optimize Object Use,majority_2_of_3,True,static-reasoning,True,True,False,False,False,False,False,False,False,False,False,False,0,0,,False,False,False,False,False,False,False,False,False,False,0,0
599431918,20509,human_candidate,https://github.com/oxc-project/oxc/pull/20509,Memory and Data Locality Optimizations,Optimize Object Use,unanimous,True,static-reasoning,True,True,False,False,False,False,False,False,False,False,False,False,0,0,,False,False,False,False,False,False,False,False,False,False,0,0
599431918,20826,human_candidate,https://github.com/oxc-project/oxc/pull/20826,Build & Compilation & Infrastructure Optimization,Compiler Optimization Hints/Directives,unanimous,True,unresolved,True,False,False,False,False,False,False,False,False,False,False,False,0,0,,False,False,False,False,False,False,False,False,False,False,0,0
599431918,20910,human_candidate,https://github.com/oxc-project/oxc/pull/20910,Code Smells and Structural Simplification,Remove Unnecessary Method Calls,unanimous,True,benchmark,True,True,False,False,False,False,False,False,False,False,False,False,0,0,,False,False,False,False,False,False,False,False,False,False,0,0
599431918,21020,human_candidate,https://github.com/oxc-project/oxc/pull/21020,Build & Compilation & Infrastructure Optimization,Compiler Optimization Hints/Directives,majority_2_of_3,True,static-reasoning,True,True,False,False,False,False,False,False,False,False,False,False,0,0,,False,False,False,False,False,False,False,False,False,False,0,0
599431918,21339,human_candidate,https://github.com/oxc-project/oxc/pull/21339,Code Smells and Structural Simplification,Remove Unnecessary Method Calls,majority_2_of_3,True,unresolved,True,False,False,False,False,False,False,False,False,False,False,False,0,0,,False,False,False,False,False,False,False,False,False,False,0,0
599431918,21622,human_candidate,https://github.com/oxc-project/oxc/pull/21622,Build & Compilation & Infrastructure Optimization,Compiler Optimization Hints/Directives,majority_2_of_3,True,benchmark,True,True,False,False,False,False,False,False,False,False,False,False,0,0,,False,False,False,False,False,False,False,False,False,False,0,0
599431918,21709,human_candidate,https://github.com/oxc-project/oxc/pull/21709,Memory and Data Locality Optimizations,Improve cache locality - spatial locality,majority_2_of_3,True,benchmark,True,True,False,False,False,True,False,False,False,False,False,False,1,1,D3,False,False,False,False,False,False,False,False,False,False,0,0
599431918,21811,human_candidate,https://github.com/oxc-project/oxc/pull/21811,Code Smells and Structural Simplification,Remove code bloat by removing optional features,unanimous,True,static-reasoning,True,True,False,False,False,False,False,False,False,False,False,False,0,0,,False,False,False,False,False,False,False,False,False,False,0,0
599431918,22081,agentic,https://github.com/oxc-project/oxc/pull/22081,Memory and Data Locality Optimizations,Optimize Object Use,unanimous,True,benchmark,True,True,False,False,False,False,False,False,False,False,False,False,0,0,,False,False,False,False,False,False,False,False,False,False,0,0
599431918,22212,agentic,https://github.com/oxc-project/oxc/pull/22212,Memory and Data Locality Optimizations,Optimize Object Use,majority_2_of_3,True,static-reasoning,True,True,False,False,False,False,False,False,False,False,False,False,0,0,,False,False,False,False,False,False,False,False,False,False,0,0
599431918,22438,human_candidate,https://github.com/oxc-project/oxc/pull/22438,Algorithm-Level Optimizations,Select Computationally Efficient Algorithms,majority_2_of_3,True,benchmark,True,True,False,True,False,False,False,False,False,False,False,False,1,1,D1,False,True,False,False,False,False,False,False,False,False,1,0
599431918,22562,agentic,https://github.com/oxc-project/oxc/pull/22562,Memory and Data Locality Optimizations,Optimize Object Use,unanimous,True,benchmark,True,True,False,True,False,False,False,False,False,True,False,False,2,2,D1|D7,False,True,False,False,False,False,False,True,False,False,2,0
599431918,22578,agentic,https://github.com/oxc-project/oxc/pull/22578,Code Smells and Structural Simplification,Remove Unnecessary Method Calls,unanimous,True,benchmark,True,True,False,False,False,False,False,False,False,False,False,False,0,0,,False,False,False,False,False,False,False,False,False,False,0,0
599431918,22588,agentic,https://github.com/oxc-project/oxc/pull/22588,Code Smells and Structural Simplification,Remove Unnecessary Method Calls,majority_2_of_3,True,benchmark,True,True,False,True,False,False,False,False,False,False,False,False,1,1,D1,False,True,False,False,False,False,False,False,False,False,1,1
599431918,22598,agentic,https://github.com/oxc-project/oxc/pull/22598,Algorithm-Level Optimizations,Select Computationally Efficient Algorithms,majority_2_of_3,True,benchmark,True,True,False,False,False,False,False,False,False,False,False,False,0,0,,False,False,False,False,False,False,False,False,False,False,0,0
599431918,22600,agentic,https://github.com/oxc-project/oxc/pull/22600,Code Smells and Structural Simplification,Remove Unnecessary Method Calls,majority_2_of_3,True,benchmark,True,True,False,False,False,False,False,False,False,False,False,False,0,0,,False,False,False,False,False,False,False,False,False,False,0,0
599431918,22601,agentic,https://github.com/oxc-project/oxc/pull/22601,Code Smells and Structural Simplification,Remove Unnecessary Method Calls,majority_2_of_3,True,static-reasoning,True,True,False,False,False,False,False,False,False,False,False,False,0,0,,False,False,False,False,False,False,False,False,False,False,0,0
599431918,22602,agentic,https://github.com/oxc-project/oxc/pull/22602,Code Smells and Structural Simplification,Remove Unnecessary Method Calls,unanimous,True,benchmark,True,True,False,False,False,False,False,False,False,False,False,False,0,0,,False,False,False,False,False,False,False,False,False,False,0,0
599431918,22610,human_candidate,https://github.com/oxc-project/oxc/pull/22610,Memory and Data Locality Optimizations,Optimize Object Use,unanimous,True,benchmark,True,True,False,False,False,True,False,False,False,False,False,False,1,1,D3,False,False,False,False,False,False,False,False,False,False,0,0
599431918,22669,agentic,https://github.com/oxc-project/oxc/pull/22669,Build & Compilation & Infrastructure Optimization,Compiler Optimization Hints/Directives,unanimous,True,benchmark,True,True,False,False,False,False,False,False,False,False,False,False,0,0,,False,False,False,False,False,False,False,False,False,False,0,0
599431918,22694,agentic,https://github.com/oxc-project/oxc/pull/22694,Memory and Data Locality Optimizations,Optimize Object Use,unanimous,True,benchmark,True,True,False,True,False,True,False,False,False,False,False,False,2,2,D1|D3,False,True,False,False,False,False,False,False,False,False,1,0
600113513,2088,agentic,https://github.com/Shelf-nu/shelf.nu/pull/2088,I/O and Synchronization,Concurrency Control / Rate Limiting,unanimous,False,none,False,False,False,False,True,False,False,False,False,False,False,False,1,1,D2,False,False,True,False,False,False,False,False,False,False,1,1
601303277,1749,agentic,https://github.com/quarylabs/sqruff/pull/1749,Data Structure Selection and Adaptation,Darwinian Data Structure Selection,unanimous,True,benchmark,True,True,False,True,False,False,False,False,False,False,False,False,1,1,D1,False,True,False,False,False,False,False,False,False,False,1,0
601388007,158,human_candidate,https://github.com/bayesianbandits/bayesianbandits/pull/158,"Network, Database, and Data Access Optimization",Batch API Requests (N+1),majority_2_of_3,True,static-reasoning,True,True,False,False,False,False,False,False,False,False,False,False,0,0,,False,False,False,False,False,False,False,False,False,False,0,0
601388007,220,human_candidate,https://github.com/bayesianbandits/bayesianbandits/pull/220,Algorithm-Level Optimizations,Select Computationally Efficient Algorithms,unanimous,False,none,False,False,False,True,False,False,False,False,False,False,False,False,1,1,D1,False,False,False,False,False,False,False,False,False,False,0,0
603860295,1402,human_candidate,https://github.com/dalathegreat/Battery-Emulator/pull/1402,Memory and Data Locality Optimizations,Optimize Object Use,majority_2_of_3,True,unresolved,True,False,False,True,False,False,False,False,False,False,False,False,1,1,D1,False,False,False,False,False,False,False,False,False,False,0,0
603860295,2286,human_candidate,https://github.com/dalathegreat/Battery-Emulator/pull/2286,Algorithm-Level Optimizations,Event-Driven Throttling,majority_2_of_3,True,benchmark,True,True,False,True,False,False,False,False,False,False,False,False,1,1,D1,False,True,False,False,False,False,False,False,False,False,1,1
605995490,2051,human_candidate,https://github.com/diggerhq/digger/pull/2051,Memory and Data Locality Optimizations,Caching,unanimous,False,none,False,False,False,False,False,False,False,False,False,False,False,False,0,0,,False,False,False,False,False,False,False,False,False,False,0,0
612354784,13806,human_candidate,https://github.com/ggml-org/llama.cpp/pull/13806,Build & Compilation & Infrastructure Optimization,Enable Build-Time Optimizations,unanimous,False,none,False,False,False,False,False,False,False,False,False,False,False,False,0,0,,False,False,False,False,False,False,False,False,False,False,0,0
612354784,14317,human_candidate,https://github.com/ggml-org/llama.cpp/pull/14317,Algorithm-Level Optimizations,Select Algorithm Based on Instruction Speed,unanimous,True,benchmark,True,True,True,True,False,True,False,False,False,False,False,True,4,3,D0|D1|D3|D9,True,False,False,True,False,False,False,False,False,True,3,2
612354784,14918,human_candidate,https://github.com/ggml-org/llama.cpp/pull/14918,Memory and Data Locality Optimizations,Improve cache locality - spatial locality,majority_2_of_3,False,none,False,False,False,False,False,False,False,False,False,False,False,False,0,0,,False,False,False,False,False,False,False,False,False,False,0,0
612354784,14978,human_candidate,https://github.com/ggml-org/llama.cpp/pull/14978,Memory and Data Locality Optimizations,Buffering,majority_2_of_3,False,none,False,False,False,False,False,False,False,False,False,False,False,False,0,0,,False,False,False,False,False,False,False,False,False,False,0,0
612354784,15385,human_candidate,https://github.com/ggml-org/llama.cpp/pull/15385,Algorithm-Level Optimizations,Select Algorithm Based on Instruction Speed,majority_2_of_3,True,unresolved,True,False,False,False,False,False,False,False,False,False,False,True,1,1,D9,False,False,False,False,False,False,False,False,False,True,1,1
612354784,15434,human_candidate,https://github.com/ggml-org/llama.cpp/pull/15434,Algorithm-Level Optimizations,Select Computationally Efficient Algorithms,majority_2_of_3,False,none,False,False,False,False,False,False,False,False,False,False,False,False,0,0,,False,False,False,False,False,False,False,False,False,False,0,0
612354784,15719,human_candidate,https://github.com/ggml-org/llama.cpp/pull/15719,Algorithm-Level Optimizations,Select Algorithm Based on Instruction Speed,majority_2_of_3,True,benchmark,True,True,False,False,False,True,False,False,False,False,False,False,1,1,D3,False,False,False,True,False,False,False,False,False,False,1,0
612354784,16056,human_candidate,https://github.com/ggml-org/llama.cpp/pull/16056,Algorithm-Level Optimizations,Select Algorithm Based on Instruction Speed,majority_2_of_3,True,benchmark,True,True,False,False,False,False,False,False,False,False,False,False,0,0,,False,False,False,False,False,False,False,False,False,False,0,0
612354784,16265,human_candidate,https://github.com/ggml-org/llama.cpp/pull/16265,Build & Compilation & Infrastructure Optimization,Compiler Optimization Hints/Directives,unanimous,False,none,False,False,False,False,False,False,False,False,False,False,False,False,0,0,,False,False,False,False,False,False,False,False,False,False,0,0
612354784,16810,human_candidate,https://github.com/ggml-org/llama.cpp/pull/16810,Algorithm-Level Optimizations,Structure Algorithm to Support instruction level parallelism (ILP),majority_2_of_3,False,none,False,False,False,False,False,False,False,False,False,False,False,False,0,0,,False,False,False,False,False,False,False,False,False,False,0,0
612354784,17427,human_candidate,https://github.com/ggml-org/llama.cpp/pull/17427,Algorithm-Level Optimizations,Event-Driven Throttling,unanimous,False,none,False,False,False,False,False,False,False,False,False,False,False,False,0,0,,False,False,False,False,False,False,False,False,False,False,0,0
612354784,17892,human_candidate,https://github.com/ggml-org/llama.cpp/pull/17892,Algorithm-Level Optimizations,Select Computationally Efficient Algorithms,majority_2_of_3,True,benchmark,True,True,False,False,True,False,False,False,False,False,False,False,1,1,D2,False,False,True,False,False,False,False,False,False,False,1,1
612354784,18096,human_candidate,https://github.com/ggml-org/llama.cpp/pull/18096,Memory and Data Locality Optimizations,Improve cache locality - spatial locality,unanimous,True,benchmark,True,True,False,False,False,False,False,False,False,False,False,False,0,0,,False,False,False,False,False,False,False,False,False,False,0,0
612354784,18666,human_candidate,https://github.com/ggml-org/llama.cpp/pull/18666,Algorithm-Level Optimizations,Select Computationally Efficient Algorithms,unanimous,True,benchmark,True,True,False,True,False,False,False,False,False,False,False,False,1,1,D1,False,True,False,False,False,False,False,False,False,False,1,1
612354784,19780,human_candidate,https://github.com/ggml-org/llama.cpp/pull/19780,Algorithm-Level Optimizations,Structure Algorithm to Support instruction level parallelism (ILP),unanimous,True,static-reasoning,True,True,False,False,False,False,False,False,False,False,False,False,0,0,,False,False,False,False,False,False,False,False,False,False,0,0
612354784,19840,human_candidate,https://github.com/ggml-org/llama.cpp/pull/19840,Memory and Data Locality Optimizations,Improve cache locality - spatial locality,unanimous,True,benchmark,True,True,False,True,True,False,False,False,False,False,False,False,2,2,D1|D2,False,True,True,False,False,False,False,False,False,False,2,0
612354784,20020,agentic,https://github.com/ggml-org/llama.cpp/pull/20020,I/O and Synchronization,Concurrency Control / Rate Limiting,unanimous,True,benchmark,True,True,False,True,False,False,True,False,False,False,False,True,3,3,D1|D4|D9,False,True,False,False,True,False,False,False,False,True,3,3
612354784,20250,agentic,https://github.com/ggml-org/llama.cpp/pull/20250,Algorithm-Level Optimizations,Select Computationally Efficient Algorithms,unanimous,True,benchmark,True,True,False,False,False,False,False,False,False,False,False,False,0,0,,False,False,False,False,False,False,False,False,False,False,0,0
612354784,20282,human_candidate,https://github.com/ggml-org/llama.cpp/pull/20282,Memory and Data Locality Optimizations,Improve CPU Cache management,unanimous,True,benchmark,True,True,False,False,False,True,False,False,False,False,False,False,1,1,D3,False,False,False,True,False,False,False,False,False,False,1,0
612354784,20525,human_candidate,https://github.com/ggml-org/llama.cpp/pull/20525,Algorithm-Level Optimizations,Select Algorithm Based on Instruction Speed,unanimous,True,benchmark,True,True,False,False,False,False,False,False,False,False,False,False,0,0,,False,False,False,False,False,False,False,False,False,False,0,0
612354784,20551,human_candidate,https://github.com/ggml-org/llama.cpp/pull/20551,Algorithm-Level Optimizations,Select Computationally Efficient Algorithms,majority_2_of_3,True,benchmark,True,True,False,False,False,False,False,False,False,False,False,False,0,0,,False,False,False,False,False,False,False,False,False,False,0,0
612354784,20943,human_candidate,https://github.com/ggml-org/llama.cpp/pull/20943,Memory and Data Locality Optimizations,Improve CPU Cache management,majority_2_of_3,True,static-reasoning,True,True,False,False,False,False,False,False,False,False,False,False,0,0,,False,False,False,False,False,False,False,False,False,False,0,0
612354784,21344,human_candidate,https://github.com/ggml-org/llama.cpp/pull/21344,Algorithm-Level Optimizations,Select Space Efficient Algorithm,majority_2_of_3,True,benchmark,True,True,False,True,False,True,False,False,False,False,False,False,2,2,D1|D3,False,True,False,True,False,False,False,False,False,False,2,0
612354784,21443,human_candidate,https://github.com/ggml-org/llama.cpp/pull/21443,Memory and Data Locality Optimizations,Improve cache locality - temporal locality,unanimous,True,benchmark,True,True,False,True,False,False,False,False,False,False,False,False,1,1,D1,False,True,False,False,False,False,False,False,False,False,1,1
612354784,22008,human_candidate,https://github.com/ggml-org/llama.cpp/pull/22008,Memory and Data Locality Optimizations,Improve cache locality - spatial locality,unanimous,True,benchmark,True,True,False,False,False,False,False,False,False,False,False,False,0,0,,False,False,False,False,False,False,False,False,False,False,0,0
612354784,22330,human_candidate,https://github.com/ggml-org/llama.cpp/pull/22330,Memory and Data Locality Optimizations,Improve cache locality - spatial locality,unanimous,True,benchmark,True,True,True,False,False,False,False,False,False,False,False,False,1,0,D0,True,False,False,False,False,False,False,False,False,False,1,1
612354784,22768,human_candidate,https://github.com/ggml-org/llama.cpp/pull/22768,Algorithm-Level Optimizations,Structure Algorithm to Support instruction level parallelism (ILP),majority_2_of_3,True,benchmark,True,True,False,False,False,False,False,False,False,False,False,False,0,0,,False,False,False,False,False,False,False,False,False,False,0,0
612354784,22812,human_candidate,https://github.com/ggml-org/llama.cpp/pull/22812,Algorithm-Level Optimizations,Select Computationally Efficient Algorithms,unanimous,True,benchmark,True,True,False,True,False,False,False,False,False,False,False,False,1,1,D1,False,True,False,False,False,False,False,False,False,False,1,0
612354784,22821,human_candidate,https://github.com/ggml-org/llama.cpp/pull/22821,Memory and Data Locality Optimizations,Improve cache locality - spatial locality,unanimous,True,benchmark,True,True,True,True,False,False,False,False,False,False,False,False,2,1,D0|D1,True,True,False,False,False,False,False,False,False,False,2,1
612354784,23083,human_candidate,https://github.com/ggml-org/llama.cpp/pull/23083,I/O and Synchronization,Concurrency Control / Lock Optimization,unanimous,True,benchmark,True,True,False,True,False,False,False,False,False,False,False,False,1,1,D1,False,True,False,False,False,False,False,False,False,False,1,1
612354784,23309,agentic,https://github.com/ggml-org/llama.cpp/pull/23309,Algorithm-Level Optimizations,Select Algorithm Based on Instruction Speed,majority_2_of_3,True,benchmark,True,True,False,False,False,False,False,False,False,False,False,False,0,0,,False,False,False,False,False,False,False,False,False,False,0,0
612354784,23339,human_candidate,https://github.com/ggml-org/llama.cpp/pull/23339,Algorithm-Level Optimizations,Select Algorithm Based on Instruction Speed,unanimous,True,unresolved,True,False,False,True,False,False,False,False,False,False,False,False,1,1,D1,False,True,False,False,False,False,False,False,False,False,1,1
612354784,23402,human_candidate,https://github.com/ggml-org/llama.cpp/pull/23402,Algorithm-Level Optimizations,Structure Algorithm to Support instruction level parallelism (ILP),majority_2_of_3,True,benchmark,True,True,False,False,False,False,False,False,False,False,False,False,0,0,,False,False,False,False,False,False,False,False,False,False,0,0
612354784,23411,human_candidate,https://github.com/ggml-org/llama.cpp/pull/23411,Algorithm-Level Optimizations,Structure Algorithm to Support instruction level parallelism (ILP),majority_2_of_3,True,static-reasoning,True,True,False,False,False,False,False,False,False,False,False,True,1,1,D9,False,False,False,False,False,False,False,False,False,True,1,0
612354784,23492,human_candidate,https://github.com/ggml-org/llama.cpp/pull/23492,Algorithm-Level Optimizations,Select Algorithm Based on Instruction Speed,majority_2_of_3,True,benchmark,True,True,False,True,True,False,True,False,False,False,False,True,4,4,D1|D2|D4|D9,False,True,True,False,True,False,False,False,False,True,4,4
612354784,23510,human_candidate,https://github.com/ggml-org/llama.cpp/pull/23510,Code Smells and Structural Simplification,Remove Unnecessary Method Calls,unanimous,True,benchmark,True,True,False,True,False,False,False,False,False,False,False,False,1,1,D1,False,True,False,False,False,False,False,False,False,False,1,1
612354784,23696,human_candidate,https://github.com/ggml-org/llama.cpp/pull/23696,Memory and Data Locality Optimizations,Buffering,majority_2_of_3,True,static-reasoning,True,True,False,False,False,False,False,False,False,False,False,False,0,0,,False,False,False,False,False,False,False,False,False,False,0,0
612354784,23807,human_candidate,https://github.com/ggml-org/llama.cpp/pull/23807,Memory and Data Locality Optimizations,Optimize Object Use,unanimous,False,none,False,False,False,False,False,False,False,False,False,False,False,False,0,0,,False,False,False,False,False,False,False,False,False,False,0,0
612354784,23915,agentic,https://github.com/ggml-org/llama.cpp/pull/23915,I/O and Synchronization,Selection I/O size,unanimous,True,benchmark,True,True,False,True,True,False,False,True,False,False,False,False,3,3,D1|D2|D5,False,True,True,False,False,True,False,False,False,False,3,3
612354784,23940,human_candidate,https://github.com/ggml-org/llama.cpp/pull/23940,Code Smells and Structural Simplification,Remove Unnecessary Method Calls,majority_2_of_3,True,benchmark,True,True,True,False,False,False,False,False,False,False,False,False,1,0,D0,True,False,False,False,False,False,False,False,False,False,1,1
614765452,13047,human_candidate,https://github.com/Significant-Gravitas/AutoGPT/pull/13047,"Network, Database, and Data Access Optimization",Lazy Loading / Deferred Initialization,unanimous,True,benchmark,True,True,True,False,False,False,False,False,False,False,False,False,1,0,D0,True,False,False,False,False,False,False,False,False,False,1,0
615684995,666,human_candidate,https://github.com/swuecho/chat/pull/666,Algorithm-Level Optimizations,Event-Driven Throttling,unanimous,True,static-reasoning,True,True,False,False,False,False,False,False,False,False,False,False,0,0,,False,False,False,False,False,False,False,False,False,False,0,0
620004347,1676,human_candidate,https://github.com/Layr-Labs/eigenlayer-contracts/pull/1676,Code Smells and Structural Simplification,Remove Unnecessary Method Calls,unanimous,True,static-reasoning,True,True,False,False,False,False,False,False,False,False,False,False,0,0,,False,False,False,False,False,False,False,False,False,False,0,0
622646426,686,agentic,https://github.com/elsa-workflows/elsa-studio/pull/686,Memory and Data Locality Optimizations,Caching,majority_2_of_3,True,static-reasoning,True,True,False,True,False,False,False,False,False,False,False,False,1,1,D1,False,True,False,False,False,False,False,False,False,False,1,1
622903599,734,human_candidate,https://github.com/kodjodevf/mangayomi/pull/734,Memory and Data Locality Optimizations,Optimize Object Use,unanimous,True,static-reasoning,True,True,False,True,False,True,False,False,False,False,False,False,2,2,D1|D3,False,True,False,False,False,False,False,False,False,False,1,0
631840812,309,agentic,https://github.com/jirihofman/portfolio/pull/309,Memory and Data Locality Optimizations,Caching,unanimous,False,none,False,False,False,True,False,False,False,False,False,False,False,False,1,1,D1,False,False,False,False,False,False,False,False,False,False,0,0
633262635,5985,human_candidate,https://github.com/onyx-dot-app/onyx/pull/5985,Control-Flow and Branching Optimizations,Remove branches by doing extra work,majority_2_of_3,False,none,False,False,False,False,False,False,False,False,False,False,False,False,0,0,,False,False,False,False,False,False,False,False,False,False,0,0
633927609,3046,agentic,https://github.com/promptfoo/promptfoo/pull/3046,Memory and Data Locality Optimizations,Caching,majority_2_of_3,True,unresolved,True,False,False,False,False,False,False,False,False,False,False,False,0,0,,False,False,False,False,False,False,False,False,False,False,0,0
633927609,3047,agentic,https://github.com/promptfoo/promptfoo/pull/3047,Memory and Data Locality Optimizations,Caching,majority_2_of_3,True,static-reasoning,True,True,False,False,False,False,False,False,False,False,False,False,0,0,,False,False,False,False,False,False,False,False,False,False,0,0
633927609,5117,human_candidate,https://github.com/promptfoo/promptfoo/pull/5117,Data Structure Selection and Adaptation,Darwinian Data Structure Selection,majority_2_of_3,True,unresolved,True,False,True,True,False,False,False,False,False,False,False,False,2,1,D0|D1,True,True,False,False,False,False,False,False,False,False,2,1
634043200,4645,human_candidate,https://github.com/modular/modular/pull/4645,Algorithm-Level Optimizations,Select Computationally Efficient Algorithms,unanimous,True,unresolved,True,False,False,True,False,True,False,False,False,False,False,False,2,2,D1|D3,False,True,False,True,False,False,False,False,False,False,2,1
634043200,5985,human_candidate,https://github.com/modular/modular/pull/5985,Code Smells and Structural Simplification,Remove Unnecessary Method Calls,unanimous,False,none,False,False,False,False,False,False,False,False,False,False,False,False,0,0,,False,False,False,False,False,False,False,False,False,False,0,0
634043200,6110,human_candidate,https://github.com/modular/modular/pull/6110,Data Structure Selection and Adaptation,Darwinian Data Structure Selection,majority_2_of_3,True,benchmark,True,True,False,True,False,False,False,False,False,False,False,False,1,1,D1,False,True,False,False,False,False,False,False,False,False,1,1
634043200,6210,agentic,https://github.com/modular/modular/pull/6210,Memory and Data Locality Optimizations,Increase Workload to Mitigate Memory Access Latency,majority_2_of_3,True,static-reasoning,True,True,False,False,False,False,False,False,False,False,False,False,0,0,,False,False,False,False,False,False,False,False,False,False,0,0
634043200,6212,agentic,https://github.com/modular/modular/pull/6212,Build & Compilation & Infrastructure Optimization,Compiler Optimization Hints/Directives,unanimous,True,unresolved,True,False,False,False,False,False,False,True,False,False,False,False,1,1,D5,False,False,False,False,False,True,False,False,False,False,1,1
634043200,6213,agentic,https://github.com/modular/modular/pull/6213,Build & Compilation & Infrastructure Optimization,Compiler Optimization Hints/Directives,unanimous,True,static-reasoning,True,True,False,False,False,False,False,False,False,False,False,False,0,0,,False,False,False,False,False,False,False,False,False,False,0,0
634043200,6218,human_candidate,https://github.com/modular/modular/pull/6218,Memory and Data Locality Optimizations,Improve CPU Cache management,unanimous,True,benchmark,True,True,False,False,True,False,False,False,False,False,False,False,1,1,D2,False,False,True,False,False,False,False,False,False,False,1,1
634043200,6221,agentic,https://github.com/modular/modular/pull/6221,Algorithm-Level Optimizations,Structure Algorithm to Support instruction level parallelism (ILP),unanimous,True,benchmark,True,True,False,False,True,False,True,False,False,False,False,False,2,2,D2|D4,False,False,True,False,True,False,False,False,False,False,2,2
634043200,6225,human_candidate,https://github.com/modular/modular/pull/6225,Memory and Data Locality Optimizations,Improve CPU Cache management,majority_2_of_3,True,benchmark,True,True,False,True,False,False,True,False,False,False,False,False,2,2,D1|D4,False,True,False,False,True,False,False,False,False,False,2,2
634043200,6228,agentic,https://github.com/modular/modular/pull/6228,Algorithm-Level Optimizations,Structure Algorithm to Support instruction level parallelism (ILP),majority_2_of_3,True,benchmark,True,True,False,False,True,False,True,False,False,False,False,False,2,2,D2|D4,False,False,True,False,True,False,False,False,False,False,2,2
634043200,6229,agentic,https://github.com/modular/modular/pull/6229,Build & Compilation & Infrastructure Optimization,Compiler Optimization Hints/Directives,unanimous,True,static-reasoning,True,True,False,False,False,False,False,False,False,False,False,False,0,0,,False,False,False,False,False,False,False,False,False,False,0,0
634043200,6233,agentic,https://github.com/modular/modular/pull/6233,Build & Compilation & Infrastructure Optimization,Compiler Optimization Hints/Directives,unanimous,True,benchmark,True,True,False,False,False,False,False,True,False,False,False,False,1,1,D5,False,False,False,False,False,True,False,False,False,False,1,1
634043200,6243,agentic,https://github.com/modular/modular/pull/6243,Code Smells and Structural Simplification,Remove Unnecessary Method Calls,unanimous,True,static-reasoning,True,True,False,False,False,False,False,False,False,False,False,False,0,0,,False,False,False,False,False,False,False,False,False,False,0,0
634043200,6244,agentic,https://github.com/modular/modular/pull/6244,Memory and Data Locality Optimizations,Increase Workload to Mitigate Memory Access Latency,unanimous,True,benchmark,True,True,False,False,False,False,False,False,False,False,False,True,1,1,D9,False,False,False,False,False,False,False,False,False,True,1,1
634043200,6245,agentic,https://github.com/modular/modular/pull/6245,Algorithm-Level Optimizations,Select Computationally Efficient Algorithms,majority_2_of_3,True,profiling,True,True,False,True,False,False,False,False,False,False,False,False,1,1,D1,False,True,False,False,False,False,False,False,False,False,1,1
634043200,6319,agentic,https://github.com/modular/modular/pull/6319,Memory and Data Locality Optimizations,Caching,unanimous,False,none,False,False,False,False,False,False,False,False,False,False,False,False,0,0,,False,False,False,False,False,False,False,False,False,False,0,0
634043200,6523,human_candidate,https://github.com/modular/modular/pull/6523,Code Smells and Structural Simplification,Remove Unnecessary Method Calls,unanimous,True,benchmark,True,True,False,True,False,False,False,False,False,False,False,False,1,1,D1,False,True,False,False,False,False,False,False,False,False,1,0
634043200,6633,agentic,https://github.com/modular/modular/pull/6633,Memory and Data Locality Optimizations,Improve cache locality - spatial locality,unanimous,True,benchmark,True,True,True,True,True,True,False,True,False,False,False,False,5,4,D0|D1|D2|D3|D5,True,True,True,True,False,True,False,False,False,False,5,3
638951438,3549,human_candidate,https://github.com/comet-ml/opik/pull/3549,"Network, Database, and Data Access Optimization",Batch API Requests (N+1),unanimous,True,static-reasoning,True,True,False,False,False,False,False,False,False,False,False,False,0,0,,False,False,False,False,False,False,False,False,False,False,0,0
638951438,4098,agentic,https://github.com/comet-ml/opik/pull/4098,Code Smells and Structural Simplification,Remove code bloat by removing optional features,majority_2_of_3,False,none,False,False,False,False,False,False,False,False,False,False,False,False,0,0,,False,False,False,False,False,False,False,False,False,False,0,0
638951438,5151,human_candidate,https://github.com/comet-ml/opik/pull/5151,Memory and Data Locality Optimizations,Caching,majority_2_of_3,True,static-reasoning,True,True,False,False,False,False,False,False,False,False,False,False,0,0,,False,False,False,False,False,False,False,False,False,False,0,0
638951438,5599,human_candidate,https://github.com/comet-ml/opik/pull/5599,Algorithm-Level Optimizations,Select Computationally Efficient Algorithms,majority_2_of_3,True,static-reasoning,True,True,False,True,False,False,False,True,False,False,False,False,2,2,D1|D5,False,True,False,False,False,True,False,False,False,False,2,0
638951438,6713,human_candidate,https://github.com/comet-ml/opik/pull/6713,Algorithm-Level Optimizations,Select Computationally Efficient Algorithms,unanimous,True,benchmark,True,True,False,True,False,True,False,False,False,False,False,False,2,2,D1|D3,False,True,False,True,False,False,False,False,False,False,2,2
639195966,883,human_candidate,https://github.com/kyegomez/swarms/pull/883,I/O and Synchronization,Concurrency Control / Rate Limiting,unanimous,True,static-reasoning,True,True,False,False,False,False,False,False,False,False,False,False,0,0,,False,False,False,False,False,False,False,False,False,False,0,0
639472514,6661,human_candidate,https://github.com/microsoft/BCApps/pull/6661,Code Smells and Structural Simplification,Remove Unnecessary Method Calls,majority_2_of_3,False,none,False,False,False,False,False,False,False,False,False,False,False,False,0,0,,False,False,False,False,False,False,False,False,False,False,0,0
639472514,8308,human_candidate,https://github.com/microsoft/BCApps/pull/8308,"Network, Database, and Data Access Optimization",Minimize Payload Size / Pass Reference Instead of Value,majority_2_of_3,False,none,False,False,False,False,False,False,False,False,False,False,False,False,0,0,,False,False,False,False,False,False,False,False,False,False,0,0
642497346,7585,agentic,https://github.com/langfuse/langfuse/pull/7585,Code Smells and Structural Simplification,Remove code bloat by removing optional features,unanimous,True,benchmark,True,True,False,True,False,True,False,False,True,False,False,False,3,3,D1|D3|D6,False,False,False,False,False,False,False,False,False,False,0,0
642497346,7895,agentic,https://github.com/langfuse/langfuse/pull/7895,Build & Compilation & Infrastructure Optimization,Reduce rebuilding size,unanimous,False,none,False,False,False,False,False,False,False,False,False,False,False,False,0,0,,False,False,False,False,False,False,False,False,False,False,0,0
642497346,11921,agentic,https://github.com/langfuse/langfuse/pull/11921,Memory and Data Locality Optimizations,Caching,majority_2_of_3,True,benchmark,True,True,False,True,False,True,False,False,False,False,False,False,2,2,D1|D3,False,True,False,True,False,False,False,False,False,False,2,2
642497346,12572,agentic,https://github.com/langfuse/langfuse/pull/12572,I/O and Synchronization,Concurrency Control / Rate Limiting,unanimous,False,none,False,False,False,False,False,False,True,False,False,False,False,False,1,1,D4,False,False,False,False,False,False,False,False,False,False,0,0
642497346,13479,agentic,https://github.com/langfuse/langfuse/pull/13479,I/O and Synchronization,Concurrency Control / Rate Limiting,unanimous,False,none,False,False,False,False,False,False,False,False,False,False,False,True,1,1,D9,False,False,False,False,False,False,False,False,False,True,1,1
642868297,429,human_candidate,https://github.com/spylang/spy/pull/429,Build & Compilation & Infrastructure Optimization,Compiler Optimization Hints/Directives,unanimous,False,none,False,False,False,False,False,False,False,False,False,False,False,False,0,0,,False,False,False,False,False,False,False,False,False,False,0,0
642983964,309,human_candidate,https://github.com/intel/ScalableVectorSearch/pull/309,Algorithm-Level Optimizations,Select Computationally Efficient Algorithms,unanimous,True,static-reasoning,True,True,False,False,False,False,False,True,False,False,False,False,1,1,D5,False,False,False,False,False,True,False,False,False,False,1,0
643629784,641,agentic,https://github.com/jkroepke/openvpn-auth-oauth2/pull/641,I/O and Synchronization,Non-Blocking I/O,unanimous,False,none,False,False,False,False,False,False,False,False,False,False,False,False,0,0,,False,False,False,False,False,False,False,False,False,False,0,0
643647588,2085,agentic,https://github.com/nikitabobko/AeroSpace/pull/2085,Algorithm-Level Optimizations,Event-Driven Throttling,unanimous,True,benchmark,True,True,False,False,False,False,True,False,False,False,False,False,1,1,D4,False,False,False,False,True,False,False,False,False,False,1,0
643971174,1938,human_candidate,https://github.com/port-labs/ocean/pull/1938,"Network, Database, and Data Access Optimization",Batch API Requests (N+1),unanimous,True,benchmark,True,True,False,True,False,False,False,False,False,False,False,False,1,1,D1,False,True,False,False,False,False,False,False,False,False,1,0
643971174,3203,human_candidate,https://github.com/port-labs/ocean/pull/3203,Memory and Data Locality Optimizations,Caching,unanimous,True,static-reasoning,True,True,False,False,False,False,False,False,False,False,False,False,0,0,,False,False,False,False,False,False,False,False,False,False,0,0
643978507,2143,agentic,https://github.com/langfuse/langfuse-docs/pull/2143,Memory and Data Locality Optimizations,Caching,unanimous,False,none,False,False,False,True,False,False,False,False,False,False,False,False,1,1,D1,False,True,False,False,False,False,False,False,False,False,1,1
643978507,2144,agentic,https://github.com/langfuse/langfuse-docs/pull/2144,"Network, Database, and Data Access Optimization",Lazy Loading / Deferred Initialization,unanimous,True,static-reasoning,True,True,False,False,False,False,False,False,False,False,False,False,0,0,,False,False,False,False,False,False,False,False,False,False,0,0
644499668,246,agentic,https://github.com/SimonHalvdansson/Harmonic-HN/pull/246,Data Structure Selection and Adaptation,Darwinian Data Structure Selection,majority_2_of_3,False,none,False,False,False,False,False,False,False,False,False,False,False,False,0,0,,False,False,False,False,False,False,False,False,False,False,0,0
644499668,263,agentic,https://github.com/SimonHalvdansson/Harmonic-HN/pull/263,Build & Compilation & Infrastructure Optimization,Enable Build-Time Optimizations,majority_2_of_3,False,none,False,False,False,False,False,False,False,False,False,False,False,False,0,0,,False,False,False,False,False,False,False,False,False,False,0,0
645180041,932,agentic,https://github.com/J-Tech-Japan/Sekiban/pull/932,I/O and Synchronization,Concurrency Control / Rate Limiting,unanimous,True,unresolved,True,False,False,True,False,False,False,False,False,False,False,False,1,1,D1,False,True,False,False,False,False,False,False,False,False,1,1
645180041,934,agentic,https://github.com/J-Tech-Japan/Sekiban/pull/934,Memory and Data Locality Optimizations,Optimize Object Use,unanimous,True,static-reasoning,True,True,False,False,False,False,False,False,False,False,False,False,0,0,,False,False,False,False,False,False,False,False,False,False,0,0
645180041,961,agentic,https://github.com/J-Tech-Japan/Sekiban/pull/961,Memory and Data Locality Optimizations,Optimize Object Use,unanimous,True,static-reasoning,True,True,False,False,False,False,False,False,False,False,False,False,0,0,,False,False,False,False,False,False,False,False,False,False,0,0
645180041,970,agentic,https://github.com/J-Tech-Japan/Sekiban/pull/970,Memory and Data Locality Optimizations,Cache Eviction Policy,unanimous,True,static-reasoning,True,True,False,False,False,False,False,False,False,False,False,False,0,0,,False,False,False,False,False,False,False,False,False,False,0,0
645180041,972,agentic,https://github.com/J-Tech-Japan/Sekiban/pull/972,I/O and Synchronization,Selection I/O size,majority_2_of_3,False,none,False,False,False,False,False,False,False,False,False,False,False,False,0,0,,False,False,False,False,False,False,False,False,False,False,0,0
645180041,973,agentic,https://github.com/J-Tech-Japan/Sekiban/pull/973,I/O and Synchronization,Streaming Implementation Or Optimization),unanimous,True,benchmark,True,True,False,False,True,True,False,False,False,False,False,False,2,2,D2|D3,False,False,True,True,False,False,False,False,False,False,2,2
645180041,974,agentic,https://github.com/J-Tech-Japan/Sekiban/pull/974,I/O and Synchronization,Selection I/O size,unanimous,True,benchmark,True,True,False,False,False,True,False,False,False,False,False,False,1,1,D3,False,False,False,True,False,False,False,False,False,False,1,1
645180041,976,agentic,https://github.com/J-Tech-Japan/Sekiban/pull/976,Memory and Data Locality Optimizations,Buffering,unanimous,True,anecdotal,True,True,False,False,False,False,False,False,False,False,False,False,0,0,,False,False,False,False,False,False,False,False,False,False,0,0
645692075,4987,human_candidate,https://github.com/anyproto/anytype-swift/pull/4987,I/O and Synchronization,Non-Blocking I/O,unanimous,True,static-reasoning,True,True,False,False,False,False,False,False,False,False,False,False,0,0,,False,False,False,False,False,False,False,False,False,False,0,0
647427819,1787,agentic,https://github.com/langchain-ai/langsmith-sdk/pull/1787,Memory and Data Locality Optimizations,Caching,unanimous,False,none,False,False,False,False,False,False,False,False,False,False,False,False,0,0,,False,False,False,False,False,False,False,False,False,False,0,0
647509652,4579,agentic,https://github.com/jxxghp/MoviePilot/pull/4579,Algorithm-Level Optimizations,Select Computationally Efficient Algorithms,unanimous,True,static-reasoning,True,True,False,False,False,True,False,False,False,False,False,False,1,1,D3,False,False,False,False,False,False,False,False,False,False,0,0
647509652,4787,agentic,https://github.com/jxxghp/MoviePilot/pull/4787,Build & Compilation & Infrastructure Optimization,Reduce rebuilding size,unanimous,True,static-reasoning,True,True,False,False,False,False,False,False,False,False,False,False,0,0,,False,False,False,False,False,False,False,False,False,False,0,0
647509652,5559,human_candidate,https://github.com/jxxghp/MoviePilot/pull/5559,Algorithm-Level Optimizations,Select Computationally Efficient Algorithms,majority_2_of_3,False,none,False,False,False,False,False,False,False,False,False,False,False,False,0,0,,False,False,False,False,False,False,False,False,False,False,0,0
650377372,6544,human_candidate,https://github.com/wandb/weave/pull/6544,"Network, Database, and Data Access Optimization",Minimize Payload Size / Pass Reference Instead of Value,majority_2_of_3,True,benchmark,True,True,False,False,False,False,False,False,False,False,False,False,0,0,,False,False,False,False,False,False,False,False,False,False,0,0
650377372,6642,agentic,https://github.com/wandb/weave/pull/6642,Memory and Data Locality Optimizations,Optimize Object Use,unanimous,True,static-reasoning,True,True,False,False,False,False,False,False,False,False,True,False,1,1,D8,False,False,False,False,False,False,False,False,True,False,1,0
650377372,6883,human_candidate,https://github.com/wandb/weave/pull/6883,Memory and Data Locality Optimizations,Caching,unanimous,True,benchmark,True,True,False,True,False,False,False,True,False,False,False,False,2,2,D1|D5,False,True,False,False,False,True,False,False,False,False,2,2
651622038,1047,human_candidate,https://github.com/allenai/open-instruct/pull/1047,Build & Compilation & Infrastructure Optimization,Reduce rebuilding size,majority_2_of_3,False,none,False,False,False,False,False,False,False,False,False,False,False,False,0,0,,False,False,False,False,False,False,False,False,False,False,0,0
651622038,1541,human_candidate,https://github.com/allenai/open-instruct/pull/1541,I/O and Synchronization,Concurrency Control / Rate Limiting,majority_2_of_3,True,static-reasoning,True,True,False,False,False,False,False,False,False,False,False,False,0,0,,False,False,False,False,False,False,False,False,False,False,0,0
653589102,2264,agentic,https://github.com/567-labs/instructor/pull/2264,Build & Compilation & Infrastructure Optimization,Enable Lazy loading for resource,unanimous,True,benchmark,True,True,False,False,False,True,False,False,False,False,False,False,1,1,D3,False,False,False,True,False,False,False,False,False,False,1,1
655181249,1657,agentic,https://github.com/DefangLabs/defang/pull/1657,"Network, Database, and Data Access Optimization",Batch API Requests (N+1),majority_2_of_3,True,static-reasoning,True,True,False,False,False,False,False,True,False,False,False,False,1,1,D5,False,False,False,False,False,True,False,False,False,False,1,1
664013991,1505,human_candidate,https://github.com/gitroomhq/postiz-app/pull/1505,Build & Compilation & Infrastructure Optimization,Enable Lazy loading for resource,unanimous,True,static-reasoning,True,True,False,False,False,False,False,False,False,False,False,False,0,0,,False,False,False,False,False,False,False,False,False,False,0,0
665613753,505,agentic,https://github.com/elie222/inbox-zero/pull/505,I/O and Synchronization,Concurrency Control / Rate Limiting,unanimous,True,static-reasoning,True,True,False,False,False,False,False,False,False,False,False,False,0,0,,False,False,False,False,False,False,False,False,False,False,0,0
665613753,1702,human_candidate,https://github.com/elie222/inbox-zero/pull/1702,Memory and Data Locality Optimizations,Caching,unanimous,True,static-reasoning,True,True,False,False,False,False,False,False,False,False,False,False,0,0,,False,False,False,False,False,False,False,False,False,False,0,0
669466632,795,agentic,https://github.com/selfxyz/self/pull/795,Build & Compilation & Infrastructure Optimization,Enable Lazy loading for resource,unanimous,True,static-reasoning,True,True,False,False,False,False,False,False,False,False,False,False,0,0,,False,False,False,False,False,False,False,False,False,False,0,0
673010778,1354,human_candidate,https://github.com/roboflow/inference/pull/1354,I/O and Synchronization,Concurrency Control / Rate Limiting,unanimous,True,benchmark,True,True,False,True,False,False,False,False,False,False,False,False,1,1,D1,False,True,False,False,False,False,False,False,False,False,1,0
673010778,2329,agentic,https://github.com/roboflow/inference/pull/2329,Algorithm-Level Optimizations,Select Computationally Efficient Algorithms,majority_2_of_3,True,benchmark,True,True,False,True,False,False,True,False,False,False,False,False,2,2,D1|D4,False,True,False,False,True,False,False,False,False,False,2,2
674225653,1535,agentic,https://github.com/bruin-data/bruin/pull/1535,Code Smells and Structural Simplification,Remove code bloat by removing optional features,majority_2_of_3,True,unresolved,True,False,False,False,False,False,False,False,True,False,False,False,1,1,D6,False,False,False,False,False,False,True,False,False,False,1,1
675740952,1056,human_candidate,https://github.com/open-telemetry/otel-arrow/pull/1056,Algorithm-Level Optimizations,Select Computationally Efficient Algorithms,majority_2_of_3,False,none,False,False,False,False,False,False,False,False,False,False,False,False,0,0,,False,False,False,False,False,False,False,False,False,False,0,0
675740952,1177,human_candidate,https://github.com/open-telemetry/otel-arrow/pull/1177,Memory and Data Locality Optimizations,Optimize Object Use,unanimous,True,static-reasoning,True,True,False,False,False,False,False,False,False,False,False,False,0,0,,False,False,False,False,False,False,False,False,False,False,0,0
675740952,1582,human_candidate,https://github.com/open-telemetry/otel-arrow/pull/1582,I/O and Synchronization,Concurrency Control / Rate Limiting,majority_2_of_3,False,none,False,False,False,False,False,False,False,False,False,False,False,False,0,0,,False,False,False,False,False,False,False,False,False,False,0,0
675740952,2131,human_candidate,https://github.com/open-telemetry/otel-arrow/pull/2131,Code Smells and Structural Simplification,Remove duplicate code,unanimous,False,none,False,False,False,False,False,False,False,False,False,False,False,False,0,0,,False,False,False,False,False,False,False,False,False,False,0,0
675859069,1174,agentic,https://github.com/IAHispano/Applio/pull/1174,Algorithm-Level Optimizations,Select Computationally Efficient Algorithms,majority_2_of_3,True,static-reasoning,True,True,False,False,False,False,False,False,False,False,False,False,0,0,,False,False,False,False,False,False,False,False,False,False,0,0
675859069,1236,agentic,https://github.com/IAHispano/Applio/pull/1236,Memory and Data Locality Optimizations,Optimize Object Use,unanimous,True,static-reasoning,True,True,False,False,False,False,False,False,False,False,False,False,0,0,,False,False,False,False,False,False,False,False,False,False,0,0
675859069,1237,agentic,https://github.com/IAHispano/Applio/pull/1237,Memory and Data Locality Optimizations,Optimize Object Use,unanimous,True,static-reasoning,True,True,False,False,False,False,False,False,False,False,False,False,0,0,,False,False,False,False,False,False,False,False,False,False,0,0
675859069,1238,agentic,https://github.com/IAHispano/Applio/pull/1238,Algorithm-Level Optimizations,Event-Driven Throttling,unanimous,True,static-reasoning,True,True,False,False,False,False,False,False,False,False,False,False,0,0,,False,False,False,False,False,False,False,False,False,False,0,0
676672661,4888,human_candidate,https://github.com/langchain-ai/langgraph/pull/4888,Memory and Data Locality Optimizations,Caching,unanimous,True,static-reasoning,True,True,False,False,False,False,False,False,False,False,False,False,0,0,,False,False,False,False,False,False,False,False,False,False,0,0
676672661,7426,human_candidate,https://github.com/langchain-ai/langgraph/pull/7426,"Network, Database, and Data Access Optimization",Batch API Requests (N+1),unanimous,True,static-reasoning,True,True,False,False,False,False,False,False,False,False,False,False,0,0,,False,False,False,False,False,False,False,False,False,False,0,0
676672661,7902,human_candidate,https://github.com/langchain-ai/langgraph/pull/7902,Memory and Data Locality Optimizations,Caching,unanimous,True,benchmark,True,True,False,True,False,False,False,True,False,False,False,False,2,2,D1|D5,False,True,False,False,False,True,False,False,False,False,2,2
678526156,3760,human_candidate,https://github.com/marimo-team/marimo/pull/3760,Build & Compilation & Infrastructure Optimization,Performance-Optimized Dependency Selection,majority_2_of_3,False,none,False,False,False,False,False,False,False,False,False,False,False,False,0,0,,False,False,False,False,False,False,False,False,False,False,0,0
678526156,9528,human_candidate,https://github.com/marimo-team/marimo/pull/9528,I/O and Synchronization,Concurrency Control / Rate Limiting,unanimous,True,static-reasoning,True,True,False,False,False,False,False,False,False,False,False,False,0,0,,False,False,False,False,False,False,False,False,False,False,0,0
678526156,9691,human_candidate,https://github.com/marimo-team/marimo/pull/9691,"Network, Database, and Data Access Optimization",Lazy Loading / Deferred Initialization,majority_2_of_3,True,benchmark,True,True,False,False,False,False,False,False,False,False,False,False,0,0,,False,False,False,False,False,False,False,False,False,False,0,0
679280065,8691,agentic,https://github.com/scalar/scalar/pull/8691,Build & Compilation & Infrastructure Optimization,Enable Lazy loading for resource,unanimous,True,static-reasoning,True,True,False,True,False,False,False,False,False,False,False,False,1,1,D1,False,True,False,False,False,False,False,False,False,False,1,0
679280065,9210,agentic,https://github.com/scalar/scalar/pull/9210,Build & Compilation & Infrastructure Optimization,Enable Build-Time Optimizations,unanimous,True,benchmark,True,True,False,True,False,False,False,False,False,False,False,False,1,1,D1,False,True,False,False,False,False,False,False,False,False,1,1
679601811,2672,human_candidate,https://github.com/AutoMQ/automq/pull/2672,Code Smells and Structural Simplification,Remove Unnecessary Method Calls,majority_2_of_3,False,none,False,False,False,False,False,False,False,False,False,False,False,False,0,0,,False,False,False,False,False,False,False,False,False,False,0,0
679601811,3159,human_candidate,https://github.com/AutoMQ/automq/pull/3159,Memory and Data Locality Optimizations,Improve cache locality - spatial locality,majority_2_of_3,False,none,False,False,False,False,False,False,False,False,False,False,False,False,0,0,,False,False,False,False,False,False,False,False,False,False,0,0
679784368,1633,agentic,https://github.com/microsoft/genaiscript/pull/1633,Build & Compilation & Infrastructure Optimization,Enable Build-Time Optimizations,unanimous,True,static-reasoning,True,True,False,False,False,False,False,False,False,False,False,False,0,0,,False,False,False,False,False,False,False,False,False,False,0,0
679784368,1877,agentic,https://github.com/microsoft/genaiscript/pull/1877,Memory and Data Locality Optimizations,Optimize Object Use,unanimous,True,static-reasoning,True,True,False,False,False,True,False,False,False,False,False,False,1,1,D3,False,False,False,True,False,False,False,False,False,False,1,1
681331591,1047,agentic,https://github.com/getsentry/spotlight/pull/1047,Code Smells and Structural Simplification,Remove Unnecessary Method Calls,majority_2_of_3,False,none,False,False,False,False,False,False,False,False,False,False,False,False,0,0,,False,False,False,False,False,False,False,False,False,False,0,0
681372871,1330,human_candidate,https://github.com/microsoft/garnet/pull/1330,Memory and Data Locality Optimizations,Optimize Object Use,unanimous,False,none,False,False,False,False,False,False,False,False,False,False,False,False,0,0,,False,False,False,False,False,False,False,False,False,False,0,0
681372871,1571,agentic,https://github.com/microsoft/garnet/pull/1571,Memory and Data Locality Optimizations,Optimize Object Use,unanimous,True,static-reasoning,True,True,False,False,False,False,False,False,False,False,False,False,0,0,,False,False,False,False,False,False,False,False,False,False,0,0
686916383,411,agentic,https://github.com/TypedDevs/bashunit/pull/411,Code Smells and Structural Simplification,Remove Unnecessary Method Calls,majority_2_of_3,False,none,False,False,False,False,False,False,False,False,False,False,False,False,0,0,,False,False,False,False,False,False,False,False,False,False,0,0
686916383,439,human_candidate,https://github.com/TypedDevs/bashunit/pull/439,Memory and Data Locality Optimizations,Caching,unanimous,False,none,False,False,False,True,False,False,False,False,False,False,False,False,1,1,D1,False,False,False,False,False,False,False,False,False,False,0,0
694709543,993,human_candidate,https://github.com/livestorejs/livestore/pull/993,Build & Compilation & Infrastructure Optimization,Reduce rebuilding size,majority_2_of_3,True,benchmark,True,True,False,True,False,False,False,False,False,True,False,False,2,2,D1|D7,False,True,False,False,False,False,False,True,False,False,2,2
699532645,18394,human_candidate,https://github.com/astral-sh/uv/pull/18394,"Network, Database, and Data Access Optimization",Batch API Requests (N+1),unanimous,True,benchmark,True,True,False,True,False,False,False,False,False,False,False,False,1,1,D1,False,True,False,False,False,False,False,False,False,False,1,1
699532645,19383,agentic,https://github.com/astral-sh/uv/pull/19383,I/O and Synchronization,Selection I/O size,unanimous,True,benchmark,True,True,False,True,False,True,False,False,False,False,False,False,2,2,D1|D3,False,True,False,False,False,False,False,False,False,False,1,1
699532645,19425,human_candidate,https://github.com/astral-sh/uv/pull/19425,Memory and Data Locality Optimizations,Optimize Object Use,majority_2_of_3,True,static-reasoning,True,True,False,False,False,False,False,False,False,False,False,False,0,0,,False,False,False,False,False,False,False,False,False,False,0,0
701494311,2467,agentic,https://github.com/BoundaryML/baml/pull/2467,Algorithm-Level Optimizations,Event-Driven Throttling,unanimous,True,static-reasoning,True,True,False,True,False,False,False,False,False,False,False,False,1,1,D1,False,False,False,False,False,False,False,False,False,False,0,0
701494311,3595,agentic,https://github.com/BoundaryML/baml/pull/3595,Algorithm-Level Optimizations,Select Computationally Efficient Algorithms,majority_2_of_3,True,benchmark,True,True,False,False,False,False,False,False,True,False,False,False,1,1,D6,False,False,False,False,False,False,True,False,False,False,1,1
701547123,19680,human_candidate,https://github.com/open-webui/open-webui/pull/19680,Code Smells and Structural Simplification,Remove Unnecessary Method Calls,unanimous,True,static-reasoning,True,True,False,False,False,False,False,False,False,False,False,False,0,0,,False,False,False,False,False,False,False,False,False,False,0,0
701547123,20978,human_candidate,https://github.com/open-webui/open-webui/pull/20978,Algorithm-Level Optimizations,Event-Driven Throttling,unanimous,False,none,False,False,False,False,False,False,False,False,False,False,False,False,0,0,,False,False,False,False,False,False,False,False,False,False,0,0
701547123,21019,human_candidate,https://github.com/open-webui/open-webui/pull/21019,"Network, Database, and Data Access Optimization",Batch API Requests (N+1),unanimous,True,benchmark,True,True,False,True,False,False,False,False,False,False,False,True,2,2,D1|D9,False,True,False,False,False,False,False,False,False,True,2,0
701547123,21947,human_candidate,https://github.com/open-webui/open-webui/pull/21947,Algorithm-Level Optimizations,Select Computationally Efficient Algorithms,majority_2_of_3,True,static-reasoning,True,True,False,False,False,False,False,False,False,False,False,False,0,0,,False,False,False,False,False,False,False,False,False,False,0,0
701547123,22982,human_candidate,https://github.com/open-webui/open-webui/pull/22982,Code Smells and Structural Simplification,Remove Unnecessary Method Calls,unanimous,True,static-reasoning,True,True,False,False,False,False,False,False,False,False,False,False,0,0,,False,False,False,False,False,False,False,False,False,False,0,0
701547123,23539,human_candidate,https://github.com/open-webui/open-webui/pull/23539,Memory and Data Locality Optimizations,Caching,unanimous,True,static-reasoning,True,True,False,False,False,False,False,False,False,False,False,False,0,0,,False,False,False,False,False,False,False,False,False,False,0,0
701547123,23799,human_candidate,https://github.com/open-webui/open-webui/pull/23799,Code Smells and Structural Simplification,Remove Unnecessary Method Calls,unanimous,True,static-reasoning,True,True,False,False,False,False,False,False,False,False,False,False,0,0,,False,False,False,False,False,False,False,False,False,False,0,0
701547123,24288,human_candidate,https://github.com/open-webui/open-webui/pull/24288,"Network, Database, and Data Access Optimization",Relational Query Consolidation (N+1),unanimous,True,static-reasoning,True,True,False,False,False,False,False,False,False,False,False,False,0,0,,False,False,False,False,False,False,False,False,False,False,0,0
701547123,24951,human_candidate,https://github.com/open-webui/open-webui/pull/24951,"Network, Database, and Data Access Optimization",Lazy Loading / Deferred Initialization,majority_2_of_3,True,static-reasoning,True,True,False,False,False,False,False,False,False,False,False,False,0,0,,False,False,False,False,False,False,False,False,False,False,0,0
701547123,24956,human_candidate,https://github.com/open-webui/open-webui/pull/24956,"Network, Database, and Data Access Optimization",Lazy Loading / Deferred Initialization,majority_2_of_3,True,static-reasoning,True,True,False,False,False,False,False,False,False,False,False,False,0,0,,False,False,False,False,False,False,False,False,False,False,0,0
701547123,25066,agentic,https://github.com/open-webui/open-webui/pull/25066,Algorithm-Level Optimizations,Select Computationally Efficient Algorithms,majority_2_of_3,True,static-reasoning,True,True,False,False,False,False,False,False,False,False,False,False,0,0,,False,False,False,False,False,False,False,False,False,False,0,0
701547123,25070,agentic,https://github.com/open-webui/open-webui/pull/25070,Data Structure Selection and Adaptation,Darwinian Data Structure Selection,majority_2_of_3,True,static-reasoning,True,True,False,False,False,False,False,False,False,False,False,False,0,0,,False,False,False,False,False,False,False,False,False,False,0,0
701547123,25071,agentic,https://github.com/open-webui/open-webui/pull/25071,Algorithm-Level Optimizations,Select Computationally Efficient Algorithms,majority_2_of_3,True,static-reasoning,True,True,False,False,False,False,False,False,False,False,False,False,0,0,,False,False,False,False,False,False,False,False,False,False,0,0
701547123,25194,agentic,https://github.com/open-webui/open-webui/pull/25194,Algorithm-Level Optimizations,Select Computationally Efficient Algorithms,majority_2_of_3,True,static-reasoning,True,True,False,False,False,False,False,False,False,False,False,False,0,0,,False,False,False,False,False,False,False,False,False,False,0,0
707441527,3856,human_candidate,https://github.com/livekit/agents/pull/3856,Algorithm-Level Optimizations,Event-Driven Throttling,unanimous,True,benchmark,True,True,False,True,False,True,False,False,False,False,False,False,2,2,D1|D3,False,False,False,False,False,False,False,False,False,False,0,0
707441527,3953,human_candidate,https://github.com/livekit/agents/pull/3953,"Network, Database, and Data Access Optimization",Lazy Loading / Deferred Initialization,unanimous,False,none,False,False,False,False,False,False,False,False,False,False,False,False,0,0,,False,False,False,False,False,False,False,False,False,False,0,0
708452754,919,human_candidate,https://github.com/gronxb/hot-updater/pull/919,Algorithm-Level Optimizations,Select Computationally Efficient Algorithms,majority_2_of_3,True,benchmark,True,True,False,True,False,True,False,False,False,False,False,False,2,2,D1|D3,False,True,False,True,False,False,False,False,False,False,2,2
711022854,1005,human_candidate,https://github.com/arkade-os/arkd/pull/1005,"Network, Database, and Data Access Optimization",Batch API Requests (N+1),unanimous,True,benchmark,True,True,False,True,False,False,False,True,False,False,False,False,2,2,D1|D5,False,True,False,False,False,True,False,False,False,False,2,2
718314761,1762,human_candidate,https://github.com/microsoft/onnxruntime-genai/pull/1762,Code Smells and Structural Simplification,Remove Unnecessary Method Calls,majority_2_of_3,True,static-reasoning,True,True,False,False,False,False,False,False,False,False,False,False,0,0,,False,False,False,False,False,False,False,False,False,False,0,0
718741813,545,agentic,https://github.com/abi/screenshot-to-code/pull/545,Algorithm-Level Optimizations,Select Computationally Efficient Algorithms,unanimous,True,static-reasoning,True,True,False,False,False,False,False,False,False,False,False,False,0,0,,False,False,False,False,False,False,False,False,False,False,0,0
720209383,569,agentic,https://github.com/CapSoftware/Cap/pull/569,I/O and Synchronization,Concurrency Control / Rate Limiting,majority_2_of_3,False,none,False,False,False,False,False,False,False,False,False,False,False,False,0,0,,False,False,False,False,False,False,False,False,False,False,0,0
720209383,1424,agentic,https://github.com/CapSoftware/Cap/pull/1424,Algorithm-Level Optimizations,Select Computationally Efficient Algorithms,majority_2_of_3,True,static-reasoning,True,True,False,False,False,False,False,False,False,False,False,False,0,0,,False,False,False,False,False,False,False,False,False,False,0,0
720209383,1472,agentic,https://github.com/CapSoftware/Cap/pull/1472,Memory and Data Locality Optimizations,Buffering,unanimous,True,static-reasoning,True,True,False,True,False,False,False,False,False,False,False,False,1,1,D1,False,True,False,False,False,False,False,False,False,False,1,1
720209383,1595,agentic,https://github.com/CapSoftware/Cap/pull/1595,Algorithm-Level Optimizations,Event-Driven Throttling,majority_2_of_3,False,none,False,False,False,True,True,False,False,False,False,False,False,False,2,2,D1|D2,False,False,True,False,False,False,False,False,False,False,1,1
720209383,1596,agentic,https://github.com/CapSoftware/Cap/pull/1596,I/O and Synchronization,Concurrency Control / Rate Limiting,majority_2_of_3,False,none,False,False,False,True,True,False,False,False,False,False,False,False,2,2,D1|D2,False,False,False,False,False,False,False,False,False,False,0,0
720209383,1598,agentic,https://github.com/CapSoftware/Cap/pull/1598,I/O and Synchronization,Non-Blocking I/O,majority_2_of_3,True,static-reasoning,True,True,False,True,True,True,True,True,False,False,False,True,6,6,D1|D2|D3|D4|D5|D9,False,True,True,True,True,True,False,False,False,True,6,5
720209383,1601,agentic,https://github.com/CapSoftware/Cap/pull/1601,Algorithm-Level Optimizations,Select Computationally Efficient Algorithms,majority_2_of_3,True,static-reasoning,True,True,False,True,True,True,True,False,False,False,False,False,4,4,D1|D2|D3|D4,False,True,False,True,True,False,False,False,False,False,3,1
720209383,1675,agentic,https://github.com/CapSoftware/Cap/pull/1675,Memory and Data Locality Optimizations,Caching,majority_2_of_3,True,benchmark,True,True,False,True,True,False,False,False,False,False,False,True,3,3,D1|D2|D9,False,True,True,False,False,False,False,False,False,True,3,3
720209383,1707,agentic,https://github.com/CapSoftware/Cap/pull/1707,Memory and Data Locality Optimizations,Caching,unanimous,True,static-reasoning,True,True,False,False,False,False,False,False,False,False,False,False,0,0,,False,False,False,False,False,False,False,False,False,False,0,0
720209383,1828,agentic,https://github.com/CapSoftware/Cap/pull/1828,I/O and Synchronization,Streaming Implementation Or Optimization),majority_2_of_3,True,static-reasoning,True,True,False,False,False,False,False,False,False,False,False,True,1,1,D9,False,False,False,False,False,False,False,False,False,True,1,1
720999772,17,agentic,https://github.com/elixr-games/elics/pull/17,Data Structure Selection and Adaptation,Darwinian Data Structure Selection,majority_2_of_3,True,benchmark,True,True,False,False,False,False,False,False,False,False,False,False,0,0,,False,False,False,False,False,False,False,False,False,False,0,0
720999772,28,agentic,https://github.com/elixr-games/elics/pull/28,Data Structure Selection and Adaptation,Darwinian Data Structure Selection,unanimous,True,benchmark,True,True,False,False,False,False,False,False,False,False,False,False,0,0,,False,False,False,False,False,False,False,False,False,False,0,0
720999772,35,agentic,https://github.com/elixr-games/elics/pull/35,Memory and Data Locality Optimizations,Caching,unanimous,False,none,False,False,False,False,False,False,False,False,False,False,False,False,0,0,,False,False,False,False,False,False,False,False,False,False,0,0
720999772,39,agentic,https://github.com/elixr-games/elics/pull/39,Memory and Data Locality Optimizations,Optimize Object Use,unanimous,True,static-reasoning,True,True,False,False,False,False,False,False,False,False,False,False,0,0,,False,False,False,False,False,False,False,False,False,False,0,0
720999772,42,agentic,https://github.com/elixr-games/elics/pull/42,Algorithm-Level Optimizations,Select Computationally Efficient Algorithms,unanimous,True,static-reasoning,True,True,False,False,False,False,False,False,False,False,False,False,0,0,,False,False,False,False,False,False,False,False,False,False,0,0
722184017,2113,agentic,https://github.com/assistant-ui/assistant-ui/pull/2113,Memory and Data Locality Optimizations,Caching,unanimous,True,static-reasoning,True,True,False,False,False,False,False,False,False,False,False,False,0,0,,False,False,False,False,False,False,False,False,False,False,0,0
722597620,449,agentic,https://github.com/rustfs/rustfs/pull/449,Memory and Data Locality Optimizations,Buffering,majority_2_of_3,True,benchmark,True,True,False,True,False,True,False,True,True,False,False,True,5,5,D1|D3|D5|D6|D9,False,False,False,False,False,False,False,False,False,False,0,0
722597620,461,agentic,https://github.com/rustfs/rustfs/pull/461,I/O and Synchronization,Concurrency Control / Rate Limiting,majority_2_of_3,True,benchmark,True,True,False,True,True,True,True,True,False,False,False,True,6,6,D1|D2|D3|D4|D5|D9,False,True,True,False,True,True,False,False,False,True,5,5
722597620,916,agentic,https://github.com/rustfs/rustfs/pull/916,Memory and Data Locality Optimizations,Caching,unanimous,False,none,False,False,False,True,True,True,False,True,True,False,False,True,6,6,D1|D2|D3|D5|D6|D9,False,True,True,True,False,True,False,False,False,True,5,3
722597620,1846,human_candidate,https://github.com/rustfs/rustfs/pull/1846,Memory and Data Locality Optimizations,Optimize Object Use,unanimous,True,static-reasoning,True,True,False,False,False,False,False,False,False,False,False,False,0,0,,False,False,False,False,False,False,False,False,False,False,0,0
722597620,3069,human_candidate,https://github.com/rustfs/rustfs/pull/3069,I/O and Synchronization,Non-Blocking I/O,majority_2_of_3,True,benchmark,True,True,False,True,True,False,False,False,False,False,False,False,2,2,D1|D2,False,True,True,False,False,False,False,False,False,False,2,2
742623962,401,human_candidate,https://github.com/IrreducibleOSS/binius/pull/401,Algorithm-Level Optimizations,Select Computationally Efficient Algorithms,majority_2_of_3,True,benchmark,True,True,False,True,False,False,False,False,False,False,False,False,1,1,D1,False,True,False,False,False,False,False,False,False,False,1,1
742623962,500,human_candidate,https://github.com/IrreducibleOSS/binius/pull/500,Algorithm-Level Optimizations,Select Computationally Efficient Algorithms,unanimous,True,benchmark,True,True,False,True,False,False,False,False,False,False,False,False,1,1,D1,False,True,False,False,False,False,False,False,False,False,1,1
742623962,592,human_candidate,https://github.com/IrreducibleOSS/binius/pull/592,Algorithm-Level Optimizations,Select Space Efficient Algorithm,majority_2_of_3,False,none,False,False,False,False,False,False,False,False,False,False,False,False,0,0,,False,False,False,False,False,False,False,False,False,False,0,0
742623962,606,human_candidate,https://github.com/IrreducibleOSS/binius/pull/606,Algorithm-Level Optimizations,Select Computationally Efficient Algorithms,majority_2_of_3,True,benchmark,True,True,False,False,False,False,False,False,False,False,False,False,0,0,,False,False,False,False,False,False,False,False,False,False,0,0
744218577,60,agentic,https://github.com/jscarle/LightResults/pull/60,Memory and Data Locality Optimizations,Optimize Object Use,unanimous,True,static-reasoning,True,True,False,False,False,False,False,False,False,False,False,False,0,0,,False,False,False,False,False,False,False,False,False,False,0,0
744218577,61,agentic,https://github.com/jscarle/LightResults/pull/61,Algorithm-Level Optimizations,Select Computationally Efficient Algorithms,unanimous,False,none,False,False,False,False,False,False,False,False,False,False,False,False,0,0,,False,False,False,False,False,False,False,False,False,False,0,0
744218577,63,agentic,https://github.com/jscarle/LightResults/pull/63,Code Smells and Structural Simplification,Replace Reflection with Direct Method Calls,unanimous,True,static-reasoning,True,True,False,False,False,False,False,False,False,False,False,False,0,0,,False,False,False,False,False,False,False,False,False,False,0,0
744218577,65,agentic,https://github.com/jscarle/LightResults/pull/65,Memory and Data Locality Optimizations,Optimize Object Use,unanimous,True,static-reasoning,True,True,False,False,False,False,False,False,False,False,False,False,0,0,,False,False,False,False,False,False,False,False,False,False,0,0
744218577,66,agentic,https://github.com/jscarle/LightResults/pull/66,Data Structure Selection and Adaptation,Darwinian Data Structure Selection,unanimous,False,none,False,False,False,False,False,False,False,False,False,False,False,False,0,0,,False,False,False,False,False,False,False,False,False,False,0,0
744218577,70,agentic,https://github.com/jscarle/LightResults/pull/70,Build & Compilation & Infrastructure Optimization,Compiler Optimization Hints/Directives,unanimous,False,none,False,False,False,False,False,False,False,False,False,False,False,False,0,0,,False,False,False,False,False,False,False,False,False,False,0,0
744218577,71,agentic,https://github.com/jscarle/LightResults/pull/71,Memory and Data Locality Optimizations,Optimize Object Use,unanimous,True,static-reasoning,True,True,False,False,False,False,False,False,False,False,False,False,0,0,,False,False,False,False,False,False,False,False,False,False,0,0
744218577,74,agentic,https://github.com/jscarle/LightResults/pull/74,Build & Compilation & Infrastructure Optimization,Compiler Optimization Hints/Directives,unanimous,False,none,False,False,False,False,False,False,False,False,False,False,False,False,0,0,,False,False,False,False,False,False,False,False,False,False,0,0
744218577,75,agentic,https://github.com/jscarle/LightResults/pull/75,Data Structure Selection and Adaptation,Darwinian Data Structure Selection,majority_2_of_3,False,none,False,False,False,False,False,False,False,False,False,False,False,False,0,0,,False,False,False,False,False,False,False,False,False,False,0,0
744218577,76,agentic,https://github.com/jscarle/LightResults/pull/76,Build & Compilation & Infrastructure Optimization,Compiler Optimization Hints/Directives,unanimous,False,none,False,False,False,False,False,False,False,False,False,False,False,False,0,0,,False,False,False,False,False,False,False,False,False,False,0,0
744218577,77,agentic,https://github.com/jscarle/LightResults/pull/77,Code Smells and Structural Simplification,Remove Unnecessary Method Calls,unanimous,False,none,False,False,False,False,False,False,False,False,False,False,False,False,0,0,,False,False,False,False,False,False,False,False,False,False,0,0
746306477,28,agentic,https://github.com/beowolx/rensa/pull/28,Memory and Data Locality Optimizations,Optimize Object Use,unanimous,False,none,False,False,False,False,False,False,False,False,False,False,False,False,0,0,,False,False,False,False,False,False,False,False,False,False,0,0
749681472,2253,agentic,https://github.com/moonbitlang/core/pull/2253,Memory and Data Locality Optimizations,Optimize Object Use,unanimous,True,static-reasoning,True,True,False,False,False,False,False,False,False,False,False,False,0,0,,False,False,False,False,False,False,False,False,False,False,0,0
749681472,2255,agentic,https://github.com/moonbitlang/core/pull/2255,Memory and Data Locality Optimizations,Optimize Object Use,unanimous,True,static-reasoning,True,True,False,False,False,False,False,False,False,False,False,False,0,0,,False,False,False,False,False,False,False,False,False,False,0,0
749681472,2262,agentic,https://github.com/moonbitlang/core/pull/2262,Code Smells and Structural Simplification,Remove Unnecessary Method Calls,majority_2_of_3,True,static-reasoning,True,True,False,False,False,False,False,False,False,False,False,False,0,0,,False,False,False,False,False,False,False,False,False,False,0,0
749681472,2265,agentic,https://github.com/moonbitlang/core/pull/2265,Memory and Data Locality Optimizations,Optimize Object Use,majority_2_of_3,True,static-reasoning,True,True,False,False,False,False,False,False,False,False,False,False,0,0,,False,False,False,False,False,False,False,False,False,False,0,0
749681472,2266,agentic,https://github.com/moonbitlang/core/pull/2266,Code Smells and Structural Simplification,Remove Unnecessary Method Calls,unanimous,True,static-reasoning,True,True,False,False,False,False,False,False,False,False,False,False,0,0,,False,False,False,False,False,False,False,False,False,False,0,0
749681472,2267,agentic,https://github.com/moonbitlang/core/pull/2267,Algorithm-Level Optimizations,Select Computationally Efficient Algorithms,majority_2_of_3,True,static-reasoning,True,True,False,False,False,False,False,False,False,False,False,False,0,0,,False,False,False,False,False,False,False,False,False,False,0,0
749681472,2274,human_candidate,https://github.com/moonbitlang/core/pull/2274,Algorithm-Level Optimizations,Select Computationally Efficient Algorithms,unanimous,True,static-reasoning,True,True,False,False,False,False,False,False,False,False,False,False,0,0,,False,False,False,False,False,False,False,False,False,False,0,0
749681472,2535,human_candidate,https://github.com/moonbitlang/core/pull/2535,Algorithm-Level Optimizations,Select Computationally Efficient Algorithms,majority_2_of_3,True,benchmark,True,True,False,True,False,False,False,False,False,False,False,False,1,1,D1,False,True,False,False,False,False,False,False,False,False,1,1
749681472,2768,agentic,https://github.com/moonbitlang/core/pull/2768,Memory and Data Locality Optimizations,Optimize Object Use,unanimous,True,benchmark,True,True,True,True,False,True,False,False,False,False,False,False,3,2,D0|D1|D3,True,True,False,True,False,False,False,False,False,False,3,3
749681472,2780,agentic,https://github.com/moonbitlang/core/pull/2780,Code Smells and Structural Simplification,Remove Unnecessary Method Calls,unanimous,True,static-reasoning,True,True,False,False,False,False,False,False,False,False,False,False,0,0,,False,False,False,False,False,False,False,False,False,False,0,0
749681472,2872,human_candidate,https://github.com/moonbitlang/core/pull/2872,Algorithm-Level Optimizations,Select Algorithm Based on Instruction Speed,majority_2_of_3,True,benchmark,True,True,False,False,False,False,False,False,False,False,False,False,0,0,,False,False,False,False,False,False,False,False,False,False,0,0
749681472,2895,agentic,https://github.com/moonbitlang/core/pull/2895,Algorithm-Level Optimizations,Select Computationally Efficient Algorithms,majority_2_of_3,True,static-reasoning,True,True,False,False,False,False,False,False,False,False,False,False,0,0,,False,False,False,False,False,False,False,False,False,False,0,0
749681472,2978,agentic,https://github.com/moonbitlang/core/pull/2978,Control-Flow and Branching Optimizations,Remove branching with masking,unanimous,True,static-reasoning,True,True,False,False,False,False,False,False,False,False,False,False,0,0,,False,False,False,False,False,False,False,False,False,False,0,0
749681472,3555,agentic,https://github.com/moonbitlang/core/pull/3555,Build & Compilation & Infrastructure Optimization,Compiler Optimization Hints/Directives,unanimous,True,unresolved,True,False,False,False,False,False,False,False,False,False,False,False,0,0,,False,False,False,False,False,False,False,False,False,False,0,0
749681472,3557,agentic,https://github.com/moonbitlang/core/pull/3557,Build & Compilation & Infrastructure Optimization,Compiler Optimization Hints/Directives,unanimous,False,none,False,False,False,False,False,False,False,False,False,False,False,False,0,0,,False,False,False,False,False,False,False,False,False,False,0,0
749681472,3562,agentic,https://github.com/moonbitlang/core/pull/3562,Code Smells and Structural Simplification,Remove Unnecessary Method Calls,unanimous,True,benchmark,True,True,False,False,False,False,False,False,False,False,False,False,0,0,,False,False,False,False,False,False,False,False,False,False,0,0
749681472,3564,agentic,https://github.com/moonbitlang/core/pull/3564,Algorithm-Level Optimizations,Select Computationally Efficient Algorithms,majority_2_of_3,False,none,False,False,False,False,False,False,False,False,False,False,False,False,0,0,,False,False,False,False,False,False,False,False,False,False,0,0
749681472,3569,agentic,https://github.com/moonbitlang/core/pull/3569,Code Smells and Structural Simplification,Remove Unnecessary Method Calls,unanimous,True,benchmark,True,True,False,True,False,False,False,False,False,False,False,False,1,1,D1,False,True,False,False,False,False,False,False,False,False,1,1
749681472,3571,agentic,https://github.com/moonbitlang/core/pull/3571,Code Smells and Structural Simplification,Remove Unnecessary Method Calls,unanimous,True,benchmark,True,True,False,True,False,False,False,False,False,False,False,False,1,1,D1,False,True,False,False,False,False,False,False,False,False,1,1
749681472,3639,human_candidate,https://github.com/moonbitlang/core/pull/3639,Memory and Data Locality Optimizations,Optimize Object Use,unanimous,True,benchmark,True,True,False,True,False,False,False,False,False,False,False,False,1,1,D1,False,True,False,False,False,False,False,False,False,False,1,0
749681472,3641,human_candidate,https://github.com/moonbitlang/core/pull/3641,Memory and Data Locality Optimizations,Optimize Object Use,unanimous,True,static-reasoning,True,True,False,False,False,False,False,False,False,False,False,False,0,0,,False,False,False,False,False,False,False,False,False,False,0,0
749681472,3642,agentic,https://github.com/moonbitlang/core/pull/3642,Code Smells and Structural Simplification,Remove Unnecessary Method Calls,unanimous,True,benchmark,True,True,False,True,False,True,False,False,False,False,False,False,2,2,D1|D3,False,True,False,True,False,False,False,False,False,False,2,2
750789159,466,agentic,https://github.com/sqlrooms/sqlrooms/pull/466,"Network, Database, and Data Access Optimization",Minimize Payload Size / Pass Reference Instead of Value,unanimous,True,static-reasoning,True,True,False,False,False,False,False,False,False,False,False,False,0,0,,False,False,False,False,False,False,False,False,False,False,0,0
752037937,26,agentic,https://github.com/buffdb/buffdb/pull/26,Memory and Data Locality Optimizations,Optimize Object Use,unanimous,True,static-reasoning,True,True,False,False,False,False,False,False,False,False,False,False,0,0,,False,False,False,False,False,False,False,False,False,False,0,0
752940677,484,human_candidate,https://github.com/supabase/etl/pull/484,"Network, Database, and Data Access Optimization",Batch API Requests (N+1),unanimous,True,static-reasoning,True,True,False,False,False,False,False,False,False,False,False,False,0,0,,False,False,False,False,False,False,False,False,False,False,0,0
763774926,1429,agentic,https://github.com/EricLBuehler/mistral.rs/pull/1429,Code Smells and Structural Simplification,Remove Unnecessary Method Calls,unanimous,True,static-reasoning,True,True,False,False,False,False,False,False,False,False,False,False,0,0,,False,False,False,False,False,False,False,False,False,False,0,0
763923484,1510,agentic,https://github.com/TracecatHQ/tracecat/pull/1510,Algorithm-Level Optimizations,Event-Driven Throttling,majority_2_of_3,False,none,False,False,False,False,False,False,False,False,False,False,False,False,0,0,,False,False,False,False,False,False,False,False,False,False,0,0
763923484,1764,agentic,https://github.com/TracecatHQ/tracecat/pull/1764,I/O and Synchronization,Non-Blocking I/O,majority_2_of_3,False,none,False,False,False,False,False,False,False,False,False,False,False,False,0,0,,False,False,False,False,False,False,False,False,False,False,0,0
764723738,5448,human_candidate,https://github.com/Skyvern-AI/skyvern/pull/5448,Algorithm-Level Optimizations,Event-Driven Throttling,majority_2_of_3,False,none,False,False,False,False,False,False,False,False,False,False,False,False,0,0,,False,False,False,False,False,False,False,False,False,False,0,0
764723738,5649,human_candidate,https://github.com/Skyvern-AI/skyvern/pull/5649,"Network, Database, and Data Access Optimization",Minimize Payload Size / Pass Reference Instead of Value,unanimous,False,none,False,False,False,False,False,False,False,False,False,False,False,False,0,0,,False,False,False,False,False,False,False,False,False,False,0,0
765083837,4951,human_candidate,https://github.com/opendatalab/MinerU/pull/4951,"Network, Database, and Data Access Optimization",Minimize Payload Size / Pass Reference Instead of Value,majority_2_of_3,True,static-reasoning,True,True,False,False,False,False,False,False,False,False,False,False,0,0,,False,False,False,False,False,False,False,False,False,False,0,0
765938063,1665,agentic,https://github.com/microsoft/openvmm/pull/1665,Algorithm-Level Optimizations,Select Computationally Efficient Algorithms,majority_2_of_3,True,static-reasoning,True,True,False,False,False,False,False,False,False,False,False,False,0,0,,False,False,False,False,False,False,False,False,False,False,0,0
765938063,3612,agentic,https://github.com/microsoft/openvmm/pull/3612,I/O and Synchronization,Non-Blocking I/O,unanimous,True,static-reasoning,True,True,False,False,False,False,False,False,False,False,False,False,0,0,,False,False,False,False,False,False,False,False,False,False,0,0
766925713,583,human_candidate,https://github.com/tsukinaha/tsukimi/pull/583,Memory and Data Locality Optimizations,Optimize Object Use,majority_2_of_3,True,static-reasoning,True,True,False,False,False,False,False,False,False,False,False,False,0,0,,False,False,False,False,False,False,False,False,False,False,0,0
773894671,2205,human_candidate,https://github.com/Lightning-AI/lightning-thunder/pull/2205,Code Smells and Structural Simplification,Remove Unnecessary Method Calls,unanimous,False,none,False,False,False,False,False,False,False,False,False,False,False,False,0,0,,False,False,False,False,False,False,False,False,False,False,0,0
773894671,2509,human_candidate,https://github.com/Lightning-AI/lightning-thunder/pull/2509,Memory and Data Locality Optimizations,Optimize Object Use,majority_2_of_3,True,static-reasoning,True,True,False,False,False,False,False,False,False,False,False,False,0,0,,False,False,False,False,False,False,False,False,False,False,0,0
775743011,2311,human_candidate,https://github.com/valkey-io/valkey/pull/2311,Memory and Data Locality Optimizations,Increase Workload to Mitigate Memory Access Latency,unanimous,True,benchmark,True,True,True,False,False,True,False,False,True,False,False,False,3,2,D0|D3|D6,True,False,False,True,False,False,True,False,False,False,3,1
775743011,3410,human_candidate,https://github.com/valkey-io/valkey/pull/3410,Algorithm-Level Optimizations,Select Computationally Efficient Algorithms,majority_2_of_3,True,static-reasoning,True,True,False,False,False,False,False,False,False,False,False,False,0,0,,False,False,False,False,False,False,False,False,False,False,0,0
775839592,1428,human_candidate,https://github.com/marin-community/marin/pull/1428,Algorithm-Level Optimizations,Select Computationally Efficient Algorithms,unanimous,True,benchmark,True,True,False,False,False,False,False,False,False,False,False,False,0,0,,False,False,False,False,False,False,False,False,False,False,0,0
775839592,1429,agentic,https://github.com/marin-community/marin/pull/1429,Memory and Data Locality Optimizations,Optimize Object Use,majority_2_of_3,False,none,False,False,False,False,False,False,False,False,False,False,False,False,0,0,,False,False,False,False,False,False,False,False,False,False,0,0
775839592,2144,human_candidate,https://github.com/marin-community/marin/pull/2144,"Network, Database, and Data Access Optimization",Lazy Loading / Deferred Initialization,majority_2_of_3,True,static-reasoning,True,True,False,False,False,False,False,False,False,False,False,False,0,0,,False,False,False,False,False,False,False,False,False,False,0,0
775839592,2999,agentic,https://github.com/marin-community/marin/pull/2999,Build & Compilation & Infrastructure Optimization,Compiler Optimization Hints/Directives,unanimous,False,none,False,False,False,False,False,False,False,False,False,False,False,False,0,0,,False,False,False,False,False,False,False,False,False,False,0,0
775839592,3052,agentic,https://github.com/marin-community/marin/pull/3052,Memory and Data Locality Optimizations,Improve CPU Cache management,majority_2_of_3,False,none,False,False,False,False,False,False,False,False,False,False,False,False,0,0,,False,False,False,False,False,False,False,False,False,False,0,0
775839592,3376,agentic,https://github.com/marin-community/marin/pull/3376,Build & Compilation & Infrastructure Optimization,Compiler Optimization Hints/Directives,unanimous,False,none,False,False,False,False,False,False,False,False,False,False,False,False,0,0,,False,False,False,False,False,False,False,False,False,False,0,0
775839592,3377,agentic,https://github.com/marin-community/marin/pull/3377,Algorithm-Level Optimizations,Select Computationally Efficient Algorithms,unanimous,True,static-reasoning,True,True,False,False,False,False,False,False,False,False,False,False,0,0,,False,False,False,False,False,False,False,False,False,False,0,0
775839592,3398,agentic,https://github.com/marin-community/marin/pull/3398,Algorithm-Level Optimizations,Select Algorithm Based on Instruction Speed,majority_2_of_3,True,benchmark,True,True,False,True,False,False,False,False,False,False,False,False,1,1,D1,False,True,False,False,False,False,False,False,False,False,1,1
775839592,3452,agentic,https://github.com/marin-community/marin/pull/3452,Memory and Data Locality Optimizations,Improve CPU Cache management,majority_2_of_3,True,benchmark,True,True,False,False,False,False,False,False,False,False,False,False,0,0,,False,False,False,False,False,False,False,False,False,False,0,0
775839592,4149,agentic,https://github.com/marin-community/marin/pull/4149,Memory and Data Locality Optimizations,Improve cache locality - spatial locality,majority_2_of_3,False,none,False,False,False,False,False,False,False,False,False,False,False,False,0,0,,False,False,False,False,False,False,False,False,False,False,0,0
775839592,4532,human_candidate,https://github.com/marin-community/marin/pull/4532,Build & Compilation & Infrastructure Optimization,Performance-Optimized Dependency Selection,majority_2_of_3,True,benchmark,True,True,False,True,False,True,False,False,False,False,False,False,2,2,D1|D3,False,True,False,False,False,False,False,False,False,False,1,1
775839592,4829,human_candidate,https://github.com/marin-community/marin/pull/4829,I/O and Synchronization,Concurrency Control / Lock Optimization,majority_2_of_3,True,static-reasoning,True,True,False,False,False,False,False,False,False,False,False,False,0,0,,False,False,False,False,False,False,False,False,False,False,0,0
775839592,4845,human_candidate,https://github.com/marin-community/marin/pull/4845,I/O and Synchronization,Concurrency Control / Rate Limiting,majority_2_of_3,True,benchmark,True,True,False,True,False,False,False,False,False,False,False,True,2,2,D1|D9,False,True,False,False,False,False,False,False,False,True,2,1
775839592,5023,agentic,https://github.com/marin-community/marin/pull/5023,"Network, Database, and Data Access Optimization",Lazy Loading / Deferred Initialization,unanimous,True,static-reasoning,True,True,False,False,False,False,False,False,False,False,False,False,0,0,,False,False,False,False,False,False,False,False,False,False,0,0
775839592,5070,agentic,https://github.com/marin-community/marin/pull/5070,Memory and Data Locality Optimizations,Optimize Object Use,unanimous,True,benchmark,True,True,False,True,True,False,False,False,False,False,False,False,2,2,D1|D2,False,True,True,False,False,False,False,False,False,False,2,2
775839592,5169,agentic,https://github.com/marin-community/marin/pull/5169,Memory and Data Locality Optimizations,Caching,unanimous,True,static-reasoning,True,True,False,False,False,False,False,False,False,False,False,False,0,0,,False,False,False,False,False,False,False,False,False,False,0,0
775839592,5350,agentic,https://github.com/marin-community/marin/pull/5350,Algorithm-Level Optimizations,Select Computationally Efficient Algorithms,unanimous,True,benchmark,True,True,False,True,False,True,False,False,False,False,False,False,2,2,D1|D3,False,True,False,True,False,False,False,False,False,False,2,2
775839592,5454,human_candidate,https://github.com/marin-community/marin/pull/5454,Memory and Data Locality Optimizations,Caching,majority_2_of_3,True,static-reasoning,True,True,False,False,False,False,False,False,False,False,False,False,0,0,,False,False,False,False,False,False,False,False,False,False,0,0
775839592,5635,human_candidate,https://github.com/marin-community/marin/pull/5635,"Network, Database, and Data Access Optimization",Lazy Loading / Deferred Initialization,majority_2_of_3,True,benchmark,True,True,False,True,False,False,False,False,False,False,False,True,2,2,D1|D9,False,True,False,False,False,False,False,False,False,True,2,2
775839592,5899,agentic,https://github.com/marin-community/marin/pull/5899,Algorithm-Level Optimizations,Select Computationally Efficient Algorithms,majority_2_of_3,True,anecdotal,True,True,False,False,False,False,False,False,False,False,False,False,0,0,,False,False,False,False,False,False,False,False,False,False,0,0
775839592,6069,agentic,https://github.com/marin-community/marin/pull/6069,Memory and Data Locality Optimizations,Improve cache locality - spatial locality,unanimous,False,none,False,False,False,False,False,False,False,False,False,False,False,False,0,0,,False,False,False,False,False,False,False,False,False,False,0,0
776121034,2818,human_candidate,https://github.com/BasedHardware/omi/pull/2818,Algorithm-Level Optimizations,Event-Driven Throttling,majority_2_of_3,True,unresolved,True,False,False,True,False,False,False,False,False,False,False,False,1,1,D1,False,True,False,False,False,False,False,False,False,False,1,1
776121034,7526,human_candidate,https://github.com/BasedHardware/omi/pull/7526,I/O and Synchronization,Concurrency Control / Rate Limiting,unanimous,True,benchmark,True,True,False,True,False,False,False,False,False,False,False,True,2,2,D1|D9,False,True,False,False,False,False,False,False,False,True,2,2
776121034,7529,human_candidate,https://github.com/BasedHardware/omi/pull/7529,I/O and Synchronization,Concurrency Control / Rate Limiting,majority_2_of_3,True,benchmark,True,True,False,True,False,True,False,False,False,False,False,True,3,3,D1|D3|D9,False,True,False,True,False,False,False,False,False,True,3,2
776916297,1540,human_candidate,https://github.com/Freika/dawarich/pull/1540,Memory and Data Locality Optimizations,Caching,majority_2_of_3,False,none,False,False,False,False,False,False,False,False,False,False,False,False,0,0,,False,False,False,False,False,False,False,False,False,False,0,0
776916297,1791,human_candidate,https://github.com/Freika/dawarich/pull/1791,"Network, Database, and Data Access Optimization",Relational Query Consolidation (N+1),majority_2_of_3,False,none,False,False,False,False,False,False,False,False,False,False,False,False,0,0,,False,False,False,False,False,False,False,False,False,False,0,0
777912773,1527,human_candidate,https://github.com/slatedb/slatedb/pull/1527,Memory and Data Locality Optimizations,Optimize Object Use,unanimous,True,profiling,True,True,False,False,False,True,False,False,False,False,False,False,1,1,D3,False,False,False,True,False,False,False,False,False,False,1,1
780660899,1131,agentic,https://github.com/vltpkg/vltpkg/pull/1131,I/O and Synchronization,Non-Blocking I/O,majority_2_of_3,True,static-reasoning,True,True,False,False,False,False,False,False,False,False,False,False,0,0,,False,False,False,False,False,False,False,False,False,False,0,0
787462297,798,human_candidate,https://github.com/Blaizzy/mlx-vlm/pull/798,I/O and Synchronization,Non-Blocking I/O,unanimous,True,benchmark,True,True,False,False,False,False,False,False,False,False,False,False,0,0,,False,False,False,False,False,False,False,False,False,False,0,0
788715163,427,agentic,https://github.com/JMBeresford/retrom/pull/427,Memory and Data Locality Optimizations,Caching,majority_2_of_3,True,unresolved,True,False,False,True,False,False,False,False,False,False,False,False,1,1,D1,False,True,False,False,False,False,False,False,False,False,1,0
792160692,78,agentic,https://github.com/wieslawsoltes/Xaml.Behaviors/pull/78,Code Smells and Structural Simplification,Replace Reflection with Direct Method Calls,unanimous,False,none,False,False,False,False,False,False,False,False,False,False,False,False,0,0,,False,False,False,False,False,False,False,False,False,False,0,0
792160692,82,agentic,https://github.com/wieslawsoltes/Xaml.Behaviors/pull/82,Data Structure Selection and Adaptation,Darwinian Data Structure Selection,unanimous,True,static-reasoning,True,True,False,False,False,False,False,False,False,False,False,False,0,0,,False,False,False,False,False,False,False,False,False,False,0,0
793399480,1935,human_candidate,https://github.com/openvm-org/openvm/pull/1935,Build & Compilation & Infrastructure Optimization,Compiler Optimization Hints/Directives,unanimous,True,benchmark,True,True,False,True,False,False,False,False,False,False,False,False,1,1,D1,False,True,False,False,False,False,False,False,False,False,1,0
793399480,2196,human_candidate,https://github.com/openvm-org/openvm/pull/2196,Code Smells and Structural Simplification,Remove Unnecessary Method Calls,unanimous,True,benchmark,True,True,False,True,False,False,False,False,False,False,False,False,1,1,D1,False,True,False,False,False,False,False,False,False,False,1,0
793399480,2371,human_candidate,https://github.com/openvm-org/openvm/pull/2371,Memory and Data Locality Optimizations,Caching,unanimous,True,static-reasoning,True,True,False,False,False,False,False,False,False,False,False,False,0,0,,False,False,False,False,False,False,False,False,False,False,0,0
797493401,1179,agentic,https://github.com/nearai/nearai/pull/1179,Memory and Data Locality Optimizations,Caching,unanimous,True,benchmark,True,True,False,True,False,False,False,False,False,False,False,False,1,1,D1,False,True,False,False,False,False,False,False,False,False,1,0
797493401,1181,agentic,https://github.com/nearai/nearai/pull/1181,I/O and Synchronization,Non-Blocking I/O,unanimous,True,benchmark,True,True,False,True,False,False,False,False,False,False,False,False,1,1,D1,False,True,False,False,False,False,False,False,False,False,1,1
797493401,1182,human_candidate,https://github.com/nearai/nearai/pull/1182,Memory and Data Locality Optimizations,Caching,majority_2_of_3,False,none,False,False,False,False,False,False,False,False,False,False,False,False,0,0,,False,False,False,False,False,False,False,False,False,False,0,0
808266543,3855,human_candidate,https://github.com/lambdaclass/ethrex/pull/3855,Memory and Data Locality Optimizations,Optimize Object Use,majority_2_of_3,True,benchmark,True,True,False,False,False,False,False,False,False,False,False,False,0,0,,False,False,False,False,False,False,False,False,False,False,0,0
808266543,3933,human_candidate,https://github.com/lambdaclass/ethrex/pull/3933,Memory and Data Locality Optimizations,Caching,unanimous,True,benchmark,True,True,False,True,True,False,False,False,False,False,False,True,3,3,D1|D2|D9,False,True,True,False,False,False,False,False,False,True,3,0
808266543,4203,human_candidate,https://github.com/lambdaclass/ethrex/pull/4203,Data Structure Selection and Adaptation,Darwinian Data Structure Selection,unanimous,True,benchmark,True,True,False,True,False,False,False,False,False,False,False,False,1,1,D1,False,True,False,False,False,False,False,False,False,False,1,1
808266543,5203,human_candidate,https://github.com/lambdaclass/ethrex/pull/5203,I/O and Synchronization,Non-Blocking I/O,unanimous,True,benchmark,True,True,False,False,False,False,False,False,False,False,False,False,0,0,,False,False,False,False,False,False,False,False,False,False,0,0
808266543,5375,human_candidate,https://github.com/lambdaclass/ethrex/pull/5375,Data Structure Selection and Adaptation,Darwinian Data Structure Selection,majority_2_of_3,True,benchmark,True,True,False,False,False,False,False,False,False,False,False,False,0,0,,False,False,False,False,False,False,False,False,False,False,0,0
808266543,5877,human_candidate,https://github.com/lambdaclass/ethrex/pull/5877,Control-Flow and Branching Optimizations,Rearranging for early return,unanimous,True,benchmark,True,True,False,False,False,False,False,False,False,False,False,False,0,0,,False,False,False,False,False,False,False,False,False,False,0,0
808266543,6033,human_candidate,https://github.com/lambdaclass/ethrex/pull/6033,Data Structure Selection and Adaptation,Darwinian Data Structure Selection,unanimous,True,benchmark,True,True,False,False,False,False,False,False,False,False,False,False,0,0,,False,False,False,False,False,False,False,False,False,False,0,0
808266543,6046,human_candidate,https://github.com/lambdaclass/ethrex/pull/6046,Memory and Data Locality Optimizations,Improve cache locality - temporal locality,unanimous,True,benchmark,True,True,False,True,False,False,False,False,False,False,False,False,1,1,D1,False,True,False,False,False,False,False,False,False,False,1,1
808266543,6057,human_candidate,https://github.com/lambdaclass/ethrex/pull/6057,Memory and Data Locality Optimizations,Optimize Object Use,majority_2_of_3,True,static-reasoning,True,True,False,False,False,False,False,False,False,False,False,False,0,0,,False,False,False,False,False,False,False,False,False,False,0,0
808266543,6243,human_candidate,https://github.com/lambdaclass/ethrex/pull/6243,Memory and Data Locality Optimizations,Caching,unanimous,True,benchmark,True,True,False,False,False,False,False,False,False,False,False,False,0,0,,False,False,False,False,False,False,False,False,False,False,0,0
808266543,6244,human_candidate,https://github.com/lambdaclass/ethrex/pull/6244,Control-Flow and Branching Optimizations,Rearranging for early return,majority_2_of_3,True,benchmark,True,True,False,False,False,False,False,False,False,False,False,False,0,0,,False,False,False,False,False,False,False,False,False,False,0,0
808266543,6245,human_candidate,https://github.com/lambdaclass/ethrex/pull/6245,Build & Compilation & Infrastructure Optimization,Compiler Optimization Hints/Directives,unanimous,True,benchmark,True,True,True,False,False,False,False,False,False,False,False,False,1,0,D0,True,False,False,False,False,False,False,False,False,False,1,0
808266543,6548,human_candidate,https://github.com/lambdaclass/ethrex/pull/6548,"Network, Database, and Data Access Optimization",Batch API Requests (N+1),unanimous,True,benchmark,True,True,False,False,False,False,False,False,False,False,False,False,0,0,,False,False,False,False,False,False,False,False,False,False,0,0
808266543,6639,human_candidate,https://github.com/lambdaclass/ethrex/pull/6639,Memory and Data Locality Optimizations,Caching,unanimous,True,benchmark,True,True,True,True,True,True,True,False,False,False,False,True,6,5,D0|D1|D2|D3|D4|D9,True,True,True,True,True,False,False,False,False,True,6,2
808419207,299,agentic,https://github.com/microsoft/python-environment-tools/pull/299,Memory and Data Locality Optimizations,Optimize Object Use,majority_2_of_3,True,static-reasoning,True,True,False,False,False,False,False,False,False,False,False,False,0,0,,False,False,False,False,False,False,False,False,False,False,0,0
808419207,468,agentic,https://github.com/microsoft/python-environment-tools/pull/468,Memory and Data Locality Optimizations,Caching,unanimous,True,benchmark,True,True,False,True,False,False,False,False,False,False,False,False,1,1,D1,False,True,False,False,False,False,False,False,False,False,1,0
812496927,146,agentic,https://github.com/gluesql/glues/pull/146,Memory and Data Locality Optimizations,Caching,unanimous,True,static-reasoning,True,True,False,False,False,False,False,False,False,False,False,False,0,0,,False,False,False,False,False,False,False,False,False,False,0,0
812496927,190,agentic,https://github.com/gluesql/glues/pull/190,Code Smells and Structural Simplification,Remove Unnecessary Method Calls,majority_2_of_3,False,none,False,False,False,False,False,False,False,False,False,False,False,False,0,0,,False,False,False,False,False,False,False,False,False,False,0,0
812496927,191,agentic,https://github.com/gluesql/glues/pull/191,Memory and Data Locality Optimizations,Optimize Object Use,majority_2_of_3,True,static-reasoning,True,True,False,False,False,False,False,False,False,False,False,False,0,0,,False,False,False,False,False,False,False,False,False,False,0,0
812496927,192,agentic,https://github.com/gluesql/glues/pull/192,Memory and Data Locality Optimizations,Optimize Object Use,unanimous,True,static-reasoning,True,True,False,False,False,False,False,False,False,False,False,False,0,0,,False,False,False,False,False,False,False,False,False,False,0,0
814684486,2400,agentic,https://github.com/longbridge/gpui-component/pull/2400,Memory and Data Locality Optimizations,Caching,majority_2_of_3,True,static-reasoning,True,True,False,False,False,False,False,False,False,False,False,False,0,0,,False,False,False,False,False,False,False,False,False,False,0,0
816422401,1243,agentic,https://github.com/sysadminsmedia/homebox/pull/1243,I/O and Synchronization,Streaming Implementation Or Optimization),unanimous,True,static-reasoning,True,True,False,False,False,True,False,False,False,False,False,False,1,1,D3,False,False,False,True,False,False,False,False,False,False,1,1
820087727,982,agentic,https://github.com/onlook-dev/onlook/pull/982,Code Smells and Structural Simplification,Remove code bloat by removing optional features,majority_2_of_3,False,none,False,False,False,False,False,False,False,False,False,False,False,False,0,0,,False,False,False,False,False,False,False,False,False,False,0,0
820087727,1630,agentic,https://github.com/onlook-dev/onlook/pull/1630,Build & Compilation & Infrastructure Optimization,Performance-Optimized Dependency Selection,unanimous,False,none,False,False,False,False,False,False,False,False,False,False,False,False,0,0,,False,False,False,False,False,False,False,False,False,False,0,0
820192032,1578,human_candidate,https://github.com/sequinstream/sequin/pull/1578,Code Smells and Structural Simplification,Remove Unnecessary Method Calls,unanimous,True,static-reasoning,True,True,False,False,False,False,False,False,False,False,False,False,0,0,,False,False,False,False,False,False,False,False,False,False,0,0
821360765,1967,human_candidate,https://github.com/latitude-dev/latitude-llm/pull/1967,Algorithm-Level Optimizations,Event-Driven Throttling,unanimous,True,static-reasoning,True,True,False,True,False,False,False,False,False,False,False,False,1,1,D1,False,True,False,False,False,False,False,False,False,False,1,1
821360765,2081,human_candidate,https://github.com/latitude-dev/latitude-llm/pull/2081,Algorithm-Level Optimizations,Select Computationally Efficient Algorithms,unanimous,True,static-reasoning,True,True,False,False,False,False,False,False,False,False,False,False,0,0,,False,False,False,False,False,False,False,False,False,False,0,0
821360765,2718,human_candidate,https://github.com/latitude-dev/latitude-llm/pull/2718,I/O and Synchronization,Non-Blocking I/O,unanimous,True,static-reasoning,True,True,False,False,False,False,False,False,False,False,False,False,0,0,,False,False,False,False,False,False,False,False,False,False,0,0
824265054,1355,agentic,https://github.com/CommunityToolkit/Aspire/pull/1355,Build & Compilation & Infrastructure Optimization,Reduce rebuilding size,unanimous,False,none,False,False,False,False,False,False,False,False,False,False,False,False,0,0,,False,False,False,False,False,False,False,False,False,False,0,0
825888299,135,agentic,https://github.com/jamdotdev/jam-dev-utilities/pull/135,Memory and Data Locality Optimizations,Improve CPU Cache management,unanimous,True,benchmark,True,True,True,True,False,True,False,False,True,False,False,False,4,3,D0|D1|D3|D6,True,True,False,False,False,False,True,False,False,False,3,3
826111692,473,agentic,https://github.com/ucbepic/docetl/pull/473,Algorithm-Level Optimizations,Select Computationally Efficient Algorithms,unanimous,False,none,False,False,False,False,False,False,False,False,False,False,False,False,0,0,,False,False,False,False,False,False,False,False,False,False,0,0
828119367,1155,agentic,https://github.com/yamadashy/repomix/pull/1155,I/O and Synchronization,Non-Blocking I/O,majority_2_of_3,True,benchmark,True,True,False,True,False,False,True,False,False,False,False,True,3,3,D1|D4|D9,False,True,False,False,True,False,False,False,False,True,3,1
828285248,2251,agentic,https://github.com/commonwarexyz/monorepo/pull/2251,Algorithm-Level Optimizations,Select Algorithm Based on Instruction Speed,unanimous,True,benchmark,True,True,True,False,False,False,False,False,False,False,False,False,1,0,D0,True,False,False,False,False,False,False,False,False,False,1,1
828285248,2252,agentic,https://github.com/commonwarexyz/monorepo/pull/2252,Memory and Data Locality Optimizations,Optimize Object Use,unanimous,True,benchmark,True,True,True,True,False,False,False,False,False,False,False,False,2,1,D0|D1,True,True,False,False,False,False,False,False,False,False,2,2
828285248,2504,human_candidate,https://github.com/commonwarexyz/monorepo/pull/2504,Algorithm-Level Optimizations,Select Computationally Efficient Algorithms,majority_2_of_3,False,none,False,False,False,False,False,False,False,False,False,False,False,False,0,0,,False,False,False,False,False,False,False,False,False,False,0,0
828285248,2632,human_candidate,https://github.com/commonwarexyz/monorepo/pull/2632,Algorithm-Level Optimizations,Select Computationally Efficient Algorithms,unanimous,False,none,False,False,False,False,False,False,False,False,False,False,False,False,0,0,,False,False,False,False,False,False,False,False,False,False,0,0
828285248,3200,agentic,https://github.com/commonwarexyz/monorepo/pull/3200,Algorithm-Level Optimizations,Select Computationally Efficient Algorithms,unanimous,True,benchmark,True,True,False,True,False,True,False,True,False,True,False,False,4,4,D1|D3|D5|D7,False,True,False,False,False,False,False,True,False,False,2,1
828285248,3203,agentic,https://github.com/commonwarexyz/monorepo/pull/3203,Memory and Data Locality Optimizations,Caching,majority_2_of_3,True,benchmark,True,True,False,True,True,False,False,False,False,False,False,False,2,2,D1|D2,False,False,False,False,False,False,False,False,False,False,0,0
828285248,3221,human_candidate,https://github.com/commonwarexyz/monorepo/pull/3221,Code Smells and Structural Simplification,Remove code bloat by removing optional features,majority_2_of_3,False,none,False,False,False,False,False,False,False,False,False,False,False,False,0,0,,False,False,False,False,False,False,False,False,False,False,0,0
828285248,3471,human_candidate,https://github.com/commonwarexyz/monorepo/pull/3471,Memory and Data Locality Optimizations,Optimize Object Use,unanimous,True,static-reasoning,True,True,False,False,False,False,False,False,False,False,False,False,0,0,,False,False,False,False,False,False,False,False,False,False,0,0
828285248,3486,agentic,https://github.com/commonwarexyz/monorepo/pull/3486,Memory and Data Locality Optimizations,Caching,unanimous,True,benchmark,True,True,False,False,True,False,False,False,False,False,False,False,1,1,D2,False,False,True,False,False,False,False,False,False,False,1,1
828285248,3496,agentic,https://github.com/commonwarexyz/monorepo/pull/3496,Memory and Data Locality Optimizations,Optimize Object Use,unanimous,False,none,False,False,False,False,False,False,False,False,False,False,False,False,0,0,,False,False,False,False,False,False,False,False,False,False,0,0
828285248,3539,human_candidate,https://github.com/commonwarexyz/monorepo/pull/3539,I/O and Synchronization,Concurrency Control / Rate Limiting,majority_2_of_3,True,static-reasoning,True,True,False,False,False,False,False,False,False,False,False,False,0,0,,False,False,False,False,False,False,False,False,False,False,0,0
828285248,3571,human_candidate,https://github.com/commonwarexyz/monorepo/pull/3571,I/O and Synchronization,Concurrency Control / Rate Limiting,unanimous,True,static-reasoning,True,True,False,False,False,False,False,False,False,False,False,False,0,0,,False,False,False,False,False,False,False,False,False,False,0,0
828285248,3641,human_candidate,https://github.com/commonwarexyz/monorepo/pull/3641,Memory and Data Locality Optimizations,Caching,unanimous,True,static-reasoning,True,True,False,False,False,False,False,False,False,False,False,False,0,0,,False,False,False,False,False,False,False,False,False,False,0,0
828285248,3752,human_candidate,https://github.com/commonwarexyz/monorepo/pull/3752,Memory and Data Locality Optimizations,Improve cache locality - spatial locality,majority_2_of_3,True,benchmark,True,True,False,True,False,False,False,False,False,False,False,False,1,1,D1,False,True,False,False,False,False,False,False,False,False,1,0
828285248,3760,human_candidate,https://github.com/commonwarexyz/monorepo/pull/3760,Algorithm-Level Optimizations,Select Computationally Efficient Algorithms,unanimous,True,benchmark,True,True,False,True,False,False,False,False,False,False,False,False,1,1,D1,False,True,False,False,False,False,False,False,False,False,1,1
828285248,3766,human_candidate,https://github.com/commonwarexyz/monorepo/pull/3766,I/O and Synchronization,Selection I/O size,unanimous,True,unresolved,True,False,False,True,False,False,False,False,False,False,False,False,1,1,D1,False,True,False,False,False,False,False,False,False,False,1,0
828285248,3858,human_candidate,https://github.com/commonwarexyz/monorepo/pull/3858,Code Smells and Structural Simplification,Remove Unnecessary Method Calls,unanimous,True,benchmark,True,True,False,True,False,False,False,False,False,False,False,False,1,1,D1,False,True,False,False,False,False,False,False,False,False,1,0
828285248,3870,human_candidate,https://github.com/commonwarexyz/monorepo/pull/3870,Algorithm-Level Optimizations,Select Computationally Efficient Algorithms,unanimous,True,benchmark,True,True,False,True,False,False,False,True,False,False,False,False,2,2,D1|D5,False,True,False,False,False,True,False,False,False,False,2,2
829413452,680,agentic,https://github.com/foxminchan/BookWorm/pull/680,Code Smells and Structural Simplification,Remove code bloat by removing optional features,majority_2_of_3,True,static-reasoning,True,True,False,False,False,False,False,False,False,False,False,False,0,0,,False,False,False,False,False,False,False,False,False,False,0,0
831972025,430,agentic,https://github.com/hikettei/Caten/pull/430,Algorithm-Level Optimizations,Select Computationally Efficient Algorithms,majority_2_of_3,True,static-reasoning,True,True,False,False,False,False,False,False,False,False,False,False,0,0,,False,False,False,False,False,False,False,False,False,False,0,0
839216423,845,agentic,https://github.com/liam-hq/liam/pull/845,Memory and Data Locality Optimizations,Caching,unanimous,False,none,False,False,False,False,False,False,False,False,False,False,False,False,0,0,,False,False,False,False,False,False,False,False,False,False,0,0
839216423,847,agentic,https://github.com/liam-hq/liam/pull/847,Memory and Data Locality Optimizations,Caching,unanimous,True,static-reasoning,True,True,False,False,False,False,False,False,False,False,False,False,0,0,,False,False,False,False,False,False,False,False,False,False,0,0
839216423,1985,agentic,https://github.com/liam-hq/liam/pull/1985,Memory and Data Locality Optimizations,Cache Eviction Policy,unanimous,True,static-reasoning,True,True,False,True,False,False,False,False,False,False,False,False,1,1,D1,False,True,False,False,False,False,False,False,False,False,1,1
839216423,2037,agentic,https://github.com/liam-hq/liam/pull/2037,"Network, Database, and Data Access Optimization",Minimize Payload Size / Pass Reference Instead of Value,unanimous,True,static-reasoning,True,True,False,False,False,False,False,False,False,False,False,False,0,0,,False,False,False,False,False,False,False,False,False,False,0,0
839216423,2927,agentic,https://github.com/liam-hq/liam/pull/2927,Code Smells and Structural Simplification,Remove code bloat by removing optional features,unanimous,True,unresolved,True,False,False,True,False,False,False,False,False,False,False,False,1,1,D1,False,True,False,False,False,False,False,False,False,False,1,1
844305953,12,agentic,https://github.com/kyryl-opens-ml/no-ocr/pull/12,Memory and Data Locality Optimizations,Buffering,unanimous,False,none,False,False,False,False,False,False,False,False,False,False,False,False,0,0,,False,False,False,False,False,False,False,False,False,False,0,0
844738531,2218,human_candidate,https://github.com/instantdb/instant/pull/2218,Algorithm-Level Optimizations,Select Computationally Efficient Algorithms,majority_2_of_3,True,static-reasoning,True,True,False,False,False,False,False,False,False,False,False,False,0,0,,False,False,False,False,False,False,False,False,False,False,0,0
845317529,1796,agentic,https://github.com/giselles-ai/giselle/pull/1796,Memory and Data Locality Optimizations,Caching,unanimous,False,none,False,False,False,False,False,False,False,False,False,False,False,False,0,0,,False,False,False,False,False,False,False,False,False,False,0,0
845317529,2471,agentic,https://github.com/giselles-ai/giselle/pull/2471,Memory and Data Locality Optimizations,Caching,unanimous,True,static-reasoning,True,True,False,False,False,False,False,False,False,False,False,False,0,0,,False,False,False,False,False,False,False,False,False,False,0,0
845380264,325,agentic,https://github.com/bugsink/bugsink/pull/325,Build & Compilation & Infrastructure Optimization,Enable Lazy loading for resource,majority_2_of_3,True,benchmark,True,True,False,False,False,True,False,False,False,False,False,True,2,2,D3|D9,False,False,False,True,False,False,False,False,False,True,2,1
846729675,357,agentic,https://github.com/sourcebot-dev/sourcebot/pull/357,"Network, Database, and Data Access Optimization",Batch API Requests (N+1),majority_2_of_3,True,static-reasoning,True,True,False,True,False,False,False,True,False,False,False,False,2,2,D1|D5,False,True,False,False,False,True,False,False,False,False,2,2
846923721,226,agentic,https://github.com/bolna-ai/bolna/pull/226,Memory and Data Locality Optimizations,Caching,unanimous,True,static-reasoning,True,True,False,True,False,False,False,False,False,False,False,False,1,1,D1,False,True,False,False,False,False,False,False,False,False,1,1
846923721,236,agentic,https://github.com/bolna-ai/bolna/pull/236,Memory and Data Locality Optimizations,Caching,majority_2_of_3,False,none,False,False,False,True,False,False,False,False,False,False,False,False,1,1,D1,False,True,False,False,False,False,False,False,False,False,1,1
846923721,256,agentic,https://github.com/bolna-ai/bolna/pull/256,Code Smells and Structural Simplification,Remove code bloat by removing optional features,unanimous,False,none,False,False,False,False,False,False,False,False,False,False,False,False,0,0,,False,False,False,False,False,False,False,False,False,False,0,0
846923721,277,agentic,https://github.com/bolna-ai/bolna/pull/277,I/O and Synchronization,Polling,majority_2_of_3,True,static-reasoning,True,True,False,True,False,False,False,False,False,False,False,False,1,1,D1,False,True,False,False,False,False,False,False,False,False,1,1
846923721,496,human_candidate,https://github.com/bolna-ai/bolna/pull/496,I/O and Synchronization,Selection I/O size,unanimous,True,static-reasoning,True,True,False,True,False,False,False,False,False,False,False,False,1,1,D1,False,True,False,False,False,False,False,False,False,False,1,1
860100131,1308,human_candidate,https://github.com/microsoft/typescript-go/pull/1308,Code Smells and Structural Simplification,Remove Unnecessary Method Calls,majority_2_of_3,True,static-reasoning,True,True,False,False,False,False,False,False,False,False,False,False,0,0,,False,False,False,False,False,False,False,False,False,False,0,0
860100131,1823,human_candidate,https://github.com/microsoft/typescript-go/pull/1823,Memory and Data Locality Optimizations,Optimize Object Use,unanimous,True,unresolved,True,False,False,False,False,False,False,False,False,False,False,False,0,0,,False,False,False,False,False,False,False,False,False,False,0,0
860100131,2719,agentic,https://github.com/microsoft/typescript-go/pull/2719,Algorithm-Level Optimizations,Select Computationally Efficient Algorithms,majority_2_of_3,True,static-reasoning,True,True,False,False,False,False,False,False,False,True,False,False,1,1,D7,False,False,False,False,False,False,False,True,False,False,1,1
860100131,2870,human_candidate,https://github.com/microsoft/typescript-go/pull/2870,Code Smells and Structural Simplification,Replace Reflection with Direct Method Calls,majority_2_of_3,True,benchmark,True,True,False,True,False,False,False,False,False,False,False,False,1,1,D1,False,True,False,False,False,False,False,False,False,False,1,1
860100131,3115,human_candidate,https://github.com/microsoft/typescript-go/pull/3115,Memory and Data Locality Optimizations,Optimize Object Use,unanimous,True,static-reasoning,True,True,False,False,False,False,False,False,False,False,False,False,0,0,,False,False,False,False,False,False,False,False,False,False,0,0
860100131,3275,human_candidate,https://github.com/microsoft/typescript-go/pull/3275,Code Smells and Structural Simplification,Remove Unnecessary Method Calls,unanimous,False,none,False,False,False,False,False,False,False,False,False,False,False,False,0,0,,False,False,False,False,False,False,False,False,False,False,0,0
860100131,3369,human_candidate,https://github.com/microsoft/typescript-go/pull/3369,I/O and Synchronization,Concurrency Control / Rate Limiting,unanimous,True,benchmark,True,True,False,True,False,True,False,False,False,False,False,False,2,2,D1|D3,False,True,False,True,False,False,False,False,False,False,2,0
860100131,4024,human_candidate,https://github.com/microsoft/typescript-go/pull/4024,Memory and Data Locality Optimizations,Optimize Object Use,unanimous,True,static-reasoning,True,True,False,False,False,False,False,False,False,False,False,False,0,0,,False,False,False,False,False,False,False,False,False,False,0,0
867014724,378,human_candidate,https://github.com/syncfusion/maui-toolkit/pull/378,Memory and Data Locality Optimizations,Optimize Object Use,unanimous,True,static-reasoning,True,True,False,False,False,False,False,False,False,False,False,False,0,0,,False,False,False,False,False,False,False,False,False,False,0,0
876327247,299,agentic,https://github.com/jniebuhr/gaggimate/pull/299,Memory and Data Locality Optimizations,Optimize Object Use,majority_2_of_3,False,none,False,False,False,False,False,False,False,False,False,False,False,False,0,0,,False,False,False,False,False,False,False,False,False,False,0,0
879168187,689,human_candidate,https://github.com/AArnott/Nerdbank.MessagePack/pull/689,Code Smells and Structural Simplification,Remove long method by extracting new method,majority_2_of_3,True,static-reasoning,True,True,False,False,False,False,False,False,False,False,False,False,0,0,,False,False,False,False,False,False,False,False,False,False,0,0
881458615,2705,agentic,https://github.com/browser-use/browser-use/pull/2705,I/O and Synchronization,Non-Blocking I/O,majority_2_of_3,False,none,False,False,False,False,False,False,False,False,False,False,False,False,0,0,,False,False,False,False,False,False,False,False,False,False,0,0
881458615,2958,agentic,https://github.com/browser-use/browser-use/pull/2958,"Network, Database, and Data Access Optimization",Minimize Payload Size / Pass Reference Instead of Value,majority_2_of_3,True,static-reasoning,True,True,False,False,False,False,False,False,False,False,False,False,0,0,,False,False,False,False,False,False,False,False,False,False,0,0
881458615,3650,agentic,https://github.com/browser-use/browser-use/pull/3650,"Network, Database, and Data Access Optimization",Minimize Payload Size / Pass Reference Instead of Value,majority_2_of_3,True,unresolved,True,False,False,True,False,False,False,False,False,False,False,False,1,1,D1,False,True,False,False,False,False,False,False,False,False,1,0
881458615,3774,agentic,https://github.com/browser-use/browser-use/pull/3774,Code Smells and Structural Simplification,Remove code bloat by removing optional features,unanimous,True,benchmark,True,True,False,True,False,False,False,False,False,False,False,False,1,1,D1,False,True,False,False,False,False,False,False,False,False,1,0
883593929,116,agentic,https://github.com/selcukorkmaz/fastml/pull/116,Algorithm-Level Optimizations,Select Computationally Efficient Algorithms,majority_2_of_3,False,none,False,False,False,False,False,False,False,False,False,False,False,False,0,0,,False,False,False,False,False,False,False,False,False,False,0,0
883593929,118,agentic,https://github.com/selcukorkmaz/fastml/pull/118,Algorithm-Level Optimizations,Select Computationally Efficient Algorithms,majority_2_of_3,False,none,False,False,False,False,False,False,False,False,False,False,False,False,0,0,,False,False,False,False,False,False,False,False,False,False,0,0
883593929,121,agentic,https://github.com/selcukorkmaz/fastml/pull/121,Algorithm-Level Optimizations,Select Computationally Efficient Algorithms,unanimous,False,none,False,False,False,False,False,False,False,False,False,False,False,False,0,0,,False,False,False,False,False,False,False,False,False,False,0,0
883829350,510,agentic,https://github.com/hyperlight-dev/hyperlight/pull/510,Memory and Data Locality Optimizations,Caching,unanimous,True,static-reasoning,True,True,False,False,False,False,False,False,False,False,False,False,0,0,,False,False,False,False,False,False,False,False,False,False,0,0
887571250,441,agentic,https://github.com/proximafusion/vmecpp/pull/441,Algorithm-Level Optimizations,Structure Algorithm to Support instruction level parallelism (ILP),unanimous,True,benchmark,True,True,False,True,False,False,False,False,False,False,False,False,1,1,D1,False,True,False,False,False,False,False,False,False,False,1,1
887571250,488,agentic,https://github.com/proximafusion/vmecpp/pull/488,Algorithm-Level Optimizations,Select Computationally Efficient Algorithms,majority_2_of_3,True,static-reasoning,True,True,False,False,False,False,False,False,False,False,False,False,0,0,,False,False,False,False,False,False,False,False,False,False,0,0
887571250,490,agentic,https://github.com/proximafusion/vmecpp/pull/490,Memory and Data Locality Optimizations,Improve cache locality - spatial locality,unanimous,True,benchmark,True,True,False,True,False,False,False,False,False,False,True,False,2,2,D1|D8,False,True,False,False,False,False,False,False,True,False,2,2
887571250,500,agentic,https://github.com/proximafusion/vmecpp/pull/500,Algorithm-Level Optimizations,Select Computationally Efficient Algorithms,unanimous,True,static-reasoning,True,True,False,False,False,False,False,False,False,False,False,False,0,0,,False,False,False,False,False,False,False,False,False,False,0,0
887571250,509,agentic,https://github.com/proximafusion/vmecpp/pull/509,Algorithm-Level Optimizations,Select Computationally Efficient Algorithms,unanimous,True,benchmark,True,True,False,True,False,False,False,False,False,False,False,True,2,2,D1|D9,False,True,False,False,False,False,False,False,False,False,1,0
887571250,510,agentic,https://github.com/proximafusion/vmecpp/pull/510,I/O and Synchronization,Concurrency Control / Lock Optimization,unanimous,True,benchmark,True,True,False,True,False,False,False,False,False,False,False,True,2,2,D1|D9,False,True,False,False,False,False,False,False,False,True,2,2
893798089,61,agentic,https://github.com/TC999/AppDataCleaner/pull/61,Memory and Data Locality Optimizations,Caching,unanimous,True,unresolved,True,False,False,True,False,False,False,False,False,False,False,False,1,1,D1,False,True,False,False,False,False,False,False,False,False,1,1
897595329,717,agentic,https://github.com/basicmachines-co/basic-memory/pull/717,Memory and Data Locality Optimizations,Caching,unanimous,True,static-reasoning,True,True,False,False,False,False,False,False,False,False,False,False,0,0,,False,False,False,False,False,False,False,False,False,False,0,0
897595329,726,human_candidate,https://github.com/basicmachines-co/basic-memory/pull/726,I/O and Synchronization,Concurrency Control / Rate Limiting,unanimous,True,static-reasoning,True,True,False,False,False,False,False,False,False,False,False,False,0,0,,False,False,False,False,False,False,False,False,False,False,0,0
897595329,751,human_candidate,https://github.com/basicmachines-co/basic-memory/pull/751,"Network, Database, and Data Access Optimization",Lazy Loading / Deferred Initialization,majority_2_of_3,True,profiling,True,True,False,True,False,False,False,False,False,False,False,False,1,1,D1,False,True,False,False,False,False,False,False,False,False,1,0
897595329,828,agentic,https://github.com/basicmachines-co/basic-memory/pull/828,Build & Compilation & Infrastructure Optimization,Enable Lazy loading for resource,majority_2_of_3,True,benchmark,True,True,False,True,False,False,False,False,False,False,False,False,1,1,D1,False,True,False,False,False,False,False,False,False,False,1,0
898949330,185,agentic,https://github.com/PriorLabs/tabpfn-extensions/pull/185,Algorithm-Level Optimizations,Select Computationally Efficient Algorithms,unanimous,False,none,False,False,False,False,False,False,False,False,False,False,False,False,0,0,,False,False,False,False,False,False,False,False,False,False,0,0
901089955,794,human_candidate,https://github.com/Effect-TS/effect-smol/pull/794,Algorithm-Level Optimizations,Select Computationally Efficient Algorithms,majority_2_of_3,False,none,False,False,False,False,False,False,False,False,True,False,False,False,1,1,D6,False,False,False,False,False,False,True,False,False,False,1,0
904510168,394,human_candidate,https://github.com/XiangpengHao/liquid-cache/pull/394,Memory and Data Locality Optimizations,Use Smaller Data Types,majority_2_of_3,True,benchmark,True,True,False,True,False,False,True,False,False,False,False,False,2,2,D1|D4,False,True,False,False,True,False,False,False,False,False,2,0
914053359,1937,human_candidate,https://github.com/OpenMind/OM1/pull/1937,I/O and Synchronization,Non-Blocking I/O,unanimous,True,static-reasoning,True,True,False,False,False,False,False,False,False,False,False,False,0,0,,False,False,False,False,False,False,False,False,False,False,0,0
914053359,2209,human_candidate,https://github.com/OpenMind/OM1/pull/2209,I/O and Synchronization,Streaming Implementation Or Optimization),unanimous,False,none,False,False,False,False,False,False,False,False,False,False,False,False,0,0,,False,False,False,False,False,False,False,False,False,False,0,0
914796651,150,human_candidate,https://github.com/phospho-app/phosphobot/pull/150,I/O and Synchronization,Non-Blocking I/O,unanimous,True,benchmark,True,True,False,False,False,False,False,False,False,False,False,False,0,0,,False,False,False,False,False,False,False,False,False,False,0,0
916252207,951,agentic,https://github.com/carverauto/serviceradar/pull/951,Algorithm-Level Optimizations,Event-Driven Throttling,majority_2_of_3,False,none,False,False,False,False,False,False,False,False,False,False,False,False,0,0,,False,False,False,False,False,False,False,False,False,False,0,0
916252207,976,agentic,https://github.com/carverauto/serviceradar/pull/976,"Network, Database, and Data Access Optimization",Batch API Requests (N+1),unanimous,False,none,False,False,False,False,False,False,False,False,False,False,False,False,0,0,,False,False,False,False,False,False,False,False,False,False,0,0
916252207,1325,human_candidate,https://github.com/carverauto/serviceradar/pull/1325,I/O and Synchronization,Concurrency Control / Lock Optimization,unanimous,True,static-reasoning,True,True,False,False,False,False,False,False,False,False,False,False,0,0,,False,False,False,False,False,False,False,False,False,False,0,0
919569198,410,agentic,https://github.com/ESP32Async/ESPAsyncWebServer/pull/410,Data Structure Selection and Adaptation,Darwinian Data Structure Selection,majority_2_of_3,True,static-reasoning,True,True,False,False,False,True,False,False,False,False,False,False,1,1,D3,False,False,False,True,False,False,False,False,False,False,1,1
923332984,50,agentic,https://github.com/ryokun6/ryos/pull/50,Memory and Data Locality Optimizations,Caching,unanimous,False,none,False,False,False,False,False,False,False,False,False,False,False,False,0,0,,False,False,False,False,False,False,False,False,False,False,0,0
923332984,57,agentic,https://github.com/ryokun6/ryos/pull/57,Code Smells and Structural Simplification,Remove Unnecessary Method Calls,unanimous,False,none,False,False,False,False,False,False,False,False,False,False,False,False,0,0,,False,False,False,False,False,False,False,False,False,False,0,0
923332984,94,agentic,https://github.com/ryokun6/ryos/pull/94,Code Smells and Structural Simplification,Remove Unnecessary Method Calls,majority_2_of_3,False,none,False,False,False,False,False,False,False,False,False,False,False,False,0,0,,False,False,False,False,False,False,False,False,False,False,0,0
923332984,169,agentic,https://github.com/ryokun6/ryos/pull/169,Build & Compilation & Infrastructure Optimization,Performance-Optimized Dependency Selection,unanimous,False,none,False,False,False,False,False,False,False,False,False,False,False,False,0,0,,False,False,False,False,False,False,False,False,False,False,0,0
923332984,359,agentic,https://github.com/ryokun6/ryos/pull/359,Memory and Data Locality Optimizations,Caching,majority_2_of_3,True,static-reasoning,True,True,False,False,False,False,False,False,False,False,False,False,0,0,,False,False,False,False,False,False,False,False,False,False,0,0
923332984,360,agentic,https://github.com/ryokun6/ryos/pull/360,Data Structure Selection and Adaptation,Darwinian Data Structure Selection,unanimous,False,none,False,False,False,False,False,False,False,False,False,False,False,False,0,0,,False,False,False,False,False,False,False,False,False,False,0,0
923332984,570,agentic,https://github.com/ryokun6/ryos/pull/570,I/O and Synchronization,Streaming Implementation Or Optimization),unanimous,False,none,False,False,False,False,False,False,False,False,False,False,False,False,0,0,,False,False,False,False,False,False,False,False,False,False,0,0
923332984,699,agentic,https://github.com/ryokun6/ryos/pull/699,"Network, Database, and Data Access Optimization",Minimize Payload Size / Pass Reference Instead of Value,unanimous,False,none,False,False,False,False,False,False,False,False,False,False,False,False,0,0,,False,False,False,False,False,False,False,False,False,False,0,0
923332984,749,agentic,https://github.com/ryokun6/ryos/pull/749,I/O and Synchronization,Streaming Implementation Or Optimization),majority_2_of_3,True,unresolved,True,False,False,True,False,False,False,False,False,False,False,False,1,1,D1,False,True,False,False,False,False,False,False,False,False,1,0
923332984,772,agentic,https://github.com/ryokun6/ryos/pull/772,Build & Compilation & Infrastructure Optimization,Enable Build-Time Optimizations,majority_2_of_3,True,benchmark,True,True,False,True,False,False,False,False,False,False,False,False,1,1,D1,False,True,False,False,False,False,False,False,False,False,1,1
923332984,783,agentic,https://github.com/ryokun6/ryos/pull/783,Build & Compilation & Infrastructure Optimization,Enable Lazy loading for resource,majority_2_of_3,True,static-reasoning,True,True,False,False,False,False,False,False,False,False,False,False,0,0,,False,False,False,False,False,False,False,False,False,False,0,0
923332984,794,agentic,https://github.com/ryokun6/ryos/pull/794,Memory and Data Locality Optimizations,Caching,majority_2_of_3,True,benchmark,True,True,False,True,False,False,False,False,False,False,False,False,1,1,D1,False,True,False,False,False,False,False,False,False,False,1,1
923332984,852,agentic,https://github.com/ryokun6/ryos/pull/852,Algorithm-Level Optimizations,Event-Driven Throttling,unanimous,True,profiling,True,True,False,False,False,False,False,False,False,False,False,False,0,0,,False,False,False,False,False,False,False,False,False,False,0,0
923332984,854,agentic,https://github.com/ryokun6/ryos/pull/854,Algorithm-Level Optimizations,Event-Driven Throttling,unanimous,True,static-reasoning,True,True,False,False,False,False,False,False,False,False,False,False,0,0,,False,False,False,False,False,False,False,False,False,False,0,0
923332984,855,agentic,https://github.com/ryokun6/ryos/pull/855,Memory and Data Locality Optimizations,Caching,unanimous,True,profiling,True,True,False,False,False,False,False,False,False,False,False,False,0,0,,False,False,False,False,False,False,False,False,False,False,0,0
923332984,890,agentic,https://github.com/ryokun6/ryos/pull/890,"Network, Database, and Data Access Optimization",Lazy Loading / Deferred Initialization,unanimous,False,none,False,False,False,False,False,False,False,False,False,False,False,False,0,0,,False,False,False,False,False,False,False,False,False,False,0,0
923332984,952,agentic,https://github.com/ryokun6/ryos/pull/952,Algorithm-Level Optimizations,Event-Driven Throttling,unanimous,True,static-reasoning,True,True,False,False,False,False,False,False,False,False,False,False,0,0,,False,False,False,False,False,False,False,False,False,False,0,0
923332984,1033,agentic,https://github.com/ryokun6/ryos/pull/1033,Memory and Data Locality Optimizations,Caching,unanimous,True,static-reasoning,True,True,False,False,False,False,False,False,False,False,False,False,0,0,,False,False,False,False,False,False,False,False,False,False,0,0
923332984,1034,agentic,https://github.com/ryokun6/ryos/pull/1034,"Network, Database, and Data Access Optimization",Lazy Loading / Deferred Initialization,majority_2_of_3,True,profiling,True,True,False,False,False,False,False,False,False,False,False,False,0,0,,False,False,False,False,False,False,False,False,False,False,0,0
923332984,1038,agentic,https://github.com/ryokun6/ryos/pull/1038,Memory and Data Locality Optimizations,Caching,unanimous,False,none,False,False,False,False,False,False,False,False,False,False,False,False,0,0,,False,False,False,False,False,False,False,False,False,False,0,0
923332984,1039,agentic,https://github.com/ryokun6/ryos/pull/1039,Memory and Data Locality Optimizations,Caching,unanimous,False,none,False,False,False,False,False,False,False,False,False,False,False,False,0,0,,False,False,False,False,False,False,False,False,False,False,0,0
923332984,1040,agentic,https://github.com/ryokun6/ryos/pull/1040,Memory and Data Locality Optimizations,Caching,unanimous,False,none,False,False,False,False,False,False,False,False,False,False,False,False,0,0,,False,False,False,False,False,False,False,False,False,False,0,0
923332984,1041,agentic,https://github.com/ryokun6/ryos/pull/1041,Memory and Data Locality Optimizations,Caching,unanimous,True,static-reasoning,True,True,False,False,False,True,False,False,False,False,False,False,1,1,D3,False,False,False,True,False,False,False,False,False,False,1,1
923332984,1062,agentic,https://github.com/ryokun6/ryos/pull/1062,Code Smells and Structural Simplification,Remove Unnecessary Method Calls,majority_2_of_3,True,static-reasoning,True,True,False,False,False,False,False,False,False,False,False,False,0,0,,False,False,False,False,False,False,False,False,False,False,0,0
923332984,1066,agentic,https://github.com/ryokun6/ryos/pull/1066,Memory and Data Locality Optimizations,Optimize Object Use,unanimous,True,static-reasoning,True,True,False,True,True,False,False,False,False,False,False,False,2,2,D1|D2,False,False,True,False,False,False,False,False,False,False,1,1
923332984,1069,agentic,https://github.com/ryokun6/ryos/pull/1069,Algorithm-Level Optimizations,Select Computationally Efficient Algorithms,majority_2_of_3,True,static-reasoning,True,True,False,False,False,False,False,False,False,False,False,False,0,0,,False,False,False,False,False,False,False,False,False,False,0,0
923332984,1092,agentic,https://github.com/ryokun6/ryos/pull/1092,Memory and Data Locality Optimizations,Optimize Object Use,majority_2_of_3,True,static-reasoning,True,True,False,True,False,False,False,False,False,False,False,False,1,1,D1,False,False,False,False,False,False,False,False,False,False,0,0
923332984,1172,agentic,https://github.com/ryokun6/ryos/pull/1172,Memory and Data Locality Optimizations,Optimize Object Use,unanimous,True,static-reasoning,True,True,False,False,True,False,False,False,False,False,False,False,1,1,D2,False,False,True,False,False,False,False,False,False,False,1,1
923332984,1217,agentic,https://github.com/ryokun6/ryos/pull/1217,Data Structure Selection and Adaptation,Darwinian Data Structure Selection,majority_2_of_3,False,none,False,False,False,False,False,False,False,False,False,False,False,False,0,0,,False,False,False,False,False,False,False,False,False,False,0,0
923332984,1249,agentic,https://github.com/ryokun6/ryos/pull/1249,"Network, Database, and Data Access Optimization",Lazy Loading / Deferred Initialization,majority_2_of_3,True,static-reasoning,True,True,False,False,False,False,False,False,False,False,False,False,0,0,,False,False,False,False,False,False,False,False,False,False,0,0
923332984,1250,agentic,https://github.com/ryokun6/ryos/pull/1250,"Network, Database, and Data Access Optimization",Lazy Loading / Deferred Initialization,majority_2_of_3,True,benchmark,True,True,False,False,False,False,False,False,True,False,False,False,1,1,D6,False,False,False,False,False,False,True,False,False,False,1,1
923332984,1304,agentic,https://github.com/ryokun6/ryos/pull/1304,Build & Compilation & Infrastructure Optimization,Enable Lazy loading for resource,majority_2_of_3,True,benchmark,True,True,False,False,False,False,False,False,False,False,False,False,0,0,,False,False,False,False,False,False,False,False,False,False,0,0
923332984,1348,agentic,https://github.com/ryokun6/ryos/pull/1348,I/O and Synchronization,Concurrency Control / Rate Limiting,majority_2_of_3,True,static-reasoning,True,True,False,False,False,True,False,False,True,False,False,False,2,2,D3|D6,False,False,False,False,False,False,False,False,False,False,0,0
923332984,1355,agentic,https://github.com/ryokun6/ryos/pull/1355,Build & Compilation & Infrastructure Optimization,Enable Lazy loading for resource,majority_2_of_3,True,benchmark,True,True,False,False,False,False,False,False,True,False,False,False,1,1,D6,False,False,False,False,False,False,True,False,False,False,1,1
926252103,1968,agentic,https://github.com/Mail-0/Zero/pull/1968,Memory and Data Locality Optimizations,Caching,unanimous,True,static-reasoning,True,True,False,False,False,False,False,False,False,False,False,False,0,0,,False,False,False,False,False,False,False,False,False,False,0,0
927421008,91,agentic,https://github.com/intelligencedev/manifold/pull/91,"Network, Database, and Data Access Optimization",Minimize Payload Size / Pass Reference Instead of Value,majority_2_of_3,False,none,False,False,False,False,False,False,False,False,False,False,False,False,0,0,,False,False,False,False,False,False,False,False,False,False,0,0
929338255,404,agentic,https://github.com/groupultra/telegram-search/pull/404,I/O and Synchronization,Non-Blocking I/O,majority_2_of_3,True,static-reasoning,True,True,False,False,False,False,False,False,False,False,False,True,1,1,D9,False,False,False,False,False,False,False,False,False,True,1,1
929338255,442,human_candidate,https://github.com/groupultra/telegram-search/pull/442,Memory and Data Locality Optimizations,Caching,majority_2_of_3,True,static-reasoning,True,True,False,False,False,False,False,False,False,False,False,False,0,0,,False,False,False,False,False,False,False,False,False,False,0,0
934959044,104,human_candidate,https://github.com/Dispatcharr/Dispatcharr/pull/104,Memory and Data Locality Optimizations,Optimize Object Use,majority_2_of_3,True,benchmark,True,True,False,True,False,True,False,False,False,False,False,False,2,2,D1|D3,False,True,False,False,False,False,False,False,False,False,1,1
934959044,1165,human_candidate,https://github.com/Dispatcharr/Dispatcharr/pull/1165,"Network, Database, and Data Access Optimization",Relational Query Consolidation (N+1),unanimous,True,benchmark,True,True,False,False,False,False,False,False,False,False,False,True,1,1,D9,False,False,False,False,False,False,False,False,False,True,1,1
934959044,1272,human_candidate,https://github.com/Dispatcharr/Dispatcharr/pull/1272,I/O and Synchronization,Concurrency Control / Rate Limiting,majority_2_of_3,True,static-reasoning,True,True,True,False,False,True,False,False,False,False,False,True,3,2,D0|D3|D9,True,False,False,False,False,False,False,False,False,False,1,0
939393745,1385,agentic,https://github.com/lynx-family/lynx-stack/pull/1385,"Network, Database, and Data Access Optimization",Lazy Loading / Deferred Initialization,majority_2_of_3,True,benchmark,True,True,False,False,False,False,False,False,True,False,False,False,1,1,D6,False,False,False,False,False,False,True,False,False,False,1,0
939393745,1743,agentic,https://github.com/lynx-family/lynx-stack/pull/1743,Build & Compilation & Infrastructure Optimization,Performance-Optimized Dependency Selection,unanimous,True,static-reasoning,True,True,False,False,False,False,False,False,False,False,False,False,0,0,,False,False,False,False,False,False,False,False,False,False,0,0
939393745,2352,agentic,https://github.com/lynx-family/lynx-stack/pull/2352,Memory and Data Locality Optimizations,Optimize Object Use,majority_2_of_3,True,benchmark,True,True,False,True,False,False,False,False,True,False,False,False,2,2,D1|D6,False,True,False,False,False,False,True,False,False,False,2,0
942771284,1403,human_candidate,https://github.com/github/github-mcp-server/pull/1403,Memory and Data Locality Optimizations,Caching,majority_2_of_3,False,none,False,False,False,False,False,False,False,False,False,False,False,False,0,0,,False,False,False,False,False,False,False,False,False,False,0,0
942771284,1533,agentic,https://github.com/github/github-mcp-server/pull/1533,Memory and Data Locality Optimizations,Caching,majority_2_of_3,True,benchmark,True,True,False,True,False,True,False,True,False,False,False,False,3,3,D1|D3|D5,False,True,False,True,False,True,False,False,False,False,3,3
942771284,1535,agentic,https://github.com/github/github-mcp-server/pull/1535,Code Smells and Structural Simplification,Replace Reflection with Direct Method Calls,unanimous,True,static-reasoning,True,True,False,False,False,False,False,False,False,False,False,False,0,0,,False,False,False,False,False,False,False,False,False,False,0,0
942771284,2017,human_candidate,https://github.com/github/github-mcp-server/pull/2017,"Network, Database, and Data Access Optimization",Minimize Payload Size / Pass Reference Instead of Value,unanimous,True,benchmark,True,True,False,False,False,False,False,False,False,False,False,False,0,0,,False,False,False,False,False,False,False,False,False,False,0,0
945896114,741,agentic,https://github.com/facet-rs/facet/pull/741,Build & Compilation & Infrastructure Optimization,Performance-Optimized Dependency Selection,unanimous,False,none,False,False,False,False,False,False,False,False,False,False,False,True,1,1,D9,False,False,False,False,False,False,False,False,False,True,1,0
945896114,1040,human_candidate,https://github.com/facet-rs/facet/pull/1040,Data Structure Selection and Adaptation,Darwinian Data Structure Selection,unanimous,True,benchmark,True,True,False,True,False,False,False,False,False,False,False,False,1,1,D1,False,True,False,False,False,False,False,False,False,False,1,1
945896114,1955,human_candidate,https://github.com/facet-rs/facet/pull/1955,Code Smells and Structural Simplification,Remove Unnecessary Method Calls,unanimous,True,benchmark,True,True,False,True,False,False,False,True,False,False,False,False,2,2,D1|D5,False,True,False,False,False,True,False,False,False,False,2,1
945896114,2100,agentic,https://github.com/facet-rs/facet/pull/2100,Algorithm-Level Optimizations,Select Computationally Efficient Algorithms,unanimous,True,benchmark,True,True,False,False,False,False,False,False,False,False,False,False,0,0,,False,False,False,False,False,False,False,False,False,False,0,0
945896114,2101,agentic,https://github.com/facet-rs/facet/pull/2101,Memory and Data Locality Optimizations,Caching,unanimous,True,static-reasoning,True,True,False,False,False,False,False,False,False,False,False,False,0,0,,False,False,False,False,False,False,False,False,False,False,0,0
946087422,3887,human_candidate,https://github.com/Kilo-Org/kilocode/pull/3887,Code Smells and Structural Simplification,Remove duplicate code,majority_2_of_3,False,none,False,False,False,False,False,False,False,False,False,False,False,False,0,0,,False,False,False,False,False,False,False,False,False,False,0,0
946087422,8721,human_candidate,https://github.com/Kilo-Org/kilocode/pull/8721,"Network, Database, and Data Access Optimization",Minimize Payload Size / Pass Reference Instead of Value,unanimous,True,benchmark,True,True,False,False,False,True,False,False,False,False,False,False,1,1,D3,False,False,False,True,False,False,False,False,False,False,1,1
946087422,9442,human_candidate,https://github.com/Kilo-Org/kilocode/pull/9442,Algorithm-Level Optimizations,Select Computationally Efficient Algorithms,majority_2_of_3,False,none,False,False,False,False,False,False,False,False,False,False,False,False,0,0,,False,False,False,False,False,False,False,False,False,False,0,0
946174307,1070,agentic,https://github.com/modelcontextprotocol/csharp-sdk/pull/1070,Memory and Data Locality Optimizations,Use Smaller Data Types,majority_2_of_3,True,static-reasoning,True,True,False,False,False,True,False,False,False,False,False,False,1,1,D3,False,False,False,False,False,False,False,False,False,False,0,0
946174307,1138,agentic,https://github.com/modelcontextprotocol/csharp-sdk/pull/1138,Algorithm-Level Optimizations,Select Computationally Efficient Algorithms,majority_2_of_3,True,benchmark,True,True,True,True,False,True,False,False,False,False,False,False,3,2,D0|D1|D3,True,True,False,True,False,False,False,False,False,False,3,3
946174307,1274,agentic,https://github.com/modelcontextprotocol/csharp-sdk/pull/1274,Memory and Data Locality Optimizations,Optimize Object Use,unanimous,True,static-reasoning,True,True,False,False,False,True,False,False,False,False,False,False,1,1,D3,False,False,False,True,False,False,False,False,False,False,1,1
946174307,1319,agentic,https://github.com/modelcontextprotocol/csharp-sdk/pull/1319,Memory and Data Locality Optimizations,Optimize Object Use,unanimous,True,benchmark,True,True,False,True,False,True,False,True,False,False,False,False,3,3,D1|D3|D5,False,True,False,True,False,True,False,False,False,False,3,0
946174307,1531,human_candidate,https://github.com/modelcontextprotocol/csharp-sdk/pull/1531,Code Smells and Structural Simplification,Remove code bloat by removing optional features,majority_2_of_3,True,static-reasoning,True,True,False,False,False,False,False,False,False,False,False,False,0,0,,False,False,False,False,False,False,False,False,False,False,0,0
946945328,84,agentic,https://github.com/databuddy-analytics/Databuddy/pull/84,Build & Compilation & Infrastructure Optimization,Enable Build-Time Optimizations,majority_2_of_3,True,static-reasoning,True,True,False,False,False,False,False,False,False,False,False,False,0,0,,False,False,False,False,False,False,False,False,False,False,0,0
948174507,97,agentic,https://github.com/jnsahaj/tweakcn/pull/97,"Network, Database, and Data Access Optimization",Relational Query Consolidation (N+1),unanimous,True,static-reasoning,True,True,False,False,False,False,False,False,False,False,False,False,0,0,,False,False,False,False,False,False,False,False,False,False,0,0
949348116,250,agentic,https://github.com/Wtrwx/DYYY/pull/250,Memory and Data Locality Optimizations,Caching,unanimous,False,none,False,False,False,False,False,False,False,False,False,False,False,False,0,0,,False,False,False,False,False,False,False,False,False,False,0,0
952097046,628,human_candidate,https://github.com/apache/arrow-rs-object-store/pull/628,Code Smells and Structural Simplification,Remove Unnecessary Method Calls,majority_2_of_3,True,benchmark,True,True,False,True,True,False,False,True,False,False,False,False,3,3,D1|D2|D5,False,True,True,False,False,True,False,False,False,False,3,0
952097046,648,human_candidate,https://github.com/apache/arrow-rs-object-store/pull/648,I/O and Synchronization,Concurrency Control / Lock Optimization,majority_2_of_3,False,none,False,False,False,False,False,False,False,False,False,False,False,False,0,0,,False,False,False,False,False,False,False,False,False,False,0,0
959682770,792,agentic,https://github.com/antiwork/gumroad/pull/792,"Network, Database, and Data Access Optimization",Relational Query Consolidation (N+1),unanimous,True,static-reasoning,True,True,False,False,False,False,False,False,False,False,False,False,0,0,,False,False,False,False,False,False,False,False,False,False,0,0
959682770,3739,human_candidate,https://github.com/antiwork/gumroad/pull/3739,"Network, Database, and Data Access Optimization",Lazy Loading / Deferred Initialization,unanimous,True,unresolved,True,False,False,False,False,False,False,False,False,False,False,False,0,0,,False,False,False,False,False,False,False,False,False,False,0,0
959682770,3815,human_candidate,https://github.com/antiwork/gumroad/pull/3815,"Network, Database, and Data Access Optimization",Lazy Loading / Deferred Initialization,majority_2_of_3,True,anecdotal,True,True,False,False,False,False,False,False,False,False,False,False,0,0,,False,False,False,False,False,False,False,False,False,False,0,0
959682770,3827,human_candidate,https://github.com/antiwork/gumroad/pull/3827,"Network, Database, and Data Access Optimization",Lazy Loading / Deferred Initialization,unanimous,True,unresolved,True,False,False,False,False,False,False,False,False,False,False,False,0,0,,False,False,False,False,False,False,False,False,False,False,0,0
964314175,201,agentic,https://github.com/mediar-ai/terminator/pull/201,Algorithm-Level Optimizations,Select Computationally Efficient Algorithms,unanimous,True,static-reasoning,True,True,False,False,False,False,False,False,False,False,False,False,0,0,,False,False,False,False,False,False,False,False,False,False,0,0
967503541,958,agentic,https://github.com/Azure/azure-mcp/pull/958,I/O and Synchronization,Non-Blocking I/O,majority_2_of_3,True,static-reasoning,True,True,False,False,False,False,False,False,False,False,False,False,0,0,,False,False,False,False,False,False,False,False,False,False,0,0
978331188,54,agentic,https://github.com/microsoft/magentic-ui/pull/54,Build & Compilation & Infrastructure Optimization,Reduce rebuilding size,unanimous,True,static-reasoning,True,True,False,False,False,False,False,False,False,False,False,False,0,0,,False,False,False,False,False,False,False,False,False,False,0,0
985839104,669,human_candidate,https://github.com/browseros-ai/BrowserOS/pull/669,I/O and Synchronization,Non-Blocking I/O,majority_2_of_3,True,benchmark,True,True,False,True,False,False,False,False,False,False,False,False,1,1,D1,False,True,False,False,False,False,False,False,False,False,1,1
985839104,674,human_candidate,https://github.com/browseros-ai/BrowserOS/pull/674,"Network, Database, and Data Access Optimization",Batch API Requests (N+1),majority_2_of_3,True,benchmark,True,True,True,True,False,False,False,False,False,False,False,False,2,1,D0|D1,True,True,False,False,False,False,False,False,False,False,2,1
987749923,21,agentic,https://github.com/cokice/japanese-analyzer/pull/21,Build & Compilation & Infrastructure Optimization,Enable Build-Time Optimizations,majority_2_of_3,False,none,False,False,False,False,False,False,False,False,False,False,False,False,0,0,,False,False,False,False,False,False,False,False,False,False,0,0
988834688,358,human_candidate,https://github.com/Meesho/BharatMLStack/pull/358,Memory and Data Locality Optimizations,Optimize Object Use,unanimous,True,unresolved,True,False,False,True,False,False,False,False,False,False,False,False,1,1,D1,False,False,False,False,False,False,False,False,False,False,0,0
993521808,1027,human_candidate,https://github.com/openai/openai-agents-js/pull/1027,I/O and Synchronization,Polling,unanimous,True,benchmark,True,True,False,True,False,False,False,False,False,False,False,False,1,1,D1,False,True,False,False,False,False,False,False,False,False,1,1
999285986,19,agentic,https://github.com/sugyan/claude-code-webui/pull/19,Build & Compilation & Infrastructure Optimization,Performance-Optimized Dependency Selection,majority_2_of_3,True,static-reasoning,True,True,False,False,False,False,False,False,False,False,False,False,0,0,,False,False,False,False,False,False,False,False,False,False,0,0
999686447,2152,agentic,https://github.com/microsoft/vscode-copilot-chat/pull/2152,Memory and Data Locality Optimizations,Caching,unanimous,True,static-reasoning,True,True,False,False,False,False,False,False,False,False,False,False,0,0,,False,False,False,False,False,False,False,False,False,False,0,0
999686447,3623,human_candidate,https://github.com/microsoft/vscode-copilot-chat/pull/3623,Memory and Data Locality Optimizations,Caching,majority_2_of_3,False,none,False,False,False,False,False,False,False,False,False,False,False,False,0,0,,False,False,False,False,False,False,False,False,False,False,0,0
1001163434,7,agentic,https://github.com/TTPlanetPig/Comfyui_Object_Detect_QWen_VL/pull/7,Memory and Data Locality Optimizations,Optimize Object Use,majority_2_of_3,False,none,False,False,False,False,False,False,False,False,False,False,False,False,0,0,,False,False,False,False,False,False,False,False,False,False,0,0
1002552148,333,agentic,https://github.com/amantus-ai/vibetunnel/pull/333,Memory and Data Locality Optimizations,Caching,unanimous,False,none,False,False,False,False,False,False,False,False,False,False,False,False,0,0,,False,False,False,False,False,False,False,False,False,False,0,0
1002608585,7,agentic,https://github.com/andrea9293/mcp-documentation-server/pull/7,Memory and Data Locality Optimizations,Caching,unanimous,True,static-reasoning,True,True,False,True,True,True,False,False,True,False,False,False,4,4,D1|D2|D3|D6,False,True,True,True,False,False,True,False,False,False,4,4
1003222647,263,agentic,https://github.com/typedef-ai/fenic/pull/263,Code Smells and Structural Simplification,Remove Unnecessary Method Calls,unanimous,True,benchmark,True,True,True,True,False,False,False,False,False,False,False,False,2,1,D0|D1,True,True,False,False,False,False,False,False,False,False,2,1
1007555070,146,human_candidate,https://github.com/fabriziosalmi/certmate/pull/146,I/O and Synchronization,Selection I/O size,majority_2_of_3,True,static-reasoning,True,True,False,False,False,False,False,False,False,False,False,False,0,0,,False,False,False,False,False,False,False,False,False,False,0,0
1019432584,1149,human_candidate,https://github.com/Wei-Shaw/claude-relay-service/pull/1149,Memory and Data Locality Optimizations,Caching,unanimous,True,static-reasoning,True,True,False,False,False,False,False,False,False,False,False,False,0,0,,False,False,False,False,False,False,False,False,False,False,0,0
1020430400,9,agentic,https://github.com/Doriandarko/make-it-heavy/pull/9,I/O and Synchronization,Non-Blocking I/O,unanimous,True,static-reasoning,True,True,False,False,False,False,False,False,False,False,False,False,0,0,,False,False,False,False,False,False,False,False,False,False,0,0
